,bsr_best,sd_price,sd_list_price,sd_previous_price,sd_number_bought_past_month,sd_average_rating,sd_total_reviews,sd_ratings_count,sd_stars,sd_rating_pct_1,sd_rating_pct_2,sd_rating_pct_3,sd_rating_pct_4,sd_rating_pct_5
0,6.0,,,,10000000.0,,,,,,,,,
1,8.0,89.95,89.95,89.95,8000000.0,4.5,,,4.5,4.0,2.0,6.0,12.0,76.0
2,1.0,29.95,29.95,49.95,10000000.0,4.5,,,4.5,4.0,2.0,5.0,13.0,76.0
3,3.0,119.0,119.0,129.0,10000000.0,4.5,,,,6.0,2.0,4.0,10.0,78.0
4,10.0,,,,8000000.0,,,,,,,,,
5,31.0,22.99,22.99,,6000000.0,4.9,1026.0,1026.0,4.9,1.0,0.0,2.0,2.0,95.0
6,19.0,,,,,4.5,991.0,991.0,4.5,6.0,3.0,3.0,3.0,85.0
7,6.0,,,,10000000.0,4.5,,,4.5,4.0,2.0,6.0,14.0,74.0
8,1.0,34.99,34.99,59.99,10000000.0,4.5,,,4.5,4.0,2.0,6.0,15.0,73.0
9,27.0,,,,,4.1,217.0,217.0,4.1,13.0,3.0,7.0,12.0,65.0
10,20.0,,,,6000000.0,4.6,,,4.6,4.0,2.0,5.0,9.0,80.0
11,13.0,,,,6000000.0,,,,,,,,,
12,6.0,18.99,18.99,28.99,10000000.0,4.5,,,4.5,4.0,2.0,6.0,15.0,73.0
13,20.0,159.99,159.99,,10000000.0,4.4,,,4.4,5.0,3.0,7.0,14.0,71.0
14,41.0,17.99,17.99,219.99,5000000.0,4.2,676.0,676.0,4.2,11.0,2.0,6.0,11.0,70.0
15,34.0,149.95,149.95,149.95,3000000.0,4.5,,3126.0,4.5,5.0,3.0,6.0,11.0,75.0
16,10.0,,,,10000000.0,,,,,,,,,
17,46.0,19.99,19.99,28.99,6000000.0,4.3,,,4.3,6.0,4.0,7.0,16.0,67.0
18,4.0,69.99,69.99,,7000000.0,4.3,307.0,307.0,4.3,8.0,4.0,7.0,10.0,71.0
19,26.0,16.14,16.14,29.99,5000000.0,4.6,,,4.6,3.0,2.0,5.0,13.0,77.0
20,13.0,12.97,12.97,19.99,10000000.0,4.3,,,4.3,5.0,4.0,8.0,16.0,67.0
21,7.0,,,,8000000.0,4.5,,,,5.0,3.0,4.0,9.0,79.0
22,31.0,14.99,14.99,19.99,4000000.0,4.5,,,4.5,3.0,2.0,5.0,15.0,75.0
23,1.0,23.49,23.49,49.99,10000000.0,4.4,,,4.4,5.0,3.0,6.0,15.0,71.0
24,63.0,21.84,21.84,22.99,5000000.0,4.3,,,4.3,9.0,3.0,6.0,11.0,71.0
25,4.0,129.95,129.95,,5000000.0,4.5,,,4.5,4.0,2.0,5.0,11.0,78.0
26,94.0,59.0,59.0,79.99,3000000.0,4.2,,,,9.0,4.0,8.0,12.0,67.0
27,,179.99,179.99,209.99,2000000.0,4.4,,,4.4,8.0,3.0,5.0,10.0,74.0
28,217.0,,,,1000000.0,,,,,,,,,
29,18.0,25.96,25.96,49.99,10000000.0,4.4,,,4.4,6.0,3.0,7.0,13.0,71.0
30,2.0,18.97,18.97,28.99,10000000.0,4.5,,,4.5,4.0,2.0,6.0,15.0,73.0
31,61.0,99.95,99.95,99.95,5000000.0,4.0,,,4.0,12.0,6.0,7.0,13.0,62.0
32,47.0,9.99,9.99,14.99,7000000.0,4.4,,,4.4,5.0,3.0,6.0,15.0,71.0
33,16.0,25.99,25.99,39.99,10000000.0,4.4,,,4.4,5.0,3.0,6.0,15.0,71.0
34,21.0,149.99,149.99,169.95,10000000.0,4.1,,,,12.0,5.0,8.0,12.0,63.0
35,1.0,29.99,29.99,48.99,6000000.0,4.3,,,4.3,8.0,4.0,7.0,12.0,69.0
36,72.0,,,,2000000.0,,,,,,,,,
37,121.0,96.0,96.0,104.99,1000000.0,4.5,,,4.5,4.0,3.0,6.0,13.0,74.0
38,44.0,19.99,19.99,24.99,7000000.0,4.3,,,4.3,5.0,4.0,8.0,17.0,66.0
39,9.0,29.99,29.99,55.99,10000000.0,4.3,,,4.3,6.0,4.0,8.0,17.0,65.0
40,28.0,,,,,4.5,,,4.5,5.0,2.0,4.0,14.0,75.0
41,23.0,26.99,26.99,,10000000.0,4.3,,,4.3,7.0,3.0,7.0,14.0,69.0
42,479.0,25.99,25.99,86.99,,4.5,178.0,,,,,,,
43,59.0,,,,1000000.0,,,,,,,,,
44,55.0,29.99,29.99,,6000000.0,4.0,,,4.0,11.0,6.0,8.0,15.0,60.0
45,43.0,24.99,24.99,,6000000.0,4.4,,,4.4,6.0,3.0,6.0,14.0,71.0
46,1.0,44.99,44.99,49.99,2000000.0,4.4,,,4.4,5.0,3.0,7.0,15.0,70.0
47,3.0,39.96,39.96,49.99,4000000.0,4.4,2472.0,2472.0,4.4,7.0,4.0,6.0,11.0,72.0
48,35.0,25.99,25.99,49.99,10000000.0,4.4,,,4.4,6.0,4.0,7.0,13.0,70.0
49,62.0,,,,4000000.0,,,,,,,,,
50,15.0,,,,7000000.0,4.6,,,4.6,5.0,2.0,4.0,9.0,80.0
51,106.0,44.25,44.25,69.99,3000000.0,4.3,1958.0,1958.0,4.3,6.0,4.0,7.0,14.0,69.0
52,157.0,18.99,18.99,27.99,2000000.0,4.4,2560.0,2560.0,4.4,6.0,3.0,6.0,16.0,69.0
53,23.0,15.98,15.98,19.99,5000000.0,4.6,2045.0,2045.0,4.6,3.0,1.0,3.0,12.0,81.0
54,14.0,19.99,19.99,39.99,10000000.0,4.4,,,4.4,5.0,3.0,6.0,15.0,71.0
55,18.0,18.99,18.99,19.99,5000000.0,4.4,,,,,,,,
56,39.0,,,,,4.4,1880.0,1880.0,4.4,7.0,2.0,4.0,11.0,76.0
57,32.0,,,,9000000.0,,,,,,,,,
58,41.0,24.99,24.99,36.99,3000000.0,4.6,,,4.6,3.0,1.0,4.0,13.0,79.0
59,79.0,9.98,9.98,,5000000.0,4.3,,,4.3,7.0,4.0,6.0,13.0,70.0
60,149.0,25.99,25.99,,2000000.0,4.3,,3128.0,4.3,7.0,4.0,8.0,15.0,66.0
61,280.0,,,,,4.1,,,4.1,11.0,6.0,8.0,14.0,61.0
62,60.0,71.99,71.99,79.99,6000000.0,4.3,,,4.3,7.0,4.0,7.0,15.0,67.0
63,409.0,,,,,,,,,,,,,
64,499.0,29.99,29.99,,,4.1,,,4.1,8.0,6.0,11.0,15.0,60.0
65,302.0,,,,1000000.0,,,,,,,,,
66,375.0,25.99,25.99,,1000000.0,4.3,,,4.3,7.0,4.0,6.0,14.0,69.0
67,77.0,109.95,109.95,199.95,1000000.0,4.6,,,,3.0,2.0,4.0,9.0,82.0
68,4.0,28.04,28.04,32.99,5000000.0,4.4,2117.0,2117.0,4.4,7.0,3.0,6.0,11.0,73.0
69,598.0,12.99,12.99,,200000000.0,4.0,9.0,9.0,4.0,0.0,,0.0,23.0,53.0
70,2.0,,,,1000000.0,,,,,,,,,
71,74.0,,,,,4.2,1437.0,,,,,,,
72,82.0,,,,,4.1,319.0,319.0,4.1,9.0,6.0,10.0,16.0,59.0
73,16.0,,,,,4.0,,,4.0,12.0,6.0,9.0,13.0,60.0
74,574.0,13.99,13.99,,,4.6,96.0,96.0,4.6,2.0,3.0,2.0,19.0,74.0
75,64.0,,,,,,,,,,,,,
76,46.0,,,,,4.4,,,4.4,5.0,3.0,7.0,14.0,71.0
77,94.0,79.99,79.99,,,4.3,1537.0,1537.0,4.3,8.0,3.0,5.0,12.0,72.0
78,38.0,49.99,49.99,,1000000.0,4.3,,,,,,,,
79,61.0,133.63,133.63,133.63,1000000.0,4.5,,,4.5,4.0,3.0,6.0,13.0,74.0
80,274.0,22.94,22.94,33.98,400000000.0,4.5,812.0,812.0,4.5,4.0,3.0,3.0,15.0,75.0
81,14.0,,,,,4.3,,3032.0,4.3,6.0,5.0,7.0,15.0,67.0
82,341.0,,,,,,,,,,,,,
83,245.0,,,,300000000.0,,,,,,,,,
84,29.0,16.14,16.14,25.99,9000000.0,4.4,,,4.4,6.0,4.0,6.0,13.0,71.0
85,112.0,127.14,127.14,199.99,1000000.0,4.7,,,4.7,3.0,1.0,3.0,9.0,84.0
86,225.0,38.0,38.0,39.99,1000000.0,4.2,,,4.2,8.0,4.0,9.0,14.0,65.0
87,209.0,27.97,27.97,41.99,2000000.0,4.3,,,4.3,8.0,4.0,7.0,14.0,67.0
88,19.0,25.99,25.99,39.99,2000000.0,4.5,681.0,681.0,4.5,3.0,3.0,7.0,13.0,74.0
89,240.0,16.14,16.14,26.99,,4.6,2675.0,2675.0,4.6,3.0,1.0,4.0,12.0,80.0
90,94.0,39.98,39.98,49.99,2000000.0,4.7,631.0,631.0,4.7,2.0,1.0,2.0,9.0,86.0
91,10.0,39.99,39.99,42.99,2000000.0,4.1,,,4.1,10.0,5.0,9.0,15.0,61.0
92,49.0,,,,,4.4,,,4.4,5.0,3.0,7.0,14.0,71.0
93,71.0,26.99,26.99,32.93,2000000.0,4.4,,,4.4,5.0,4.0,8.0,15.0,68.0
94,4.0,49.37,49.37,79.99,2000000.0,4.2,,,4.2,8.0,4.0,9.0,15.0,64.0
95,212.0,48.98,48.98,48.98,400000000.0,3.9,,,3.9,12.0,7.0,10.0,15.0,56.0
96,18.0,28.34,28.34,33.56,1000000.0,4.2,1698.0,1698.0,4.2,8.0,5.0,9.0,13.0,65.0
97,33.0,29.9,29.9,39.99,7000000.0,4.2,,,,,,,,
98,214.0,19.19,19.19,24.88,1000000.0,4.4,,,4.4,5.0,3.0,7.0,15.0,70.0
99,107.0,99.99,99.99,99.99,1000000.0,3.9,1375.0,1375.0,3.9,12.0,8.0,10.0,14.0,56.0
100,89.0,46.99,46.99,46.99,1000000.0,4.3,,,4.3,7.0,3.0,6.0,17.0,67.0
101,303.0,17.88,17.88,21.99,1000000.0,4.1,,,4.1,8.0,6.0,10.0,16.0,60.0
102,96.0,49.98,49.98,69.99,,4.0,,,4.0,12.0,5.0,9.0,15.0,59.0
103,253.0,39.99,39.99,,1000000.0,4.4,1559.0,1559.0,4.4,6.0,3.0,7.0,12.0,72.0
104,123.0,35.99,35.99,49.99,3000000.0,4.3,1159.0,1159.0,4.3,8.0,5.0,5.0,12.0,70.0
105,102.0,,,,2000000.0,,,,,,,,,
106,154.0,19.99,19.99,29.99,2000000.0,4.3,2650.0,2650.0,4.3,7.0,4.0,6.0,17.0,66.0
107,129.0,49.99,49.99,,2000000.0,4.3,,,4.3,5.0,4.0,9.0,17.0,65.0
108,17.0,35.94,35.94,49.99,2000000.0,4.3,,,4.3,6.0,4.0,7.0,16.0,67.0
109,577.0,29.79,29.79,,,4.0,,,4.0,10.0,6.0,11.0,14.0,59.0
110,21.0,,,,4000000.0,,,,,,,,,
111,296.0,147.08,147.08,,,4.7,,,4.7,3.0,1.0,3.0,7.0,86.0
112,68.0,,,,5000000.0,,,,,,,,,
113,176.0,99.99,99.99,,,4.5,,,4.5,4.0,3.0,5.0,13.0,75.0
114,376.0,29.99,29.99,,300000000.0,4.0,1753.0,1753.0,4.0,11.0,5.0,10.0,14.0,60.0
115,359.0,9.99,9.99,,400000000.0,4.2,139.0,139.0,4.2,10.0,4.0,9.0,10.0,67.0
116,277.0,13.5,13.5,14.91,1000000.0,4.3,,,4.3,6.0,4.0,9.0,17.0,64.0
117,73.0,39.95,39.95,64.95,6000000.0,4.2,1095.0,1095.0,4.2,8.0,5.0,6.0,16.0,65.0
118,697.0,31.09,31.09,34.99,50000000.0,4.4,,,4.4,4.0,3.0,6.0,15.0,72.0
119,507.0,,,,,,,,,,,,,
120,242.0,25.49,25.49,49.99,1000000.0,4.4,,,4.4,5.0,3.0,7.0,14.0,71.0
121,543.0,25.64,25.64,26.99,,4.1,,,4.1,9.0,5.0,10.0,16.0,60.0
122,75.0,20.04,20.04,21.1,4000000.0,4.3,,,4.3,6.0,4.0,6.0,15.0,69.0
123,51.0,,,,2000000.0,,,,,,,,,
124,117.0,129.99,129.99,,3000000.0,4.4,,,4.4,4.0,3.0,7.0,15.0,71.0
125,331.0,17.99,17.99,,1000000.0,4.1,,,4.1,9.0,4.0,9.0,16.0,62.0
126,444.0,69.99,69.99,,200000000.0,4.3,,,4.3,5.0,6.0,8.0,16.0,65.0
127,34.0,,,,400000000.0,,,,,,,,,
128,252.0,,,,1000000.0,,,,,,,,,
129,289.0,54.95,54.95,,1000000.0,4.1,,,4.1,10.0,6.0,8.0,14.0,62.0
130,,61.1,61.1,,,4.1,50.0,,,,,,,
131,11.0,16.98,16.98,25.99,2000000.0,4.4,,,4.4,6.0,3.0,7.0,12.0,72.0
132,788.0,16.99,16.99,19.88,1000000.0,4.2,,,,,,,,
133,245.0,,,,,4.2,,,4.2,7.0,5.0,8.0,13.0,67.0
134,34.0,22.99,22.99,29.99,7000000.0,4.4,,,4.4,5.0,3.0,8.0,17.0,67.0
135,257.0,62.99,62.99,79.99,1000000.0,4.3,,,,,,,,
136,296.0,24.99,24.99,27.99,1000000.0,4.3,,,,,,,,
137,425.0,89.0,89.0,,300000000.0,4.5,,,4.5,3.0,2.0,6.0,15.0,74.0
138,2036.0,44.99,44.99,44.99,50000000.0,4.2,617.0,617.0,4.2,5.0,7.0,10.0,17.0,61.0
139,78.0,49.45,49.45,129.95,200000000.0,4.2,120.0,120.0,4.2,7.0,1.0,11.0,19.0,62.0
140,390.0,25.99,25.99,,1000000.0,4.2,1789.0,1789.0,4.2,9.0,5.0,9.0,12.0,65.0
141,86.0,,,,1000000.0,,,,,,,,,
142,11.0,79.0,79.0,89.99,3000000.0,4.3,2578.0,2578.0,4.3,10.0,3.0,5.0,9.0,73.0
143,,,,,,3.9,184.0,184.0,3.9,14.0,6.0,12.0,10.0,58.0
144,36.0,109.95,109.95,,6000000.0,4.1,,,4.1,9.0,6.0,8.0,14.0,63.0
145,497.0,37.99,37.99,39.99,,4.2,,,4.2,6.0,4.0,10.0,17.0,63.0
146,170.0,14.99,14.99,26.99,,4.6,,,4.6,3.0,1.0,4.0,11.0,81.0
147,49.0,44.99,44.99,79.99,5000000.0,4.2,,,4.2,7.0,5.0,8.0,16.0,64.0
148,244.0,14.99,14.99,15.99,200000000.0,4.5,,,4.5,4.0,2.0,6.0,13.0,75.0
149,1499.0,33.56,33.56,,100000000.0,3.8,1136.0,1136.0,3.8,12.0,8.0,12.0,16.0,52.0
150,93.0,32.99,32.99,32.99,,4.4,1467.0,,,,,,,
151,279.0,13.99,13.99,19.99,1000000.0,4.3,441.0,441.0,4.3,8.0,2.0,5.0,16.0,69.0
152,466.0,,,,200000000.0,,,,,,,,,
153,74.0,49.99,49.99,,1000000.0,3.9,1817.0,1817.0,3.9,13.0,8.0,10.0,14.0,55.0
154,,,,,,4.4,183.0,183.0,4.4,6.0,3.0,5.0,13.0,73.0
155,1362.0,69.99,69.99,89.99,,4.4,2545.0,2545.0,4.4,6.0,3.0,6.0,14.0,71.0
156,755.0,12.99,12.99,,100000000.0,4.3,41.0,41.0,4.3,7.0,4.0,6.0,14.0,69.0
157,578.0,21.89,21.89,,200000000.0,4.3,2289.0,2289.0,4.3,7.0,3.0,7.0,15.0,68.0
158,253.0,27.99,27.99,56.98,,4.3,1905.0,1905.0,4.3,7.0,4.0,8.0,13.0,68.0
159,246.0,18.9,18.9,29.0,,4.5,,,4.5,4.0,2.0,7.0,12.0,75.0
160,52.0,,,,,,,,,,,,,
161,,30.98,30.98,,50000000.0,4.1,,,4.1,9.0,7.0,11.0,14.0,59.0
162,162.0,,,,,,,,,,,,,
163,479.0,,,,300000000.0,,,,,,,,,
164,62.0,15.99,15.99,,1000000.0,4.4,,,4.4,6.0,3.0,6.0,14.0,71.0
165,93.0,49.99,49.99,69.99,2000000.0,4.3,100.0,100.0,4.3,6.0,4.0,10.0,11.0,69.0
166,156.0,29.99,29.99,34.99,2000000.0,4.1,,,4.1,9.0,5.0,8.0,16.0,62.0
167,99.0,24.39,24.39,,,4.1,,,4.1,10.0,5.0,8.0,15.0,62.0
168,1839.0,24.65,24.65,,100000000.0,3.7,896.0,896.0,3.7,19.0,8.0,10.0,11.0,52.0
169,159.0,11.99,11.99,19.99,3000000.0,4.4,1236.0,1236.0,4.4,5.0,2.0,8.0,13.0,72.0
170,459.0,22.99,22.99,31.99,,4.0,,,4.0,10.0,6.0,11.0,15.0,58.0
171,445.0,12.99,12.99,57.95,,4.0,36.0,36.0,4.0,13.0,5.0,3.0,22.0,57.0
172,266.0,16.99,16.99,21.99,1000000.0,4.3,,,4.3,7.0,4.0,8.0,16.0,65.0
173,58.0,49.99,49.99,79.99,1000000.0,4.8,165.0,165.0,4.8,1.0,2.0,0.0,3.0,94.0
174,183.0,59.99,59.99,,,4.3,2006.0,2006.0,4.3,7.0,5.0,8.0,13.0,67.0
175,394.0,19.99,19.99,,400000000.0,4.2,2582.0,2582.0,4.2,7.0,6.0,10.0,15.0,62.0
176,231.0,,,,1000000.0,,,,,,,,,
177,68.0,16.99,16.99,19.99,1000000.0,4.4,,,4.4,4.0,4.0,7.0,14.0,71.0
178,269.0,29.99,29.99,,200000000.0,4.2,531.0,531.0,4.2,7.0,5.0,9.0,13.0,66.0
179,1647.0,39.99,39.99,49.99,50000000.0,4.4,385.0,385.0,4.4,4.0,6.0,6.0,15.0,69.0
180,37.0,29.99,29.99,49.98,200000000.0,4.5,,,4.5,4.0,3.0,5.0,17.0,71.0
181,761.0,69.97,69.97,,400000000.0,4.1,,,4.1,9.0,6.0,8.0,17.0,60.0
182,315.0,29.99,29.99,29.99,1000000.0,3.9,,,3.9,13.0,7.0,11.0,11.0,58.0
183,77.0,16.99,16.99,,1000000.0,4.4,2452.0,2452.0,4.4,5.0,2.0,6.0,14.0,73.0
184,589.0,15.99,15.99,,,4.1,128.0,128.0,4.1,6.0,4.0,17.0,16.0,57.0
185,600.0,,,,,4.4,,,4.4,5.0,3.0,7.0,16.0,69.0
186,2156.0,,,,,,,,,,,,,
187,58.0,28.99,28.99,36.99,1000000.0,4.7,,,4.7,2.0,1.0,3.0,10.0,84.0
188,65.0,16.99,16.99,24.99,5000000.0,4.3,,,4.3,7.0,4.0,7.0,15.0,67.0
189,193.0,25.37,25.37,25.37,400000000.0,4.1,1231.0,1231.0,4.1,10.0,5.0,9.0,16.0,60.0
190,1325.0,16.99,16.99,28.99,100000000.0,4.3,681.0,681.0,4.3,8.0,4.0,5.0,14.0,69.0
191,1218.0,24.96,24.96,,200000000.0,4.1,,,4.1,9.0,5.0,11.0,17.0,58.0
192,1065.0,18.99,18.99,24.99,300000000.0,4.4,1162.0,1162.0,4.4,3.0,3.0,8.0,15.0,71.0
193,8.0,,,,9000000.0,,,,,,,,,
194,280.0,19.99,19.99,,1000000.0,4.2,1627.0,1627.0,4.2,8.0,5.0,7.0,13.0,67.0
195,744.0,39.99,39.99,79.99,100000000.0,4.1,96.0,,,11.0,2.0,9.0,16.0,62.0
196,205.0,,,,1000000.0,,,,,,,,,
197,6.0,17.99,17.99,,200000000.0,4.1,,,,,,,,
198,1344.0,49.99,49.99,,50000000.0,4.4,338.0,,,,,,,
199,283.0,26.99,26.99,32.99,100000000.0,3.9,1200.0,1200.0,3.9,9.0,8.0,13.0,19.0,51.0
200,584.0,27.99,27.99,29.99,,3.9,2541.0,2541.0,3.9,12.0,7.0,9.0,16.0,56.0
201,745.0,35.98,35.98,37.99,400000000.0,4.0,861.0,861.0,4.0,11.0,6.0,10.0,15.0,58.0
202,349.0,25.99,25.99,25.99,50000000.0,4.2,1235.0,1235.0,4.2,10.0,3.0,8.0,13.0,66.0
203,318.0,11.99,11.99,12.99,1000000.0,4.1,,,4.1,10.0,5.0,8.0,13.0,64.0
204,490.0,23.99,23.99,,200000000.0,4.4,,,4.4,4.0,3.0,8.0,16.0,69.0
205,2171.0,,,,,4.0,,,4.0,12.0,5.0,10.0,14.0,59.0
206,561.0,14.98,14.98,25.99,,4.3,,,4.3,7.0,4.0,8.0,16.0,65.0
207,1052.0,30.14,30.14,39.99,50000000.0,4.3,,,4.3,6.0,4.0,7.0,16.0,67.0
208,317.0,89.97,89.97,129.97,,4.4,140.0,140.0,4.4,4.0,3.0,7.0,18.0,68.0
209,623.0,15.99,15.99,19.99,200000000.0,4.4,1020.0,1020.0,4.4,6.0,2.0,5.0,14.0,73.0
210,311.0,19.99,19.99,29.99,1000000.0,4.4,1431.0,1431.0,4.4,4.0,4.0,8.0,14.0,70.0
211,153.0,,,,,4.5,43.0,43.0,4.5,5.0,0.0,6.0,16.0,73.0
212,2175.0,29.99,29.99,,100000000.0,3.5,2365.0,2365.0,3.5,18.0,,14.0,13.0,43.0
213,1269.0,25.81,25.81,34.95,50000000.0,4.2,477.0,477.0,4.2,6.0,5.0,8.0,20.0,61.0
214,1832.0,,,,,4.2,,,4.2,7.0,4.0,9.0,17.0,63.0
215,60.0,,,,,4.1,31.0,31.0,4.1,11.0,,0.0,9.0,68.0
216,1266.0,5.89,5.89,,50000000.0,3.7,25.0,25.0,3.7,14.0,7.0,,10.0,51.0
217,487.0,,,,300000000.0,,,,,,,,,
218,929.0,19.99,19.99,,200000000.0,4.5,1949.0,1949.0,4.5,6.0,2.0,5.0,11.0,76.0
219,263.0,,,,1000000.0,,,,,,,,,
220,162.0,,,,3000000.0,,,,,,,,,
221,1670.0,13.99,13.99,,100000000.0,4.3,,,4.3,6.0,4.0,8.0,13.0,69.0
222,783.0,12.99,12.99,,,3.5,2621.0,2621.0,3.5,21.0,10.0,11.0,13.0,45.0
223,2044.0,,,,100000000.0,4.1,182.0,,,,,,,
224,324.0,,,,100000000.0,,,,,,,,,
225,398.0,8.49,8.49,9.99,1000000.0,4.3,878.0,878.0,4.3,5.0,4.0,7.0,18.0,66.0
226,150.0,47.99,47.99,79.99,2000000.0,4.3,,,4.3,6.0,5.0,7.0,15.0,67.0
227,1652.0,7.9,7.9,8.5,100000000.0,4.3,24.0,24.0,4.3,18.0,0.0,0.0,0.0,82.0
228,309.0,16.99,16.99,,100000000.0,4.5,,,4.5,3.0,2.0,5.0,14.0,76.0
229,990.0,15.99,15.99,16.99,100000000.0,4.4,1002.0,1002.0,4.4,5.0,2.0,6.0,15.0,72.0
230,1239.0,7.49,7.49,8.99,200000000.0,3.8,43.0,43.0,3.8,10.0,9.0,17.0,15.0,49.0
231,,29.99,29.99,,,3.6,461.0,461.0,3.6,16.0,,11.0,17.0,44.0
232,2225.0,7.9,7.9,,50000000.0,3.4,16.0,16.0,3.4,15.0,,,9.0,39.0
233,,5.21,5.21,,50000000.0,3.8,276.0,276.0,3.8,11.0,9.0,15.0,21.0,44.0
234,1550.0,19.99,19.99,,100000000.0,4.4,,,4.4,5.0,3.0,7.0,16.0,69.0
235,1.0,,,,6000000.0,,,,,,,,,
236,2055.0,,,,,4.4,157.0,157.0,4.4,6.0,3.0,6.0,13.0,72.0
237,985.0,14.99,14.99,19.99,200000000.0,4.2,,,4.2,6.0,4.0,10.0,17.0,63.0
238,1.0,34.97,34.97,39.99,10000000.0,4.3,,,,,,,,
239,35.0,39.99,39.99,139.99,1000000.0,4.6,217.0,217.0,4.6,6.0,3.0,3.0,2.0,86.0
240,,13.99,13.99,,,,51.0,51.0,,,,10.0,8.0,43.0
241,906.0,21.99,21.99,32.99,200000000.0,4.5,2473.0,2473.0,4.5,4.0,2.0,6.0,15.0,73.0
242,865.0,,,,,4.7,1783.0,,,3.0,1.0,3.0,7.0,86.0
243,232.0,18.89,18.89,20.99,,4.4,1068.0,1068.0,4.4,5.0,3.0,6.0,15.0,71.0
244,14.0,20.45,20.45,31.97,1000000.0,4.2,1497.0,1497.0,4.2,8.0,5.0,10.0,13.0,64.0
245,354.0,25.1,25.1,38.99,,4.1,,,4.1,10.0,5.0,9.0,17.0,59.0
246,271.0,,,,,,,,,,,,,
247,37.0,13.65,13.65,,,3.6,257.0,257.0,3.6,19.0,7.0,15.0,9.0,50.0
248,2238.0,19.54,19.54,22.99,50000000.0,4.3,,,4.3,7.0,3.0,7.0,16.0,67.0
249,12.0,24.99,24.99,38.99,1000000.0,4.4,1435.0,1435.0,4.4,5.0,3.0,7.0,11.0,74.0
250,238.0,28.47,28.47,49.99,,4.6,334.0,334.0,4.6,4.0,0.0,5.0,11.0,80.0
251,554.0,29.99,29.99,,,4.0,,,,,,,,
252,98.0,22.99,22.99,29.99,1000000.0,4.4,,,4.4,4.0,3.0,7.0,15.0,71.0
253,2517.0,16.99,16.99,,50000000.0,4.4,,,,,,,,
254,1546.0,9.99,9.99,,200000000.0,4.4,,,4.4,6.0,2.0,7.0,14.0,71.0
255,1264.0,6.95,6.95,9.95,200000000.0,3.6,191.0,191.0,3.6,19.0,6.0,12.0,16.0,47.0
256,940.0,19.99,19.99,,200000000.0,4.4,144.0,144.0,4.4,7.0,2.0,3.0,16.0,72.0
257,126.0,109.95,109.95,,,4.5,1067.0,1067.0,4.5,4.0,3.0,6.0,10.0,77.0
258,690.0,,,,300000000.0,,,,,,,,,
259,7.0,179.95,179.95,,4000000.0,4.5,2039.0,2039.0,4.5,4.0,2.0,5.0,10.0,79.0
260,2121.0,,,,,,,,,,,,,
261,3.0,49.98,49.98,59.98,8000000.0,4.8,2768.0,2768.0,4.8,2.0,1.0,2.0,3.0,92.0
262,81.0,,,,,3.9,,,3.9,14.0,7.0,8.0,12.0,59.0
263,145.0,,,,2000000.0,,,,,,,,,
264,804.0,19.99,19.99,76.99,,4.2,38.0,38.0,4.2,19.0,0.0,0.0,6.0,75.0
265,,,,,,4.0,1872.0,1872.0,4.0,13.0,6.0,7.0,13.0,61.0
266,720.0,9.99,9.99,14.99,,4.2,353.0,353.0,4.2,8.0,5.0,8.0,14.0,65.0
267,2134.0,19.99,19.99,,50000000.0,4.3,,,4.3,6.0,5.0,9.0,13.0,67.0
268,102.0,29.99,29.99,169.99,,4.6,48.0,48.0,4.6,3.0,0.0,8.0,11.0,78.0
269,205.0,16.99,16.99,19.99,,4.5,413.0,413.0,4.5,4.0,3.0,7.0,13.0,73.0
270,83.0,12.99,12.99,19.98,,4.4,239.0,239.0,4.4,3.0,4.0,6.0,16.0,71.0
271,983.0,13.7,13.7,14.43,300000000.0,4.0,1360.0,1360.0,4.0,12.0,7.0,9.0,14.0,58.0
272,106.0,24.99,24.99,29.99,1000000.0,4.6,,,4.6,3.0,2.0,6.0,10.0,79.0
273,322.0,35.99,35.99,45.99,1000000.0,4.2,,,4.2,7.0,4.0,8.0,16.0,65.0
274,1083.0,49.99,49.99,49.99,400000000.0,4.3,984.0,984.0,4.3,7.0,4.0,8.0,13.0,68.0
275,286.0,19.99,19.99,39.99,300000000.0,4.5,,,4.5,2.0,3.0,7.0,15.0,73.0
276,170.0,22.99,22.99,,1000000.0,4.3,1306.0,1306.0,4.3,6.0,5.0,6.0,17.0,66.0
277,20.0,17.99,17.99,29.99,,4.2,,,4.2,8.0,5.0,9.0,14.0,64.0
278,1269.0,,,,200000000.0,,,,,,,,,
279,569.0,47.49,47.49,65.99,,4.3,,,4.3,5.0,4.0,8.0,18.0,65.0
280,262.0,20.99,20.99,29.99,400000000.0,4.4,,,4.4,5.0,3.0,7.0,14.0,71.0
281,477.0,,,,,4.5,238.0,238.0,4.5,4.0,2.0,6.0,11.0,77.0
282,39.0,39.99,39.99,,400000000.0,4.2,,,4.2,8.0,5.0,9.0,15.0,63.0
283,536.0,19.99,19.99,,1000000.0,4.2,383.0,383.0,4.2,10.0,3.0,7.0,11.0,69.0
284,69.0,24.97,24.97,49.99,6000000.0,4.3,,,4.3,6.0,4.0,7.0,18.0,65.0
285,1536.0,39.99,39.99,49.99,50000000.0,4.6,1323.0,1323.0,4.6,2.0,0.0,6.0,13.0,79.0
286,470.0,,,,200000000.0,,,,,,,,,
287,1512.0,14.99,14.99,,100000000.0,4.2,1806.0,1806.0,4.2,7.0,4.0,8.0,16.0,65.0
288,628.0,54.9,54.9,69.0,100000000.0,4.4,,,4.4,4.0,3.0,7.0,14.0,72.0
289,210.0,103.99,103.99,148.0,,4.5,1072.0,1072.0,4.5,6.0,1.0,3.0,17.0,73.0
290,473.0,25.64,25.64,39.99,200000000.0,4.4,,,4.4,4.0,3.0,7.0,15.0,71.0
291,20.0,84.99,84.99,,400000000.0,3.9,,,3.9,16.0,5.0,7.0,11.0,61.0
292,885.0,15.99,15.99,,300000000.0,4.2,1674.0,1674.0,4.2,8.0,4.0,9.0,14.0,65.0
293,193.0,9.99,9.99,,1000000.0,4.3,2018.0,2018.0,4.3,7.0,4.0,8.0,15.0,66.0
294,1326.0,19.99,19.99,,50000000.0,4.0,2553.0,2553.0,4.0,9.0,6.0,10.0,17.0,58.0
295,516.0,21.98,21.98,25.99,200000000.0,4.6,,,,,,,,
296,208.0,,,,,,,,,,,,,
297,490.0,19.99,19.99,,,4.2,357.0,357.0,4.2,8.0,5.0,5.0,18.0,64.0
298,1057.0,64.95,64.95,64.95,200000000.0,4.1,,,4.1,10.0,5.0,10.0,14.0,61.0
299,1981.0,21.99,21.99,29.99,100000000.0,4.2,1406.0,1406.0,4.2,7.0,5.0,9.0,14.0,65.0
300,55.0,13.52,13.52,14.24,,4.2,1773.0,1773.0,4.2,9.0,3.0,8.0,12.0,68.0
301,10.0,,,,,4.3,,,4.3,8.0,4.0,6.0,11.0,71.0
302,1298.0,19.99,19.99,,,4.4,36.0,36.0,4.4,0.0,7.0,6.0,,61.0
303,612.0,,,,,4.5,1038.0,1038.0,4.5,5.0,3.0,5.0,10.0,77.0
304,8.0,,,,,4.5,,,4.5,4.0,3.0,5.0,11.0,77.0
305,1236.0,13.99,13.99,,,4.3,,3125.0,4.3,6.0,3.0,8.0,14.0,69.0
306,164.0,,,,1000000.0,,,,,,,,,
307,349.0,9.49,9.49,9.99,,3.9,31.0,31.0,3.9,10.0,7.0,13.0,20.0,50.0
308,259.0,,,,400000000.0,,,,,,,,,
309,142.0,44.95,44.95,51.99,,4.4,,,4.4,5.0,3.0,7.0,14.0,71.0
310,1115.0,25.99,25.99,,200000000.0,4.0,1900.0,1900.0,4.0,10.0,5.0,10.0,16.0,59.0
311,188.0,39.99,39.99,54.99,1000000.0,4.5,530.0,,,,,,,
312,1188.0,34.99,34.99,34.99,,4.4,390.0,390.0,4.4,8.0,1.0,5.0,15.0,71.0
313,13.0,26.99,26.99,39.99,4000000.0,4.2,,,,6.0,4.0,10.0,17.0,63.0
314,269.0,,,,,4.4,1476.0,1476.0,4.4,4.0,2.0,6.0,19.0,69.0
315,2.0,,,,10000000.0,,,,,,,,,
316,526.0,109.95,109.95,109.95,,4.1,116.0,116.0,4.1,8.0,3.0,13.0,18.0,58.0
317,272.0,,,,,,,,,,,,,
318,27.0,42.99,42.99,,,4.3,,,4.3,8.0,4.0,8.0,12.0,68.0
319,838.0,25.94,25.94,,100000000.0,4.3,1778.0,1778.0,4.3,8.0,3.0,8.0,14.0,67.0
320,700.0,25.99,25.99,,,4.2,585.0,585.0,4.2,8.0,5.0,8.0,12.0,67.0
321,626.0,169.99,169.99,,300000000.0,4.0,50.0,50.0,4.0,8.0,6.0,9.0,23.0,54.0
322,113.0,9.99,9.99,39.99,,4.4,73.0,73.0,4.4,3.0,5.0,8.0,17.0,67.0
323,245.0,49.78,49.78,,,,153.0,153.0,,,,12.0,10.0,35.0
324,1409.0,35.99,35.99,,200000000.0,4.3,,,4.3,6.0,4.0,9.0,16.0,65.0
325,9.0,44.99,44.99,56.99,2000000.0,4.1,2145.0,2145.0,4.1,12.0,6.0,6.0,11.0,65.0
326,5.0,25.99,25.99,49.99,5000000.0,4.6,924.0,924.0,4.6,3.0,3.0,5.0,8.0,81.0
327,373.0,17.99,17.99,29.99,,4.3,2669.0,2669.0,4.3,8.0,4.0,6.0,14.0,68.0
328,15.0,79.95,79.95,,2000000.0,4.4,,,4.4,4.0,3.0,7.0,15.0,71.0
329,250.0,23.99,23.99,219.99,4000000.0,4.2,1564.0,,,,,,,
330,618.0,15.29,15.29,17.99,200000000.0,4.6,743.0,743.0,4.6,3.0,3.0,5.0,11.0,78.0
331,116.0,17.99,17.99,,50000000.0,4.2,,,4.2,7.0,5.0,11.0,16.0,61.0
332,162.0,129.99,129.99,149.99,1000000.0,4.3,,,4.3,5.0,5.0,8.0,16.0,66.0
333,1777.0,39.99,39.99,,,4.4,589.0,589.0,4.4,7.0,3.0,6.0,12.0,72.0
334,42.0,31.99,31.99,39.99,2000000.0,4.5,,,4.5,6.0,3.0,4.0,11.0,76.0
335,755.0,19.39,19.39,,,4.2,551.0,551.0,4.2,9.0,5.0,7.0,10.0,69.0
336,2105.0,23.99,23.99,35.99,100000000.0,4.4,,,4.4,5.0,4.0,7.0,14.0,70.0
337,1898.0,59.95,59.95,59.95,50000000.0,4.0,258.0,258.0,4.0,12.0,3.0,10.0,16.0,59.0
338,265.0,18.99,18.99,21.99,,4.2,424.0,424.0,4.2,8.0,5.0,6.0,13.0,68.0
339,794.0,25.99,25.99,36.99,100000000.0,4.1,187.0,187.0,4.1,12.0,6.0,5.0,10.0,67.0
340,10.0,,,,1000000.0,,,,,,,,,
341,1453.0,,,,100000000.0,,,,,,,,,
342,,35.99,35.99,,300000000.0,3.9,,,3.9,12.0,7.0,9.0,17.0,55.0
343,,,,,,,,,,,,,,
344,12.0,69.99,69.99,,1000000.0,4.3,,3143.0,4.3,8.0,4.0,7.0,8.0,73.0
345,679.0,20.99,20.99,,100000000.0,4.3,,,4.3,6.0,4.0,8.0,16.0,66.0
346,2440.0,,,,50000000.0,,,,,,,,,
347,449.0,31.99,31.99,149.99,50000000.0,4.0,16.0,16.0,4.0,8.0,8.0,15.0,14.0,55.0
348,26.0,189.99,189.99,249.99,10000000.0,4.2,,,4.2,10.0,4.0,6.0,10.0,70.0
349,2.0,19.99,19.99,27.99,4000000.0,4.1,1436.0,,,,,,,
350,243.0,21.99,21.99,,4000000.0,4.9,751.0,751.0,4.9,0.0,0.0,1.0,2.0,97.0
351,522.0,15.99,15.99,16.99,300000000.0,4.5,367.0,,,,,,,
352,803.0,9.98,9.98,,200000000.0,4.2,205.0,205.0,4.2,8.0,4.0,9.0,12.0,67.0
353,174.0,,,,,4.4,319.0,319.0,4.4,7.0,3.0,4.0,12.0,74.0
354,20.0,69.99,69.99,99.99,1000000.0,4.1,91.0,91.0,4.1,11.0,5.0,7.0,16.0,61.0
355,166.0,,,,,4.9,380.0,380.0,4.9,0.0,0.0,0.0,4.0,96.0
356,67.0,79.95,79.95,149.95,7000000.0,4.2,,,,9.0,4.0,7.0,13.0,67.0
357,,23.74,23.74,24.99,50000000.0,4.5,169.0,169.0,4.5,2.0,4.0,7.0,14.0,73.0
358,1634.0,6.99,6.99,9.99,100000000.0,3.7,257.0,257.0,3.7,17.0,8.0,12.0,10.0,53.0
359,4.0,29.99,29.99,49.99,4000000.0,4.2,,,4.2,9.0,5.0,6.0,10.0,70.0
360,440.0,25.65,25.65,28.99,,4.5,2073.0,2073.0,4.5,5.0,2.0,4.0,16.0,73.0
361,36.0,29.99,29.99,,400000000.0,4.1,617.0,617.0,4.1,11.0,5.0,7.0,12.0,65.0
362,1451.0,,,,,,120.0,120.0,,,,6.0,9.0,43.0
363,1821.0,59.96,59.96,,100000000.0,4.4,450.0,450.0,4.4,4.0,4.0,7.0,13.0,72.0
364,1257.0,,,,,,,,,,,,,
365,839.0,54.95,54.95,58.95,100000000.0,4.2,306.0,,,9.0,2.0,10.0,12.0,67.0
366,89.0,19.99,19.99,27.99,,4.0,42.0,42.0,4.0,12.0,8.0,7.0,9.0,64.0
367,17.0,29.99,29.99,36.99,300000000.0,4.2,,,4.2,7.0,4.0,8.0,15.0,66.0
368,,29.99,29.99,,,4.2,,,4.2,7.0,3.0,8.0,18.0,64.0
369,139.0,,,,2000000.0,,,,,,,,,
370,1394.0,19.99,19.99,,50000000.0,4.4,,,4.4,4.0,4.0,8.0,15.0,69.0
371,918.0,28.49,28.49,29.99,100000000.0,4.1,,,,,,,,
372,2060.0,,,,,4.2,141.0,141.0,4.2,10.0,2.0,10.0,14.0,64.0
373,,79.99,79.99,,,4.1,1513.0,1513.0,4.1,7.0,5.0,9.0,21.0,58.0
374,1361.0,34.9,34.9,,200000000.0,4.0,,,4.0,10.0,7.0,9.0,17.0,57.0
375,457.0,49.99,49.99,69.99,,4.3,852.0,,,,,,,
376,495.0,23.99,23.99,23.99,,4.3,1130.0,1130.0,4.3,6.0,4.0,8.0,14.0,68.0
377,1789.0,,,,200000000.0,,,,,,,,,
378,336.0,99.99,99.99,99.99,200000000.0,4.6,,,4.6,3.0,1.0,4.0,10.0,82.0
379,1341.0,29.99,29.99,34.95,100000000.0,4.1,692.0,692.0,4.1,10.0,6.0,9.0,13.0,62.0
380,45.0,,,,,4.5,1338.0,1338.0,4.5,4.0,1.0,6.0,12.0,77.0
381,873.0,7.99,7.99,11.99,400000000.0,4.1,583.0,583.0,4.1,12.0,4.0,8.0,13.0,63.0
382,75.0,39.99,39.99,,,3.6,72.0,72.0,3.6,20.0,9.0,4.0,21.0,46.0
383,1373.0,59.99,59.99,69.99,,4.1,2798.0,2798.0,4.1,9.0,5.0,10.0,17.0,59.0
384,1174.0,26.99,26.99,29.99,200000000.0,3.9,,,3.9,12.0,7.0,11.0,14.0,56.0
385,585.0,10.99,10.99,,,4.7,147.0,147.0,4.7,3.0,1.0,2.0,11.0,83.0
386,,49.99,49.99,59.99,,3.5,405.0,405.0,3.5,20.0,10.0,14.0,13.0,43.0
387,,9.99,9.99,,50000000.0,4.2,147.0,147.0,4.2,7.0,4.0,8.0,22.0,59.0
388,53.0,,,,,4.0,,,4.0,9.0,6.0,12.0,16.0,57.0
389,21.0,36.54,36.54,42.99,1000000.0,4.6,843.0,843.0,4.6,3.0,3.0,5.0,11.0,78.0
390,5.0,15.99,15.99,23.99,1000000.0,4.0,,,4.0,13.0,4.0,8.0,14.0,61.0
391,1775.0,,,,400000000.0,,,,,,,,,
392,790.0,7.41,7.41,9.99,400000000.0,4.5,,,4.5,5.0,2.0,6.0,14.0,73.0
393,1347.0,,,,,4.4,2940.0,2940.0,4.4,4.0,3.0,6.0,15.0,72.0
394,892.0,23.99,23.99,,200000000.0,4.2,,,4.2,6.0,6.0,9.0,15.0,64.0
396,854.0,9.99,9.99,,300000000.0,4.2,1663.0,1663.0,4.2,11.0,4.0,8.0,10.0,67.0
397,622.0,,,,,4.3,2723.0,2723.0,4.3,6.0,4.0,6.0,15.0,69.0
398,720.0,36.86,36.86,,,4.4,,,,,,,,
399,77.0,33.14,33.14,38.99,100000000.0,4.2,,,4.2,8.0,5.0,9.0,17.0,61.0
400,948.0,29.99,29.99,29.99,300000000.0,4.1,,,4.1,8.0,5.0,10.0,18.0,59.0
401,505.0,23.99,23.99,35.99,,4.4,,,4.4,5.0,4.0,7.0,13.0,71.0
402,,,,,,4.0,739.0,739.0,4.0,13.0,5.0,8.0,14.0,60.0
403,8.0,37.99,37.99,65.49,2000000.0,4.4,,,4.4,7.0,3.0,5.0,12.0,73.0
404,260.0,,,,,4.2,,,4.2,10.0,6.0,6.0,9.0,69.0
405,1095.0,,,,,4.4,2559.0,2559.0,4.4,5.0,3.0,6.0,14.0,72.0
406,619.0,19.99,19.99,49.99,300000000.0,4.2,109.0,109.0,4.2,7.0,7.0,7.0,12.0,67.0
407,134.0,12.98,12.98,19.99,1000000.0,4.6,172.0,172.0,4.6,2.0,0.0,5.0,16.0,77.0
408,1165.0,,,,,4.6,714.0,714.0,4.6,2.0,2.0,6.0,8.0,82.0
409,27.0,79.4,79.4,109.72,1000000.0,4.2,244.0,,,11.0,4.0,5.0,15.0,65.0
410,674.0,26.99,26.99,29.99,,3.8,1551.0,1551.0,3.8,14.0,8.0,12.0,16.0,50.0
411,1340.0,17.99,17.99,19.99,200000000.0,4.2,,,4.2,7.0,5.0,10.0,17.0,61.0
412,699.0,,,,100000000.0,,,,,,,,,
413,1220.0,199.99,199.99,,200000000.0,4.4,312.0,312.0,4.4,7.0,3.0,5.0,10.0,75.0
414,897.0,,,,50000000.0,,,,,,,,,
415,73.0,15.0,15.0,38.99,,4.5,1952.0,,,3.0,2.0,6.0,14.0,75.0
416,793.0,9.99,9.99,,300000000.0,4.4,418.0,418.0,4.4,6.0,3.0,4.0,16.0,71.0
417,167.0,18.99,18.99,19.99,100000000.0,4.3,178.0,178.0,4.3,5.0,3.0,7.0,20.0,65.0
418,430.0,27.99,27.99,,,4.5,972.0,972.0,4.5,6.0,2.0,5.0,12.0,75.0
419,105.0,,,,1000000.0,,,,,,,,,
420,7.0,151.99,151.99,,1000000.0,4.2,1253.0,1253.0,4.2,13.0,4.0,5.0,9.0,69.0
421,,22.99,22.99,,,4.3,1279.0,1279.0,4.3,5.0,4.0,11.0,16.0,64.0
422,189.0,21.99,21.99,159.99,2000000.0,4.4,403.0,403.0,4.4,7.0,5.0,7.0,5.0,76.0
423,722.0,24.19,24.19,25.99,100000000.0,4.4,,,4.4,5.0,3.0,8.0,16.0,68.0
424,1555.0,119.0,119.0,,,4.1,435.0,435.0,4.1,9.0,3.0,10.0,23.0,55.0
425,291.0,49.99,49.99,191.99,1000000.0,4.2,,,4.2,10.0,3.0,8.0,13.0,66.0
426,389.0,9.99,9.99,,200000000.0,4.5,505.0,505.0,4.5,3.0,1.0,7.0,15.0,74.0
427,35.0,15.29,15.29,16.99,400000000.0,4.2,2543.0,2543.0,4.2,7.0,6.0,10.0,14.0,63.0
428,166.0,49.99,49.99,,,4.3,,,4.3,6.0,3.0,7.0,16.0,68.0
429,72.0,,,,200000000.0,,,,,,,,,
430,1260.0,44.95,44.95,,100000000.0,4.1,1866.0,1866.0,4.1,9.0,6.0,8.0,14.0,63.0
431,7.0,35.99,35.99,199.99,4000000.0,4.4,252.0,252.0,4.4,9.0,4.0,2.0,7.0,78.0
432,686.0,,,,50000000.0,,,,,,,,,
433,1241.0,27.99,27.99,29.99,,3.6,548.0,,,,,,,
434,907.0,,,,400000000.0,,,,,,,,,
435,,23.99,23.99,,,4.1,317.0,317.0,4.1,9.0,6.0,9.0,19.0,57.0
436,77.0,,,,,,,,,,,,,
437,1148.0,19.99,19.99,49.99,200000000.0,3.9,2119.0,2119.0,3.9,11.0,9.0,13.0,16.0,51.0
438,2064.0,26.99,26.99,39.99,100000000.0,4.0,1292.0,,,,,,,
439,,,,,,4.5,292.0,292.0,4.5,4.0,4.0,5.0,11.0,76.0
440,1530.0,,,,50000000.0,,,,,,,,,
441,129.0,,,,,3.9,65.0,65.0,3.9,9.0,10.0,13.0,16.0,52.0
442,877.0,,,,300000000.0,,,,,,,,,
443,45.0,39.99,39.99,,,3.4,42.0,42.0,3.4,,5.0,15.0,9.0,44.0
444,2033.0,49.95,49.95,,,4.2,972.0,972.0,4.2,6.0,7.0,7.0,21.0,59.0
445,275.0,21.99,21.99,25.99,100000000.0,3.9,456.0,456.0,3.9,15.0,6.0,10.0,10.0,59.0
446,482.0,,,,200000000.0,,,,,,,,,
447,2.0,,,,3000000.0,,,,,,,,,
448,538.0,25.99,25.99,35.99,400000000.0,4.3,1644.0,1644.0,4.3,6.0,4.0,7.0,15.0,68.0
449,744.0,17.49,17.49,21.99,,3.9,215.0,215.0,3.9,10.0,8.0,13.0,14.0,55.0
450,2349.0,,,,,4.5,1564.0,1564.0,4.5,4.0,3.0,6.0,10.0,77.0
451,378.0,64.95,64.95,64.95,400000000.0,4.4,90.0,90.0,4.4,4.0,4.0,10.0,10.0,72.0
452,83.0,15.99,15.99,19.99,200000000.0,4.5,779.0,779.0,4.5,3.0,1.0,7.0,16.0,73.0
453,25.0,,,,3000000.0,,,,,,,,,
454,819.0,169.95,169.95,199.95,,4.4,,,,6.0,3.0,6.0,11.0,74.0
455,646.0,19.79,19.79,21.99,400000000.0,4.3,1546.0,1546.0,4.3,8.0,3.0,9.0,12.0,68.0
456,2227.0,98.99,98.99,109.99,50000000.0,3.8,,,3.8,13.0,8.0,11.0,17.0,51.0
457,110.0,,,,3000000.0,,,,,,,,,
458,438.0,27.59,27.59,49.99,400000000.0,4.4,1146.0,1146.0,4.4,5.0,2.0,5.0,15.0,73.0
459,8.0,,,,400000000.0,,,,,,,,,
460,677.0,23.99,23.99,23.99,100000000.0,4.6,439.0,439.0,4.6,4.0,1.0,4.0,10.0,81.0
461,2328.0,,,,,3.9,,,3.9,10.0,9.0,11.0,14.0,56.0
462,1485.0,16.99,16.99,16.99,50000000.0,4.3,769.0,769.0,4.3,8.0,3.0,7.0,13.0,69.0
463,127.0,16.99,16.99,19.99,1000000.0,4.4,,,4.4,4.0,4.0,8.0,16.0,68.0
464,682.0,69.99,69.99,,,4.3,1797.0,1797.0,4.3,9.0,4.0,6.0,10.0,71.0
465,68.0,,,,400000000.0,,,,,,,,,
466,,39.99,39.99,,50000000.0,4.3,106.0,106.0,4.3,5.0,2.0,12.0,16.0,65.0
467,220.0,13.98,13.98,19.99,1000000.0,4.6,424.0,424.0,4.6,6.0,1.0,3.0,10.0,80.0
468,534.0,27.69,27.69,,,4.0,754.0,754.0,4.0,12.0,7.0,8.0,15.0,58.0
469,444.0,159.99,159.99,169.99,200000000.0,4.5,1775.0,1775.0,4.5,5.0,2.0,3.0,10.0,80.0
470,30.0,16.99,16.99,17.99,300000000.0,4.4,592.0,592.0,4.4,6.0,4.0,6.0,10.0,74.0
471,674.0,39.5,39.5,,200000000.0,4.2,2142.0,2142.0,4.2,8.0,5.0,9.0,13.0,65.0
472,,13.29,13.29,19.99,50000000.0,4.3,648.0,648.0,4.3,6.0,4.0,6.0,17.0,67.0
473,,16.99,16.99,,,3.6,48.0,48.0,3.6,14.0,8.0,17.0,25.0,36.0
474,381.0,12.79,12.79,14.99,300000000.0,4.2,532.0,,,6.0,5.0,8.0,17.0,64.0
475,735.0,24.99,24.99,27.99,100000000.0,4.4,65.0,65.0,4.4,7.0,4.0,7.0,2.0,80.0
476,1691.0,18.99,18.99,30.99,50000000.0,4.5,850.0,850.0,4.5,3.0,2.0,6.0,11.0,78.0
477,751.0,19.99,19.99,29.99,,4.3,2924.0,2924.0,4.3,5.0,4.0,7.0,17.0,67.0
478,276.0,89.0,89.0,109.0,1000000.0,4.2,,,4.2,7.0,6.0,8.0,14.0,65.0
479,112.0,,,,300000000.0,,,,,,,,,
480,136.0,36.99,36.99,39.99,,4.4,,,4.4,6.0,3.0,6.0,12.0,73.0
481,106.0,9.98,9.98,,1000000.0,4.3,47.0,47.0,4.3,5.0,5.0,10.0,12.0,68.0
482,791.0,,,,,4.2,1454.0,1454.0,4.2,8.0,3.0,9.0,16.0,64.0
483,555.0,23.21,23.21,,300000000.0,3.5,24.0,24.0,3.5,,0.0,0.0,12.0,54.0
484,391.0,,,,300000000.0,,,,,,,,,
485,95.0,36.54,36.54,42.99,100000000.0,4.4,268.0,268.0,4.4,5.0,3.0,8.0,12.0,72.0
486,279.0,,,,,4.0,,,4.0,9.0,6.0,11.0,19.0,55.0
488,299.0,19.99,19.99,29.99,100000000.0,4.2,1795.0,1795.0,4.2,6.0,4.0,10.0,20.0,60.0
489,1097.0,9.99,9.99,,,4.5,57.0,57.0,4.5,4.0,2.0,7.0,12.0,75.0
490,1732.0,19.99,19.99,,50000000.0,4.4,,,4.4,5.0,3.0,6.0,13.0,73.0
491,294.0,16.18,16.18,17.98,1000000.0,4.4,2212.0,2212.0,4.4,6.0,3.0,7.0,14.0,70.0
492,666.0,,,,,4.4,1109.0,1109.0,4.4,6.0,2.0,6.0,14.0,72.0
493,237.0,17.99,17.99,19.99,,4.5,242.0,242.0,4.5,6.0,2.0,3.0,12.0,77.0
494,448.0,6.99,6.99,9.99,400000000.0,4.0,30.0,30.0,4.0,7.0,4.0,11.0,,49.0
495,44.0,22.99,22.99,25.99,200000000.0,4.0,1618.0,,,,,,,
496,502.0,34.99,34.99,49.99,,,127.0,,,,,,,
497,1639.0,,,,,,,,,,,,,
498,941.0,,,,,4.1,2810.0,2810.0,4.1,9.0,5.0,9.0,16.0,61.0
499,79.0,105.3,105.3,113.49,1000000.0,4.1,,,4.1,12.0,5.0,7.0,13.0,63.0
500,1935.0,22.39,22.39,26.99,,4.4,918.0,918.0,4.4,5.0,3.0,8.0,16.0,68.0
501,458.0,24.99,24.99,29.99,300000000.0,4.5,434.0,434.0,4.5,5.0,2.0,5.0,9.0,79.0
502,,9.99,9.99,12.99,50000000.0,4.2,,,4.2,8.0,4.0,10.0,14.0,64.0
503,2065.0,22.99,22.99,,,4.3,565.0,565.0,4.3,6.0,4.0,8.0,16.0,66.0
504,748.0,129.95,129.95,129.95,50000000.0,4.4,877.0,877.0,4.4,4.0,4.0,6.0,14.0,72.0
505,940.0,9.99,9.99,,100000000.0,4.5,17.0,17.0,4.5,0.0,8.0,9.0,7.0,76.0
506,264.0,99.99,99.99,99.99,100000000.0,4.2,640.0,640.0,4.2,12.0,2.0,7.0,10.0,69.0
507,29.0,32.29,32.29,37.99,,4.1,,,4.1,10.0,5.0,9.0,12.0,64.0
508,531.0,36.95,36.95,,50000000.0,4.6,2006.0,2006.0,4.6,4.0,2.0,4.0,12.0,78.0
509,508.0,,,,200000000.0,,,,,,,,,
510,971.0,49.99,49.99,,100000000.0,4.4,223.0,223.0,4.4,7.0,5.0,4.0,10.0,74.0
511,1378.0,63.99,63.99,79.88,50000000.0,3.8,999.0,999.0,3.8,12.0,8.0,11.0,17.0,52.0
512,2197.0,,,,100000000.0,,,,,,,,,
513,510.0,,,,,,,,,,,,,
514,630.0,39.99,39.99,49.99,100000000.0,4.4,,,4.4,6.0,3.0,7.0,14.0,70.0
515,5.0,115.79,115.79,119.0,100000000.0,4.5,803.0,803.0,4.5,7.0,1.0,4.0,9.0,79.0
516,2295.0,7.9,7.9,,,3.7,64.0,64.0,3.7,19.0,6.0,12.0,13.0,50.0
517,5.0,,,,4000000.0,,,,,,,,,
518,817.0,34.88,34.88,34.88,100000000.0,4.5,619.0,619.0,4.5,6.0,2.0,4.0,13.0,75.0
519,1338.0,30.52,30.52,,50000000.0,4.4,630.0,630.0,4.4,5.0,4.0,6.0,17.0,68.0
520,974.0,49.99,49.99,,300000000.0,4.2,169.0,169.0,4.2,10.0,5.0,6.0,10.0,69.0
521,1170.0,,,,,3.9,,,3.9,13.0,8.0,10.0,15.0,54.0
522,2383.0,12.99,12.99,,50000000.0,4.5,852.0,852.0,4.5,4.0,2.0,8.0,11.0,75.0
523,994.0,24.99,24.99,,100000000.0,4.4,228.0,228.0,4.4,5.0,3.0,9.0,14.0,69.0
524,28.0,,,249.0,7000000.0,4.1,2495.0,,,10.0,4.0,9.0,13.0,64.0
525,,14.99,14.99,,,4.5,25.0,25.0,4.5,0.0,0.0,,0.0,77.0
526,17.0,,,,6000000.0,,,,,,,,,
527,,,,,50000000.0,,,,,,,,,
528,26.0,199.95,199.95,,1000000.0,4.4,2974.0,2974.0,4.4,6.0,3.0,6.0,12.0,73.0
529,,12.99,12.99,19.99,,4.3,454.0,454.0,4.3,9.0,3.0,7.0,11.0,70.0
530,2226.0,15.99,15.99,,50000000.0,4.4,2276.0,2276.0,4.4,5.0,3.0,7.0,13.0,72.0
531,2537.0,,,,50000000.0,,,,,,,,,
532,357.0,,,,,4.4,1240.0,1240.0,4.4,5.0,3.0,5.0,13.0,74.0
533,1532.0,7.9,7.9,,50000000.0,3.7,27.0,27.0,3.7,19.0,8.0,8.0,12.0,53.0
534,145.0,,,,200000000.0,,,,,,,,,
535,544.0,19.99,19.99,,,4.0,542.0,542.0,4.0,12.0,6.0,11.0,14.0,57.0
536,151.0,67.12,67.12,,1000000.0,4.7,180.0,180.0,4.7,2.0,1.0,4.0,7.0,86.0
537,801.0,32.99,32.99,,50000000.0,4.4,57.0,57.0,4.4,0.0,8.0,7.0,15.0,70.0
538,657.0,35.99,35.99,35.99,400000000.0,4.4,,,4.4,5.0,2.0,6.0,13.0,74.0
539,569.0,39.98,39.98,59.99,,4.2,1458.0,1458.0,4.2,8.0,4.0,7.0,18.0,63.0
540,616.0,19.99,19.99,,,4.2,,,4.2,7.0,5.0,9.0,18.0,61.0
542,,11.99,11.99,,,4.4,241.0,241.0,4.4,4.0,4.0,8.0,10.0,74.0
543,1829.0,61.72,61.72,61.72,100000000.0,4.4,457.0,457.0,4.4,7.0,2.0,5.0,14.0,72.0
544,969.0,,,,100000000.0,,,,,,,,,
545,106.0,14.99,14.99,19.99,50000000.0,4.1,106.0,106.0,4.1,11.0,5.0,8.0,9.0,67.0
546,669.0,59.98,59.98,,50000000.0,4.5,,,4.5,3.0,3.0,6.0,14.0,74.0
547,339.0,59.99,59.99,,200000000.0,4.2,60.0,60.0,4.2,4.0,7.0,15.0,8.0,66.0
548,27.0,32.99,32.99,45.99,2000000.0,4.0,995.0,995.0,4.0,13.0,5.0,9.0,13.0,60.0
549,456.0,18.99,18.99,23.99,,4.4,,,4.4,5.0,3.0,8.0,15.0,69.0
550,1201.0,21.98,21.98,,100000000.0,4.0,481.0,481.0,4.0,13.0,5.0,11.0,12.0,59.0
551,1205.0,34.99,34.99,42.99,300000000.0,4.4,,,4.4,5.0,3.0,5.0,13.0,74.0
552,303.0,39.9,39.9,59.9,,4.0,739.0,739.0,4.0,11.0,7.0,10.0,12.0,60.0
553,1290.0,,,,,,,,,,,,,
554,459.0,,,,,,,,,,,,,
555,899.0,39.99,39.99,39.99,100000000.0,4.1,134.0,134.0,4.1,6.0,4.0,12.0,21.0,57.0
556,879.0,199.99,199.99,,100000000.0,4.1,56.0,56.0,4.1,7.0,10.0,10.0,12.0,61.0
557,391.0,,,,50000000.0,,,,,,,,,
558,1333.0,27.99,27.99,,50000000.0,3.8,18.0,18.0,3.8,12.0,7.0,13.0,17.0,51.0
559,170.0,26.99,26.99,159.99,2000000.0,4.5,831.0,831.0,4.5,3.0,3.0,5.0,16.0,73.0
560,23.0,16.87,16.87,,,4.0,,,4.0,9.0,5.0,12.0,16.0,58.0
561,28.0,,,,,,,,,,,,,
562,2000.0,9.99,9.99,,50000000.0,4.0,45.0,45.0,4.0,6.0,8.0,12.0,23.0,51.0
563,828.0,44.55,44.55,,400000000.0,4.4,80.0,80.0,4.4,3.0,6.0,6.0,10.0,75.0
564,864.0,34.99,34.99,36.99,100000000.0,4.4,63.0,63.0,4.4,4.0,3.0,7.0,16.0,70.0
565,,7.49,7.49,,,,25.0,25.0,,,,,7.0,
566,57.0,36.79,36.79,45.99,100000000.0,4.2,284.0,284.0,4.2,8.0,2.0,9.0,17.0,64.0
567,7.0,22.99,22.99,29.99,2000000.0,4.4,1210.0,1210.0,4.4,6.0,3.0,4.0,12.0,75.0
568,20.0,71.89,71.89,99.89,300000000.0,4.3,,,4.3,6.0,3.0,7.0,15.0,69.0
569,436.0,,,,50000000.0,,,,,,,,,
570,,,,,,4.2,19.0,19.0,4.2,16.0,0.0,8.0,0.0,76.0
571,1599.0,,,,,5.0,79.0,79.0,5.0,0.0,0.0,0.0,0.0,100.0
572,24.0,84.95,84.95,149.95,400000000.0,4.5,177.0,177.0,4.5,6.0,2.0,4.0,14.0,74.0
573,1741.0,12.99,12.99,,100000000.0,4.1,,,4.1,8.0,5.0,11.0,16.0,60.0
574,1330.0,39.99,39.99,,200000000.0,3.7,,,,20.0,7.0,10.0,9.0,54.0
575,117.0,17.99,17.99,,50000000.0,4.2,261.0,261.0,4.2,9.0,5.0,7.0,12.0,67.0
576,77.0,55.99,55.99,79.99,5000000.0,4.4,,,4.4,4.0,3.0,6.0,17.0,70.0
577,231.0,219.95,219.95,,,4.5,1266.0,1266.0,4.5,4.0,2.0,5.0,12.0,77.0
578,80.0,8.99,8.99,9.99,4000000.0,3.9,,,3.9,14.0,7.0,8.0,12.0,59.0
579,866.0,24.99,24.99,,50000000.0,4.1,34.0,34.0,4.1,9.0,0.0,10.0,,50.0
580,1458.0,18.99,18.99,,100000000.0,4.2,,,4.2,7.0,3.0,10.0,17.0,63.0
581,2292.0,7.9,7.9,,,,34.0,34.0,,,4.0,4.0,15.0,40.0
582,1309.0,7.99,7.99,12.99,200000000.0,3.7,118.0,118.0,3.7,16.0,7.0,11.0,16.0,50.0
583,102.0,88.25,88.25,129.99,4000000.0,4.0,1197.0,1197.0,4.0,11.0,6.0,9.0,13.0,61.0
584,198.0,,,,,3.9,862.0,862.0,3.9,15.0,7.0,7.0,8.0,63.0
585,1873.0,22.99,22.99,29.99,100000000.0,4.2,2336.0,2336.0,4.2,8.0,4.0,9.0,12.0,67.0
586,2192.0,129.95,129.95,,100000000.0,3.8,715.0,715.0,3.8,15.0,8.0,9.0,14.0,54.0
587,1001.0,25.98,25.98,39.98,100000000.0,4.3,,,4.3,6.0,4.0,9.0,15.0,66.0
588,1701.0,,,,,4.2,17.0,17.0,4.2,8.0,0.0,15.0,19.0,58.0
589,135.0,66.48,66.48,89.99,1000000.0,4.5,493.0,493.0,4.5,5.0,2.0,5.0,7.0,81.0
590,121.0,20.95,20.95,25.59,400000000.0,4.2,215.0,215.0,4.2,7.0,5.0,7.0,17.0,64.0
591,2251.0,,,,,4.3,71.0,,,,,,,
592,2030.0,,,,,4.3,,,4.3,7.0,4.0,7.0,16.0,66.0
593,182.0,,,,100000000.0,,,,,,,,,
594,2046.0,199.99,199.99,,50000000.0,4.7,86.0,86.0,4.7,3.0,0.0,2.0,7.0,88.0
595,681.0,,,,200000000.0,,,,,,,,,
596,213.0,33.99,33.99,,,4.7,336.0,336.0,4.7,2.0,1.0,4.0,8.0,85.0
597,276.0,27.99,27.99,,,4.0,835.0,835.0,4.0,13.0,6.0,9.0,12.0,60.0
598,115.0,24.98,24.98,35.99,1000000.0,4.6,190.0,190.0,4.6,7.0,1.0,2.0,3.0,87.0
599,73.0,38.99,38.99,,200000000.0,4.2,,,4.2,7.0,4.0,8.0,16.0,65.0
600,1066.0,18.18,18.18,,,4.2,,,4.2,6.0,4.0,10.0,16.0,64.0
601,781.0,21.83,21.83,22.98,300000000.0,4.5,309.0,309.0,4.5,7.0,2.0,3.0,10.0,78.0
602,10.0,52.21,52.21,67.12,2000000.0,4.5,912.0,912.0,4.5,6.0,3.0,3.0,6.0,82.0
603,347.0,49.0,49.0,89.95,400000000.0,4.4,837.0,,,,,,,
604,2204.0,48.48,48.48,,100000000.0,4.0,387.0,387.0,4.0,11.0,8.0,8.0,11.0,62.0
605,884.0,22.93,22.93,29.98,100000000.0,4.6,,,4.6,3.0,2.0,4.0,11.0,80.0
606,76.0,29.99,29.99,39.99,100000000.0,4.7,46.0,46.0,4.7,3.0,0.0,3.0,11.0,83.0
607,75.0,,,,1000000.0,4.3,,,4.3,9.0,4.0,6.0,10.0,71.0
608,175.0,22.49,22.49,25.99,,4.6,1039.0,1039.0,4.6,3.0,3.0,3.0,10.0,81.0
609,358.0,39.95,39.95,49.99,1000000.0,4.4,879.0,879.0,4.4,5.0,5.0,5.0,16.0,69.0
610,1783.0,20.99,20.99,,,4.4,,,4.4,4.0,2.0,8.0,15.0,71.0
611,455.0,223.03,223.03,,300000000.0,4.5,268.0,268.0,4.5,2.0,4.0,7.0,16.0,71.0
612,324.0,,,,300000000.0,4.6,,,4.6,3.0,1.0,4.0,9.0,83.0
613,916.0,,,,,4.4,2411.0,2411.0,4.4,7.0,1.0,4.0,17.0,71.0
614,1507.0,39.99,39.99,79.99,50000000.0,4.0,61.0,,,,,,,
615,987.0,49.99,49.99,,100000000.0,4.4,1276.0,1276.0,4.4,7.0,2.0,8.0,13.0,70.0
616,282.0,,,,100000000.0,,,,,,,,,
617,1853.0,,,,100000000.0,,,,,,,,,
618,2232.0,40.98,40.98,49.95,50000000.0,3.8,698.0,,,,,,,
619,132.0,36.99,36.99,,50000000.0,4.1,2645.0,2645.0,4.1,10.0,5.0,10.0,15.0,60.0
620,44.0,49.99,49.99,59.99,,4.4,250.0,250.0,4.4,7.0,5.0,5.0,5.0,78.0
621,1730.0,,,,,,,,,,,,,
622,1152.0,119.95,119.95,164.95,200000000.0,4.3,381.0,381.0,4.3,4.0,6.0,7.0,16.0,67.0
623,288.0,33.99,33.99,39.99,1000000.0,4.2,,,4.2,6.0,5.0,10.0,20.0,59.0
624,92.0,99.99,99.99,129.99,400000000.0,4.1,703.0,703.0,4.1,12.0,6.0,4.0,11.0,67.0
625,1320.0,49.95,49.95,49.95,200000000.0,4.0,,,,,,,,
626,758.0,27.99,27.99,38.99,300000000.0,4.3,,3057.0,4.3,6.0,4.0,7.0,13.0,70.0
627,215.0,15.99,15.99,,1000000.0,4.8,257.0,257.0,4.8,0.0,2.0,4.0,5.0,89.0
628,2087.0,7.99,7.99,9.99,100000000.0,4.2,2810.0,2810.0,4.2,6.0,3.0,13.0,15.0,63.0
629,1020.0,29.99,29.99,,,4.8,495.0,495.0,4.8,2.0,1.0,1.0,2.0,94.0
630,84.0,9.98,9.98,,5000000.0,,751.0,751.0,,,7.0,8.0,9.0,46.0
631,1771.0,7.99,7.99,,100000000.0,4.0,83.0,83.0,4.0,10.0,4.0,14.0,15.0,57.0
632,1071.0,42.99,42.99,79.99,200000000.0,4.5,1818.0,1818.0,4.5,4.0,2.0,7.0,11.0,76.0
633,94.0,172.99,172.99,,,4.2,123.0,123.0,4.2,5.0,4.0,13.0,15.0,63.0
634,574.0,23.99,23.99,71.99,,4.0,,,4.0,11.0,5.0,9.0,16.0,59.0
635,5.0,69.99,69.99,,4000000.0,4.6,277.0,,,,,,,
636,71.0,15.99,15.99,,1000000.0,4.2,,,,,,,,
637,218.0,145.99,145.99,,100000000.0,4.6,19.0,19.0,4.6,0.0,0.0,16.0,12.0,72.0
638,230.0,13.99,13.99,21.99,,4.4,,,4.4,5.0,3.0,6.0,14.0,72.0
639,,7.9,7.9,,,4.1,9.0,9.0,4.1,0.0,,13.0,23.0,50.0
641,2093.0,64.95,64.95,89.95,50000000.0,4.6,66.0,66.0,4.6,2.0,3.0,5.0,13.0,77.0
642,323.0,16.99,16.99,,,4.4,262.0,,,,,,,
643,1769.0,24.99,24.99,,50000000.0,4.3,373.0,373.0,4.3,7.0,3.0,9.0,11.0,70.0
644,756.0,39.99,39.99,50.99,50000000.0,3.9,2956.0,2956.0,3.9,15.0,6.0,9.0,14.0,56.0
645,42.0,,,,,4.0,,,4.0,14.0,6.0,8.0,13.0,59.0
646,366.0,139.89,139.89,,300000000.0,4.3,1596.0,1596.0,4.3,9.0,3.0,6.0,11.0,71.0
647,,,,,,4.3,,,4.3,5.0,4.0,8.0,17.0,66.0
648,254.0,29.99,29.99,,1000000.0,3.6,943.0,943.0,3.6,19.0,8.0,11.0,10.0,52.0
649,,69.95,69.95,,,3.4,618.0,618.0,3.4,16.0,,14.0,15.0,39.0
650,713.0,69.99,69.99,99.99,,4.2,,,,,,,,
651,1186.0,9.99,9.99,,200000000.0,3.9,136.0,136.0,3.9,14.0,3.0,14.0,17.0,52.0
652,919.0,22.99,22.99,,200000000.0,4.3,249.0,249.0,4.3,6.0,3.0,9.0,13.0,69.0
653,1312.0,25.99,25.99,49.99,,4.4,2036.0,2036.0,4.4,4.0,4.0,8.0,16.0,68.0
654,30.0,,,,,,,,,,,,,
655,287.0,19.78,19.78,24.99,50000000.0,4.3,1009.0,1009.0,4.3,6.0,5.0,9.0,14.0,66.0
656,2083.0,,,,50000000.0,,,,,,,,,
657,,37.99,37.99,,,4.0,294.0,294.0,4.0,10.0,8.0,11.0,16.0,55.0
658,592.0,19.99,19.99,39.99,,4.3,1527.0,1527.0,4.3,5.0,4.0,9.0,15.0,67.0
659,55.0,39.99,39.99,,300000000.0,4.4,1930.0,1930.0,4.4,6.0,3.0,6.0,13.0,72.0
660,320.0,59.95,59.95,79.95,,4.2,464.0,464.0,4.2,7.0,6.0,8.0,13.0,66.0
661,2266.0,,,,,4.0,,,4.0,11.0,5.0,10.0,14.0,60.0
662,2025.0,40.86,40.86,59.95,,4.4,173.0,173.0,4.4,4.0,4.0,6.0,16.0,70.0
663,,21.36,21.36,,,4.0,1188.0,1188.0,4.0,13.0,4.0,11.0,13.0,59.0
664,,42.95,42.95,,,4.4,,,4.4,5.0,3.0,8.0,16.0,68.0
665,1452.0,,,229.99,50000000.0,4.6,,,4.6,3.0,1.0,4.0,9.0,83.0
666,41.0,39.98,39.98,59.99,1000000.0,4.4,492.0,492.0,4.4,7.0,4.0,4.0,4.0,81.0
667,762.0,14.99,14.99,24.99,,4.2,491.0,,,,,,,
668,85.0,,,,,,,,,,,,,
669,29.0,79.99,79.99,99.99,300000000.0,3.5,179.0,179.0,3.5,,8.0,6.0,15.0,47.0
670,1533.0,,,,,4.3,584.0,584.0,4.3,6.0,5.0,8.0,14.0,67.0
671,515.0,12.98,12.98,21.99,,4.7,93.0,93.0,4.7,1.0,2.0,3.0,15.0,79.0
672,75.0,84.88,84.88,98.03,50000000.0,4.2,,,4.2,9.0,5.0,9.0,14.0,63.0
673,34.0,19.99,19.99,33.99,300000000.0,4.2,713.0,713.0,4.2,8.0,4.0,11.0,15.0,62.0
674,141.0,46.97,46.97,109.95,,4.4,48.0,48.0,4.4,7.0,0.0,8.0,12.0,73.0
675,120.0,53.0,53.0,,3000000.0,4.4,2056.0,2056.0,4.4,7.0,4.0,5.0,10.0,74.0
676,1934.0,,,,,4.4,7.0,7.0,4.4,0.0,0.0,17.0,,53.0
677,1977.0,,,,100000000.0,,,,,,,,,
678,359.0,49.99,49.99,,200000000.0,4.5,346.0,346.0,4.5,3.0,3.0,5.0,16.0,73.0
679,270.0,119.99,119.99,,1000000.0,4.2,,,4.2,10.0,5.0,8.0,12.0,65.0
680,398.0,39.99,39.99,,50000000.0,4.0,309.0,309.0,4.0,11.0,7.0,9.0,18.0,55.0
681,221.0,198.0,198.0,249.99,,4.3,2032.0,2032.0,4.3,9.0,4.0,6.0,11.0,70.0
682,23.0,,,,,,,,,,,,,
683,,33.29,33.29,,,4.4,135.0,135.0,4.4,4.0,2.0,13.0,9.0,72.0
684,217.0,64.99,64.99,,,4.0,63.0,63.0,4.0,17.0,2.0,8.0,12.0,61.0
685,967.0,27.99,27.99,38.99,,4.1,319.0,319.0,4.1,13.0,4.0,4.0,13.0,66.0
686,445.0,24.99,24.99,29.99,400000000.0,4.6,2334.0,2334.0,4.6,2.0,2.0,5.0,12.0,79.0
687,1564.0,48.77,48.77,69.88,100000000.0,4.0,,,4.0,13.0,5.0,9.0,15.0,58.0
688,540.0,21.99,21.99,,400000000.0,4.4,2242.0,2242.0,4.4,4.0,3.0,8.0,15.0,70.0
690,371.0,,,,,,,,,,,,,
691,2339.0,22.99,22.99,,50000000.0,4.3,767.0,767.0,4.3,7.0,2.0,9.0,15.0,67.0
692,547.0,19.99,19.99,,,4.1,163.0,163.0,4.1,7.0,5.0,10.0,19.0,59.0
693,,19.98,19.98,19.98,50000000.0,3.8,1590.0,1590.0,3.8,14.0,8.0,12.0,13.0,53.0
694,278.0,94.99,94.99,,,4.6,,,4.6,4.0,2.0,4.0,12.0,78.0
695,736.0,25.99,25.99,38.99,100000000.0,5.0,146.0,146.0,5.0,0.0,0.0,1.0,2.0,97.0
696,752.0,26.99,26.99,,400000000.0,3.8,258.0,258.0,3.8,14.0,6.0,12.0,14.0,54.0
697,809.0,9.99,9.99,,,4.2,24.0,24.0,4.2,7.0,7.0,7.0,14.0,65.0
698,1762.0,72.97,72.97,,,4.5,,,4.5,3.0,2.0,7.0,16.0,72.0
699,1081.0,9.99,9.99,,200000000.0,4.0,1450.0,1450.0,4.0,12.0,5.0,11.0,14.0,58.0
700,709.0,29.99,29.99,,200000000.0,4.4,13.0,13.0,4.4,12.0,0.0,0.0,9.0,79.0
701,952.0,,,,,,,,,,,,,
702,1084.0,,,,,,68.0,68.0,,,10.0,,10.0,35.0
703,37.0,16.99,16.99,28.99,3000000.0,4.2,,,4.2,7.0,6.0,10.0,17.0,60.0
704,,24.86,24.86,,,4.3,903.0,,,,,,,
705,287.0,159.99,159.99,169.99,,4.3,,,4.3,9.0,4.0,5.0,12.0,70.0
706,44.0,59.99,59.99,,200000000.0,3.7,742.0,742.0,3.7,21.0,8.0,6.0,11.0,54.0
707,,20.79,20.79,25.99,100000000.0,4.2,2059.0,2059.0,4.2,8.0,5.0,9.0,15.0,63.0
708,,56.4,56.4,129.99,,4.5,,,4.5,4.0,3.0,4.0,13.0,76.0
709,2441.0,11.99,11.99,,50000000.0,4.3,242.0,242.0,4.3,9.0,2.0,6.0,15.0,68.0
710,778.0,99.95,99.95,,200000000.0,4.1,,,4.1,11.0,6.0,7.0,13.0,63.0
711,28.0,35.99,35.99,,300000000.0,4.0,719.0,719.0,4.0,11.0,4.0,10.0,18.0,57.0
712,2387.0,,,,,4.4,1982.0,1982.0,4.4,5.0,3.0,7.0,17.0,68.0
713,316.0,127.0,127.0,159.99,400000000.0,4.2,284.0,284.0,4.2,10.0,4.0,7.0,11.0,68.0
714,68.0,,,,100000000.0,,,,,,,,,
715,1365.0,135.8,135.8,,,4.7,,,,3.0,1.0,4.0,9.0,83.0
716,95.0,168.9,168.9,168.9,,4.2,,,4.2,10.0,5.0,6.0,13.0,66.0
717,1217.0,,,,100000000.0,,,,,,,,,
718,16.0,58.0,58.0,79.95,,4.2,,,4.2,10.0,4.0,7.0,12.0,67.0
719,78.0,23.99,23.99,32.99,100000000.0,4.5,358.0,358.0,4.5,8.0,1.0,3.0,9.0,79.0
720,451.0,119.99,119.99,156.99,400000000.0,4.4,,,4.4,6.0,3.0,5.0,15.0,71.0
721,1515.0,25.99,25.99,49.99,,4.5,693.0,693.0,4.5,4.0,4.0,5.0,12.0,75.0
722,2232.0,11.51,11.51,,,3.4,17.0,17.0,3.4,,0.0,,16.0,38.0
723,2285.0,7.9,7.9,,,3.5,8.0,8.0,3.5,,0.0,0.0,0.0,62.0
724,76.0,26.99,26.99,,100000000.0,4.3,438.0,,,,,,,
725,1626.0,19.99,19.99,24.99,100000000.0,4.4,,,4.4,5.0,4.0,7.0,16.0,68.0
726,91.0,179.0,179.0,179.0,4000000.0,4.0,,,4.0,13.0,7.0,8.0,11.0,61.0
727,311.0,26.99,26.99,49.99,100000000.0,4.1,306.0,306.0,4.1,9.0,7.0,7.0,13.0,64.0
728,2107.0,39.99,39.99,,,4.3,189.0,189.0,4.3,3.0,6.0,10.0,17.0,64.0
729,998.0,54.0,54.0,59.0,,4.4,470.0,470.0,4.4,4.0,2.0,10.0,17.0,67.0
730,1994.0,,,,,4.5,1022.0,1022.0,4.5,5.0,1.0,7.0,11.0,76.0
731,27.0,69.99,69.99,89.99,2000000.0,4.2,,,4.2,8.0,4.0,7.0,15.0,66.0
732,,6.99,6.99,,100000000.0,4.0,991.0,991.0,4.0,12.0,5.0,10.0,14.0,59.0
733,,19.99,19.99,22.79,,4.2,140.0,140.0,4.2,8.0,4.0,9.0,16.0,63.0
734,285.0,21.99,21.99,35.99,1000000.0,4.4,,,,,,,,
735,1969.0,,,,50000000.0,,,,,,,,,
736,376.0,38.99,38.99,,1000000.0,4.2,2125.0,,,,,,,
738,40.0,79.99,79.99,99.99,1000000.0,4.0,119.0,119.0,4.0,13.0,7.0,5.0,17.0,58.0
739,385.0,16.99,16.99,18.99,50000000.0,4.3,100.0,100.0,4.3,7.0,4.0,7.0,18.0,64.0
740,67.0,,,,,4.0,,,4.0,12.0,7.0,9.0,13.0,59.0
741,8.0,,,,1000000.0,,,,,,,,,
742,1127.0,49.99,49.99,79.99,100000000.0,4.6,64.0,64.0,4.6,3.0,6.0,4.0,2.0,85.0
743,999.0,23.99,23.99,,100000000.0,4.2,,,4.2,9.0,4.0,9.0,14.0,64.0
744,87.0,44.99,44.99,44.99,200000000.0,4.6,1370.0,,,3.0,2.0,4.0,11.0,80.0
745,,29.99,29.99,,,4.6,282.0,,,,,,,
746,,8.98,8.98,,,4.8,10.0,10.0,4.8,0.0,0.0,0.0,14.0,86.0
747,1674.0,,,,,4.4,1491.0,1491.0,4.4,5.0,3.0,8.0,12.0,72.0
748,18.0,,,,,4.4,1991.0,1991.0,4.4,8.0,3.0,6.0,9.0,74.0
749,43.0,78.9,78.9,87.83,,4.4,150.0,,,,,,,
750,24.0,39.99,39.99,,1000000.0,4.6,569.0,569.0,4.6,2.0,2.0,4.0,15.0,77.0
751,358.0,9.99,9.99,,100000000.0,3.7,89.0,89.0,3.7,16.0,4.0,14.0,20.0,46.0
752,312.0,149.99,149.99,,1000000.0,4.4,1824.0,1824.0,4.4,5.0,4.0,8.0,15.0,68.0
753,54.0,119.99,119.99,,,4.2,1474.0,1474.0,4.2,9.0,4.0,8.0,14.0,65.0
754,1092.0,7.9,7.9,,100000000.0,,8.0,8.0,,16.0,,0.0,25.0,32.0
755,60.0,38.49,38.49,38.49,100000000.0,4.5,97.0,97.0,4.5,7.0,3.0,3.0,9.0,78.0
756,2124.0,19.99,19.99,,50000000.0,3.9,127.0,127.0,3.9,14.0,4.0,15.0,14.0,53.0
757,1155.0,37.99,37.99,39.99,50000000.0,3.9,1229.0,1229.0,3.9,11.0,8.0,10.0,18.0,53.0
758,1906.0,7.9,7.9,,,3.4,31.0,31.0,3.4,14.0,,14.0,13.0,39.0
759,95.0,48.99,48.99,188.99,3000000.0,4.8,160.0,160.0,4.8,1.0,1.0,3.0,3.0,92.0
760,959.0,8.99,8.99,9.99,400000000.0,4.3,60.0,60.0,4.3,7.0,0.0,9.0,17.0,67.0
761,15.0,,,,,4.2,248.0,248.0,4.2,14.0,2.0,4.0,6.0,74.0
762,88.0,29.0,29.0,49.0,4000000.0,4.4,1047.0,1047.0,4.4,5.0,3.0,5.0,17.0,70.0
763,582.0,38.78,38.78,,,4.4,882.0,882.0,4.4,7.0,3.0,5.0,10.0,75.0
764,12.0,89.99,89.99,115.62,2000000.0,4.6,129.0,129.0,4.6,7.0,0.0,3.0,6.0,84.0
765,138.0,,,,,,,,,,,,,
766,489.0,,,,50000000.0,,,,,,,,,
767,,55.84,55.84,,,4.0,47.0,47.0,4.0,9.0,6.0,9.0,22.0,54.0
768,114.0,,,,,,,,,,,,,
769,49.0,24.29,24.29,26.99,200000000.0,4.1,,,4.1,9.0,5.0,10.0,15.0,61.0
770,959.0,15.99,15.99,,100000000.0,4.3,2812.0,2812.0,4.3,7.0,4.0,6.0,12.0,71.0
771,1788.0,14.99,14.99,,,3.8,37.0,37.0,3.8,7.0,,12.0,18.0,48.0
772,,159.99,159.99,,,4.2,679.0,679.0,4.2,13.0,3.0,3.0,9.0,72.0
773,2150.0,,,,50000000.0,,,,,,,,,
774,1288.0,,,,50000000.0,,,,,,,,,
775,2179.0,,,,100000000.0,,,,,,,,,
776,,,,,,4.2,91.0,91.0,4.2,7.0,5.0,10.0,13.0,65.0
777,18.0,59.96,59.96,89.99,1000000.0,4.5,916.0,916.0,4.5,8.0,1.0,5.0,6.0,80.0
778,568.0,,,,,4.4,707.0,707.0,4.4,7.0,2.0,5.0,10.0,76.0
779,21.0,199.95,199.95,,2000000.0,4.5,579.0,579.0,4.5,4.0,2.0,7.0,13.0,74.0
780,470.0,87.99,87.99,,200000000.0,4.2,552.0,552.0,4.2,8.0,4.0,7.0,19.0,62.0
781,1494.0,29.99,29.99,,,4.5,,,4.5,4.0,3.0,6.0,11.0,76.0
782,1588.0,,,,100000000.0,,,,,,,,,
783,342.0,29.0,29.0,30.99,,4.4,310.0,310.0,4.4,3.0,4.0,10.0,11.0,72.0
784,69.0,52.99,52.99,55.99,50000000.0,4.2,992.0,992.0,4.2,8.0,4.0,8.0,14.0,66.0
785,596.0,,,,,4.4,,,4.4,6.0,3.0,7.0,15.0,69.0
786,1845.0,25.99,25.99,30.99,50000000.0,4.2,171.0,171.0,4.2,8.0,2.0,10.0,16.0,64.0
787,122.0,59.99,59.99,99.99,,4.4,279.0,279.0,4.4,4.0,2.0,9.0,13.0,72.0
788,156.0,22.48,22.48,29.89,,4.6,,,4.6,2.0,1.0,6.0,12.0,79.0
789,979.0,24.99,24.99,,,4.7,37.0,37.0,4.7,4.0,0.0,0.0,9.0,87.0
790,501.0,174.95,174.95,174.95,100000000.0,4.4,,,4.4,5.0,3.0,6.0,13.0,73.0
791,443.0,9.99,9.99,10.6,100000000.0,4.3,227.0,227.0,4.3,7.0,6.0,5.0,8.0,74.0
792,2068.0,13.97,13.97,,50000000.0,4.2,77.0,77.0,4.2,6.0,7.0,12.0,11.0,64.0
793,791.0,15.99,15.99,,50000000.0,4.2,,,4.2,6.0,4.0,12.0,17.0,61.0
794,,19.99,19.99,23.99,,3.8,66.0,,,,,,,
795,,9.99,9.99,19.99,,4.0,13.0,13.0,4.0,9.0,,0.0,11.0,64.0
796,13.0,26.99,26.99,29.99,,4.2,727.0,727.0,4.2,11.0,4.0,8.0,9.0,68.0
797,2146.0,29.99,29.99,,100000000.0,3.8,,,3.8,15.0,6.0,10.0,16.0,53.0
798,72.0,13.99,13.99,24.98,1000000.0,4.2,522.0,522.0,4.2,11.0,5.0,5.0,8.0,71.0
799,1261.0,,,,200000000.0,,,,,,,,,
800,106.0,,,,,3.8,285.0,285.0,3.8,15.0,7.0,11.0,10.0,57.0
801,1106.0,59.99,59.99,,200000000.0,3.9,437.0,437.0,3.9,13.0,8.0,9.0,12.0,58.0
802,,8.5,8.5,,,,22.0,22.0,,,10.0,15.0,10.0,41.0
803,103.0,25.99,25.99,,50000000.0,3.8,1904.0,1904.0,3.8,11.0,,12.0,20.0,46.0
804,508.0,149.99,149.99,,,4.0,839.0,839.0,4.0,11.0,8.0,8.0,9.0,64.0
805,255.0,89.99,89.99,49.99,,4.1,146.0,146.0,4.1,13.0,3.0,8.0,9.0,67.0
806,1323.0,31.99,31.99,38.99,50000000.0,3.9,2394.0,2394.0,3.9,11.0,7.0,11.0,16.0,55.0
807,,18.42,18.42,19.39,,4.2,75.0,75.0,4.2,13.0,5.0,4.0,6.0,72.0
808,1232.0,,,,,4.2,1170.0,1170.0,4.2,10.0,4.0,7.0,12.0,67.0
809,1040.0,22.98,22.98,33.0,200000000.0,3.9,,,3.9,13.0,6.0,14.0,14.0,53.0
810,1388.0,33.66,33.66,39.99,50000000.0,4.3,470.0,470.0,4.3,8.0,3.0,6.0,14.0,69.0
811,150.0,129.99,129.99,124.99,50000000.0,4.6,99.0,99.0,4.6,2.0,3.0,8.0,7.0,80.0
812,1747.0,39.99,39.99,,100000000.0,4.3,,,,,,,,
813,48.0,,,,300000000.0,,,,,,,,,
814,525.0,18.99,18.99,25.99,,3.8,218.0,218.0,3.8,12.0,9.0,13.0,10.0,56.0
815,731.0,26.99,26.99,,50000000.0,4.6,,,4.6,4.0,1.0,5.0,12.0,78.0
816,1572.0,7.9,7.9,,,3.6,26.0,26.0,3.6,18.0,8.0,9.0,19.0,46.0
817,1764.0,,,,,,,,,0.0,0.0,0.0,0.0,
818,383.0,149.99,149.99,,50000000.0,,17.0,17.0,,,,8.0,8.0,44.0
819,4.0,99.98,99.98,129.99,1000000.0,4.4,1752.0,,,,,,,
820,83.0,36.99,36.99,39.99,1000000.0,4.5,,,4.5,5.0,3.0,4.0,12.0,76.0
821,33.0,,,,1000000.0,,,,,,,,,
822,2.0,,,,5000000.0,,,,,,,,,
823,693.0,18.99,18.99,,,4.2,43.0,,,,,,,
824,376.0,9.99,9.99,,100000000.0,3.8,157.0,157.0,3.8,17.0,5.0,11.0,15.0,52.0
825,1807.0,,,,,,,,,,,,,
826,386.0,,,,,4.6,57.0,57.0,4.6,0.0,3.0,4.0,17.0,76.0
827,322.0,31.99,31.99,39.99,50000000.0,4.2,2134.0,2134.0,4.2,8.0,5.0,9.0,14.0,64.0
828,756.0,,,,300000000.0,,,,,,,,,
829,2063.0,26.99,26.99,30.99,,4.1,378.0,378.0,4.1,10.0,7.0,9.0,13.0,61.0
830,1119.0,26.99,26.99,39.99,,4.6,222.0,222.0,4.6,4.0,3.0,2.0,6.0,85.0
831,1286.0,29.99,29.99,49.99,200000000.0,4.2,240.0,240.0,4.2,11.0,4.0,6.0,12.0,67.0
832,130.0,,,,,4.6,280.0,280.0,4.6,2.0,1.0,5.0,12.0,80.0
833,352.0,,,,300000000.0,4.1,,,4.1,11.0,6.0,8.0,14.0,61.0
834,235.0,,,,200000000.0,,,,,,,,,
835,87.0,159.95,159.95,179.95,300000000.0,4.2,,,4.2,8.0,6.0,7.0,13.0,66.0
836,1887.0,13.9,13.9,,,4.0,155.0,155.0,4.0,11.0,7.0,9.0,12.0,61.0
837,178.0,29.99,29.99,,100000000.0,3.7,274.0,274.0,3.7,18.0,6.0,14.0,13.0,49.0
838,497.0,21.99,21.99,29.99,200000000.0,4.6,,,4.6,3.0,2.0,3.0,11.0,81.0
839,1169.0,39.99,39.99,,300000000.0,4.2,43.0,43.0,4.2,7.0,4.0,11.0,18.0,60.0
840,1852.0,7.9,7.9,,,,21.0,21.0,,,,,11.0,
841,49.0,214.99,214.99,,300000000.0,4.3,1037.0,1037.0,4.3,8.0,3.0,6.0,12.0,71.0
842,12.0,19.99,19.99,21.99,100000000.0,4.2,197.0,197.0,4.2,5.0,3.0,11.0,24.0,57.0
843,220.0,9.99,9.99,,200000000.0,4.3,51.0,51.0,4.3,6.0,2.0,11.0,15.0,66.0
844,87.0,23.98,23.98,39.99,2000000.0,4.2,,,4.2,6.0,6.0,8.0,16.0,64.0
845,1021.0,19.99,19.99,24.99,100000000.0,4.4,,,4.4,5.0,3.0,8.0,15.0,69.0
846,545.0,79.95,79.95,104.99,,3.9,375.0,375.0,3.9,13.0,8.0,10.0,12.0,57.0
847,1699.0,,,,50000000.0,,,,,,,,,
848,101.0,37.04,37.04,38.99,50000000.0,4.3,711.0,711.0,4.3,7.0,3.0,9.0,15.0,66.0
849,617.0,16.99,16.99,,,4.1,25.0,25.0,4.1,6.0,,8.0,18.0,57.0
850,28.0,39.99,39.99,,1000000.0,4.3,594.0,594.0,4.3,7.0,5.0,7.0,14.0,67.0
851,952.0,24.5,24.5,,100000000.0,3.6,70.0,70.0,3.6,20.0,8.0,9.0,11.0,52.0
852,,219.99,219.99,219.99,,4.7,,,4.7,3.0,1.0,3.0,9.0,84.0
853,1964.0,26.99,26.99,29.99,50000000.0,,3.0,3.0,,,,0.0,0.0,32.0
854,5.0,,,,,4.6,717.0,717.0,4.6,4.0,2.0,4.0,5.0,85.0
855,266.0,123.52,123.52,123.52,1000000.0,4.4,416.0,416.0,4.4,8.0,2.0,6.0,11.0,73.0
856,76.0,151.89,151.89,,3000000.0,4.2,,,,12.0,3.0,6.0,12.0,67.0
857,65.0,29.99,29.99,29.99,200000000.0,3.8,716.0,716.0,3.8,13.0,8.0,13.0,14.0,52.0
858,1429.0,19.99,19.99,,,4.5,306.0,306.0,4.5,5.0,3.0,4.0,12.0,76.0
859,9.0,8.99,8.99,12.99,2000000.0,4.5,618.0,618.0,4.5,5.0,1.0,7.0,13.0,74.0
860,1794.0,50.32,50.32,,,4.3,131.0,131.0,4.3,6.0,3.0,9.0,13.0,69.0
861,,64.95,64.95,,,4.0,,,4.0,11.0,6.0,10.0,16.0,57.0
862,943.0,16.99,16.99,21.99,50000000.0,3.9,180.0,180.0,3.9,14.0,4.0,10.0,15.0,57.0
863,1.0,24.29,24.29,26.99,5000000.0,4.4,1685.0,1685.0,4.4,10.0,2.0,5.0,5.0,78.0
864,49.0,7.32,7.32,8.5,300000000.0,3.7,887.0,887.0,3.7,18.0,7.0,10.0,11.0,54.0
865,1076.0,,,,100000000.0,4.6,392.0,392.0,4.6,4.0,3.0,4.0,9.0,80.0
866,2101.0,34.99,34.99,49.99,,4.2,2683.0,2683.0,4.2,7.0,4.0,8.0,15.0,66.0
867,116.0,144.91,144.91,149.0,50000000.0,4.0,246.0,246.0,4.0,14.0,7.0,6.0,12.0,61.0
868,706.0,,,,,3.8,,,3.8,14.0,10.0,11.0,13.0,52.0
869,1.0,26.99,26.99,49.99,6000000.0,4.3,,,4.3,9.0,4.0,5.0,11.0,71.0
870,41.0,139.99,139.99,174.0,300000000.0,4.4,59.0,59.0,4.4,9.0,2.0,3.0,10.0,76.0
871,102.0,111.63,111.63,,100000000.0,3.7,494.0,494.0,3.7,20.0,9.0,7.0,9.0,55.0
872,90.0,26.99,26.99,,100000000.0,4.1,863.0,863.0,4.1,8.0,5.0,10.0,17.0,60.0
873,,23.49,23.49,,,4.1,19.0,19.0,4.1,11.0,0.0,10.0,,53.0
874,44.0,,,,,4.6,91.0,91.0,4.6,2.0,3.0,7.0,4.0,84.0
875,356.0,48.99,48.99,61.99,200000000.0,4.3,230.0,230.0,4.3,4.0,3.0,13.0,12.0,68.0
876,,,,,,3.8,1251.0,,,,,,,
877,1136.0,24.99,24.99,,50000000.0,4.8,50.0,50.0,4.8,0.0,0.0,2.0,11.0,87.0
878,,16.5,16.5,,,3.7,466.0,466.0,3.7,16.0,8.0,11.0,15.0,50.0
879,184.0,119.99,119.99,,400000000.0,4.4,197.0,197.0,4.4,7.0,3.0,6.0,13.0,71.0
880,64.0,,,,,4.6,243.0,243.0,4.6,4.0,0.0,5.0,14.0,77.0
881,306.0,15.58,15.58,16.81,50000000.0,4.0,290.0,290.0,4.0,11.0,6.0,7.0,19.0,57.0
882,22.0,37.06,37.06,44.34,2000000.0,4.3,2437.0,2437.0,4.3,10.0,4.0,5.0,10.0,71.0
883,103.0,13.99,13.99,,3000000.0,4.3,,,4.3,5.0,4.0,9.0,17.0,65.0
884,,22.39,22.39,,,3.6,149.0,149.0,3.6,20.0,7.0,8.0,18.0,47.0
885,1125.0,,,,,4.2,127.0,127.0,4.2,10.0,1.0,9.0,14.0,66.0
886,501.0,13.49,13.49,15.99,200000000.0,4.5,314.0,314.0,4.5,3.0,3.0,6.0,12.0,76.0
887,,7.59,7.59,,50000000.0,,27.0,27.0,,20.0,,7.0,6.0,31.0
888,81.0,,,,,,,,,,,,,
889,638.0,29.99,29.99,,50000000.0,4.6,46.0,46.0,4.6,0.0,0.0,7.0,23.0,70.0
890,741.0,25.49,25.49,29.99,200000000.0,4.3,316.0,,,3.0,6.0,14.0,8.0,69.0
891,,39.99,39.99,,,4.2,973.0,973.0,4.2,7.0,5.0,8.0,14.0,66.0
892,927.0,,,,50000000.0,,,,,,,,,
893,1174.0,29.99,29.99,39.99,200000000.0,4.3,2713.0,2713.0,4.3,5.0,4.0,8.0,18.0,65.0
894,,19.99,19.99,,,4.1,183.0,183.0,4.1,10.0,6.0,13.0,8.0,63.0
895,1267.0,23.99,23.99,29.99,100000000.0,3.7,644.0,644.0,3.7,15.0,10.0,9.0,18.0,48.0
896,21.0,,,,,,22.0,22.0,,,,10.0,6.0,
897,600.0,,,,50000000.0,,,,,,,,,
898,1552.0,24.99,24.99,,50000000.0,4.5,100.0,100.0,4.5,4.0,4.0,4.0,14.0,74.0
899,433.0,44.95,44.95,44.95,300000000.0,4.5,124.0,124.0,4.5,4.0,3.0,6.0,10.0,77.0
900,765.0,9.99,9.99,,50000000.0,4.3,136.0,136.0,4.3,8.0,4.0,4.0,13.0,71.0
901,1646.0,44.31,44.31,79.99,50000000.0,3.7,153.0,,,15.0,4.0,,18.0,43.0
902,413.0,49.99,49.99,,,3.9,183.0,183.0,3.9,12.0,7.0,15.0,11.0,55.0
903,2359.0,19.99,19.99,34.99,,4.6,7.0,,,,,,,
904,4.0,,,,1000000.0,,,,,,,,,
905,121.0,27.35,27.35,28.79,200000000.0,4.4,1765.0,1765.0,4.4,4.0,5.0,8.0,12.0,71.0
906,215.0,,,,,,,,,,,,,
907,1322.0,129.95,129.95,216.0,,4.1,,,4.1,9.0,4.0,11.0,16.0,60.0
908,1005.0,,,,100000000.0,4.1,145.0,145.0,4.1,8.0,7.0,11.0,9.0,65.0
909,604.0,17.99,17.99,19.99,200000000.0,4.4,305.0,305.0,4.4,6.0,3.0,4.0,12.0,75.0
910,,,,,,4.2,,,4.2,9.0,5.0,7.0,12.0,67.0
911,433.0,,,,,4.4,5.0,5.0,4.4,0.0,0.0,,0.0,70.0
912,1438.0,19.99,19.99,,50000000.0,4.4,62.0,,,,,,,
913,2344.0,66.99,66.99,,,3.9,81.0,81.0,3.9,14.0,2.0,13.0,19.0,52.0
914,1315.0,79.96,79.96,,,4.6,6.0,6.0,4.6,0.0,0.0,0.0,,64.0
915,,32.99,32.99,,,4.0,11.0,11.0,4.0,0.0,,17.0,24.0,45.0
916,270.0,16.99,16.99,19.99,300000000.0,4.3,439.0,439.0,4.3,7.0,3.0,9.0,13.0,68.0
917,37.0,144.89,144.89,,,4.7,,,,3.0,1.0,2.0,8.0,86.0
918,1243.0,68.0,68.0,,,4.6,182.0,182.0,4.6,2.0,2.0,7.0,13.0,76.0
919,1775.0,,,,50000000.0,,,,,,,,,
920,15.0,114.99,114.99,164.95,400000000.0,4.2,,,4.2,12.0,4.0,5.0,10.0,69.0
921,571.0,,,,100000000.0,,,,,,,,,
922,,12.95,12.95,,,3.6,56.0,56.0,3.6,11.0,,12.0,9.0,48.0
923,85.0,29.99,29.99,,1000000.0,4.7,947.0,947.0,4.7,2.0,1.0,4.0,10.0,83.0
924,,19.99,19.99,19.99,,4.4,,,4.4,5.0,3.0,6.0,15.0,71.0
925,124.0,16.98,16.98,19.98,300000000.0,4.2,150.0,150.0,4.2,9.0,8.0,6.0,10.0,67.0
926,644.0,24.97,24.97,,,4.0,1143.0,1143.0,4.0,11.0,6.0,8.0,18.0,57.0
927,753.0,17.89,17.89,29.83,400000000.0,4.5,173.0,173.0,4.5,8.0,2.0,2.0,6.0,82.0
928,319.0,39.88,39.88,59.99,,4.4,427.0,427.0,4.4,6.0,2.0,6.0,13.0,73.0
929,139.0,84.95,84.95,,100000000.0,3.7,364.0,364.0,3.7,14.0,,10.0,13.0,50.0
930,852.0,69.99,69.99,69.99,300000000.0,4.2,351.0,,,,,,,
931,209.0,9.99,9.99,,100000000.0,,12.0,12.0,,10.0,,,0.0,40.0
932,2291.0,79.99,79.99,89.99,50000000.0,4.3,80.0,80.0,4.3,8.0,6.0,3.0,14.0,69.0
933,367.0,,,,,4.3,26.0,26.0,4.3,5.0,5.0,9.0,13.0,68.0
934,2498.0,19.99,19.99,,,4.6,457.0,457.0,4.6,4.0,3.0,4.0,10.0,79.0
935,1045.0,16.0,16.0,17.98,100000000.0,4.1,464.0,,,,,,,
936,322.0,79.98,79.98,99.99,,4.6,,,4.6,2.0,2.0,5.0,14.0,77.0
937,230.0,,,,,4.1,109.0,109.0,4.1,9.0,7.0,10.0,11.0,63.0
938,105.0,,,,,,,,,,,,,
939,37.0,66.99,66.99,99.99,300000000.0,4.3,2125.0,2125.0,4.3,7.0,3.0,6.0,14.0,70.0
940,43.0,134.91,134.91,141.65,200000000.0,4.1,823.0,823.0,4.1,15.0,4.0,4.0,12.0,65.0
941,24.0,23.82,23.82,31.09,200000000.0,4.2,408.0,408.0,4.2,6.0,3.0,11.0,20.0,60.0
942,1407.0,,,,200000000.0,,,,,,,,,
943,1316.0,,,,200000000.0,,,,,,,,,
944,80.0,24.69,24.69,25.99,,4.3,300.0,300.0,4.3,8.0,3.0,8.0,13.0,68.0
945,1316.0,19.99,19.99,,50000000.0,4.3,,,4.3,7.0,3.0,8.0,15.0,67.0
946,,36.98,36.98,,,4.3,,,4.3,6.0,4.0,9.0,17.0,64.0
947,207.0,23.99,23.99,,,4.2,62.0,62.0,4.2,5.0,5.0,11.0,18.0,61.0
948,84.0,29.99,29.99,,100000000.0,4.2,,,4.2,8.0,5.0,10.0,16.0,61.0
949,226.0,39.99,39.99,,1000000.0,4.2,505.0,505.0,4.2,10.0,6.0,7.0,10.0,67.0
950,538.0,,,,,4.4,269.0,269.0,4.4,6.0,2.0,5.0,21.0,66.0
951,716.0,,,,,4.4,588.0,588.0,4.4,7.0,3.0,5.0,13.0,72.0
952,,8.99,8.99,9.99,,3.5,30.0,30.0,3.5,12.0,5.0,,,
953,2058.0,64.63,64.63,99.99,100000000.0,4.2,,,4.2,10.0,3.0,7.0,15.0,65.0
954,860.0,,,,,4.2,141.0,141.0,4.2,7.0,1.0,13.0,16.0,63.0
955,66.0,34.99,34.99,69.99,200000000.0,4.6,946.0,946.0,4.6,4.0,0.0,4.0,15.0,77.0
956,1787.0,21.97,21.97,,100000000.0,4.0,2619.0,2619.0,4.0,12.0,6.0,10.0,16.0,56.0
957,128.0,,,,1000000.0,,,,,,,,,
958,,,,,,4.0,146.0,146.0,4.0,12.0,5.0,10.0,14.0,59.0
959,,,,,,4.2,102.0,102.0,4.2,9.0,6.0,6.0,16.0,63.0
960,198.0,,,,,4.2,,,4.2,10.0,6.0,6.0,9.0,69.0
961,107.0,,,,,3.8,320.0,320.0,3.8,16.0,5.0,11.0,15.0,53.0
962,14.0,,,,4000000.0,4.5,,,,5.0,3.0,4.0,9.0,79.0
963,867.0,,,,300000000.0,,,,,,,,,
964,44.0,,,,3000000.0,,,,,,,,,
965,1.0,11.99,11.99,,9000000.0,4.6,,,4.6,3.0,1.0,5.0,13.0,78.0
966,1492.0,39.99,39.99,,100000000.0,4.2,33.0,33.0,4.2,10.0,0.0,9.0,19.0,62.0
967,32.0,,,,4000000.0,4.6,2276.0,,,5.0,1.0,3.0,7.0,84.0
968,141.0,39.9,39.9,59.9,1000000.0,4.0,739.0,739.0,4.0,11.0,7.0,10.0,12.0,60.0
969,371.0,,,,200000000.0,,,,,,,,,
970,17.0,29.99,29.99,49.99,10000000.0,4.4,,,4.4,5.0,4.0,6.0,15.0,70.0
971,16.0,69.99,69.99,69.99,4000000.0,4.5,,,4.5,4.0,2.0,6.0,14.0,74.0
972,5.0,13.99,13.99,19.99,2000000.0,4.6,1555.0,1555.0,4.6,3.0,2.0,5.0,11.0,79.0
973,717.0,49.99,49.99,,100000000.0,4.4,2103.0,2103.0,4.4,5.0,2.0,6.0,13.0,74.0
974,5.0,168.99,168.99,179.0,10000000.0,4.5,,,,6.0,2.0,4.0,10.0,78.0
975,7.0,20.99,20.99,,3000000.0,4.1,1893.0,1893.0,4.1,14.0,5.0,6.0,9.0,66.0
976,156.0,95.99,95.99,119.95,200000000.0,4.1,451.0,451.0,4.1,10.0,6.0,9.0,15.0,60.0
977,7.0,149.99,149.99,199.95,8000000.0,4.6,,,,4.0,2.0,3.0,9.0,82.0
978,61.0,42.99,42.99,,400000000.0,4.7,24.0,,,,,,,
979,1200.0,19.99,19.99,29.99,100000000.0,4.6,268.0,268.0,4.6,1.0,3.0,3.0,17.0,76.0
980,29.0,84.99,84.99,,300000000.0,4.5,79.0,79.0,4.5,7.0,0.0,4.0,13.0,76.0
981,1488.0,,,,50000000.0,,,,,,,,,
982,404.0,198.0,198.0,223.99,100000000.0,4.6,604.0,604.0,4.6,4.0,2.0,4.0,12.0,78.0
983,505.0,29.98,29.98,,200000000.0,4.5,30.0,30.0,4.5,0.0,8.0,0.0,24.0,68.0
984,1.0,,,,,4.3,,,4.3,6.0,4.0,7.0,16.0,67.0
985,1462.0,13.29,13.29,13.99,100000000.0,3.7,514.0,514.0,3.7,15.0,7.0,14.0,14.0,50.0
986,32.0,127.0,127.0,,,3.7,139.0,139.0,3.7,18.0,7.0,10.0,13.0,52.0
987,178.0,147.74,147.74,239.99,1000000.0,4.6,,,4.6,3.0,1.0,4.0,9.0,83.0
988,113.0,26.99,26.99,,,4.5,241.0,,,6.0,1.0,6.0,10.0,77.0
989,545.0,,,,100000000.0,,,,,,,,,
990,663.0,126.66,126.66,179.99,50000000.0,4.5,,,4.5,4.0,4.0,5.0,13.0,74.0
991,2.0,,,,8000000.0,,,,,,,,,
992,9.0,,,,2000000.0,,,,,,,,,
993,248.0,67.99,67.99,109.95,1000000.0,4.1,,,4.1,9.0,6.0,8.0,14.0,63.0
994,42.0,,,,100000000.0,,,,,,,,,
995,617.0,22.99,22.99,54.99,400000000.0,4.5,,,4.5,4.0,3.0,5.0,17.0,71.0
996,10.0,12.99,12.99,,3000000.0,4.5,1695.0,1695.0,4.5,4.0,2.0,6.0,11.0,77.0
997,833.0,34.0,34.0,34.0,100000000.0,4.2,1023.0,1023.0,4.2,6.0,6.0,8.0,17.0,63.0
998,290.0,,,,2000000.0,,,,,,,,,
999,3.0,29.99,29.99,,1000000.0,4.6,,,4.6,4.0,2.0,5.0,12.0,77.0
1000,73.0,72.99,72.99,,200000000.0,4.6,294.0,294.0,4.6,2.0,1.0,5.0,13.0,79.0
1001,725.0,,,,100000000.0,4.6,311.0,311.0,4.6,2.0,3.0,6.0,13.0,76.0
1002,25.0,19.99,19.99,,,4.6,1328.0,1328.0,4.6,2.0,1.0,5.0,14.0,78.0
1003,50.0,,,,,4.5,362.0,362.0,4.5,6.0,2.0,4.0,10.0,78.0
1004,12.0,9.99,9.99,,3000000.0,4.6,,,4.6,2.0,2.0,4.0,12.0,80.0
1005,1201.0,129.95,129.95,129.95,50000000.0,4.4,877.0,877.0,4.4,4.0,4.0,6.0,14.0,72.0
1006,810.0,59.99,59.99,,200000000.0,4.8,152.0,152.0,4.8,1.0,1.0,4.0,6.0,88.0
1007,98.0,27.99,27.99,,,4.2,,,4.2,6.0,4.0,11.0,18.0,61.0
1008,8.0,19.89,19.89,22.99,3000000.0,4.6,1308.0,1308.0,4.6,3.0,1.0,6.0,14.0,76.0
1009,57.0,26.99,26.99,,,4.6,248.0,248.0,4.6,2.0,2.0,6.0,8.0,82.0
1010,62.0,19.99,19.99,,200000000.0,4.4,1329.0,1329.0,4.4,6.0,3.0,7.0,14.0,70.0
1011,291.0,44.79,44.79,69.99,,4.4,328.0,328.0,4.4,6.0,4.0,3.0,13.0,74.0
1012,239.0,25.99,25.99,,,4.3,147.0,147.0,4.3,7.0,2.0,9.0,18.0,64.0
1013,,69.99,69.99,69.99,,4.3,337.0,337.0,4.3,6.0,4.0,8.0,15.0,67.0
1014,1411.0,49.99,49.99,199.99,100000000.0,4.2,56.0,56.0,4.2,8.0,8.0,6.0,13.0,65.0
1015,4.0,26.99,26.99,31.99,2000000.0,4.2,,,4.2,8.0,5.0,8.0,14.0,65.0
1016,317.0,99.99,99.99,99.99,200000000.0,4.4,279.0,279.0,4.4,4.0,2.0,9.0,13.0,72.0
1017,121.0,139.81,139.81,,100000000.0,4.0,156.0,156.0,4.0,13.0,9.0,3.0,14.0,61.0
1018,109.0,,,,,4.1,2495.0,,,10.0,4.0,9.0,13.0,64.0
1019,18.0,,,,1000000.0,,,,,,,,,
1020,40.0,94.46,94.46,,3000000.0,4.7,,,4.7,2.0,1.0,4.0,11.0,82.0
1021,1206.0,,,,,4.4,662.0,662.0,4.4,4.0,2.0,8.0,19.0,67.0
1022,136.0,21.61,21.61,29.99,1000000.0,4.4,1533.0,1533.0,4.4,5.0,2.0,6.0,18.0,69.0
1023,950.0,,,,100000000.0,4.6,2224.0,2224.0,4.6,3.0,2.0,5.0,11.0,79.0
1024,4.0,,,,2000000.0,,,,,,,,,
1025,14.0,19.31,19.31,22.99,400000000.0,4.7,,,4.7,2.0,1.0,4.0,13.0,80.0
1026,1126.0,34.99,34.99,,100000000.0,4.4,63.0,63.0,4.4,4.0,3.0,7.0,16.0,70.0
1027,79.0,69.99,69.99,85.99,200000000.0,4.0,,,4.0,13.0,6.0,10.0,11.0,60.0
1028,40.0,24.69,24.69,25.99,100000000.0,4.5,414.0,,,6.0,2.0,6.0,9.0,77.0
1029,705.0,159.99,159.99,,50000000.0,4.6,,,4.6,4.0,2.0,4.0,9.0,81.0
1030,339.0,49.99,49.99,,400000000.0,4.4,1276.0,1276.0,4.4,7.0,2.0,8.0,13.0,70.0
1031,2430.0,34.99,34.99,34.99,,4.0,637.0,637.0,4.0,13.0,7.0,8.0,15.0,57.0
1032,1402.0,,,,,4.3,99.0,99.0,4.3,5.0,2.0,9.0,22.0,62.0
1033,10.0,156.99,156.99,249.99,300000000.0,4.4,1728.0,1728.0,4.4,7.0,2.0,4.0,10.0,77.0
1034,1431.0,,,,50000000.0,,,,,,,,,
1035,70.0,,,,,4.4,2757.0,2757.0,4.4,4.0,4.0,6.0,15.0,71.0
1036,2510.0,11.99,11.99,,50000000.0,4.2,33.0,33.0,4.2,0.0,9.0,9.0,,50.0
1037,1712.0,19.99,19.99,,50000000.0,4.3,166.0,166.0,4.3,6.0,5.0,10.0,12.0,67.0
1038,46.0,16.99,16.99,,,4.6,,,,3.0,1.0,6.0,12.0,78.0
1039,25.0,52.21,52.21,67.12,,4.6,850.0,850.0,4.6,6.0,3.0,2.0,2.0,87.0
1040,45.0,16.99,16.99,,,4.5,154.0,154.0,4.5,1.0,4.0,6.0,17.0,72.0
1041,2334.0,19.99,19.99,,,4.4,,,4.4,5.0,3.0,8.0,16.0,68.0
1042,65.0,69.97,69.97,89.98,300000000.0,4.5,394.0,394.0,4.5,7.0,2.0,3.0,5.0,83.0
1043,34.0,8.99,8.99,9.99,400000000.0,4.5,1250.0,1250.0,4.5,3.0,2.0,7.0,12.0,76.0
1044,31.0,9.99,9.99,,50000000.0,4.5,468.0,,,4.0,2.0,6.0,12.0,76.0
1045,60.0,18.99,18.99,21.99,300000000.0,4.5,2315.0,2315.0,4.5,4.0,2.0,6.0,17.0,71.0
1046,1427.0,,,,,4.3,298.0,298.0,4.3,7.0,2.0,8.0,15.0,68.0
1047,450.0,79.99,79.99,89.95,200000000.0,4.2,,,4.2,7.0,5.0,9.0,16.0,63.0
1048,536.0,,,,100000000.0,,,,,,,,,
1049,108.0,15.19,15.19,18.99,100000000.0,4.5,1682.0,1682.0,4.5,3.0,2.0,8.0,14.0,73.0
1050,60.0,32.99,32.99,34.99,1000000.0,4.4,,,4.4,4.0,2.0,7.0,16.0,71.0
1051,11.0,18.02,18.02,29.99,2000000.0,4.7,,,,1.0,1.0,4.0,13.0,81.0
1052,212.0,44.99,44.99,79.99,1000000.0,4.2,,,4.2,7.0,5.0,8.0,16.0,64.0
1053,843.0,69.95,69.95,99.95,,4.5,,,4.5,3.0,2.0,5.0,16.0,74.0
1054,715.0,,,,100000000.0,,,,,,,,,
1055,144.0,11.29,11.29,,,4.3,,,4.3,5.0,4.0,10.0,17.0,64.0
1056,,170.0,170.0,,,4.5,,,4.5,5.0,3.0,4.0,12.0,76.0
1057,97.0,103.99,103.99,149.99,,4.2,932.0,932.0,4.2,7.0,5.0,7.0,16.0,65.0
1058,2.0,9.88,9.88,12.99,10000000.0,4.5,,,4.5,3.0,2.0,6.0,16.0,73.0
1059,131.0,,,,,4.4,2408.0,,,,,,,
1060,1.0,,,,20000000.0,,,,,,,,,
1061,677.0,84.52,84.52,84.52,300000000.0,4.2,239.0,239.0,4.2,8.0,5.0,6.0,18.0,63.0
1062,30.0,12.99,12.99,,1000000.0,4.6,414.0,414.0,4.6,3.0,1.0,4.0,11.0,81.0
1063,3.0,8.46,8.46,17.99,3000000.0,4.1,,,4.1,9.0,3.0,11.0,15.0,62.0
1064,1343.0,7.9,7.9,,50000000.0,3.6,30.0,30.0,3.6,,7.0,12.0,11.0,48.0
1065,8.0,54.95,54.95,,10000000.0,4.2,,,4.2,7.0,4.0,8.0,14.0,67.0
1066,50.0,,,,5000000.0,,,,,,,,,
1067,63.0,139.99,139.99,169.97,200000000.0,4.6,29.0,29.0,4.6,0.0,5.0,5.0,11.0,79.0
1068,665.0,19.99,19.99,,200000000.0,4.1,,,4.1,8.0,5.0,10.0,17.0,60.0
1069,53.0,9.99,9.99,,300000000.0,4.5,300.0,,,3.0,2.0,7.0,16.0,72.0
1070,23.0,11.99,11.99,19.99,,4.6,1941.0,1941.0,4.6,2.0,3.0,5.0,13.0,77.0
1071,50.0,8.99,8.99,14.99,,4.6,217.0,,,4.0,1.0,5.0,9.0,81.0
1072,67.0,16.98,16.98,,200000000.0,4.0,139.0,139.0,4.0,12.0,8.0,6.0,10.0,64.0
1073,29.0,26.99,26.99,29.99,,4.3,683.0,683.0,4.3,5.0,4.0,12.0,16.0,63.0
1074,27.0,24.29,24.29,,,4.2,107.0,107.0,4.2,12.0,1.0,6.0,17.0,64.0
1075,6.0,9.99,9.99,15.99,1000000.0,4.3,284.0,284.0,4.3,8.0,3.0,9.0,11.0,69.0
1076,,41.99,41.99,,8000000.0,4.8,,,4.8,1.0,0.0,2.0,9.0,88.0
1077,30.0,19.95,19.95,19.95,9000000.0,4.4,,,4.4,4.0,3.0,6.0,15.0,72.0
1078,2061.0,24.99,24.99,,,4.3,373.0,373.0,4.3,7.0,3.0,9.0,11.0,70.0
1079,,29.99,29.99,34.99,,4.0,949.0,949.0,4.0,14.0,5.0,8.0,11.0,62.0
1080,500.0,47.99,47.99,79.99,,4.3,,,4.3,6.0,5.0,7.0,15.0,67.0
1081,,134.6,134.6,,,4.8,53.0,53.0,4.8,0.0,4.0,0.0,9.0,87.0
1082,388.0,44.99,44.99,59.99,400000000.0,4.4,113.0,113.0,4.4,3.0,2.0,10.0,16.0,69.0
1083,65.0,14.99,14.99,19.99,100000000.0,4.6,213.0,,,1.0,3.0,7.0,12.0,77.0
1084,23.0,10.41,10.41,,200000000.0,4.6,176.0,,,3.0,0.0,6.0,12.0,79.0
1085,823.0,47.98,47.98,69.99,200000000.0,4.3,196.0,196.0,4.3,6.0,4.0,6.0,21.0,63.0
1086,1901.0,22.49,22.49,29.99,50000000.0,4.4,768.0,768.0,4.4,6.0,3.0,6.0,17.0,68.0
1087,13.0,9.98,9.98,,300000000.0,4.5,607.0,,,4.0,3.0,6.0,12.0,75.0
1088,76.0,25.99,25.99,39.99,200000000.0,4.7,46.0,46.0,4.7,3.0,0.0,3.0,11.0,83.0
1089,1648.0,,,,,4.3,843.0,843.0,4.3,9.0,2.0,7.0,9.0,73.0
1090,1689.0,219.0,219.0,,,4.5,,,4.5,4.0,2.0,6.0,15.0,73.0
1091,46.0,8.88,8.88,,50000000.0,4.5,,,4.5,3.0,3.0,8.0,15.0,71.0
1092,319.0,,,,,4.3,67.0,67.0,4.3,5.0,5.0,4.0,19.0,67.0
1093,22.0,15.99,15.99,,100000000.0,4.5,,,,4.0,2.0,7.0,13.0,74.0
1094,141.0,41.17,41.17,109.95,50000000.0,4.4,48.0,48.0,4.4,7.0,0.0,8.0,12.0,73.0
1095,991.0,32.99,32.99,46.99,100000000.0,4.6,235.0,235.0,4.6,3.0,3.0,4.0,5.0,85.0
1096,295.0,,,,200000000.0,,,,,,,,,
1097,36.0,,,,,,,,,,,,,
1098,172.0,59.99,59.99,174.95,100000000.0,4.2,269.0,269.0,4.2,6.0,5.0,8.0,16.0,65.0
1099,97.0,23.99,23.99,27.99,200000000.0,4.6,133.0,133.0,4.6,2.0,0.0,4.0,17.0,77.0
1100,363.0,21.99,21.99,,1000000.0,4.5,,,4.5,5.0,3.0,5.0,13.0,74.0
1101,,19.99,19.99,,,,18.0,18.0,,21.0,7.0,,8.0,
1102,645.0,,,,200000000.0,,,,,,,,,
1103,6.0,18.75,18.75,,,4.5,,,4.5,3.0,2.0,7.0,15.0,73.0
1104,24.0,9.98,9.98,13.98,100000000.0,4.5,1136.0,1136.0,4.5,3.0,3.0,5.0,11.0,78.0
1105,71.0,18.99,18.99,,300000000.0,4.5,2052.0,2052.0,4.5,4.0,1.0,6.0,14.0,75.0
1106,1174.0,87.99,87.99,,50000000.0,4.2,552.0,552.0,4.2,8.0,4.0,7.0,19.0,62.0
1107,24.0,,,,2000000.0,,,,,,,,,
1108,1302.0,15.99,15.99,16.99,50000000.0,4.5,33.0,33.0,4.5,0.0,4.0,6.0,,63.0
1109,105.0,97.9,97.9,108.98,100000000.0,4.1,294.0,294.0,4.1,11.0,4.0,10.0,14.0,61.0
1110,104.0,49.99,49.99,,100000000.0,3.8,703.0,703.0,3.8,11.0,10.0,13.0,18.0,48.0
1111,,18.63,18.63,20.12,,4.2,37.0,37.0,4.2,6.0,2.0,17.0,14.0,61.0
1112,1035.0,15.97,15.97,19.95,50000000.0,4.2,,,4.2,7.0,5.0,9.0,18.0,61.0
1113,1124.0,,,,100000000.0,,,,,,,,,
1114,960.0,15.99,15.99,,100000000.0,4.3,783.0,,,7.0,4.0,6.0,18.0,65.0
1115,1282.0,,,,50000000.0,,,,,,,,,
1116,17.0,,,,1000000.0,,,,,,,,,
1117,5.0,29.99,29.99,,,4.7,,,4.7,2.0,1.0,4.0,12.0,81.0
1118,362.0,14.99,14.99,14.99,1000000.0,4.3,,,4.3,6.0,3.0,7.0,16.0,68.0
1119,1.0,29.99,29.99,,5000000.0,4.4,,,4.4,4.0,3.0,7.0,14.0,72.0
1120,326.0,,,,,4.2,875.0,,,,,,,
1121,247.0,,,,,,,,,,,,,
1122,1871.0,,,,50000000.0,,,,,,,,,
1123,3.0,,,,3000000.0,,,,,,,,,
1124,,190.0,190.0,,,4.6,,,4.6,3.0,1.0,4.0,11.0,81.0
1125,338.0,24.98,24.98,31.98,100000000.0,4.6,,,4.6,3.0,2.0,4.0,14.0,77.0
1126,599.0,,,,,4.4,1509.0,1509.0,4.4,3.0,4.0,7.0,19.0,67.0
1127,291.0,76.99,76.99,,50000000.0,4.3,175.0,175.0,4.3,9.0,1.0,10.0,10.0,70.0
1128,680.0,19.99,19.99,39.99,300000000.0,4.5,,,4.5,2.0,3.0,7.0,15.0,73.0
1129,40.0,34.95,34.95,37.99,2000000.0,4.3,,,4.3,7.0,4.0,8.0,14.0,67.0
1130,91.0,169.99,169.99,,200000000.0,4.1,1087.0,1087.0,4.1,12.0,6.0,8.0,9.0,65.0
1131,1555.0,31.99,31.99,,,4.4,29.0,29.0,4.4,4.0,0.0,6.0,25.0,65.0
1132,1094.0,,,,50000000.0,4.5,,,4.5,5.0,2.0,5.0,11.0,77.0
1133,14.0,136.5,136.5,144.0,50000000.0,4.5,,,4.5,6.0,2.0,4.0,9.0,79.0
1134,54.0,10.13,10.13,15.99,300000000.0,4.4,,,,4.0,2.0,8.0,15.0,71.0
1135,2545.0,,,,,4.3,,,4.3,7.0,4.0,8.0,14.0,67.0
1136,,19.99,19.99,,,4.5,43.0,43.0,4.5,3.0,3.0,3.0,23.0,68.0
1137,2.0,19.99,19.99,,100000000.0,4.6,,,4.6,2.0,1.0,6.0,14.0,77.0
1138,1.0,199.0,199.0,249.0,10000000.0,4.6,,,,,,,,
1139,2418.0,,,,,3.8,259.0,259.0,3.8,13.0,8.0,12.0,15.0,52.0
1140,45.0,59.0,59.0,69.0,3000000.0,4.5,,,,,,,,
1141,324.0,94.99,94.99,99.99,1000000.0,4.3,,,4.3,8.0,3.0,5.0,13.0,71.0
1142,1019.0,19.99,19.99,29.99,100000000.0,4.2,109.0,109.0,4.2,7.0,7.0,7.0,12.0,67.0
1143,51.0,9.99,9.99,,100000000.0,4.6,242.0,,,2.0,1.0,5.0,11.0,81.0
1144,603.0,,,,,4.6,1123.0,1123.0,4.6,2.0,2.0,5.0,9.0,82.0
1145,196.0,,,,,,22.0,22.0,,,6.0,10.0,12.0,
1146,1780.0,156.41,156.41,,,4.4,677.0,677.0,4.4,5.0,3.0,5.0,18.0,69.0
1147,1662.0,,,,50000000.0,,,,,,,,,
1148,491.0,129.99,129.99,,300000000.0,4.8,54.0,54.0,4.8,0.0,0.0,7.0,6.0,87.0
1149,1165.0,39.99,39.99,129.99,100000000.0,4.3,3.0,3.0,4.3,16.0,0.0,0.0,0.0,84.0
1150,1891.0,99.99,99.99,,,4.0,376.0,376.0,4.0,10.0,8.0,11.0,17.0,54.0
1151,1657.0,19.99,19.99,29.99,50000000.0,4.5,504.0,504.0,4.5,5.0,1.0,4.0,16.0,74.0
1152,1808.0,39.99,39.99,49.99,,4.6,268.0,268.0,4.6,1.0,3.0,3.0,17.0,76.0
1153,1222.0,26.99,26.99,29.99,100000000.0,4.3,82.0,,,,,,,
1154,39.0,59.99,59.99,,200000000.0,4.3,689.0,689.0,4.3,6.0,4.0,6.0,16.0,68.0
1156,171.0,,,,,,,,,,,,,
1157,82.0,49.99,49.99,,200000000.0,4.1,1050.0,1050.0,4.1,10.0,5.0,9.0,12.0,64.0
1158,194.0,69.99,69.99,99.99,2000000.0,4.2,,,4.2,6.0,5.0,8.0,16.0,65.0
1159,189.0,23.99,23.99,,2000000.0,4.4,2729.0,2729.0,4.4,6.0,3.0,6.0,14.0,71.0
1160,,89.99,89.99,99.95,,4.0,20.0,20.0,4.0,0.0,,11.0,,32.0
1161,,199.0,199.0,,,4.6,,,4.6,4.0,1.0,3.0,8.0,84.0
1162,2228.0,35.99,35.99,49.99,50000000.0,4.5,157.0,157.0,4.5,4.0,2.0,6.0,13.0,75.0
1163,2566.0,89.99,89.99,,,4.5,,,4.5,2.0,3.0,6.0,19.0,70.0
1164,181.0,,,,,4.3,643.0,643.0,4.3,8.0,3.0,8.0,14.0,67.0
1165,,,,,,4.6,,,4.6,3.0,1.0,4.0,10.0,82.0
1166,1225.0,219.99,219.99,,50000000.0,3.9,,,3.9,16.0,7.0,7.0,10.0,60.0
1167,1037.0,45.99,45.99,,,4.4,103.0,103.0,4.4,5.0,4.0,7.0,14.0,70.0
1168,,,,,,4.5,1480.0,,,,,,,
1169,2309.0,82.99,82.99,,,4.3,17.0,17.0,4.3,7.0,0.0,8.0,25.0,60.0
1170,277.0,,,,,4.5,268.0,268.0,4.5,2.0,4.0,7.0,16.0,71.0
1171,451.0,19.6,19.6,24.99,100000000.0,4.4,,,4.4,6.0,3.0,5.0,11.0,75.0
1172,1098.0,,,,,4.3,1923.0,1923.0,4.3,6.0,3.0,10.0,15.0,66.0
1173,80.0,19.99,19.99,,,4.6,63.0,63.0,4.6,1.0,2.0,7.0,12.0,78.0
1174,288.0,16.99,16.99,,,4.6,,,,3.0,1.0,6.0,12.0,78.0
1175,1015.0,,,,100000000.0,4.2,638.0,638.0,4.2,9.0,6.0,6.0,16.0,63.0
1176,569.0,39.99,39.99,49.99,200000000.0,4.6,1323.0,1323.0,4.6,2.0,0.0,6.0,13.0,79.0
1177,,,,,,4.6,,,4.6,2.0,2.0,4.0,14.0,78.0
1178,,178.0,178.0,,,4.7,11.0,11.0,4.7,0.0,0.0,14.0,0.0,86.0
1179,487.0,49.99,49.99,79.99,,4.2,1124.0,1124.0,4.2,9.0,4.0,8.0,13.0,66.0
1180,20.0,24.97,24.97,,,4.5,69.0,,,5.0,0.0,5.0,12.0,78.0
1181,1324.0,49.99,49.99,61.0,,4.1,589.0,589.0,4.1,11.0,6.0,7.0,13.0,63.0
1182,155.0,71.99,71.99,,50000000.0,4.7,9.0,,,8.0,0.0,0.0,0.0,92.0
1183,1557.0,49.99,49.99,199.99,100000000.0,4.2,56.0,56.0,4.2,8.0,8.0,6.0,13.0,65.0
1184,,,,,,4.1,773.0,773.0,4.1,10.0,5.0,10.0,9.0,66.0
1185,107.0,27.95,27.95,,50000000.0,4.3,553.0,553.0,4.3,3.0,3.0,13.0,16.0,65.0
1186,928.0,,,,1000000.0,,,,,,,,,
1187,3.0,34.95,34.95,,1000000.0,4.6,2300.0,2300.0,4.6,2.0,1.0,5.0,10.0,82.0
1188,28.0,139.99,139.99,200.09,,4.5,58.0,58.0,4.5,5.0,3.0,3.0,10.0,79.0
1189,1593.0,48.99,48.99,,50000000.0,4.6,931.0,931.0,4.6,4.0,1.0,5.0,14.0,76.0
1190,9.0,49.99,49.99,56.99,2000000.0,4.5,177.0,177.0,4.5,7.0,2.0,4.0,3.0,84.0
1191,357.0,179.95,179.95,,300000000.0,4.4,2687.0,2687.0,4.4,4.0,2.0,8.0,14.0,72.0
1192,25.0,,,,,,,,,,,,,
1193,,79.95,79.95,,,5.0,9.0,9.0,5.0,0.0,0.0,0.0,0.0,100.0
1194,,,,,,4.2,2965.0,2965.0,4.2,4.0,5.0,11.0,23.0,57.0
1195,27.0,38.99,38.99,49.99,1000000.0,4.2,765.0,765.0,4.2,9.0,4.0,8.0,12.0,67.0
1196,1670.0,29.99,29.99,35.99,50000000.0,4.3,48.0,48.0,4.3,6.0,6.0,7.0,15.0,66.0
1197,142.0,148.99,148.99,,,4.2,61.0,61.0,4.2,11.0,1.0,10.0,6.0,72.0
1198,,69.99,69.99,,,4.5,6.0,6.0,4.5,0.0,0.0,11.0,23.0,66.0
1199,1492.0,99.99,99.99,129.99,50000000.0,4.1,96.0,96.0,4.1,10.0,6.0,7.0,14.0,63.0
1200,,83.14,83.14,,,4.4,,,4.4,5.0,3.0,6.0,16.0,70.0
1201,89.0,12.78,12.78,19.99,3000000.0,4.4,,,4.4,4.0,2.0,7.0,15.0,72.0
1202,117.0,14.99,14.99,,50000000.0,4.3,133.0,,,9.0,2.0,9.0,11.0,69.0
1203,730.0,92.0,92.0,109.0,400000000.0,4.2,,,4.2,7.0,6.0,8.0,14.0,65.0
1204,14.0,74.0,74.0,79.99,,4.4,,,4.4,5.0,3.0,7.0,14.0,71.0
1205,172.0,25.99,25.99,36.99,1000000.0,4.6,,,4.6,3.0,1.0,4.0,13.0,79.0
1206,2580.0,16.99,16.99,,,4.0,24.0,24.0,4.0,10.0,,0.0,14.0,63.0
1207,95.0,49.99,49.99,,100000000.0,4.6,55.0,,,4.0,0.0,0.0,19.0,77.0
1208,33.0,29.99,29.99,,,4.6,,,,2.0,1.0,5.0,11.0,81.0
1209,10.0,9.99,9.99,,1000000.0,4.6,470.0,470.0,4.6,4.0,2.0,5.0,11.0,78.0
1210,,109.95,109.95,109.95,,4.2,169.0,169.0,4.2,7.0,6.0,8.0,17.0,62.0
1211,1416.0,20.99,20.99,,50000000.0,4.4,,,4.4,5.0,3.0,7.0,14.0,71.0
1212,174.0,89.0,89.0,89.0,,4.6,,,4.6,3.0,2.0,5.0,12.0,78.0
1213,403.0,24.99,24.99,,1000000.0,4.4,,,,,,,,
1214,659.0,,,,50000000.0,,,,,,,,,
1215,1742.0,29.97,29.97,,,4.4,48.0,48.0,4.4,7.0,0.0,6.0,18.0,69.0
1216,19.0,76.99,76.99,,1000000.0,4.3,2517.0,2517.0,4.3,7.0,5.0,5.0,11.0,72.0
1217,1475.0,22.99,22.99,,100000000.0,4.3,,,4.3,7.0,3.0,8.0,15.0,67.0
1218,161.0,29.99,29.99,,,3.8,269.0,,,15.0,4.0,13.0,16.0,52.0
1219,186.0,79.0,79.0,,,4.6,,,4.6,2.0,2.0,4.0,15.0,77.0
1220,2115.0,27.99,27.99,,,4.2,33.0,33.0,4.2,4.0,8.0,12.0,12.0,64.0
1221,769.0,37.49,37.49,49.99,100000000.0,4.4,518.0,518.0,4.4,5.0,4.0,7.0,18.0,66.0
1222,,,,,,4.5,61.0,61.0,4.5,5.0,0.0,8.0,8.0,79.0
1223,,19.99,19.99,39.99,50000000.0,4.4,297.0,297.0,4.4,6.0,4.0,4.0,17.0,69.0
1224,507.0,87.95,87.95,,300000000.0,4.6,47.0,47.0,4.6,2.0,5.0,4.0,7.0,82.0
1225,2374.0,,,,50000000.0,4.1,145.0,145.0,4.1,8.0,7.0,11.0,9.0,65.0
1226,56.0,16.99,16.99,,50000000.0,4.4,74.0,,,3.0,2.0,12.0,18.0,65.0
1227,,,,,,4.4,53.0,53.0,4.4,6.0,4.0,7.0,5.0,78.0
1228,,129.99,129.99,129.99,,,45.0,45.0,,,,16.0,6.0,
1229,,,,,,3.9,114.0,114.0,3.9,9.0,,9.0,21.0,50.0
1230,2440.0,,,,,4.2,44.0,44.0,4.2,5.0,8.0,8.0,14.0,65.0
1232,117.0,,,,50000000.0,4.4,26.0,26.0,4.4,5.0,4.0,10.0,6.0,75.0
1233,167.0,,,,,3.9,,,3.9,14.0,7.0,8.0,12.0,59.0
1234,1216.0,,,,50000000.0,4.5,551.0,551.0,4.5,6.0,3.0,3.0,12.0,76.0
1235,1.0,16.98,16.98,29.99,9000000.0,4.3,,,4.3,7.0,4.0,9.0,13.0,67.0
1236,5.0,12.99,12.99,,8000000.0,4.5,1185.0,1185.0,4.5,5.0,2.0,4.0,13.0,76.0
1237,163.0,12.99,12.99,16.99,,4.4,465.0,,,4.0,4.0,9.0,16.0,67.0
1238,469.0,,,,,,,,,,,,,
1239,1609.0,59.99,59.99,59.99,200000000.0,3.9,,,3.9,13.0,7.0,11.0,11.0,58.0
1240,,12.99,12.99,,50000000.0,4.5,853.0,853.0,4.5,4.0,2.0,8.0,11.0,75.0
1241,1049.0,16.99,16.99,21.99,200000000.0,4.3,,,4.3,7.0,4.0,8.0,16.0,65.0
1243,1641.0,,,,,4.2,429.0,429.0,4.2,8.0,5.0,8.0,14.0,65.0
1244,630.0,129.99,129.99,129.99,,3.8,454.0,454.0,3.8,11.0,9.0,10.0,22.0,48.0
1245,15.0,26.79,26.79,,1000000.0,4.5,,,4.5,3.0,3.0,7.0,14.0,73.0
1246,692.0,,,,200000000.0,,,,,,,,,
1247,1673.0,,,,,4.0,1208.0,1208.0,4.0,9.0,6.0,11.0,21.0,53.0
1248,22.0,24.45,24.45,,1000000.0,4.6,,,4.6,2.0,1.0,4.0,11.0,82.0
1249,,,,,,3.4,64.0,64.0,3.4,21.0,,7.0,10.0,47.0
1250,66.0,8.99,8.99,10.48,,,51.0,,,,,,,
1251,15.0,12.99,12.99,,100000000.0,4.6,,,4.6,2.0,2.0,6.0,12.0,78.0
1252,419.0,57.98,57.98,69.99,100000000.0,4.2,317.0,317.0,4.2,8.0,6.0,7.0,16.0,63.0
1253,6.0,49.99,49.99,49.99,1000000.0,4.5,,,4.5,3.0,2.0,6.0,14.0,75.0
1254,70.0,49.98,49.98,69.99,1000000.0,4.5,258.0,258.0,4.5,8.0,1.0,4.0,5.0,82.0
1255,1036.0,89.99,89.99,,50000000.0,4.5,,,4.5,4.0,3.0,6.0,14.0,73.0
1256,,,12.0,,,,,,,0.0,0.0,0.0,0.0,
1257,756.0,47.99,47.99,,100000000.0,4.6,,,4.6,4.0,1.0,3.0,13.0,79.0
1258,683.0,79.99,79.99,,100000000.0,4.3,1245.0,1245.0,4.3,4.0,4.0,11.0,19.0,62.0
1259,,39.99,39.99,79.99,,4.2,43.0,,,6.0,0.0,13.0,23.0,58.0
1260,1714.0,29.99,29.99,45.99,50000000.0,4.4,126.0,126.0,4.4,9.0,0.0,4.0,11.0,76.0
1261,742.0,12.98,12.98,13.99,400000000.0,3.7,117.0,117.0,3.7,19.0,5.0,9.0,20.0,47.0
1262,536.0,19.99,19.99,29.99,200000000.0,4.2,109.0,109.0,4.2,7.0,7.0,7.0,12.0,67.0
1263,,8.59,8.59,9.56,,3.8,103.0,103.0,3.8,15.0,4.0,,9.0,54.0
1264,,21.99,21.99,,,4.0,17.0,17.0,4.0,9.0,9.0,7.0,22.0,53.0
1265,354.0,79.99,79.99,99.99,,4.0,187.0,,,,,,,
1266,,28.99,28.99,,,,,,,0.0,0.0,0.0,0.0,
1267,715.0,,,,,,,,,,,,,
1268,,6.45,,,,4.1,69.0,,,2.0,1.0,,,45.0
1269,980.0,189.99,189.99,,100000000.0,4.5,1386.0,1386.0,4.5,4.0,2.0,5.0,13.0,76.0
1270,,14.26,14.26,,,3.6,24.0,24.0,3.6,16.0,,,6.0,48.0
1271,1006.0,,,,100000000.0,4.5,175.0,175.0,4.5,6.0,1.0,5.0,13.0,75.0
1272,1417.0,40.9,40.9,,,4.3,3.0,3.0,4.3,0.0,0.0,,0.0,64.0
1273,1.0,35.99,35.99,,2000000.0,4.6,2582.0,2582.0,4.6,4.0,1.0,4.0,11.0,80.0
1274,425.0,144.91,144.91,139.89,,,24.0,,,,,,,
1275,,149.95,149.95,,,5.0,8.0,8.0,5.0,0.0,0.0,0.0,0.0,100.0
1276,138.0,,,,200000000.0,,,,,,,,,
1277,109.0,42.99,42.99,,100000000.0,4.6,8.0,,,0.0,0.0,10.0,20.0,70.0
1278,476.0,20.99,20.99,,300000000.0,4.4,,,4.4,5.0,2.0,7.0,13.0,73.0
1279,976.0,,,,,3.8,12.0,12.0,3.8,20.0,0.0,,0.0,59.0
1280,142.0,15.99,15.99,20.99,,4.6,2738.0,2738.0,4.6,2.0,2.0,6.0,13.0,77.0
1281,,145.98,145.98,,50000000.0,3.6,471.0,471.0,3.6,16.0,,9.0,16.0,47.0
1282,71.0,49.99,49.99,69.99,,4.2,1122.0,1122.0,4.2,7.0,5.0,8.0,17.0,63.0
1283,,,,,,4.5,107.0,107.0,4.5,4.0,4.0,3.0,15.0,74.0
1284,13.0,8.99,8.99,,400000000.0,4.0,,,,11.0,5.0,11.0,15.0,58.0
1285,403.0,,,,,4.4,2492.0,2492.0,4.4,7.0,3.0,6.0,10.0,74.0
1286,,79.99,79.99,,,3.9,76.0,76.0,3.9,12.0,6.0,9.0,22.0,51.0
1287,402.0,,,,,4.2,409.0,,,,,,,
1288,1001.0,59.98,59.98,,300000000.0,4.4,376.0,376.0,4.4,4.0,4.0,9.0,15.0,68.0
1289,,,,,,4.4,374.0,374.0,4.4,5.0,3.0,9.0,16.0,67.0
1290,108.0,117.0,117.0,218.0,100000000.0,4.1,976.0,976.0,4.1,10.0,5.0,9.0,16.0,60.0
1291,798.0,39.99,39.99,49.99,200000000.0,4.7,80.0,80.0,4.7,3.0,0.0,0.0,16.0,81.0
1292,1380.0,56.99,56.99,72.99,,4.7,62.0,62.0,4.7,0.0,0.0,3.0,22.0,75.0
1293,716.0,39.79,39.79,41.89,200000000.0,4.1,184.0,184.0,4.1,8.0,2.0,12.0,23.0,55.0
1294,146.0,36.99,36.99,39.99,300000000.0,4.4,2369.0,2369.0,4.4,5.0,3.0,8.0,16.0,68.0
1295,54.0,194.97,194.97,228.0,100000000.0,4.5,1182.0,1182.0,4.5,6.0,1.0,4.0,10.0,79.0
1296,52.0,18.98,18.98,,200000000.0,4.4,647.0,647.0,4.4,7.0,3.0,6.0,10.0,74.0
1297,,15.99,15.99,,,4.0,22.0,,,,,,,
1298,88.0,15.49,15.49,,100000000.0,4.6,197.0,197.0,4.6,0.0,2.0,5.0,14.0,79.0
1299,1412.0,42.0,42.0,,50000000.0,4.4,2039.0,2039.0,4.4,5.0,5.0,6.0,15.0,69.0
1300,57.0,16.99,16.99,19.99,1000000.0,4.1,940.0,940.0,4.1,10.0,5.0,8.0,13.0,64.0
1301,,13.95,13.95,,,4.5,40.0,40.0,4.5,0.0,4.0,7.0,21.0,68.0
1302,247.0,29.99,29.99,,1000000.0,4.0,,,4.0,11.0,6.0,8.0,15.0,60.0
1303,900.0,33.97,33.97,,100000000.0,4.3,49.0,49.0,4.3,3.0,3.0,9.0,24.0,61.0
1304,,89.99,89.99,,,4.5,94.0,94.0,4.5,1.0,3.0,2.0,,64.0
1305,1439.0,,,,50000000.0,4.7,1448.0,1448.0,4.7,3.0,1.0,3.0,10.0,83.0
1306,265.0,189.0,189.0,198.55,,4.5,1863.0,1863.0,4.5,5.0,3.0,5.0,10.0,77.0
1307,862.0,,,,100000000.0,,,,,,,,,
1308,4.0,32.29,32.29,49.99,,4.2,924.0,924.0,4.2,8.0,5.0,8.0,15.0,64.0
1309,198.0,19.99,19.99,,50000000.0,4.6,,,,3.0,1.0,6.0,12.0,78.0
1310,441.0,143.32,143.32,,,,11.0,11.0,,,,0.0,0.0,53.0
1311,1023.0,39.99,39.99,49.99,100000000.0,4.3,168.0,168.0,4.3,6.0,3.0,7.0,16.0,68.0
1312,162.0,29.99,29.99,,,4.6,56.0,56.0,4.6,0.0,2.0,7.0,19.0,72.0
1313,,16.49,16.49,,,,,,,0.0,0.0,0.0,0.0,
1314,66.0,39.99,39.99,49.99,200000000.0,4.2,1313.0,1313.0,4.2,10.0,4.0,9.0,11.0,66.0
1315,,13.99,13.99,,,4.7,1708.0,1708.0,4.7,1.0,1.0,5.0,12.0,81.0
1316,923.0,89.95,89.95,89.95,300000000.0,4.2,464.0,464.0,4.2,7.0,6.0,8.0,13.0,66.0
1317,,,,,,4.6,26.0,26.0,4.6,4.0,4.0,0.0,7.0,85.0
1318,684.0,59.99,59.99,189.99,400000000.0,4.0,1701.0,1701.0,4.0,15.0,4.0,8.0,13.0,60.0
1319,52.0,,,,200000000.0,,,,,,,,,
1320,,,,,,4.4,,,4.4,4.0,4.0,6.0,17.0,69.0
1321,112.0,89.99,89.99,,200000000.0,4.0,1427.0,1427.0,4.0,11.0,7.0,10.0,11.0,61.0
1322,1137.0,164.95,164.95,164.95,200000000.0,,923.0,923.0,,,,12.0,10.0,35.0
1323,377.0,159.81,159.81,,,,,,,0.0,0.0,0.0,0.0,
1324,,129.99,129.99,129.99,50000000.0,4.1,738.0,,,,,,,
1325,,,,,,4.4,1571.0,1571.0,4.4,9.0,3.0,4.0,10.0,74.0
1326,171.0,37.99,37.99,44.99,100000000.0,4.3,580.0,580.0,4.3,8.0,3.0,6.0,15.0,68.0
1327,775.0,55.99,55.99,89.99,100000000.0,4.6,281.0,281.0,4.6,4.0,1.0,3.0,17.0,75.0
1328,1173.0,21.01,21.01,22.95,50000000.0,4.6,780.0,780.0,4.6,1.0,3.0,8.0,12.0,76.0
1329,,44.99,44.99,,,4.2,12.0,12.0,4.2,12.0,0.0,0.0,,59.0
1330,,,,,,,,,,0.0,0.0,0.0,0.0,
1331,35.0,175.0,175.0,249.0,,3.9,101.0,101.0,3.9,11.0,10.0,7.0,18.0,54.0
1332,,169.99,169.99,,,4.2,31.0,31.0,4.2,5.0,6.0,15.0,14.0,60.0
1333,2206.0,64.97,64.97,,,4.5,1041.0,1041.0,4.5,5.0,2.0,3.0,13.0,77.0
1334,154.0,,,,,4.2,76.0,76.0,4.2,7.0,5.0,8.0,13.0,67.0
1335,330.0,,,,,,,,,0.0,0.0,0.0,0.0,
1336,40.0,19.99,19.99,24.99,400000000.0,4.2,,,4.2,8.0,4.0,9.0,17.0,62.0
1337,13.0,33.99,33.99,,200000000.0,4.4,417.0,417.0,4.4,4.0,2.0,9.0,12.0,73.0
1338,59.0,119.99,119.99,,200000000.0,4.2,1510.0,,,7.0,6.0,9.0,16.0,62.0
1339,,29.99,29.99,29.99,,4.0,239.0,239.0,4.0,10.0,8.0,9.0,13.0,60.0
1340,160.0,15.99,15.99,19.99,,4.4,,,4.4,5.0,3.0,8.0,16.0,68.0
1341,14.0,27.99,27.99,,50000000.0,4.6,464.0,,,2.0,1.0,6.0,13.0,78.0
1342,1624.0,49.99,49.99,,,4.4,48.0,48.0,4.4,5.0,3.0,8.0,15.0,69.0
1343,96.0,14.95,14.95,16.99,4000000.0,4.3,,,4.3,6.0,4.0,8.0,16.0,66.0
1344,39.0,,,,50000000.0,,,,,,,,,
1345,209.0,49.99,49.99,49.99,100000000.0,4.2,89.0,89.0,4.2,6.0,5.0,13.0,9.0,67.0
1346,,,,,,4.1,346.0,346.0,4.1,9.0,5.0,7.0,18.0,61.0
1347,1044.0,46.99,46.99,49.99,50000000.0,4.4,,,4.4,4.0,5.0,6.0,17.0,68.0
1348,,197.99,197.99,,,4.0,465.0,465.0,4.0,10.0,8.0,10.0,13.0,59.0
1349,1125.0,,,,,4.7,7.0,7.0,4.7,0.0,0.0,0.0,,68.0
1350,329.0,79.99,79.99,,1000000.0,4.3,,,4.3,7.0,4.0,7.0,13.0,69.0
1351,584.0,69.58,69.58,86.99,50000000.0,4.3,30.0,30.0,4.3,13.0,5.0,0.0,0.0,82.0
1352,311.0,24.45,24.45,,200000000.0,4.6,,,4.6,2.0,1.0,4.0,11.0,82.0
1353,812.0,149.99,149.99,,,4.8,33.0,33.0,4.8,4.0,0.0,0.0,7.0,89.0
1354,307.0,7.49,7.49,14.99,1000000.0,4.3,,,4.3,6.0,3.0,8.0,17.0,66.0
1355,33.0,173.99,173.99,228.0,400000000.0,4.5,1413.0,,,,,,,
1356,949.0,14.39,14.39,,400000000.0,4.3,2920.0,2920.0,4.3,6.0,4.0,7.0,15.0,68.0
1357,1723.0,,,,,4.6,,,4.6,4.0,1.0,4.0,10.0,81.0
1358,,58.0,58.0,,,4.4,8.0,8.0,4.4,0.0,7.0,,0.0,74.0
1359,773.0,,,,,4.6,2443.0,,,5.0,2.0,4.0,7.0,82.0
1360,,,,,,3.8,48.0,48.0,3.8,9.0,,15.0,17.0,48.0
1361,,16.99,16.99,16.99,50000000.0,4.3,769.0,769.0,4.3,8.0,3.0,7.0,13.0,69.0
1362,42.0,9.99,9.99,,6000000.0,4.2,2640.0,2640.0,4.2,10.0,3.0,5.0,11.0,71.0
1363,5.0,29.74,29.74,34.99,,4.5,1046.0,1046.0,4.5,2.0,3.0,8.0,13.0,74.0
1364,2272.0,,,,,4.3,37.0,37.0,4.3,11.0,0.0,9.0,11.0,69.0
1365,146.0,19.99,19.99,,50000000.0,4.6,,,,3.0,1.0,6.0,12.0,78.0
1366,26.0,15.98,15.98,,100000000.0,4.6,440.0,,,3.0,1.0,5.0,9.0,82.0
1367,16.0,17.99,17.99,,400000000.0,4.5,248.0,,,,,,,
1368,222.0,24.99,24.99,28.99,,4.4,504.0,504.0,4.4,6.0,2.0,7.0,15.0,70.0
1369,,38.99,38.99,,,4.6,24.0,24.0,4.6,0.0,6.0,0.0,20.0,74.0
1370,1301.0,129.99,129.99,,100000000.0,4.0,,,4.0,11.0,6.0,9.0,16.0,58.0
1371,2579.0,,,,,5.0,1.0,1.0,5.0,0.0,0.0,0.0,0.0,100.0
1372,,22.78,22.78,23.98,,4.2,32.0,32.0,4.2,0.0,4.0,14.0,,47.0
1373,,,,,,4.6,91.0,91.0,4.6,3.0,3.0,6.0,9.0,79.0
1374,488.0,,,,200000000.0,,,,,,,,,
1375,31.0,44.99,44.99,49.99,,4.4,488.0,488.0,4.4,10.0,2.0,4.0,3.0,81.0
1376,222.0,73.66,73.66,,,4.1,2675.0,2675.0,4.1,8.0,5.0,9.0,19.0,59.0
1377,,19.99,19.99,,,4.5,306.0,306.0,4.5,5.0,3.0,4.0,12.0,76.0
1378,32.0,27.99,27.99,,,4.7,237.0,237.0,4.7,3.0,1.0,2.0,11.0,83.0
1379,4.0,34.99,34.99,87.62,4000000.0,4.7,,,4.7,2.0,1.0,4.0,12.0,81.0
1380,290.0,4.01,4.01,,200000000.0,4.2,,,4.2,9.0,4.0,9.0,14.0,64.0
1381,,34.99,34.99,49.99,,4.3,57.0,57.0,4.3,4.0,3.0,8.0,24.0,61.0
1382,202.0,19.99,19.99,,50000000.0,4.6,,,,3.0,1.0,6.0,12.0,78.0
1383,121.0,69.99,69.99,,100000000.0,4.5,15.0,15.0,4.5,0.0,0.0,9.0,,55.0
1384,398.0,139.0,139.0,219.99,,4.4,534.0,534.0,4.4,6.0,2.0,4.0,16.0,72.0
1385,1511.0,169.95,169.95,169.95,100000000.0,4.3,,,4.3,6.0,5.0,7.0,14.0,68.0
1386,7.0,16.99,16.99,27.99,300000000.0,4.9,270.0,270.0,4.9,0.0,0.0,1.0,7.0,92.0
1387,1580.0,16.99,16.99,,100000000.0,4.4,,,4.4,6.0,3.0,7.0,14.0,70.0
1388,399.0,139.99,139.99,139.99,200000000.0,4.2,101.0,101.0,4.2,10.0,6.0,7.0,9.0,68.0
1389,190.0,9.98,9.98,,2000000.0,3.8,1181.0,1181.0,3.8,19.0,6.0,8.0,11.0,56.0
1390,62.0,38.97,38.97,49.99,1000000.0,4.5,1235.0,,,,,,,
1391,104.0,14.99,14.99,,,4.4,298.0,,,4.0,2.0,7.0,15.0,72.0
1392,288.0,,,,300000000.0,,,,,,,,,
1393,328.0,99.99,99.99,179.99,,4.4,82.0,82.0,4.4,5.0,3.0,10.0,11.0,71.0
1394,8.0,14.75,14.75,19.95,200000000.0,4.5,,,4.5,3.0,2.0,6.0,13.0,76.0
1395,75.0,,,,1000000.0,,,,,,,,,
1396,653.0,32.76,32.76,,100000000.0,4.0,1296.0,1296.0,4.0,11.0,6.0,10.0,12.0,61.0
1397,128.0,,,,,4.2,1106.0,1106.0,4.2,11.0,4.0,6.0,13.0,66.0
1398,,16.79,16.79,,,,,,,0.0,0.0,0.0,0.0,
1399,341.0,,,,,4.4,196.0,196.0,4.4,6.0,4.0,8.0,9.0,73.0
1400,,,,,,4.3,180.0,180.0,4.3,0.0,9.0,10.0,18.0,63.0
1401,1141.0,63.99,63.99,79.99,200000000.0,4.3,1713.0,1713.0,4.3,4.0,6.0,10.0,16.0,64.0
1402,210.0,19.99,19.99,,50000000.0,3.8,6.0,,,20.0,0.0,,0.0,60.0
1403,69.0,3.99,3.99,4.99,,4.6,297.0,,,3.0,2.0,3.0,10.0,82.0
1404,,38.99,38.99,42.99,,4.5,13.0,13.0,4.5,0.0,0.0,14.0,17.0,69.0
1405,,,,,,4.1,1137.0,1137.0,4.1,9.0,5.0,11.0,15.0,60.0
1406,,,,,,4.9,24.0,,,,,,,
1407,,194.99,194.99,,,4.4,2590.0,2590.0,4.4,7.0,4.0,6.0,10.0,73.0
1408,,39.99,39.99,59.99,,4.1,19.0,19.0,4.1,13.0,7.0,0.0,14.0,66.0
1409,167.0,,,,50000000.0,,,,,,,,,
1410,,99.0,99.0,148.0,,4.4,783.0,,,,,,,
1411,,7.9,7.9,,,5.0,1.0,1.0,5.0,0.0,0.0,0.0,0.0,100.0
1412,,,,,,4.3,1135.0,1135.0,4.3,8.0,3.0,6.0,11.0,72.0
1413,4.0,3.97,3.97,,2000000.0,4.4,,,,7.0,3.0,5.0,11.0,74.0
1414,943.0,13.99,13.99,13.99,300000000.0,4.1,,,4.1,7.0,6.0,12.0,17.0,58.0
1415,461.0,,,,,,,,,,,,,
1416,119.0,,,,100000000.0,,,,,,,,,
1417,583.0,39.99,39.99,49.99,50000000.0,4.1,181.0,181.0,4.1,11.0,6.0,6.0,11.0,66.0
1418,,7.9,7.9,,,,26.0,26.0,,,5.0,6.0,13.0,40.0
1419,1681.0,139.95,139.95,199.95,100000000.0,4.2,522.0,522.0,4.2,9.0,5.0,6.0,13.0,67.0
1420,307.0,22.91,22.91,,1000000.0,4.2,,,4.2,8.0,4.0,9.0,14.0,65.0
1421,19.0,92.99,92.99,98.99,400000000.0,4.4,2612.0,2612.0,4.4,7.0,2.0,4.0,10.0,77.0
1422,,99.95,99.95,,,4.1,13.0,13.0,4.1,0.0,,0.0,12.0,63.0
1423,34.0,44.95,44.95,44.95,1000000.0,4.3,,,4.3,7.0,4.0,7.0,16.0,66.0
1424,205.0,39.58,39.58,52.95,50000000.0,4.1,91.0,91.0,4.1,10.0,10.0,4.0,12.0,64.0
1425,279.0,100.0,100.0,100.0,,4.2,81.0,81.0,4.2,12.0,4.0,4.0,9.0,71.0
1426,1497.0,74.98,74.98,149.99,200000000.0,4.2,1310.0,1310.0,4.2,10.0,4.0,8.0,13.0,65.0
1427,95.0,14.99,14.99,,100000000.0,4.0,295.0,295.0,4.0,12.0,4.0,9.0,15.0,60.0
1428,949.0,36.98,36.98,39.98,,4.5,,,4.5,3.0,2.0,5.0,14.0,76.0
1429,1931.0,59.99,59.99,,,4.6,2262.0,2262.0,4.6,1.0,1.0,8.0,12.0,78.0
1430,29.0,19.99,19.99,,50000000.0,4.5,115.0,115.0,4.5,3.0,4.0,5.0,11.0,77.0
1431,858.0,,,,,4.1,240.0,240.0,4.1,12.0,4.0,8.0,11.0,65.0
1432,14.0,159.95,159.95,,2000000.0,4.4,2974.0,2974.0,4.4,6.0,3.0,6.0,12.0,73.0
1433,1.0,17.99,17.99,22.99,1000000.0,4.4,,,4.4,5.0,3.0,9.0,13.0,70.0
1434,,7.9,7.9,,,3.5,8.0,8.0,3.5,,0.0,0.0,0.0,63.0
1435,161.0,179.99,179.99,,1000000.0,3.7,,,3.7,15.0,10.0,10.0,17.0,48.0
1436,11.0,,,,300000000.0,,,,,,,,,
1437,185.0,18.99,18.99,19.99,,4.4,61.0,,,4.0,4.0,8.0,14.0,70.0
1438,22.0,39.99,39.99,59.99,,4.0,879.0,879.0,4.0,11.0,7.0,9.0,10.0,63.0
1439,,13.99,13.99,,,4.7,114.0,,,,,,,
1440,37.0,21.59,21.59,23.99,1000000.0,4.2,,,4.2,7.0,4.0,9.0,16.0,64.0
1441,,26.99,26.99,,,4.0,196.0,196.0,4.0,13.0,4.0,8.0,16.0,59.0
1442,1544.0,147.77,147.77,,,4.3,,,,7.0,4.0,7.0,12.0,70.0
1443,1795.0,19.99,19.99,,50000000.0,4.2,49.0,49.0,4.2,3.0,5.0,13.0,21.0,58.0
1444,52.0,8.98,8.98,,,4.8,15.0,,,0.0,0.0,9.0,0.0,91.0
1445,567.0,17.09,17.09,21.99,200000000.0,4.4,1144.0,1144.0,4.4,6.0,3.0,6.0,12.0,73.0
1446,2119.0,,,,,4.3,,,4.3,5.0,3.0,9.0,17.0,66.0
1447,317.0,18.99,18.99,,,4.4,,,,4.0,3.0,7.0,14.0,72.0
1448,194.0,52.21,52.21,,,4.4,988.0,988.0,4.4,6.0,3.0,8.0,14.0,69.0
1449,39.0,18.98,18.98,39.99,,4.2,453.0,453.0,4.2,7.0,3.0,13.0,17.0,60.0
1450,182.0,,,,300000000.0,4.5,,,,6.0,2.0,3.0,8.0,81.0
1451,2165.0,,,,100000000.0,,,,,,,,,
1452,802.0,7.99,7.99,,,,14.0,,,,,10.0,0.0,
1453,2011.0,79.99,79.99,,100000000.0,3.9,10.0,,,,,,,
1454,81.0,,,,100000000.0,,,,,,,,,
1455,84.0,17.0,17.0,,50000000.0,4.4,438.0,,,6.0,3.0,8.0,12.0,71.0
1456,35.0,9.99,9.99,,,4.4,498.0,,,4.0,3.0,8.0,18.0,67.0
1457,25.0,89.99,89.99,99.99,2000000.0,4.4,,,4.4,7.0,3.0,5.0,13.0,72.0
1458,176.0,21.99,21.99,129.99,1000000.0,4.4,63.0,63.0,4.4,4.0,7.0,5.0,10.0,74.0
1459,108.0,,,,100000000.0,,,,,,,,,
1460,91.0,17.89,17.89,18.99,100000000.0,4.4,444.0,444.0,4.4,6.0,4.0,4.0,12.0,74.0
1461,844.0,159.99,159.99,179.99,100000000.0,4.4,45.0,45.0,4.4,8.0,3.0,4.0,6.0,79.0
1462,1660.0,39.99,39.99,,,4.3,878.0,878.0,4.3,5.0,6.0,7.0,18.0,64.0
1463,1560.0,,,,,3.8,8.0,,,,,,,
1464,193.0,26.99,26.99,,50000000.0,4.2,24.0,,,,,,,
1465,251.0,19.97,19.97,,1000000.0,4.3,,,4.3,6.0,4.0,9.0,17.0,64.0
1466,,199.99,199.99,,,,,,,0.0,0.0,0.0,0.0,
1467,527.0,29.98,29.98,,,4.1,,,4.1,9.0,7.0,11.0,14.0,59.0
1468,,13.29,13.29,,,,,,,0.0,0.0,0.0,0.0,
1469,,,,,,,5.0,5.0,,,,0.0,0.0,30.0
1470,40.0,,,,400000000.0,,,,,,,,,
1471,220.0,,,,,4.4,1520.0,1520.0,4.4,6.0,3.0,5.0,12.0,74.0
1472,90.0,36.95,36.95,36.95,,4.4,1467.0,1467.0,4.4,8.0,2.0,6.0,11.0,73.0
1473,77.0,224.99,224.99,,,4.1,15.0,15.0,4.1,11.0,0.0,,9.0,62.0
1474,63.0,74.98,74.98,105.99,1000000.0,4.6,289.0,289.0,4.6,5.0,1.0,3.0,5.0,86.0
1475,9.0,,,,1000000.0,,,,,,,,,
1476,5.0,187.44,187.44,,300000000.0,4.0,235.0,235.0,4.0,12.0,4.0,11.0,14.0,59.0
1477,,8.99,8.99,,,4.3,39.0,39.0,4.3,7.0,3.0,5.0,20.0,65.0
1479,806.0,55.99,55.99,,,4.2,1070.0,1070.0,4.2,7.0,5.0,9.0,16.0,63.0
1480,841.0,,,,,4.1,97.0,97.0,4.1,10.0,7.0,7.0,8.0,68.0
1482,278.0,19.99,19.99,19.99,,4.2,815.0,815.0,4.2,7.0,4.0,12.0,18.0,59.0
1483,207.0,159.0,159.0,168.0,50000000.0,3.5,3.0,3.0,3.5,,0.0,0.0,0.0,63.0
1484,634.0,35.99,35.99,53.99,300000000.0,4.5,232.0,232.0,4.5,4.0,3.0,5.0,11.0,77.0
1485,377.0,141.91,141.91,139.91,,3.6,15.0,15.0,3.6,15.0,,8.0,16.0,45.0
1486,420.0,15.29,15.29,,,,,,,0.0,0.0,0.0,0.0,
1487,1307.0,29.99,29.99,37.99,100000000.0,4.4,197.0,197.0,4.4,4.0,5.0,7.0,11.0,73.0
1488,417.0,,,,,,,,,,,,,
1489,32.0,,,,100000000.0,,,,,,,,,
1490,11.0,14.99,14.99,15.99,5000000.0,4.5,,,4.5,4.0,2.0,6.0,14.0,74.0
1491,204.0,18.99,18.99,19.99,5000000.0,4.8,713.0,713.0,4.8,0.0,2.0,2.0,2.0,94.0
1492,,9.99,9.99,29.99,,3.6,21.0,21.0,3.6,6.0,6.0,,,
1493,,,,,,3.9,321.0,321.0,3.9,14.0,7.0,8.0,17.0,54.0
1494,736.0,,,,,,,,,,,,,
1495,135.0,84.99,84.99,,,5.0,9.0,,,0.0,0.0,0.0,0.0,100.0
1496,,,,,300000000.0,,,,,,,,,
1497,307.0,,,,,,,,,,,,,
1498,86.0,11.99,11.99,,100000000.0,4.5,281.0,281.0,4.5,3.0,2.0,9.0,13.0,73.0
1499,722.0,,,,,,,,,0.0,0.0,0.0,0.0,
1500,45.0,,,,,4.5,1692.0,1692.0,4.5,4.0,3.0,6.0,12.0,75.0
1501,236.0,22.99,22.99,27.99,1000000.0,4.3,,,4.3,6.0,4.0,7.0,17.0,66.0
1502,62.0,33.99,33.99,39.99,100000000.0,4.3,393.0,393.0,4.3,9.0,4.0,6.0,8.0,73.0
1503,1047.0,,,,300000000.0,,,,,,,,,
1505,242.0,24.99,24.99,39.99,300000000.0,4.3,1527.0,1527.0,4.3,5.0,4.0,9.0,15.0,67.0
1506,19.0,15.97,15.97,,200000000.0,4.5,396.0,,,,,,,
1507,,71.19,71.19,,,4.2,139.0,139.0,4.2,6.0,6.0,11.0,16.0,61.0
1508,172.0,27.99,27.99,55.98,1000000.0,4.7,1190.0,1190.0,4.7,3.0,1.0,2.0,4.0,90.0
1509,1595.0,,,,50000000.0,,,,,,,,,
1511,1839.0,49.99,49.99,59.99,,4.8,5.0,5.0,4.8,0.0,0.0,0.0,25.0,75.0
1512,72.0,,,,100000000.0,,,,,,,,,
1513,2131.0,45.97,45.97,,,4.6,1555.0,1555.0,4.6,4.0,1.0,4.0,11.0,80.0
1514,22.0,9.97,9.97,,9000000.0,4.3,,,,,,,,
1515,,28.99,28.99,,,4.1,120.0,120.0,4.1,7.0,4.0,8.0,,55.0
1516,147.0,69.99,69.99,,1000000.0,4.8,602.0,602.0,4.8,3.0,1.0,2.0,1.0,93.0
1517,11.0,32.29,32.29,53.99,1000000.0,4.7,364.0,364.0,4.7,3.0,1.0,4.0,4.0,88.0
1518,30.0,19.99,19.99,,1000000.0,4.2,2510.0,2510.0,4.2,8.0,4.0,8.0,12.0,68.0
1519,210.0,,,,,4.4,82.0,,,,,,,
1520,401.0,121.18,121.18,,1000000.0,4.4,2182.0,,,,,,,
1521,8.0,59.99,59.99,,2000000.0,4.3,2022.0,2022.0,4.3,10.0,4.0,4.0,7.0,75.0
1522,79.0,79.0,79.0,,,4.0,881.0,881.0,4.0,13.0,4.0,8.0,12.0,63.0
1524,45.0,19.99,19.99,21.99,50000000.0,4.5,730.0,,,4.0,2.0,5.0,11.0,78.0
1525,33.0,16.99,16.99,,100000000.0,4.4,246.0,246.0,4.4,4.0,4.0,9.0,14.0,69.0
1526,,57.36,57.36,69.95,,4.2,138.0,138.0,4.2,7.0,3.0,11.0,15.0,64.0
1527,244.0,17.89,17.89,18.98,1000000.0,3.9,749.0,749.0,3.9,18.0,3.0,7.0,13.0,59.0
1528,,39.99,39.99,,,3.8,29.0,29.0,3.8,8.0,6.0,,,37.0
1529,18.0,27.99,27.99,29.99,,4.6,186.0,,,4.0,1.0,4.0,12.0,79.0
1530,124.0,,,,,,,,,,,,,
1531,1474.0,,,,50000000.0,,,,,,,,,
1532,634.0,63.99,63.99,,,4.3,323.0,323.0,4.3,5.0,5.0,8.0,17.0,65.0
1533,8.0,14.16,14.16,16.4,1000000.0,4.3,,,4.3,7.0,3.0,8.0,14.0,68.0
1534,,169.95,169.95,,,3.6,111.0,111.0,3.6,12.0,,10.0,19.0,41.0
1535,,,,,50000000.0,3.9,382.0,382.0,3.9,12.0,9.0,10.0,12.0,57.0
1536,1023.0,89.99,89.99,,50000000.0,4.1,245.0,245.0,4.1,8.0,5.0,10.0,20.0,57.0
1537,,79.99,79.99,,,3.9,57.0,57.0,3.9,7.0,5.0,,25.0,44.0
1538,32.0,29.99,29.99,,50000000.0,4.5,1710.0,,,4.0,3.0,6.0,12.0,75.0
1539,241.0,,,,1000000.0,,,,,,,,,
1540,1245.0,219.95,219.95,219.95,,4.2,2379.0,2379.0,4.2,9.0,5.0,7.0,12.0,67.0
1541,,29.99,29.99,,,4.2,2424.0,,,,,,,
1542,2362.0,159.0,159.0,168.9,,4.4,10.0,10.0,4.4,12.0,0.0,0.0,16.0,72.0
1543,1402.0,99.99,99.99,,,,18.0,18.0,,,,0.0,13.0,38.0
1544,,39.99,39.99,,,4.7,5.0,,,,,,,
1545,241.0,144.95,144.95,160.0,50000000.0,4.1,95.0,,,,,,,
1546,11.0,69.99,69.99,,300000000.0,4.1,2722.0,2722.0,4.1,10.0,4.0,11.0,13.0,62.0
1547,6.0,7.98,7.98,,,4.4,1041.0,,,7.0,2.0,4.0,11.0,76.0
1548,296.0,59.99,59.99,,200000000.0,4.1,500.0,500.0,4.1,12.0,4.0,6.0,12.0,66.0
1549,1063.0,49.99,49.99,,200000000.0,4.0,,,4.0,12.0,5.0,8.0,14.0,61.0
1550,2012.0,76.48,76.48,89.99,100000000.0,3.8,2968.0,2968.0,3.8,13.0,7.0,12.0,15.0,53.0
1551,72.0,,,,,,29.0,29.0,,,,3.0,13.0,40.0
1552,,,,,,4.2,32.0,32.0,4.2,7.0,4.0,8.0,17.0,64.0
1553,115.0,14.99,14.99,,,4.4,1338.0,1338.0,4.4,7.0,2.0,7.0,9.0,75.0
1554,,164.95,164.95,164.95,50000000.0,4.2,2115.0,2115.0,4.2,8.0,5.0,9.0,13.0,65.0
1555,249.0,219.95,219.95,,50000000.0,3.8,183.0,183.0,3.8,14.0,,11.0,12.0,52.0
1556,2398.0,99.99,99.99,129.0,,4.1,101.0,101.0,4.1,11.0,5.0,8.0,11.0,65.0
1557,,198.99,198.99,,,3.7,233.0,233.0,3.7,20.0,5.0,11.0,7.0,57.0
1558,163.0,44.95,44.95,,,4.0,100.0,100.0,4.0,14.0,4.0,9.0,13.0,60.0
1559,2568.0,,,,,3.8,19.0,19.0,3.8,19.0,10.0,0.0,13.0,58.0
1561,,125.0,125.0,,,4.1,2762.0,2762.0,4.1,9.0,5.0,10.0,19.0,57.0
1562,1102.0,29.98,29.98,49.99,200000000.0,4.3,270.0,270.0,4.3,6.0,3.0,8.0,14.0,69.0
1563,115.0,59.99,59.99,59.99,400000000.0,4.4,392.0,392.0,4.4,7.0,3.0,6.0,9.0,75.0
1564,,79.99,79.99,,,3.9,3.0,3.0,3.9,0.0,,0.0,0.0,63.0
1565,37.0,19.99,19.99,21.99,100000000.0,4.5,730.0,,,4.0,2.0,5.0,11.0,78.0
1566,331.0,184.99,184.99,,200000000.0,4.0,638.0,638.0,4.0,13.0,6.0,4.0,15.0,62.0
1567,177.0,99.0,99.0,,100000000.0,4.3,118.0,118.0,4.3,5.0,7.0,5.0,14.0,69.0
1568,,,,,,4.3,70.0,70.0,4.3,11.0,2.0,5.0,10.0,72.0
1569,937.0,15.29,15.29,17.99,,4.1,45.0,45.0,4.1,8.0,5.0,7.0,,53.0
1570,346.0,13.95,13.95,,200000000.0,4.8,28.0,28.0,4.8,5.0,0.0,0.0,0.0,95.0
1571,,39.19,39.19,,,3.6,38.0,,,,,,,
1572,1.0,18.99,18.99,29.9,5000000.0,4.3,,,4.3,7.0,4.0,7.0,12.0,70.0
1573,41.0,19.99,19.99,21.99,50000000.0,4.5,730.0,,,4.0,2.0,5.0,11.0,78.0
1574,1423.0,63.99,63.99,71.99,100000000.0,4.1,426.0,426.0,4.1,11.0,5.0,9.0,12.0,63.0
1575,54.0,44.99,44.99,59.99,300000000.0,4.8,81.0,81.0,4.8,3.0,1.0,0.0,4.0,92.0
1576,47.0,,,,,,,,,,,,,
1577,780.0,159.99,159.99,159.99,,4.1,,,4.1,12.0,5.0,7.0,13.0,63.0
1578,,15.99,15.99,,,,,,,0.0,0.0,0.0,0.0,
1579,41.0,25.49,25.49,29.99,3000000.0,4.4,,,4.4,7.0,3.0,7.0,8.0,75.0
1580,,,,,,5.0,1.0,1.0,5.0,0.0,0.0,0.0,0.0,100.0
1581,1090.0,,,,,4.3,,,4.3,6.0,4.0,6.0,17.0,67.0
1582,1967.0,,,,,4.3,323.0,323.0,4.3,6.0,4.0,8.0,17.0,65.0
1583,12.0,16.99,16.99,19.99,2000000.0,4.2,827.0,827.0,4.2,11.0,5.0,5.0,11.0,68.0
1584,,44.99,44.99,49.99,,4.1,54.0,54.0,4.1,6.0,,7.0,16.0,59.0
1585,,5.89,5.89,,,,10.0,10.0,,,,0.0,13.0,37.0
1586,,39.99,39.99,,,4.4,85.0,85.0,4.4,2.0,2.0,12.0,17.0,67.0
1587,1118.0,172.1,172.1,,,5.0,1.0,1.0,5.0,0.0,0.0,0.0,0.0,100.0
1588,2218.0,,,,50000000.0,,,,,,,,,
1589,1516.0,12.99,12.99,,200000000.0,4.5,472.0,472.0,4.5,4.0,2.0,8.0,13.0,73.0
1590,27.0,13.69,13.69,,50000000.0,4.5,2697.0,2697.0,4.5,3.0,2.0,6.0,13.0,76.0
1591,706.0,,,,,,,,,,,,,
1592,,32.99,32.99,,,,,,,0.0,0.0,0.0,0.0,
1593,35.0,6.99,6.99,14.99,100000000.0,4.2,162.0,162.0,4.2,9.0,4.0,9.0,11.0,67.0
1596,37.0,39.99,39.99,69.0,400000000.0,4.2,1113.0,1113.0,4.2,6.0,5.0,11.0,13.0,65.0
1597,92.0,,,,,,,,,,,,,
1598,145.0,14.99,14.99,,,4.7,987.0,,,1.0,1.0,4.0,12.0,82.0
1599,49.0,15.98,15.98,19.99,3000000.0,4.6,2046.0,,,,,,,
1600,114.0,18.99,18.99,,,3.8,594.0,594.0,3.8,14.0,7.0,15.0,14.0,50.0
1601,54.0,48.0,48.0,79.99,200000000.0,4.4,2275.0,2275.0,4.4,7.0,3.0,5.0,13.0,72.0
1602,,180.0,180.0,,,4.3,,,4.3,8.0,3.0,6.0,10.0,73.0
1603,,,,,,4.1,9.0,9.0,4.1,11.0,0.0,,0.0,69.0
1604,,21.99,21.99,,,4.3,22.0,22.0,4.3,8.0,0.0,6.0,,59.0
1605,,,,,,4.8,11.0,11.0,4.8,0.0,0.0,12.0,0.0,88.0
1606,529.0,50.98,50.98,99.0,,4.2,70.0,70.0,4.2,7.0,6.0,10.0,13.0,64.0
1607,309.0,,,,50000000.0,3.8,101.0,101.0,3.8,13.0,9.0,14.0,12.0,52.0
1608,,23.99,23.99,39.99,,4.5,19.0,19.0,4.5,6.0,0.0,8.0,13.0,73.0
1610,2429.0,45.99,45.99,,,4.2,30.0,30.0,4.2,0.0,0.0,,,44.0
1611,1457.0,13.88,13.88,,50000000.0,4.2,,3150.0,4.2,8.0,4.0,9.0,16.0,63.0
1612,379.0,,,,50000000.0,,,,,,,,,
1613,305.0,23.99,23.99,39.99,1000000.0,4.4,,,4.4,5.0,2.0,5.0,15.0,73.0
1614,43.0,33.2,33.2,49.99,,4.2,313.0,313.0,4.2,10.0,5.0,5.0,9.0,71.0
1615,2497.0,,,,50000000.0,,,,,,,,,
1616,83.0,27.99,27.99,43.59,2000000.0,4.7,1190.0,1190.0,4.7,3.0,1.0,2.0,4.0,90.0
1617,236.0,28.99,28.99,36.49,50000000.0,4.1,7.0,7.0,4.1,0.0,,,0.0,65.0
1618,178.0,175.89,175.89,,,4.4,,,,,,,,
1619,,,,,,4.2,306.0,306.0,4.2,11.0,3.0,7.0,11.0,68.0
1620,114.0,123.52,123.52,,4000000.0,4.4,2182.0,2182.0,4.4,8.0,3.0,5.0,9.0,75.0
1621,172.0,,,,2000000.0,,,,,,,,,
1622,1566.0,,,,100000000.0,4.3,873.0,873.0,4.3,8.0,4.0,8.0,10.0,70.0
1623,44.0,48.62,48.62,,400000000.0,4.6,1586.0,,,2.0,3.0,4.0,13.0,78.0
1624,843.0,,,,300000000.0,,,,,,,,,
1625,1349.0,62.99,62.99,79.99,1000000.0,4.3,,,4.3,6.0,5.0,8.0,17.0,64.0
1626,464.0,47.99,47.99,89.99,,4.3,,,4.3,6.0,5.0,7.0,15.0,67.0
1627,2316.0,89.95,89.95,89.95,50000000.0,4.2,464.0,464.0,4.2,7.0,6.0,8.0,13.0,66.0
1628,1243.0,79.99,79.99,,100000000.0,4.6,163.0,163.0,4.6,1.0,2.0,6.0,18.0,73.0
1629,380.0,,,,,4.4,,,4.4,5.0,3.0,8.0,17.0,67.0
1630,1181.0,29.99,29.99,,200000000.0,3.7,309.0,309.0,3.7,15.0,5.0,,12.0,50.0
1631,1345.0,,,,200000000.0,,,,,,,,,
1632,1488.0,27.99,27.99,29.99,200000000.0,4.5,831.0,,,,,,,
1633,432.0,22.37,22.37,26.1,,4.1,,,4.1,9.0,5.0,8.0,16.0,62.0
1634,2514.0,89.99,89.99,139.95,50000000.0,3.8,38.0,,,,,,,
1635,484.0,19.99,19.99,29.99,1000000.0,4.4,2559.0,2559.0,4.4,5.0,3.0,6.0,14.0,72.0
1636,2232.0,,,,,4.4,,,4.4,5.0,4.0,5.0,14.0,72.0
1637,1684.0,23.99,23.99,29.99,300000000.0,4.9,115.0,115.0,4.9,0.0,0.0,1.0,4.0,95.0
1638,555.0,99.99,99.99,,,4.1,,,4.1,10.0,5.0,9.0,15.0,61.0
1639,548.0,34.99,34.99,49.99,,4.4,879.0,879.0,4.4,5.0,5.0,5.0,16.0,69.0
1640,78.0,27.99,27.99,,50000000.0,,109.0,109.0,,,7.0,,14.0,35.0
1641,112.0,4.7,4.7,,100000000.0,3.4,115.0,115.0,3.4,,8.0,9.0,12.0,46.0
1642,4.0,15.96,15.96,19.0,10000000.0,4.6,,,,,,,,
1643,2485.0,29.99,29.99,34.95,50000000.0,4.2,191.0,191.0,4.2,10.0,3.0,7.0,17.0,63.0
1644,,24.06,24.06,,,4.1,,,4.1,9.0,5.0,10.0,16.0,60.0
1646,618.0,,,,400000000.0,,,,,,,,,
1647,,26.03,26.03,29.99,100000000.0,4.2,,,4.2,6.0,4.0,9.0,16.0,65.0
1648,,25.99,25.99,,,4.4,2242.0,2242.0,4.4,4.0,3.0,8.0,15.0,70.0
1649,,25.0,25.0,49.99,50000000.0,4.1,1913.0,1913.0,4.1,8.0,4.0,10.0,19.0,59.0
1650,814.0,,,,400000000.0,,,,,,,,,
1651,264.0,29.24,29.24,,1000000.0,3.8,1155.0,1155.0,3.8,14.0,7.0,10.0,16.0,53.0
1652,579.0,,,,,,,,,,,,,
1653,2514.0,,,,50000000.0,,,,,,,,,
1654,1112.0,,,,200000000.0,,,,,,,,,
1655,1358.0,39.99,39.99,49.99,100000000.0,4.2,,,4.2,6.0,4.0,9.0,19.0,62.0
1656,1153.0,22.99,22.99,29.99,300000000.0,4.4,,,4.4,5.0,4.0,7.0,14.0,70.0
1657,1515.0,97.0,97.0,,50000000.0,4.1,,,4.1,11.0,6.0,7.0,13.0,63.0
1658,732.0,24.99,24.99,,400000000.0,4.3,1422.0,1422.0,4.3,4.0,3.0,10.0,19.0,64.0
1659,60.0,,,,100000000.0,,,,,,,,,
1660,903.0,16.99,16.99,21.99,300000000.0,4.3,,,4.3,6.0,4.0,8.0,15.0,67.0
1661,1641.0,14.16,14.16,,100000000.0,4.4,,,4.4,5.0,3.0,6.0,13.0,73.0
1662,1902.0,16.88,16.88,,100000000.0,4.1,169.0,169.0,4.1,7.0,7.0,9.0,17.0,60.0
1663,608.0,,,,,4.2,1647.0,1647.0,4.2,8.0,4.0,8.0,14.0,66.0
1664,934.0,21.99,21.99,29.99,300000000.0,4.2,1406.0,1406.0,4.2,7.0,5.0,9.0,14.0,65.0
1665,279.0,159.95,159.95,,1000000.0,4.3,,,,9.0,3.0,5.0,10.0,73.0
1666,1143.0,28.64,28.64,59.0,200000000.0,4.1,903.0,903.0,4.1,10.0,6.0,7.0,15.0,62.0
1667,1055.0,21.99,21.99,35.99,200000000.0,4.4,,,4.4,6.0,3.0,7.0,16.0,68.0
1668,,15.99,15.99,,,3.9,489.0,489.0,3.9,11.0,6.0,12.0,16.0,55.0
1669,,24.99,24.99,,,3.7,1329.0,1329.0,3.7,16.0,9.0,13.0,15.0,47.0
1670,1219.0,,,,,4.4,,,4.4,5.0,3.0,7.0,14.0,71.0
1671,,9.99,9.99,15.99,100000000.0,4.6,104.0,104.0,4.6,1.0,0.0,7.0,20.0,72.0
1672,,7.99,7.99,,,4.1,10.0,10.0,4.1,,0.0,0.0,0.0,78.0
1673,2533.0,23.99,23.99,,50000000.0,4.2,,,4.2,9.0,4.0,9.0,14.0,64.0
1674,2210.0,29.99,29.99,,100000000.0,4.0,1572.0,1572.0,4.0,8.0,7.0,12.0,16.0,57.0
1675,1198.0,12.99,12.99,,200000000.0,4.1,,,4.1,10.0,5.0,8.0,13.0,64.0
1676,1836.0,11.99,11.99,,100000000.0,4.4,241.0,241.0,4.4,4.0,4.0,8.0,10.0,74.0
1677,452.0,8.99,8.99,,,4.3,,,4.3,5.0,4.0,9.0,19.0,63.0
1678,,8.95,8.95,9.99,,4.4,2281.0,2281.0,4.4,6.0,3.0,6.0,16.0,69.0
1679,227.0,16.24,16.24,,100000000.0,3.7,95.0,95.0,3.7,15.0,9.0,16.0,9.0,51.0
1680,,12.99,12.99,,100000000.0,4.1,,,4.1,8.0,5.0,11.0,16.0,60.0
1681,1634.0,24.99,24.99,29.99,300000000.0,4.0,,,4.0,12.0,6.0,9.0,15.0,58.0
1682,733.0,9.11,9.11,,400000000.0,4.4,,,4.4,4.0,3.0,8.0,17.0,68.0
1683,327.0,,,,1000000.0,,,,,,,,,
1684,11.0,9.89,9.89,,10000000.0,4.2,,,4.2,8.0,4.0,10.0,16.0,62.0
1685,1146.0,,,,100000000.0,,,,,,,,,
1686,,29.97,29.97,,,3.9,207.0,207.0,3.9,11.0,9.0,9.0,21.0,50.0
1687,514.0,24.99,24.99,26.26,,4.3,,,4.3,5.0,4.0,9.0,15.0,67.0
1688,1997.0,,,,,4.2,135.0,135.0,4.2,9.0,2.0,7.0,22.0,60.0
1689,125.0,59.0,59.0,69.0,2000000.0,4.4,1634.0,1634.0,4.4,5.0,3.0,6.0,14.0,72.0
1690,901.0,47.89,47.89,,300000000.0,4.2,230.0,230.0,4.2,6.0,3.0,7.0,,58.0
1691,478.0,11.99,11.99,,,4.3,,,4.3,5.0,4.0,9.0,17.0,65.0
1692,1881.0,,,,100000000.0,,,,,,,,,
1693,1441.0,19.99,19.99,29.99,200000000.0,4.0,,,4.0,10.0,5.0,10.0,18.0,57.0
1694,140.0,25.99,25.99,149.99,300000000.0,4.7,41.0,41.0,4.7,0.0,0.0,15.0,0.0,85.0
1695,980.0,75.0,75.0,79.99,200000000.0,3.9,,,,,,,,
1696,,,,,,4.5,253.0,253.0,4.5,3.0,2.0,6.0,12.0,77.0
1697,1751.0,16.99,16.99,19.99,100000000.0,4.4,,,4.4,5.0,3.0,8.0,15.0,69.0
1698,2460.0,,,,,4.3,,,4.3,7.0,4.0,8.0,15.0,66.0
1699,905.0,19.99,19.99,199.99,2000000.0,5.0,,,5.0,0.0,0.0,0.0,1.0,99.0
1700,292.0,22.99,22.99,159.99,2000000.0,4.6,170.0,170.0,4.6,4.0,3.0,4.0,10.0,79.0
1701,1668.0,,,,100000000.0,3.9,1701.0,1701.0,3.9,13.0,,7.0,12.0,57.0
1702,16.0,23.98,23.98,249.99,4000000.0,4.9,743.0,743.0,4.9,1.0,0.0,1.0,1.0,97.0
1703,,9.9,9.9,,,3.8,40.0,,,,,,,
1704,,,,,,4.6,472.0,472.0,4.6,4.0,1.0,5.0,11.0,79.0
1705,517.0,,,,,,,,,,,,,
1706,1031.0,19.99,19.99,,100000000.0,4.3,205.0,205.0,4.3,7.0,3.0,9.0,10.0,71.0
1707,,7.99,7.99,,,4.0,991.0,991.0,4.0,12.0,5.0,10.0,14.0,59.0
1708,2177.0,22.99,22.99,29.99,100000000.0,4.2,2336.0,2336.0,4.2,8.0,4.0,9.0,12.0,67.0
1709,,29.99,29.99,,,4.1,66.0,66.0,4.1,11.0,5.0,7.0,13.0,64.0
1710,,14.99,14.99,,,4.4,131.0,131.0,4.4,6.0,2.0,8.0,7.0,77.0
1711,,79.99,79.99,,50000000.0,4.1,95.0,95.0,4.1,9.0,7.0,9.0,17.0,58.0
1712,2254.0,32.49,32.49,,100000000.0,4.4,,,4.4,7.0,3.0,5.0,13.0,72.0
1713,188.0,24.99,24.99,39.99,200000000.0,4.1,196.0,196.0,4.1,9.0,8.0,9.0,8.0,66.0
1714,359.0,24.95,24.95,,1000000.0,4.0,1228.0,1228.0,4.0,11.0,6.0,8.0,15.0,60.0
1715,530.0,35.99,35.99,,,4.4,,,4.4,5.0,2.0,6.0,13.0,74.0
1716,,6.99,6.99,,200000000.0,4.2,2810.0,2810.0,4.2,6.0,3.0,13.0,15.0,63.0
1717,1765.0,35.96,35.96,49.99,50000000.0,4.0,301.0,301.0,4.0,10.0,8.0,10.0,16.0,56.0
1718,1370.0,36.95,36.95,36.95,200000000.0,4.3,562.0,562.0,4.3,5.0,3.0,10.0,15.0,67.0
1719,208.0,29.99,29.99,,100000000.0,4.2,197.0,197.0,4.2,6.0,5.0,12.0,11.0,66.0
1720,1694.0,79.99,79.99,,50000000.0,3.9,,,3.9,16.0,6.0,8.0,13.0,57.0
1721,613.0,7.39,7.39,,100000000.0,4.3,16.0,16.0,4.3,0.0,8.0,13.0,14.0,65.0
1722,1426.0,15.99,15.99,,100000000.0,4.2,2550.0,2550.0,4.2,8.0,5.0,10.0,12.0,65.0
1723,136.0,7.49,7.49,,2000000.0,4.3,,,4.3,6.0,3.0,8.0,17.0,66.0
1724,133.0,,,,,4.6,,,4.6,3.0,1.0,4.0,11.0,81.0
1725,432.0,13.99,13.99,38.98,1000000.0,4.2,134.0,134.0,4.2,9.0,2.0,8.0,17.0,64.0
1726,2502.0,39.99,39.99,,100000000.0,4.4,272.0,272.0,4.4,5.0,5.0,5.0,17.0,68.0
1727,,99.99,99.99,129.99,50000000.0,4.0,1341.0,1341.0,4.0,12.0,6.0,8.0,15.0,59.0
1728,2188.0,,,,,4.5,318.0,318.0,4.5,4.0,1.0,8.0,17.0,70.0
1729,466.0,29.72,29.72,,,4.4,713.0,713.0,4.4,6.0,2.0,5.0,13.0,74.0
1730,,194.95,194.95,,,,,,,,,10.0,9.0,40.0
1732,1225.0,,,,200000000.0,3.9,,,3.9,14.0,7.0,10.0,14.0,55.0
1733,922.0,26.98,26.98,159.99,300000000.0,3.8,11.0,11.0,3.8,20.0,0.0,,0.0,60.0
1734,2359.0,,,,50000000.0,,,,,,,,,
1735,255.0,13.99,13.99,,50000000.0,3.8,965.0,965.0,3.8,14.0,8.0,11.0,18.0,49.0
1736,695.0,9.6,9.6,,400000000.0,4.4,791.0,,,,,,,
1737,417.0,89.69,89.69,102.5,1000000.0,4.0,635.0,635.0,4.0,14.0,6.0,7.0,11.0,62.0
1738,444.0,19.99,19.99,199.99,2000000.0,4.1,22.0,22.0,4.1,6.0,,11.0,0.0,69.0
1739,,,,,,4.3,76.0,,,,,,,
1740,,24.99,24.99,34.95,50000000.0,4.6,3.0,3.0,4.6,0.0,0.0,0.0,,61.0
1741,,39.99,39.99,,,4.0,308.0,308.0,4.0,10.0,8.0,11.0,18.0,53.0
1742,282.0,12.99,12.99,14.99,2000000.0,4.5,153.0,153.0,4.5,3.0,1.0,8.0,12.0,76.0
1743,,6.0,6.0,,,,4.0,4.0,,,,0.0,0.0,44.0
1744,663.0,9.99,9.99,11.95,,4.5,,,4.5,3.0,2.0,7.0,16.0,72.0
1745,1224.0,129.95,129.95,,200000000.0,4.4,1520.0,1520.0,4.4,6.0,3.0,6.0,12.0,73.0
1746,60.0,,,,1000000.0,,,,,,,,,
1747,1893.0,29.99,29.99,36.99,100000000.0,4.1,223.0,223.0,4.1,7.0,3.0,12.0,24.0,54.0
1748,154.0,,,,,4.0,787.0,787.0,4.0,10.0,6.0,12.0,19.0,53.0
1749,2061.0,77.99,77.99,,50000000.0,4.4,382.0,382.0,4.4,5.0,2.0,6.0,21.0,66.0
1750,200.0,16.98,16.98,,2000000.0,4.0,858.0,858.0,4.0,15.0,4.0,8.0,12.0,61.0
1751,839.0,,,,400000000.0,,,,,,,,,
1752,,,,,200000000.0,,,,,,,,,
1753,496.0,209.99,209.99,,,3.9,434.0,434.0,3.9,13.0,6.0,12.0,13.0,56.0
1754,36.0,199.95,199.95,,1000000.0,4.5,579.0,579.0,4.5,4.0,2.0,7.0,13.0,74.0
1755,,5.97,5.97,,,,,,,0.0,0.0,0.0,0.0,
1756,350.0,45.89,45.89,49.99,1000000.0,4.4,,,4.4,5.0,4.0,6.0,14.0,71.0
1757,148.0,,,,,4.2,,,4.2,10.0,4.0,7.0,13.0,66.0
1758,1098.0,19.99,19.99,79.99,400000000.0,4.0,21.0,21.0,4.0,10.0,6.0,11.0,16.0,57.0
1760,372.0,109.95,109.95,,50000000.0,3.9,468.0,468.0,3.9,10.0,9.0,11.0,17.0,53.0
1761,2301.0,122.99,122.99,134.99,50000000.0,4.1,22.0,22.0,4.1,7.0,10.0,7.0,15.0,61.0
1762,653.0,169.99,169.99,,1000000.0,3.9,38.0,38.0,3.9,14.0,9.0,7.0,7.0,63.0
1763,713.0,69.99,69.99,,,4.0,712.0,712.0,4.0,11.0,7.0,11.0,14.0,57.0
1764,2423.0,,,,,4.0,134.0,,,,,,,
1765,1779.0,,,,,4.6,65.0,65.0,4.6,0.0,3.0,3.0,,68.0
1766,1471.0,59.99,59.99,,100000000.0,4.1,18.0,18.0,4.1,7.0,8.0,8.0,14.0,63.0
1767,523.0,139.99,139.99,,300000000.0,4.4,,,4.4,6.0,3.0,5.0,12.0,74.0
1768,,113.13,113.13,189.99,50000000.0,4.0,45.0,45.0,4.0,16.0,5.0,0.0,15.0,64.0
1769,,19.99,19.99,29.99,50000000.0,4.3,,,4.3,8.0,3.0,8.0,12.0,69.0
1770,,,,,50000000.0,4.3,75.0,75.0,4.3,5.0,0.0,15.0,13.0,67.0
1771,179.0,24.99,24.99,,2000000.0,4.6,236.0,236.0,4.6,5.0,3.0,0.0,9.0,83.0
1772,1316.0,,,,100000000.0,,,,,,,,,
1773,1036.0,,,,300000000.0,,,,,,,,,
1774,1750.0,19.99,19.99,199.99,7000000.0,4.9,1150.0,,,,,,,
1775,1977.0,,,,,4.3,,,4.3,6.0,5.0,7.0,17.0,65.0
1776,2124.0,49.0,49.0,,,3.4,46.0,46.0,3.4,18.0,7.0,,20.0,34.0
1777,786.0,25.99,25.99,59.99,,4.0,17.0,17.0,4.0,8.0,8.0,13.0,13.0,58.0
1778,966.0,17.99,17.99,19.99,100000000.0,4.3,936.0,936.0,4.3,7.0,4.0,7.0,13.0,69.0
1779,504.0,14.99,14.99,49.99,,3.6,1411.0,1411.0,3.6,16.0,9.0,13.0,15.0,47.0
1780,1384.0,,,,100000000.0,,,,,,,,,
1781,1617.0,,,,50000000.0,,,,,,,,,
1782,2355.0,,,,100000000.0,,,,,,,,,
1783,909.0,17.99,17.99,22.99,200000000.0,4.3,769.0,769.0,4.3,7.0,2.0,11.0,11.0,69.0
1784,41.0,14.99,14.99,16.99,400000000.0,4.0,,,4.0,12.0,4.0,12.0,17.0,55.0
1785,,8.99,8.99,,50000000.0,4.0,16.0,16.0,4.0,7.0,8.0,13.0,21.0,51.0
1786,,26.99,26.99,109.99,200000000.0,4.0,373.0,373.0,4.0,11.0,6.0,10.0,16.0,57.0
1787,442.0,59.99,59.99,,50000000.0,3.5,35.0,35.0,3.5,18.0,,7.0,22.0,41.0
1788,,12.37,12.37,,,4.2,327.0,327.0,4.2,8.0,4.0,9.0,14.0,65.0
1789,,,,,,4.4,199.0,199.0,4.4,5.0,4.0,9.0,13.0,69.0
1790,1018.0,99.0,99.0,,200000000.0,4.2,,,4.2,8.0,6.0,9.0,14.0,63.0
1791,1821.0,19.99,19.99,19.99,100000000.0,3.4,217.0,217.0,3.4,,7.0,9.0,15.0,43.0
1792,36.0,,,,,3.8,1159.0,1159.0,3.8,18.0,5.0,7.0,12.0,58.0
1793,1067.0,7.95,7.95,,200000000.0,4.4,,,4.4,4.0,3.0,8.0,16.0,69.0
1794,784.0,,,,,,,,,,,,,
1795,15.0,121.04,121.04,164.95,,4.2,,,,,,,,
1796,2555.0,18.99,18.99,23.99,50000000.0,4.6,,,4.6,3.0,2.0,3.0,11.0,81.0
1797,,49.99,49.99,69.99,100000000.0,4.3,67.0,67.0,4.3,4.0,2.0,11.0,25.0,58.0
1798,139.0,62.4,62.4,59.84,50000000.0,4.4,1752.0,1752.0,4.4,7.0,3.0,5.0,15.0,70.0
1799,268.0,8.99,8.99,,300000000.0,4.4,208.0,208.0,4.4,5.0,3.0,7.0,14.0,71.0
1800,281.0,123.07,123.07,171.55,1000000.0,4.5,,,4.5,6.0,3.0,4.0,11.0,76.0
1801,316.0,179.0,179.0,229.0,2000000.0,4.1,1276.0,1276.0,4.1,11.0,5.0,7.0,11.0,66.0
1802,2372.0,,,,100000000.0,,,,,,,,,
1803,2131.0,19.99,19.99,,100000000.0,4.4,122.0,,,,,,,
1804,,49.99,49.99,,,4.1,210.0,210.0,4.1,13.0,4.0,6.0,13.0,64.0
1805,,129.95,129.95,179.95,50000000.0,3.5,217.0,217.0,3.5,18.0,,14.0,10.0,46.0
1806,229.0,,,,100000000.0,,,,,,,,,
1807,2399.0,22.99,22.99,,50000000.0,4.3,184.0,184.0,4.3,5.0,4.0,12.0,14.0,65.0
1808,238.0,18.99,18.99,21.99,1000000.0,4.3,,,4.3,6.0,4.0,7.0,17.0,66.0
1809,770.0,19.98,19.98,24.99,,4.3,2262.0,2262.0,4.3,6.0,4.0,8.0,18.0,64.0
1810,,198.99,198.99,,,4.1,82.0,82.0,4.1,12.0,6.0,2.0,19.0,61.0
1811,,49.99,49.99,49.99,,3.8,1469.0,1469.0,3.8,16.0,6.0,10.0,14.0,54.0
1813,1572.0,99.99,99.99,129.99,100000000.0,4.3,1366.0,,,,,,,
1814,,,,,,4.5,185.0,185.0,4.5,8.0,1.0,2.0,4.0,85.0
1815,,29.95,29.95,,,3.9,459.0,459.0,3.9,13.0,5.0,13.0,11.0,58.0
1816,373.0,15.99,15.99,,1000000.0,4.1,167.0,167.0,4.1,11.0,1.0,15.0,16.0,57.0
1817,,49.49,49.49,,,3.7,43.0,43.0,3.7,15.0,10.0,17.0,6.0,52.0
1818,645.0,37.29,37.29,48.48,,4.0,387.0,387.0,4.0,11.0,8.0,8.0,11.0,62.0
1819,519.0,49.0,49.0,,100000000.0,4.2,626.0,626.0,4.2,8.0,4.0,7.0,17.0,64.0
1820,,,,,,4.2,1954.0,1954.0,4.2,7.0,6.0,8.0,15.0,64.0
1821,831.0,12.98,12.98,12.98,400000000.0,4.2,597.0,597.0,4.2,9.0,5.0,5.0,12.0,69.0
1822,93.0,79.99,79.99,89.99,400000000.0,4.3,389.0,389.0,4.3,7.0,5.0,6.0,16.0,66.0
1823,,,,,,4.1,589.0,589.0,4.1,9.0,4.0,10.0,16.0,61.0
1824,223.0,109.0,109.0,109.0,1000000.0,4.4,,,4.4,5.0,4.0,7.0,12.0,72.0
1825,79.0,55.99,55.99,69.99,,4.4,269.0,269.0,4.4,6.0,2.0,5.0,21.0,66.0
1826,42.0,66.47,66.47,,50000000.0,4.0,,,4.0,14.0,6.0,8.0,13.0,59.0
1827,127.0,99.99,99.99,,300000000.0,4.3,1029.0,1029.0,4.3,6.0,4.0,9.0,15.0,66.0
1828,131.0,5.99,5.99,,3000000.0,4.3,848.0,848.0,4.3,6.0,4.0,8.0,12.0,70.0
1829,1345.0,,,,,4.2,2383.0,2383.0,4.2,9.0,4.0,7.0,14.0,66.0
1830,572.0,9.99,9.99,,,3.7,35.0,35.0,3.7,17.0,,6.0,10.0,55.0
1831,,29.99,29.99,,,4.0,120.0,120.0,4.0,15.0,4.0,10.0,8.0,63.0
1832,920.0,169.99,169.99,,,4.5,34.0,34.0,4.5,7.0,0.0,5.0,5.0,83.0
1833,,49.99,49.99,,,4.0,,,4.0,13.0,5.0,9.0,16.0,57.0
1834,1300.0,45.33,45.33,49.0,100000000.0,4.5,574.0,574.0,4.5,5.0,3.0,6.0,11.0,75.0
1835,1539.0,20.89,20.89,21.99,100000000.0,4.2,416.0,416.0,4.2,6.0,4.0,9.0,20.0,61.0
1836,596.0,24.99,24.99,79.99,,4.4,901.0,901.0,4.4,6.0,2.0,8.0,12.0,72.0
1837,371.0,21.99,21.99,39.99,,4.4,2191.0,2191.0,4.4,5.0,2.0,6.0,16.0,71.0
1838,20.0,29.98,29.98,44.99,400000000.0,4.6,181.0,181.0,4.6,6.0,2.0,4.0,3.0,85.0
1839,,89.99,89.99,89.99,,3.9,1292.0,1292.0,3.9,17.0,6.0,6.0,12.0,59.0
1840,197.0,62.97,62.97,,50000000.0,4.8,6.0,6.0,4.8,0.0,0.0,0.0,20.0,80.0
1841,1637.0,159.0,159.0,,,3.9,,,3.9,16.0,7.0,7.0,10.0,60.0
1842,419.0,33.74,33.74,,,,23.0,23.0,,,0.0,10.0,11.0,44.0
1843,,,,,,3.6,23.0,23.0,3.6,18.0,6.0,17.0,19.0,40.0
1844,890.0,9.97,9.97,,400000000.0,4.4,236.0,236.0,4.4,7.0,3.0,6.0,11.0,73.0
1845,1965.0,19.99,19.99,,,3.8,39.0,39.0,3.8,13.0,5.0,,14.0,49.0
1846,582.0,77.99,77.99,,50000000.0,4.0,70.0,70.0,4.0,6.0,8.0,16.0,14.0,56.0
1847,,14.99,14.99,19.99,,4.4,217.0,217.0,4.4,6.0,2.0,4.0,17.0,71.0
1848,122.0,8.99,8.99,,2000000.0,4.1,2237.0,2237.0,4.1,9.0,6.0,11.0,15.0,59.0
1849,1962.0,17.99,17.99,23.99,,4.0,45.0,,,,,,,
1851,78.0,44.99,44.99,,,4.1,1751.0,1751.0,4.1,10.0,5.0,7.0,14.0,64.0
1852,1171.0,26.1,26.1,37.29,200000000.0,4.4,,,4.4,5.0,3.0,5.0,13.0,74.0
1853,878.0,,,,400000000.0,,,,,,,,,
1854,1144.0,19.99,19.99,25.99,300000000.0,4.3,20.0,20.0,4.3,8.0,8.0,0.0,9.0,75.0
1855,2302.0,,,,,4.2,474.0,474.0,4.2,9.0,3.0,8.0,15.0,65.0
1856,137.0,,,,300000000.0,,,,,,,,,
1857,100.0,39.97,39.97,,100000000.0,3.8,41.0,41.0,3.8,16.0,5.0,10.0,15.0,54.0
1858,,26.99,26.99,,,3.8,203.0,203.0,3.8,11.0,10.0,12.0,16.0,51.0
1859,1129.0,7.99,7.99,,300000000.0,4.2,,,4.2,9.0,4.0,9.0,13.0,65.0
1860,,44.99,44.99,,,4.2,,,,,,,,
1861,1208.0,7.15,7.15,,200000000.0,4.4,,,4.4,5.0,3.0,8.0,14.0,70.0
1862,47.0,60.79,60.79,71.99,200000000.0,4.4,183.0,183.0,4.4,6.0,2.0,5.0,14.0,73.0
1863,330.0,,,,1000000.0,,,,,,,,,
1864,,9.99,9.99,,,5.0,24.0,24.0,5.0,0.0,0.0,0.0,0.0,100.0
1865,,,,,,4.0,50.0,50.0,4.0,19.0,0.0,11.0,0.0,70.0
1866,1472.0,,,,,,,,,,,,,
1867,,19.99,19.99,,,3.8,533.0,533.0,3.8,14.0,8.0,11.0,16.0,51.0
1868,,29.99,29.99,49.99,,4.1,75.0,75.0,4.1,9.0,8.0,10.0,11.0,62.0
1869,778.0,29.99,29.99,,100000000.0,4.3,267.0,267.0,4.3,8.0,2.0,9.0,11.0,70.0
1870,1483.0,19.99,19.99,24.99,300000000.0,4.2,,,4.2,9.0,4.0,9.0,15.0,63.0
1872,53.0,79.96,79.96,,200000000.0,4.3,149.0,149.0,4.3,8.0,2.0,7.0,14.0,69.0
1873,,17.99,17.99,,,4.2,15.0,,,,,,,
1874,,21.99,21.99,,,4.2,29.0,29.0,4.2,8.0,7.0,11.0,7.0,67.0
1875,,9.99,9.99,,,,5.0,5.0,,,,0.0,0.0,54.0
1876,73.0,21.99,21.99,24.99,,4.2,2949.0,2949.0,4.2,7.0,5.0,10.0,17.0,61.0
1877,97.0,6.99,6.99,,3000000.0,4.3,998.0,998.0,4.3,7.0,3.0,9.0,11.0,70.0
1878,1777.0,19.99,19.99,,100000000.0,4.2,140.0,140.0,4.2,12.0,3.0,5.0,10.0,70.0
1879,1946.0,42.5,42.5,69.0,50000000.0,3.9,,,3.9,16.0,4.0,7.0,16.0,57.0
1880,,22.99,22.99,,50000000.0,4.5,247.0,247.0,4.5,4.0,2.0,7.0,14.0,73.0
1881,,,,,,4.4,797.0,797.0,4.4,6.0,3.0,6.0,12.0,73.0
1882,893.0,17.99,17.99,,400000000.0,4.2,324.0,324.0,4.2,8.0,7.0,6.0,16.0,63.0
1883,,15.99,15.99,29.99,,4.6,7.0,7.0,4.6,0.0,0.0,,0.0,82.0
1884,,109.99,109.99,109.99,,3.4,499.0,499.0,3.4,21.0,,14.0,12.0,41.0
1886,,49.0,49.0,,,,4.0,4.0,,,,0.0,25.0,
1887,1927.0,129.99,129.99,,100000000.0,4.1,738.0,738.0,4.1,9.0,4.0,8.0,19.0,60.0
1888,88.0,109.99,109.99,86.47,100000000.0,4.2,1603.0,1603.0,4.2,10.0,3.0,7.0,14.0,66.0
1889,,124.99,124.99,,,4.3,,,4.3,9.0,2.0,4.0,14.0,71.0
1890,550.0,34.99,34.99,34.99,,4.4,,3062.0,4.4,5.0,3.0,9.0,16.0,67.0
1891,,12.99,12.99,,50000000.0,3.7,34.0,34.0,3.7,13.0,,8.0,12.0,50.0
1892,284.0,19.99,19.99,,50000000.0,3.9,2607.0,2607.0,3.9,14.0,6.0,9.0,14.0,57.0
1893,,12.99,12.99,,,4.0,250.0,250.0,4.0,11.0,4.0,12.0,18.0,55.0
1894,,19.99,19.99,24.99,100000000.0,4.4,,,4.4,5.0,4.0,7.0,16.0,68.0
1895,529.0,18.98,18.98,24.99,,4.2,549.0,549.0,4.2,7.0,4.0,9.0,16.0,64.0
1896,24.0,,,,9000000.0,,,,,,,,,
1897,1212.0,,,,,4.7,94.0,94.0,4.7,3.0,3.0,3.0,4.0,87.0
1898,,19.99,19.99,32.99,50000000.0,,99.0,,,,,,,
1899,1121.0,14.99,14.99,,50000000.0,4.3,327.0,327.0,4.3,5.0,4.0,7.0,16.0,68.0
1900,824.0,,,,,4.4,82.0,82.0,4.4,4.0,3.0,9.0,14.0,70.0
1901,,24.99,24.99,,,3.7,1490.0,1490.0,3.7,16.0,8.0,9.0,17.0,50.0
1902,198.0,29.99,29.99,39.99,100000000.0,4.1,800.0,800.0,4.1,9.0,5.0,9.0,15.0,62.0
1903,144.0,,,,,3.6,42.0,42.0,3.6,17.0,,10.0,12.0,50.0
1904,,74.99,74.99,74.99,,3.7,37.0,37.0,3.7,20.0,7.0,9.0,11.0,53.0
1905,,19.97,19.97,22.99,,3.7,347.0,347.0,3.7,16.0,8.0,13.0,15.0,48.0
1906,1897.0,99.99,99.99,129.99,100000000.0,4.1,225.0,225.0,4.1,14.0,2.0,10.0,10.0,64.0
1907,1723.0,,,,,4.6,21.0,21.0,4.6,0.0,0.0,15.0,11.0,74.0
1908,616.0,22.49,22.49,24.99,,4.4,62.0,62.0,4.4,4.0,2.0,7.0,22.0,65.0
1909,,16.95,16.95,,50000000.0,4.1,404.0,404.0,4.1,7.0,8.0,9.0,17.0,59.0
1910,,,,,,4.2,,,4.2,7.0,4.0,8.0,17.0,64.0
1911,,9.99,9.99,,,4.4,5.0,,,,,,,
1912,2123.0,19.99,19.99,199.99,2000000.0,5.0,,,,,,,,
1913,,,,,,3.5,31.0,31.0,3.5,11.0,,17.0,16.0,39.0
1914,27.0,32.0,32.0,,200000000.0,4.2,677.0,677.0,4.2,9.0,4.0,8.0,12.0,67.0
1915,,59.99,59.99,,,4.5,537.0,537.0,4.5,4.0,2.0,5.0,16.0,73.0
1916,598.0,,,,,,,,,,,,,
1917,,16.99,16.99,,,,155.0,155.0,,,5.0,9.0,20.0,
1918,2492.0,9.99,9.99,15.99,200000000.0,4.4,578.0,578.0,4.4,4.0,4.0,5.0,17.0,70.0
1919,399.0,,,,,3.8,264.0,264.0,3.8,13.0,7.0,13.0,17.0,50.0
1920,,159.99,159.99,,,4.2,49.0,49.0,4.2,8.0,0.0,15.0,11.0,66.0
1921,48.0,13.59,13.59,,6000000.0,4.3,,,,,,,,
1922,667.0,11.17,11.17,,400000000.0,4.1,757.0,757.0,4.1,11.0,4.0,6.0,14.0,65.0
1923,,49.0,49.0,,,3.9,56.0,56.0,3.9,11.0,6.0,16.0,16.0,51.0
1924,26.0,63.94,63.94,139.99,,4.2,1166.0,1166.0,4.2,10.0,4.0,6.0,13.0,67.0
1925,2414.0,,,,,3.7,43.0,43.0,3.7,16.0,,7.0,5.0,58.0
1926,,,,,,4.0,1661.0,1661.0,4.0,11.0,5.0,11.0,14.0,59.0
1927,,29.99,29.99,,50000000.0,4.3,479.0,479.0,4.3,7.0,3.0,6.0,17.0,67.0
1928,2153.0,,,,,4.2,743.0,743.0,4.2,9.0,3.0,8.0,15.0,65.0
1929,,18.64,18.64,29.83,,4.3,220.0,220.0,4.3,5.0,4.0,11.0,15.0,65.0
1930,,9.99,9.99,,,4.6,17.0,17.0,4.6,0.0,0.0,10.0,14.0,76.0
1931,643.0,,,,,4.1,,,4.1,7.0,6.0,11.0,16.0,60.0
1932,7.0,39.99,39.99,49.99,1000000.0,4.6,1278.0,1278.0,4.6,4.0,2.0,3.0,14.0,77.0
1933,24.0,66.11,66.11,82.89,1000000.0,4.6,2211.0,2211.0,4.6,4.0,2.0,4.0,9.0,81.0
1934,20.0,89.99,89.99,99.99,1000000.0,4.6,1918.0,1918.0,4.6,4.0,3.0,3.0,11.0,79.0
1935,5.0,29.99,29.99,29.99,2000000.0,4.2,,,4.2,8.0,4.0,7.0,14.0,67.0
1936,103.0,65.99,65.99,69.99,400000000.0,4.4,,,4.4,4.0,4.0,8.0,14.0,70.0
1937,13.0,69.99,69.99,89.99,1000000.0,4.6,2172.0,2172.0,4.6,3.0,2.0,4.0,12.0,79.0
1938,55.0,114.99,114.99,169.99,,4.5,,,4.5,5.0,2.0,4.0,10.0,79.0
1939,9.0,56.99,56.99,56.99,400000000.0,4.5,550.0,550.0,4.5,6.0,1.0,5.0,12.0,76.0
1940,36.0,159.0,159.0,179.99,1000000.0,4.3,,,4.3,8.0,4.0,5.0,11.0,72.0
1941,3.0,28.99,28.99,,,4.4,,,4.4,5.0,3.0,6.0,15.0,71.0
1942,6.0,39.99,39.99,,1000000.0,4.7,417.0,417.0,4.7,1.0,1.0,4.0,10.0,84.0
1943,3.0,63.71,63.71,79.99,2000000.0,4.7,1212.0,1212.0,4.7,3.0,1.0,3.0,9.0,84.0
1944,168.0,19.99,19.99,,300000000.0,4.7,52.0,52.0,4.7,4.0,0.0,5.0,5.0,86.0
1945,23.0,63.99,63.99,79.99,1000000.0,4.7,,,4.7,3.0,1.0,4.0,8.0,84.0
1946,365.0,,,,,4.6,139.0,139.0,4.6,2.0,1.0,6.0,13.0,78.0
1947,34.0,29.99,29.99,,,4.3,,,4.3,6.0,4.0,8.0,15.0,67.0
1948,100.0,109.99,109.99,109.99,200000000.0,4.2,,,4.2,10.0,5.0,4.0,12.0,69.0
1949,61.0,,,,,4.6,1386.0,1386.0,4.6,4.0,1.0,3.0,11.0,81.0
1950,30.0,56.99,56.99,,1000000.0,4.7,1157.0,1157.0,4.7,1.0,1.0,4.0,11.0,83.0
1951,54.0,53.99,53.99,59.99,,4.4,,,4.4,6.0,3.0,5.0,11.0,75.0
1952,51.0,54.99,54.99,69.99,,4.5,,,4.5,4.0,2.0,5.0,13.0,76.0
1953,14.0,59.99,59.99,,1000000.0,4.5,,,4.5,3.0,2.0,6.0,13.0,76.0
1954,33.0,37.99,37.99,49.99,1000000.0,4.5,192.0,192.0,4.5,3.0,1.0,8.0,19.0,69.0
1955,16.0,63.11,63.11,78.89,1000000.0,4.6,1193.0,1193.0,4.6,3.0,1.0,3.0,12.0,81.0
1956,140.0,92.99,92.99,99.99,200000000.0,4.6,,,4.6,4.0,2.0,4.0,10.0,80.0
1957,163.0,119.99,119.99,119.99,200000000.0,4.2,284.0,284.0,4.2,10.0,4.0,5.0,13.0,68.0
1958,154.0,,,239.99,300000000.0,4.4,,,4.4,6.0,3.0,6.0,9.0,76.0
1959,98.0,39.98,39.98,39.98,400000000.0,4.3,275.0,,,,,,,
1960,52.0,75.99,75.99,89.99,,4.6,273.0,273.0,4.6,3.0,2.0,4.0,13.0,78.0
1961,196.0,79.85,79.85,99.99,200000000.0,4.6,243.0,243.0,4.6,2.0,3.0,6.0,9.0,80.0
1962,217.0,134.99,134.99,169.99,200000000.0,4.4,1857.0,1857.0,4.4,6.0,3.0,6.0,12.0,73.0
1963,46.0,91.99,91.99,119.99,400000000.0,4.7,154.0,,,,,,,
1964,125.0,75.89,75.89,89.89,300000000.0,4.6,661.0,661.0,4.6,3.0,2.0,4.0,10.0,81.0
1965,13.0,79.99,79.99,79.99,300000000.0,4.4,976.0,976.0,4.4,6.0,4.0,6.0,15.0,69.0
1966,110.0,,,,300000000.0,,,,,,,,,
1967,191.0,62.0,62.0,100.0,300000000.0,4.6,724.0,,,,,,,
1968,107.0,,,,300000000.0,,,,,,,,,
1969,376.0,,,,100000000.0,,,,,,,,,
1970,4.0,79.99,79.99,,300000000.0,4.4,,,,,,,,
1971,10.0,84.99,84.99,,300000000.0,4.4,479.0,479.0,4.4,6.0,4.0,7.0,11.0,72.0
1972,7.0,158.99,158.99,209.99,400000000.0,4.6,757.0,757.0,4.6,5.0,2.0,4.0,8.0,81.0
1973,1003.0,150.6,150.6,159.99,50000000.0,4.5,1099.0,1099.0,4.5,5.0,2.0,5.0,11.0,77.0
1974,91.0,119.99,119.99,119.99,300000000.0,4.6,,,4.6,3.0,2.0,3.0,10.0,82.0
1975,6.0,,,,,,,,,,,,,
1976,76.0,39.99,39.99,,,4.3,328.0,328.0,4.3,6.0,5.0,6.0,16.0,67.0
1977,596.0,29.99,29.99,42.99,100000000.0,4.6,480.0,480.0,4.6,4.0,2.0,4.0,12.0,78.0
1978,2.0,56.99,56.99,59.99,2000000.0,4.5,,,4.5,5.0,3.0,4.0,13.0,75.0
1979,65.0,29.99,29.99,34.99,,4.5,,,4.5,4.0,2.0,7.0,15.0,72.0
1980,40.0,65.99,65.99,82.99,1000000.0,4.7,439.0,439.0,4.7,2.0,0.0,3.0,12.0,83.0
1981,68.0,55.19,55.19,68.99,,4.7,,,4.7,2.0,1.0,2.0,12.0,83.0
1982,58.0,59.99,59.99,69.99,,4.6,,,4.6,3.0,2.0,5.0,13.0,77.0
1983,38.0,16.99,16.99,19.99,1000000.0,4.3,,,4.3,6.0,3.0,7.0,15.0,69.0
1984,73.0,,,,,,,,,,,,,
1985,115.0,59.99,59.99,,300000000.0,4.6,837.0,,,,,,,
1986,53.0,54.99,54.99,59.99,,4.6,1362.0,,,,,,,
1987,41.0,67.14,67.14,78.99,100000000.0,4.5,457.0,457.0,4.5,5.0,2.0,3.0,11.0,79.0
1988,341.0,84.79,84.79,105.99,100000000.0,4.5,162.0,162.0,4.5,4.0,2.0,5.0,12.0,77.0
1989,380.0,59.95,59.95,99.99,100000000.0,4.4,1602.0,1602.0,4.4,7.0,3.0,5.0,9.0,76.0
1990,1423.0,,,,50000000.0,,,,,,,,,
1991,325.0,,,,100000000.0,,,,,,,,,
1992,12.0,,,,300000000.0,,,,,,,,,
1993,8.0,15.97,15.97,,1000000.0,4.4,841.0,841.0,4.4,6.0,2.0,6.0,15.0,71.0
1994,306.0,115.74,115.74,,50000000.0,4.7,1885.0,1885.0,4.7,3.0,1.0,2.0,10.0,84.0
1995,55.0,,,,,4.8,125.0,125.0,4.8,2.0,2.0,0.0,8.0,88.0
1996,231.0,68.0,68.0,79.99,200000000.0,4.6,976.0,976.0,4.6,2.0,2.0,4.0,10.0,82.0
1997,412.0,,,,100000000.0,,,,,,,,,
1998,304.0,59.99,59.99,77.99,100000000.0,4.5,663.0,663.0,4.5,5.0,1.0,4.0,12.0,78.0
1999,151.0,,,,,4.6,619.0,619.0,4.6,2.0,2.0,3.0,13.0,80.0
2000,74.0,56.99,56.99,79.99,,4.4,794.0,794.0,4.4,5.0,2.0,7.0,12.0,74.0
2001,199.0,,,,100000000.0,,,,,,,,,
2002,610.0,49.99,49.99,,50000000.0,4.3,34.0,34.0,4.3,5.0,6.0,9.0,14.0,66.0
2003,884.0,79.1,79.1,,,4.6,583.0,583.0,4.6,2.0,4.0,4.0,15.0,75.0
2004,,119.99,119.99,,50000000.0,4.8,55.0,55.0,4.8,0.0,0.0,3.0,18.0,79.0
2005,650.0,34.99,34.99,39.99,50000000.0,4.7,,,4.7,2.0,1.0,3.0,13.0,81.0
2006,38.0,66.49,66.49,84.99,50000000.0,4.7,314.0,314.0,4.7,0.0,2.0,2.0,13.0,83.0
2007,669.0,79.99,79.99,,50000000.0,4.8,30.0,30.0,4.8,0.0,0.0,5.0,9.0,86.0
2009,626.0,84.79,84.79,105.99,50000000.0,3.9,2321.0,2321.0,3.9,13.0,7.0,8.0,15.0,57.0
2010,125.0,59.0,59.0,69.99,,4.5,57.0,,,,,,,
2011,287.0,79.99,79.99,99.99,100000000.0,4.0,157.0,157.0,4.0,14.0,6.0,4.0,10.0,66.0
2012,260.0,72.99,72.99,90.99,100000000.0,4.8,833.0,833.0,4.8,1.0,1.0,2.0,8.0,88.0
2013,303.0,89.99,89.99,99.99,50000000.0,4.7,2074.0,2074.0,4.7,2.0,0.0,3.0,9.0,86.0
2014,667.0,24.29,24.29,26.99,50000000.0,4.2,1256.0,1256.0,4.2,7.0,7.0,9.0,12.0,65.0
2015,566.0,11.99,11.99,13.99,50000000.0,4.4,246.0,246.0,4.4,1.0,4.0,12.0,21.0,62.0
2016,1830.0,49.99,49.99,,,4.0,104.0,104.0,4.0,8.0,8.0,8.0,20.0,56.0
2017,1062.0,,,,,4.8,11.0,11.0,4.8,0.0,0.0,0.0,22.0,78.0
2018,256.0,31.99,31.99,39.99,,4.1,2549.0,2549.0,4.1,8.0,7.0,8.0,15.0,62.0
2019,258.0,29.99,29.99,,100000000.0,4.2,,,4.2,8.0,5.0,7.0,15.0,65.0
2020,265.0,64.0,64.0,64.0,200000000.0,4.5,131.0,131.0,4.5,5.0,4.0,4.0,12.0,75.0
2021,265.0,62.87,62.87,,50000000.0,3.4,61.0,,,,8.0,14.0,15.0,40.0
2022,1040.0,12.67,12.67,,50000000.0,3.9,98.0,98.0,3.9,13.0,4.0,11.0,19.0,53.0
2023,589.0,35.59,35.59,39.99,50000000.0,4.2,2315.0,2315.0,4.2,8.0,7.0,5.0,9.0,71.0
2024,220.0,71.99,71.99,79.99,300000000.0,4.9,61.0,61.0,4.9,0.0,0.0,0.0,13.0,87.0
2025,616.0,,,,,4.0,27.0,27.0,4.0,14.0,5.0,9.0,13.0,59.0
2026,458.0,119.95,119.95,119.95,100000000.0,4.2,48.0,48.0,4.2,12.0,4.0,4.0,8.0,72.0
2027,122.0,29.99,29.99,36.99,400000000.0,4.5,,,4.5,4.0,2.0,6.0,14.0,74.0
2029,1412.0,39.99,39.99,39.99,,4.5,1847.0,1847.0,4.5,3.0,2.0,5.0,16.0,74.0
2030,1882.0,,,,,,,,,,,,,
2031,4.0,,,,3000000.0,,,,,,,,,
2032,2091.0,,,,,,,,,,,,,
2033,434.0,40.55,40.55,42.69,50000000.0,4.7,162.0,162.0,4.7,2.0,1.0,3.0,12.0,82.0
2034,37.0,,,,1000000.0,,,,,,,,,
2035,599.0,68.0,68.0,85.0,50000000.0,4.7,531.0,531.0,4.7,2.0,2.0,2.0,7.0,87.0
2036,27.0,29.99,29.99,36.99,1000000.0,4.4,,,4.4,6.0,3.0,6.0,12.0,73.0
2037,2156.0,,,,50000000.0,,,,,,,,,
2038,689.0,47.99,47.99,59.99,100000000.0,4.1,189.0,189.0,4.1,11.0,5.0,10.0,11.0,63.0
2039,2215.0,,,,50000000.0,,,,,,,,,
2040,490.0,,,,,4.6,2249.0,2249.0,4.6,2.0,1.0,4.0,14.0,79.0
2041,1.0,39.99,39.99,,3000000.0,4.5,,,4.5,3.0,2.0,5.0,14.0,76.0
2042,870.0,29.29,29.29,39.99,,4.4,63.0,63.0,4.4,0.0,7.0,9.0,18.0,66.0
2043,920.0,70.0,70.0,70.0,,4.3,39.0,39.0,4.3,3.0,4.0,12.0,22.0,59.0
2044,1404.0,67.49,67.49,89.99,,4.7,24.0,24.0,4.7,0.0,0.0,6.0,17.0,77.0
2045,400.0,,,,50000000.0,,,,,,,,,
2046,437.0,,,,,,,,,,,,,
2047,225.0,29.99,29.99,44.99,200000000.0,4.6,,,4.6,2.0,1.0,4.0,14.0,79.0
2048,244.0,,,,200000000.0,,,,,,,,,
2049,514.0,49.99,49.99,69.99,50000000.0,4.2,53.0,53.0,4.2,7.0,6.0,8.0,19.0,60.0
2050,,26.99,26.99,,,4.2,73.0,73.0,4.2,7.0,3.0,10.0,20.0,60.0
2051,594.0,64.99,64.99,64.99,100000000.0,4.4,233.0,233.0,4.4,4.0,5.0,7.0,11.0,73.0
2052,1056.0,39.98,39.98,,50000000.0,4.9,27.0,27.0,4.9,0.0,0.0,0.0,10.0,90.0
2053,993.0,109.99,109.99,,50000000.0,4.0,25.0,25.0,4.0,6.0,7.0,12.0,,46.0
2054,257.0,35.99,35.99,43.99,200000000.0,4.3,,,,,,,,
2055,243.0,98.99,98.99,109.99,200000000.0,4.8,81.0,81.0,4.8,0.0,2.0,1.0,10.0,87.0
2056,19.0,,,,1000000.0,,,,,,,,,
2057,1260.0,29.99,29.99,,,4.7,24.0,24.0,4.7,0.0,0.0,5.0,17.0,78.0
2058,955.0,119.0,119.0,159.99,,4.3,158.0,158.0,4.3,5.0,5.0,10.0,9.0,71.0
2059,646.0,34.99,34.99,49.99,100000000.0,4.6,2537.0,2537.0,4.6,3.0,2.0,4.0,12.0,79.0
2060,329.0,23.99,23.99,29.99,100000000.0,4.6,72.0,,,,,,,
2061,,54.95,54.95,59.99,,4.2,197.0,197.0,4.2,8.0,5.0,8.0,15.0,64.0
2062,495.0,76.49,76.49,89.99,100000000.0,4.8,197.0,197.0,4.8,1.0,0.0,2.0,10.0,87.0
2063,181.0,,,,200000000.0,,,,,,,,,
2064,416.0,,,,100000000.0,,,,,,,,,
2065,324.0,59.49,59.49,79.99,100000000.0,4.4,1890.0,1890.0,4.4,5.0,2.0,6.0,17.0,70.0
2066,42.0,74.99,74.99,129.99,100000000.0,4.7,777.0,777.0,4.7,2.0,2.0,3.0,9.0,84.0
2067,192.0,,,,300000000.0,,,,,,,,,
2068,77.0,17.79,17.79,19.99,300000000.0,4.3,2383.0,2383.0,4.3,6.0,3.0,8.0,15.0,68.0
2069,100.0,119.99,119.99,119.99,300000000.0,4.6,198.0,198.0,4.6,2.0,3.0,6.0,13.0,76.0
2070,44.0,29.99,29.99,36.99,,4.3,,,4.3,5.0,4.0,7.0,18.0,66.0
2071,382.0,,,,100000000.0,,,,,,,,,
2072,1063.0,,,,,,,,,,,,,
2073,88.0,18.99,18.99,,400000000.0,4.5,,,4.5,3.0,3.0,6.0,12.0,76.0
2074,117.0,29.99,29.99,34.99,50000000.0,4.5,784.0,784.0,4.5,3.0,4.0,6.0,14.0,73.0
2075,926.0,27.99,27.99,,,4.2,125.0,125.0,4.2,7.0,5.0,9.0,15.0,64.0
2076,613.0,26.77,26.77,34.99,50000000.0,4.4,2622.0,2622.0,4.4,5.0,3.0,6.0,13.0,73.0
2077,74.0,49.99,49.99,54.99,,4.6,382.0,382.0,4.6,3.0,2.0,4.0,9.0,82.0
2078,587.0,89.89,89.89,,50000000.0,4.4,19.0,19.0,4.4,7.0,0.0,7.0,12.0,74.0
2079,1015.0,34.99,34.99,,50000000.0,4.9,13.0,13.0,4.9,0.0,0.0,0.0,12.0,88.0
2080,370.0,144.99,144.99,179.99,,4.4,360.0,360.0,4.4,5.0,2.0,7.0,13.0,73.0
2081,85.0,62.99,62.99,79.99,50000000.0,4.3,2316.0,2316.0,4.3,8.0,5.0,6.0,14.0,67.0
2082,1239.0,,,,50000000.0,,,,,,,,,
2083,,65.0,65.0,,,4.6,42.0,42.0,4.6,8.0,0.0,0.0,6.0,86.0
2084,398.0,144.99,144.99,144.99,100000000.0,4.5,39.0,39.0,4.5,4.0,4.0,5.0,13.0,74.0
2085,388.0,64.99,64.99,,100000000.0,4.6,585.0,585.0,4.6,2.0,3.0,5.0,12.0,78.0
2086,462.0,15.99,15.99,,100000000.0,4.2,66.0,66.0,4.2,13.0,2.0,4.0,14.0,67.0
2087,1494.0,24.99,24.99,,,4.2,112.0,112.0,4.2,11.0,1.0,6.0,12.0,70.0
2088,337.0,44.99,44.99,49.99,50000000.0,4.4,1000.0,1000.0,4.4,6.0,3.0,6.0,13.0,72.0
2089,1138.0,24.99,24.99,,,4.6,145.0,145.0,4.6,2.0,3.0,4.0,13.0,78.0
2090,261.0,166.99,166.99,179.99,100000000.0,3.8,378.0,378.0,3.8,,6.0,4.0,8.0,60.0
2091,343.0,66.68,66.68,75.04,200000000.0,4.8,64.0,64.0,4.8,2.0,0.0,2.0,7.0,89.0
2092,903.0,39.99,39.99,39.99,50000000.0,3.7,94.0,94.0,3.7,21.0,7.0,8.0,10.0,54.0
2093,171.0,49.99,49.99,59.99,200000000.0,4.3,252.0,252.0,4.3,6.0,3.0,8.0,16.0,67.0
2094,962.0,76.49,76.49,89.99,50000000.0,4.8,256.0,256.0,4.8,0.0,1.0,2.0,14.0,83.0
2095,5.0,27.98,27.98,36.99,400000000.0,4.6,1362.0,1362.0,4.6,3.0,2.0,4.0,14.0,77.0
2096,309.0,70.54,70.54,82.99,100000000.0,4.6,1323.0,1323.0,4.6,3.0,2.0,3.0,10.0,82.0
2097,519.0,119.99,119.99,,50000000.0,4.4,272.0,272.0,4.4,2.0,7.0,8.0,11.0,72.0
2098,1499.0,99.99,99.99,,,4.3,46.0,46.0,4.3,7.0,5.0,6.0,12.0,70.0
2099,683.0,35.99,35.99,42.99,50000000.0,4.5,788.0,788.0,4.5,4.0,2.0,5.0,20.0,69.0
2100,12.0,35.99,35.99,49.99,1000000.0,4.4,223.0,223.0,4.4,5.0,2.0,9.0,13.0,71.0
2101,514.0,57.0,57.0,119.99,50000000.0,4.4,189.0,189.0,4.4,7.0,2.0,3.0,16.0,72.0
2102,28.0,34.99,34.99,42.99,1000000.0,4.5,1333.0,1333.0,4.5,5.0,3.0,5.0,11.0,76.0
2103,1580.0,55.99,55.99,,,4.5,983.0,983.0,4.5,5.0,2.0,4.0,16.0,73.0
2104,54.0,44.99,44.99,,,4.6,140.0,140.0,4.6,5.0,1.0,2.0,14.0,78.0
2105,1354.0,22.99,22.99,,,4.3,518.0,518.0,4.3,6.0,6.0,5.0,14.0,69.0
2106,640.0,27.99,27.99,43.99,100000000.0,4.6,,,4.6,3.0,1.0,6.0,16.0,74.0
2107,676.0,19.99,19.99,29.99,50000000.0,4.2,366.0,366.0,4.2,11.0,2.0,5.0,15.0,67.0
2108,763.0,,,,,,,,,,,,,
2109,151.0,55.25,55.25,64.99,,4.5,435.0,435.0,4.5,3.0,5.0,6.0,11.0,75.0
2110,468.0,15.29,15.29,16.99,50000000.0,4.7,54.0,54.0,4.7,4.0,0.0,3.0,10.0,83.0
2111,835.0,59.99,59.99,79.99,50000000.0,4.6,178.0,178.0,4.6,4.0,1.0,6.0,9.0,80.0
2112,579.0,49.99,49.99,49.99,50000000.0,4.5,,,4.5,5.0,2.0,5.0,14.0,74.0
2113,2103.0,82.49,82.49,109.99,,4.6,270.0,270.0,4.6,5.0,3.0,2.0,8.0,82.0
2114,28.0,99.99,99.99,,100000000.0,4.7,251.0,251.0,4.7,1.0,2.0,3.0,11.0,83.0
2115,894.0,169.99,169.99,199.99,50000000.0,3.9,453.0,,,,,,,
2116,,109.99,109.99,,,4.6,91.0,91.0,4.6,2.0,4.0,4.0,10.0,80.0
2117,375.0,79.99,79.99,89.99,100000000.0,4.6,293.0,293.0,4.6,2.0,3.0,5.0,13.0,77.0
2118,1527.0,199.0,199.0,249.0,,4.4,,,4.4,5.0,5.0,8.0,12.0,70.0
2119,1013.0,69.99,69.99,,50000000.0,4.6,135.0,135.0,4.6,1.0,3.0,11.0,5.0,80.0
2120,44.0,59.99,59.99,79.99,200000000.0,4.5,1815.0,1815.0,4.5,4.0,3.0,6.0,13.0,74.0
2121,,49.99,49.99,58.49,,4.0,18.0,18.0,4.0,0.0,,13.0,21.0,50.0
2122,335.0,149.99,149.99,,50000000.0,4.3,,,4.3,8.0,4.0,6.0,10.0,72.0
2123,316.0,39.99,39.99,,100000000.0,4.5,1553.0,1553.0,4.5,4.0,2.0,6.0,12.0,76.0
2124,449.0,49.99,49.99,49.99,100000000.0,4.3,1563.0,1563.0,4.3,5.0,4.0,9.0,18.0,64.0
2125,1428.0,99.39,99.39,,,4.4,166.0,166.0,4.4,6.0,2.0,5.0,13.0,74.0
2126,1158.0,99.99,99.99,,,4.6,32.0,32.0,4.6,0.0,0.0,7.0,,67.0
2127,1928.0,49.99,49.99,,,4.5,269.0,269.0,4.5,5.0,1.0,5.0,12.0,77.0
2128,1032.0,45.11,45.11,47.49,,4.5,199.0,199.0,4.5,5.0,2.0,1.0,17.0,75.0
2129,403.0,14.99,14.99,19.99,,4.4,199.0,199.0,4.4,6.0,8.0,3.0,6.0,77.0
2130,862.0,,,,50000000.0,,,,,,,,,
2131,833.0,,,,50000000.0,4.2,312.0,312.0,4.2,12.0,4.0,7.0,9.0,68.0
2132,145.0,79.89,79.89,85.89,400000000.0,4.8,50.0,50.0,4.8,0.0,0.0,6.0,8.0,86.0
2133,1365.0,29.99,29.99,49.99,,4.2,50.0,,,,,,,
2134,748.0,43.99,43.99,49.99,50000000.0,4.3,462.0,462.0,4.3,7.0,6.0,9.0,7.0,71.0
2135,77.0,39.99,39.99,,,4.6,1135.0,1135.0,4.6,3.0,2.0,4.0,10.0,81.0
2136,17.0,49.99,49.99,52.99,1000000.0,4.3,1382.0,1382.0,4.3,7.0,3.0,8.0,15.0,67.0
2137,996.0,34.92,34.92,49.99,,4.5,923.0,923.0,4.5,3.0,3.0,5.0,12.0,77.0
2138,170.0,,,,200000000.0,,,,,,,,,
2139,275.0,129.99,129.99,159.99,100000000.0,4.6,477.0,477.0,4.6,3.0,3.0,5.0,10.0,79.0
2140,,,,,,4.6,23.0,23.0,4.6,0.0,0.0,9.0,16.0,75.0
2141,361.0,,,259.99,100000000.0,3.9,453.0,453.0,3.9,15.0,5.0,11.0,10.0,59.0
2142,2524.0,,,,,4.4,48.0,48.0,4.4,3.0,0.0,10.0,22.0,65.0
2143,1413.0,8.99,8.99,,,4.1,43.0,43.0,4.1,11.0,5.0,6.0,15.0,63.0
2144,80.0,101.99,101.99,119.99,400000000.0,4.4,466.0,466.0,4.4,5.0,4.0,6.0,13.0,72.0
2145,309.0,,,,,4.7,323.0,323.0,4.7,1.0,3.0,2.0,13.0,81.0
2146,554.0,39.99,39.99,42.99,50000000.0,3.9,89.0,89.0,3.9,12.0,6.0,15.0,13.0,54.0
2147,293.0,82.5,82.5,179.99,50000000.0,4.1,50.0,50.0,4.1,13.0,2.0,6.0,14.0,65.0
2148,472.0,49.99,49.99,,50000000.0,4.5,,,4.5,5.0,2.0,5.0,14.0,74.0
2149,511.0,,,,,4.4,539.0,539.0,4.4,6.0,3.0,8.0,10.0,73.0
2150,1872.0,34.99,34.99,39.99,200000000.0,4.5,36.0,36.0,4.5,0.0,3.0,13.0,14.0,70.0
2151,1636.0,34.99,34.99,,,4.1,32.0,32.0,4.1,5.0,0.0,,18.0,51.0
2152,78.0,27.86,27.86,35.0,,4.5,1953.0,1953.0,4.5,5.0,3.0,5.0,11.0,76.0
2153,132.0,13.99,13.99,,50000000.0,4.0,26.0,26.0,4.0,9.0,5.0,6.0,,47.0
2154,1202.0,,,,,,,,,,,,,
2155,2043.0,135.99,135.99,159.99,,4.8,26.0,26.0,4.8,0.0,0.0,0.0,23.0,77.0
2156,136.0,,,,200000000.0,,,,,,,,,
2157,2364.0,,,,,4.1,33.0,33.0,4.1,7.0,7.0,7.0,21.0,58.0
2158,226.0,169.99,169.99,199.99,200000000.0,3.9,453.0,453.0,3.9,15.0,5.0,11.0,10.0,59.0
2159,1128.0,,,,,,,,,,,,,
2160,1109.0,,,,50000000.0,,,,,,,,,
2161,262.0,76.49,76.49,89.99,200000000.0,4.3,128.0,128.0,4.3,10.0,0.0,3.0,16.0,71.0
2162,534.0,189.99,189.99,249.99,100000000.0,4.6,258.0,258.0,4.6,5.0,2.0,4.0,8.0,81.0
2163,660.0,199.99,199.99,199.99,50000000.0,4.4,146.0,146.0,4.4,8.0,4.0,4.0,6.0,78.0
2164,451.0,44.99,44.99,44.99,50000000.0,4.2,221.0,221.0,4.2,8.0,6.0,6.0,10.0,70.0
2165,,,,,,,1.0,1.0,,0.0,0.0,,0.0,
2166,2517.0,,,,,4.1,165.0,165.0,4.1,12.0,4.0,9.0,13.0,62.0
2167,470.0,139.29,139.29,139.29,100000000.0,4.6,,,4.6,3.0,1.0,4.0,10.0,82.0
2168,244.0,33.99,33.99,39.99,200000000.0,4.2,,,4.2,9.0,5.0,6.0,10.0,70.0
2169,661.0,64.99,64.99,,100000000.0,4.6,65.0,65.0,4.6,0.0,2.0,6.0,24.0,68.0
2170,24.0,,,,3000000.0,,,,,,,,,
2171,2072.0,48.95,48.95,,,4.1,14.0,14.0,4.1,11.0,10.0,0.0,17.0,62.0
2172,145.0,18.99,18.99,18.99,200000000.0,4.5,,,4.5,4.0,2.0,7.0,14.0,73.0
2173,131.0,54.99,54.99,109.99,50000000.0,4.4,63.0,63.0,4.4,3.0,4.0,11.0,11.0,71.0
2174,1140.0,44.99,44.99,44.99,,4.0,199.0,199.0,4.0,12.0,5.0,10.0,13.0,60.0
2175,1077.0,139.99,139.99,169.99,50000000.0,4.4,376.0,376.0,4.4,5.0,3.0,5.0,14.0,73.0
2176,1243.0,109.99,109.99,,,4.4,240.0,240.0,4.4,6.0,4.0,6.0,11.0,73.0
2177,96.0,54.39,54.39,63.99,50000000.0,4.5,225.0,225.0,4.5,4.0,3.0,6.0,13.0,74.0
2178,944.0,30.99,30.99,55.99,50000000.0,4.2,196.0,196.0,4.2,6.0,3.0,9.0,,51.0
2179,234.0,39.99,39.99,,200000000.0,4.6,1928.0,1928.0,4.6,3.0,2.0,4.0,7.0,84.0
2180,2138.0,24.99,24.99,39.99,,4.6,89.0,89.0,4.6,3.0,2.0,4.0,10.0,81.0
2181,776.0,27.99,27.99,,50000000.0,4.2,359.0,359.0,4.2,9.0,3.0,5.0,16.0,67.0
2182,1814.0,69.99,69.99,,,3.9,105.0,,,,,,,
2183,693.0,59.99,59.99,,50000000.0,4.4,544.0,544.0,4.4,4.0,5.0,7.0,9.0,75.0
2184,205.0,144.99,144.99,,300000000.0,4.4,76.0,76.0,4.4,6.0,2.0,5.0,18.0,69.0
2185,1088.0,18.99,18.99,,,4.6,125.0,,,,,,,
2186,,33.29,33.29,36.99,,4.5,432.0,432.0,4.5,2.0,3.0,8.0,15.0,72.0
2187,109.0,29.88,29.88,,,4.0,126.0,126.0,4.0,11.0,8.0,8.0,12.0,61.0
2188,160.0,,,,,4.4,109.0,109.0,4.4,4.0,0.0,11.0,22.0,63.0
2189,459.0,34.78,34.78,48.99,100000000.0,4.7,175.0,175.0,4.7,1.0,1.0,5.0,13.0,80.0
2190,,99.99,99.99,,,4.3,148.0,148.0,4.3,7.0,2.0,10.0,12.0,69.0
2191,910.0,55.99,55.99,69.99,50000000.0,4.2,171.0,171.0,4.2,12.0,5.0,3.0,12.0,68.0
2192,963.0,55.99,55.99,55.99,,4.3,204.0,204.0,4.3,6.0,4.0,6.0,16.0,68.0
2193,1172.0,29.99,29.99,,50000000.0,4.4,47.0,47.0,4.4,0.0,2.0,14.0,25.0,59.0
2194,1056.0,81.99,81.99,149.99,,4.3,96.0,96.0,4.3,6.0,4.0,9.0,15.0,66.0
2195,,89.64,89.64,119.99,,4.2,89.0,89.0,4.2,7.0,9.0,5.0,12.0,67.0
2196,242.0,39.99,39.99,,200000000.0,4.6,273.0,273.0,4.6,3.0,2.0,2.0,17.0,76.0
2197,326.0,,,,100000000.0,,,,,,,,,
2198,66.0,94.99,94.99,99.99,50000000.0,4.5,253.0,253.0,4.5,4.0,3.0,5.0,12.0,76.0
2199,598.0,59.41,59.41,69.89,50000000.0,4.8,271.0,271.0,4.8,1.0,2.0,2.0,8.0,87.0
2200,,11.58,11.58,14.88,,4.4,15.0,15.0,4.4,0.0,10.0,8.0,15.0,67.0
2201,801.0,56.09,56.09,65.99,50000000.0,4.7,504.0,504.0,4.7,1.0,0.0,4.0,11.0,84.0
2202,931.0,114.99,114.99,,50000000.0,4.5,40.0,40.0,4.5,4.0,0.0,10.0,7.0,79.0
2203,845.0,109.99,109.99,,,4.5,32.0,,,,,,,
2204,1587.0,79.99,79.99,,50000000.0,4.7,175.0,175.0,4.7,1.0,2.0,3.0,13.0,81.0
2205,1170.0,35.99,35.99,39.99,,4.4,30.0,30.0,4.4,4.0,0.0,7.0,,61.0
2206,393.0,79.8,79.8,99.99,100000000.0,4.6,1673.0,1673.0,4.6,4.0,2.0,4.0,10.0,80.0
2207,1640.0,39.99,39.99,,,4.6,3.0,3.0,4.6,0.0,0.0,0.0,,58.0
2208,779.0,,,,,4.7,297.0,297.0,4.7,1.0,2.0,4.0,9.0,84.0
2209,694.0,10.99,10.99,,50000000.0,4.4,1859.0,1859.0,4.4,2.0,4.0,11.0,19.0,64.0
2210,1778.0,64.99,64.99,,,4.2,401.0,401.0,4.2,9.0,5.0,5.0,17.0,64.0
2211,355.0,34.64,34.64,49.49,100000000.0,4.2,111.0,111.0,4.2,7.0,5.0,9.0,18.0,61.0
2212,,99.0,99.0,,,4.9,38.0,38.0,4.9,0.0,0.0,0.0,14.0,86.0
2213,440.0,31.99,31.99,39.99,100000000.0,4.2,2315.0,2315.0,4.2,8.0,7.0,5.0,9.0,71.0
2214,2161.0,32.99,32.99,39.99,,4.5,959.0,959.0,4.5,3.0,2.0,5.0,15.0,75.0
2215,77.0,,,,400000000.0,,,,,,,,,
2216,,46.74,46.74,,,3.6,80.0,80.0,3.6,10.0,,10.0,14.0,47.0
2217,559.0,75.99,75.99,99.99,100000000.0,4.6,191.0,191.0,4.6,3.0,1.0,9.0,6.0,81.0
2218,666.0,22.19,22.19,36.99,50000000.0,4.3,76.0,76.0,4.3,5.0,3.0,8.0,21.0,63.0
2219,436.0,,,,100000000.0,,,,,,,,,
2220,653.0,20.99,20.99,29.99,50000000.0,4.3,128.0,128.0,4.3,5.0,3.0,7.0,19.0,66.0
2221,2451.0,,,,,,,,,,,,,
2222,156.0,33.99,33.99,39.99,300000000.0,4.2,,,4.2,9.0,5.0,6.0,10.0,70.0
2223,1990.0,114.99,114.99,114.99,,4.1,33.0,33.0,4.1,14.0,0.0,10.0,13.0,63.0
2224,852.0,39.99,39.99,49.99,,4.4,204.0,204.0,4.4,4.0,5.0,5.0,12.0,74.0
2225,347.0,35.99,35.99,39.99,100000000.0,4.3,823.0,823.0,4.3,9.0,4.0,5.0,14.0,68.0
2226,116.0,42.44,42.44,62.0,,4.6,11.0,11.0,4.6,0.0,0.0,12.0,18.0,70.0
2227,768.0,13.99,13.99,,50000000.0,4.4,69.0,69.0,4.4,4.0,4.0,8.0,16.0,68.0
2228,2036.0,41.99,41.99,,,4.4,38.0,,,,,,,
2229,732.0,139.99,139.99,159.99,,3.8,169.0,169.0,3.8,11.0,8.0,,11.0,50.0
2230,1866.0,48.99,48.99,,,4.2,16.0,16.0,4.2,12.0,0.0,6.0,16.0,66.0
2231,465.0,65.99,65.99,,100000000.0,4.8,44.0,44.0,4.8,0.0,0.0,2.0,11.0,87.0
2232,894.0,89.99,89.99,89.99,,4.2,273.0,273.0,4.2,7.0,6.0,10.0,15.0,62.0
2233,788.0,,,,,4.2,114.0,114.0,4.2,11.0,3.0,4.0,11.0,71.0
2234,1659.0,,,,,4.0,37.0,37.0,4.0,7.0,,9.0,10.0,62.0
2235,702.0,79.99,79.99,,50000000.0,4.5,110.0,110.0,4.5,3.0,2.0,7.0,17.0,71.0
2237,45.0,44.99,44.99,49.99,1000000.0,4.3,,,4.3,7.0,4.0,6.0,15.0,68.0
2238,,79.9,79.9,94.0,,4.5,1348.0,1348.0,4.5,4.0,2.0,6.0,11.0,77.0
2239,795.0,197.99,197.99,219.99,50000000.0,4.6,126.0,126.0,4.6,2.0,1.0,7.0,8.0,82.0
2240,1934.0,69.99,69.99,69.99,,,11.0,11.0,,,0.0,14.0,0.0,46.0
2241,134.0,119.99,119.99,119.99,300000000.0,4.5,578.0,578.0,4.5,4.0,2.0,5.0,16.0,73.0
2242,1727.0,35.59,35.59,39.99,,3.5,46.0,46.0,3.5,14.0,,16.0,24.0,34.0
2243,1087.0,55.99,55.99,,,4.6,136.0,136.0,4.6,4.0,2.0,4.0,10.0,80.0
2244,584.0,86.9,86.9,,50000000.0,3.7,43.0,43.0,3.7,21.0,6.0,8.0,9.0,56.0
2245,48.0,59.49,59.49,74.99,50000000.0,4.7,90.0,90.0,4.7,0.0,2.0,3.0,11.0,84.0
2246,1117.0,48.99,48.99,79.99,,4.4,61.0,61.0,4.4,4.0,6.0,2.0,16.0,72.0
2247,1210.0,79.99,79.99,99.99,,4.6,353.0,353.0,4.6,4.0,4.0,3.0,9.0,80.0
2248,872.0,66.07,66.07,82.59,50000000.0,4.6,333.0,333.0,4.6,2.0,4.0,1.0,12.0,81.0
2249,,23.0,23.0,,,4.4,143.0,143.0,4.4,3.0,3.0,7.0,20.0,67.0
2250,162.0,,,,,4.3,70.0,70.0,4.3,6.0,4.0,6.0,16.0,68.0
2251,121.0,39.89,39.89,69.99,,4.3,287.0,287.0,4.3,5.0,5.0,7.0,17.0,66.0
2252,331.0,159.0,159.0,159.0,100000000.0,4.6,414.0,414.0,4.6,5.0,0.0,5.0,8.0,82.0
2253,,47.8,47.8,,,4.5,1313.0,1313.0,4.5,5.0,2.0,5.0,15.0,73.0
2254,172.0,,,,,4.4,86.0,86.0,4.4,6.0,4.0,7.0,13.0,70.0
2255,,26.99,26.99,,,4.4,644.0,644.0,4.4,6.0,3.0,5.0,13.0,73.0
2256,1340.0,79.99,79.99,,,4.6,1421.0,1421.0,4.6,4.0,2.0,4.0,12.0,78.0
2257,1487.0,149.99,149.99,,,4.4,4.0,4.0,4.4,0.0,0.0,,0.0,69.0
2258,561.0,84.99,84.99,179.99,100000000.0,4.4,149.0,149.0,4.4,7.0,3.0,4.0,10.0,76.0
2259,1027.0,54.99,54.99,,50000000.0,4.5,31.0,31.0,4.5,4.0,0.0,4.0,21.0,71.0
2260,208.0,,,,,4.4,2858.0,2858.0,4.4,6.0,3.0,6.0,14.0,71.0
2261,517.0,34.99,34.99,34.99,100000000.0,4.5,679.0,679.0,4.5,3.0,2.0,4.0,17.0,74.0
2262,93.0,,,,50000000.0,,,,,,,,,
2263,844.0,,,,50000000.0,,,,,,,,,
2264,35.0,29.97,29.97,,1000000.0,4.3,,,4.3,8.0,3.0,6.0,13.0,70.0
2265,502.0,62.98,62.98,89.99,,4.5,1348.0,1348.0,4.5,4.0,2.0,6.0,11.0,77.0
2266,417.0,63.99,63.99,,100000000.0,4.6,389.0,389.0,4.6,3.0,4.0,3.0,11.0,79.0
2267,1016.0,,,,,3.8,344.0,344.0,3.8,15.0,6.0,13.0,15.0,51.0
2268,,169.99,169.99,169.99,,4.4,109.0,109.0,4.4,11.0,0.0,1.0,11.0,77.0
2269,2469.0,191.68,191.68,,,4.6,2014.0,2014.0,4.6,4.0,1.0,3.0,11.0,81.0
2270,1389.0,,,,,4.6,16.0,16.0,4.6,0.0,0.0,12.0,14.0,74.0
2271,,49.99,49.99,,,5.0,1.0,1.0,5.0,0.0,0.0,0.0,0.0,100.0
2272,739.0,76.49,76.49,89.99,50000000.0,4.6,446.0,,,,,,,
2273,193.0,,,,200000000.0,,,,,,,,,
2274,456.0,29.99,29.99,36.99,100000000.0,4.4,177.0,177.0,4.4,7.0,3.0,3.0,10.0,77.0
2275,916.0,,,,,,,,,,,,,
2276,,93.49,93.49,109.99,,4.1,21.0,21.0,4.1,8.0,,0.0,22.0,59.0
2277,407.0,42.49,42.49,49.99,100000000.0,4.4,149.0,149.0,4.4,6.0,2.0,6.0,18.0,68.0
2278,1732.0,109.99,109.99,,,4.1,20.0,20.0,4.1,0.0,7.0,,22.0,50.0
2279,311.0,109.99,109.99,139.99,100000000.0,4.6,209.0,209.0,4.6,4.0,2.0,5.0,7.0,82.0
2280,1.0,13.99,13.99,,,4.4,2236.0,2236.0,4.4,5.0,4.0,7.0,17.0,67.0
2281,253.0,89.99,89.99,119.99,50000000.0,4.3,18.0,18.0,4.3,0.0,7.0,8.0,,51.0
2282,818.0,69.99,69.99,,50000000.0,4.4,250.0,250.0,4.4,5.0,4.0,6.0,14.0,71.0
2283,2556.0,31.99,31.99,31.99,,5.0,6.0,,,,,,,
2284,1680.0,114.99,114.99,,,3.8,4.0,4.0,3.8,,0.0,0.0,0.0,70.0
2285,671.0,180.0,180.0,190.0,50000000.0,4.2,65.0,65.0,4.2,9.0,7.0,8.0,5.0,71.0
2286,923.0,29.99,29.99,34.99,,4.2,95.0,95.0,4.2,5.0,6.0,6.0,,55.0
2287,686.0,64.99,64.99,,50000000.0,4.3,13.0,13.0,4.3,10.0,0.0,10.0,10.0,70.0
2288,269.0,119.95,119.95,,200000000.0,4.4,26.0,26.0,4.4,0.0,0.0,12.0,,57.0
2289,,26.59,26.59,27.99,,4.4,428.0,428.0,4.4,5.0,2.0,10.0,9.0,74.0
2290,884.0,59.99,59.99,109.99,,4.3,2775.0,2775.0,4.3,9.0,3.0,6.0,13.0,69.0
2291,995.0,,,,,,,,,,,,,
2292,1320.0,,,,,,,,,,,,,
2293,104.0,59.99,59.99,,,4.5,,,4.5,4.0,2.0,5.0,15.0,74.0
2294,355.0,99.99,99.99,104.99,,4.4,1584.0,1584.0,4.4,6.0,3.0,6.0,13.0,72.0
2295,105.0,99.99,99.99,,50000000.0,4.4,322.0,322.0,4.4,6.0,4.0,3.0,11.0,76.0
2296,,19.99,19.99,,,4.7,18.0,18.0,4.7,0.0,0.0,0.0,,70.0
2297,,79.99,79.99,,,4.6,79.0,79.0,4.6,2.0,6.0,0.0,11.0,81.0
2298,250.0,145.0,145.0,199.99,50000000.0,4.2,1295.0,1295.0,4.2,10.0,3.0,6.0,12.0,69.0
2299,604.0,93.49,93.49,109.99,50000000.0,4.8,91.0,91.0,4.8,0.0,0.0,1.0,16.0,83.0
2300,820.0,39.98,39.98,,50000000.0,4.3,280.0,280.0,4.3,5.0,5.0,7.0,18.0,65.0
2301,477.0,40.84,40.84,42.99,100000000.0,4.6,316.0,316.0,4.6,1.0,2.0,4.0,20.0,73.0
2302,1031.0,89.99,89.99,99.99,,4.7,646.0,646.0,4.7,3.0,1.0,3.0,6.0,87.0
2303,518.0,59.49,59.49,69.99,50000000.0,4.6,135.0,135.0,4.6,4.0,1.0,4.0,13.0,78.0
2304,1160.0,,,,,,,,,,,,,
2305,,39.99,39.99,56.99,,4.3,455.0,455.0,4.3,6.0,4.0,7.0,13.0,70.0
2306,197.0,14.44,14.44,16.99,200000000.0,4.7,479.0,,,1.0,1.0,7.0,10.0,81.0
2307,944.0,89.99,89.99,106.99,,4.6,9.0,9.0,4.6,0.0,0.0,0.0,,65.0
2308,,109.0,109.0,,,4.4,30.0,30.0,4.4,7.0,6.0,0.0,11.0,76.0
2309,536.0,119.99,119.99,,50000000.0,4.6,109.0,109.0,4.6,2.0,3.0,7.0,11.0,77.0
2310,,39.99,39.99,,,4.4,21.0,21.0,4.4,8.0,0.0,6.0,9.0,77.0
2311,237.0,,,,,,,,,,,,,
2312,373.0,69.99,69.99,69.99,200000000.0,4.8,48.0,48.0,4.8,0.0,0.0,4.0,13.0,83.0
2313,,,,249.99,,4.8,6.0,6.0,4.8,0.0,0.0,0.0,22.0,78.0
2314,56.0,19.99,19.99,22.99,50000000.0,4.2,284.0,284.0,4.2,5.0,5.0,12.0,15.0,63.0
2315,86.0,99.99,99.99,99.99,,4.4,739.0,739.0,4.4,7.0,2.0,4.0,14.0,73.0
2316,1.0,45.99,45.99,,,5.0,2.0,2.0,5.0,0.0,0.0,0.0,0.0,100.0
2317,1269.0,158.05,158.05,158.05,,4.0,240.0,240.0,4.0,11.0,7.0,10.0,9.0,63.0
2318,,,,,,3.9,77.0,77.0,3.9,12.0,4.0,13.0,19.0,52.0
2319,880.0,139.99,139.99,,,4.0,9.0,9.0,4.0,,0.0,0.0,0.0,75.0
2320,,99.99,99.99,99.99,,4.7,10.0,10.0,4.7,0.0,0.0,15.0,0.0,85.0
2321,611.0,44.99,44.99,49.99,50000000.0,4.7,93.0,93.0,4.7,2.0,0.0,4.0,14.0,80.0
2322,1346.0,39.0,39.0,99.99,,4.1,5.0,5.0,4.1,0.0,,0.0,24.0,54.0
2323,1867.0,79.99,79.99,99.99,,4.6,669.0,669.0,4.6,3.0,3.0,2.0,12.0,80.0
2324,84.0,49.99,49.99,,50000000.0,4.6,,,4.6,3.0,1.0,5.0,13.0,78.0
2325,334.0,99.99,99.99,119.99,100000000.0,4.8,114.0,114.0,4.8,2.0,0.0,1.0,7.0,90.0
2326,1519.0,,,,,,,,,,,,,
2328,1971.0,57.0,57.0,,,4.5,441.0,441.0,4.5,7.0,0.0,6.0,9.0,78.0
2329,284.0,17.99,17.99,,200000000.0,4.3,1163.0,1163.0,4.3,7.0,4.0,6.0,15.0,68.0
2330,460.0,80.0,80.0,99.99,100000000.0,4.4,272.0,272.0,4.4,10.0,3.0,2.0,6.0,79.0
2331,2011.0,17.99,17.99,,,4.3,,3123.0,4.3,6.0,4.0,9.0,12.0,69.0
2332,643.0,14.97,14.97,20.97,200000000.0,4.0,1089.0,1089.0,4.0,14.0,5.0,7.0,13.0,61.0
2333,17.0,24.9,24.9,27.38,100000000.0,4.6,447.0,447.0,4.6,2.0,4.0,6.0,9.0,79.0
2334,2274.0,29.0,29.0,79.99,,4.6,5.0,,,0.0,0.0,0.0,,57.0
2335,929.0,69.99,69.99,69.99,50000000.0,4.5,127.0,,,,,,,
2336,1.0,17.99,17.99,19.99,300000000.0,4.7,36.0,,,0.0,0.0,4.0,19.0,77.0
2337,37.0,99.99,99.99,,50000000.0,4.3,120.0,120.0,4.3,8.0,5.0,5.0,8.0,74.0
2338,179.0,49.99,49.99,,50000000.0,4.4,,,,,,,,
2339,,,,,,4.3,20.0,20.0,4.3,0.0,,7.0,19.0,62.0
2340,754.0,139.99,139.99,139.99,,4.8,33.0,33.0,4.8,0.0,0.0,7.0,4.0,89.0
2341,79.0,,,,,4.4,199.0,199.0,4.4,6.0,3.0,5.0,14.0,72.0
2342,1546.0,79.09,79.09,157.99,,4.4,390.0,390.0,4.4,6.0,3.0,7.0,14.0,70.0
2343,1485.0,62.9,62.9,66.6,,4.8,16.0,16.0,4.8,0.0,0.0,0.0,20.0,80.0
2344,21.0,89.79,89.79,,100000000.0,4.2,493.0,493.0,4.2,8.0,5.0,9.0,14.0,64.0
2345,923.0,,,,,,,,,,,,,
2346,1974.0,74.99,74.99,,,4.6,167.0,167.0,4.6,4.0,2.0,3.0,12.0,79.0
2347,770.0,,,,,,,,,,,,,
2348,58.0,14.99,14.99,,50000000.0,4.4,2971.0,2971.0,4.4,6.0,3.0,7.0,15.0,69.0
2349,1262.0,169.0,169.0,179.0,,4.2,585.0,585.0,4.2,8.0,4.0,7.0,15.0,66.0
2350,1359.0,69.99,69.99,,,4.7,194.0,194.0,4.7,3.0,1.0,3.0,10.0,83.0
2351,,75.24,75.24,99.0,50000000.0,4.2,56.0,56.0,4.2,10.0,5.0,6.0,11.0,68.0
2352,1642.0,54.99,54.99,69.99,,4.4,1228.0,1228.0,4.4,4.0,4.0,7.0,15.0,70.0
2353,310.0,110.49,110.49,129.99,100000000.0,4.6,29.0,29.0,4.6,0.0,0.0,5.0,,69.0
2354,1580.0,59.99,59.99,,,4.3,30.0,30.0,4.3,4.0,0.0,13.0,25.0,58.0
2355,86.0,37.95,37.95,,100000000.0,4.6,90.0,,,4.0,2.0,4.0,5.0,85.0
2356,365.0,139.9,139.9,149.9,100000000.0,4.0,63.0,63.0,4.0,14.0,5.0,5.0,13.0,63.0
2357,2212.0,36.99,36.99,39.99,,4.4,29.0,29.0,4.4,0.0,3.0,10.0,23.0,64.0
2358,754.0,19.99,19.99,29.99,,4.3,169.0,169.0,4.3,5.0,4.0,9.0,14.0,68.0
2359,1426.0,,,,,,,,,,,,,
2360,,99.0,99.0,99.0,,4.8,39.0,39.0,4.8,0.0,0.0,4.0,7.0,89.0
2361,313.0,19.99,19.99,29.99,100000000.0,4.4,,,4.4,4.0,3.0,6.0,14.0,73.0
2362,1758.0,36.9,36.9,39.6,,3.7,16.0,16.0,3.7,19.0,,0.0,18.0,52.0
2363,1699.0,,,,,,,,,,,,,
2364,1478.0,109.99,109.99,109.99,,4.6,142.0,142.0,4.6,3.0,4.0,6.0,5.0,82.0
2365,,175.99,175.99,,,4.7,28.0,28.0,4.7,0.0,0.0,11.0,7.0,82.0
2366,1511.0,49.99,49.99,49.99,,4.6,82.0,82.0,4.6,3.0,1.0,8.0,8.0,80.0
2367,991.0,74.99,74.99,99.99,50000000.0,4.7,217.0,217.0,4.7,3.0,0.0,1.0,8.0,88.0
2368,1438.0,67.49,67.49,89.99,,4.6,527.0,527.0,4.6,2.0,1.0,6.0,8.0,83.0
2369,,159.95,159.95,,,,,,,0.0,0.0,0.0,0.0,
2370,858.0,59.99,59.99,69.99,50000000.0,4.2,49.0,49.0,4.2,8.0,6.0,8.0,10.0,68.0
2371,113.0,73.09,73.09,85.99,,4.6,264.0,264.0,4.6,2.0,3.0,2.0,13.0,80.0
2372,33.0,35.99,35.99,39.99,100000000.0,5.0,53.0,53.0,5.0,0.0,0.0,0.0,5.0,95.0
2374,1355.0,95.39,95.39,105.99,,4.6,92.0,92.0,4.6,4.0,0.0,3.0,16.0,77.0
2375,424.0,149.99,149.99,179.99,100000000.0,4.5,692.0,692.0,4.5,7.0,2.0,5.0,6.0,80.0
2376,2340.0,39.99,39.99,44.99,,4.4,175.0,175.0,4.4,7.0,2.0,8.0,12.0,71.0
2377,2496.0,39.99,39.99,,,,,,,0.0,0.0,0.0,0.0,
2378,404.0,117.19,117.19,209.0,100000000.0,4.2,345.0,345.0,4.2,12.0,7.0,3.0,7.0,71.0
2379,144.0,19.99,19.99,,,4.5,712.0,712.0,4.5,4.0,2.0,7.0,13.0,74.0
2380,866.0,219.0,219.0,,,3.8,140.0,140.0,3.8,20.0,5.0,7.0,9.0,59.0
2381,2392.0,99.0,99.0,,,4.1,19.0,19.0,4.1,15.0,0.0,7.0,14.0,64.0
2382,1002.0,13.49,13.49,14.99,50000000.0,4.6,2257.0,2257.0,4.6,3.0,1.0,3.0,11.0,82.0
2383,997.0,,,,,,,,,,,,,
2384,66.0,27.59,27.59,,1000000.0,4.3,,,4.3,8.0,4.0,7.0,11.0,70.0
2385,1327.0,33.29,33.29,36.99,,4.5,432.0,432.0,4.5,2.0,3.0,8.0,15.0,72.0
2386,21.0,22.95,22.95,22.95,50000000.0,4.7,429.0,429.0,4.7,3.0,0.0,3.0,10.0,84.0
2387,,93.49,93.49,109.99,,4.6,77.0,77.0,4.6,0.0,3.0,4.0,22.0,71.0
2388,79.0,,,,,,,,,,,,,
2389,,39.99,39.99,,,3.7,7.0,7.0,3.7,0.0,,17.0,16.0,40.0
2390,572.0,40.0,40.0,76.99,50000000.0,4.5,249.0,249.0,4.5,5.0,3.0,4.0,13.0,75.0
2391,1289.0,,,,,,,,,,,,,
2392,1318.0,,,,,4.6,167.0,167.0,4.6,3.0,3.0,4.0,13.0,77.0
2393,319.0,203.99,203.99,239.99,100000000.0,4.1,131.0,131.0,4.1,14.0,5.0,5.0,10.0,66.0
2394,707.0,23.0,23.0,24.99,50000000.0,3.4,6.0,6.0,3.4,21.0,0.0,,23.0,33.0
2395,1999.0,18.99,18.99,19.99,,4.3,254.0,254.0,4.3,8.0,4.0,7.0,9.0,72.0
2397,708.0,9.99,9.99,,50000000.0,4.5,774.0,774.0,4.5,4.0,3.0,5.0,11.0,77.0
2398,2523.0,97.56,97.56,108.88,,4.6,198.0,198.0,4.6,5.0,1.0,3.0,13.0,78.0
2399,1584.0,22.49,22.49,24.99,50000000.0,4.6,60.0,60.0,4.6,6.0,0.0,0.0,16.0,78.0
2400,1367.0,,,,,,,,,,,,,
2401,,26.99,26.99,29.99,300000000.0,4.7,101.0,,,,,,,
2402,,95.2,95.2,119.0,,4.2,51.0,51.0,4.2,5.0,,4.0,15.0,65.0
2403,2574.0,24.99,24.99,,,4.4,144.0,144.0,4.4,4.0,1.0,11.0,19.0,65.0
2404,670.0,32.9,32.9,32.9,50000000.0,4.2,1809.0,1809.0,4.2,11.0,5.0,5.0,13.0,66.0
2405,89.0,199.99,199.99,239.99,400000000.0,4.5,656.0,656.0,4.5,6.0,3.0,3.0,9.0,79.0
2406,168.0,89.79,89.79,,300000000.0,4.3,595.0,595.0,4.3,7.0,5.0,8.0,11.0,69.0
2407,431.0,67.12,67.12,67.12,100000000.0,4.4,506.0,506.0,4.4,6.0,2.0,5.0,13.0,74.0
2408,2292.0,51.02,51.02,62.99,,4.4,100.0,100.0,4.4,5.0,6.0,7.0,8.0,74.0
2409,272.0,25.09,25.09,27.88,100000000.0,4.5,1437.0,1437.0,4.5,4.0,2.0,7.0,14.0,73.0
2410,1369.0,94.95,94.95,119.95,,4.8,213.0,213.0,4.8,1.0,2.0,2.0,5.0,90.0
2411,1343.0,,,,,,,,,,,,,
2412,,39.99,39.99,49.99,,4.8,7.0,7.0,4.8,0.0,0.0,0.0,22.0,78.0
2413,,119.99,119.99,,,4.1,24.0,24.0,4.1,6.0,6.0,10.0,23.0,55.0
2414,937.0,,,,50000000.0,,,,,,,,,
2415,1744.0,114.99,114.99,114.99,,4.2,23.0,23.0,4.2,10.0,6.0,7.0,7.0,70.0
2416,2146.0,,,,,4.3,64.0,64.0,4.3,8.0,4.0,4.0,14.0,70.0
2417,152.0,83.99,83.99,83.99,,4.0,16.0,16.0,4.0,13.0,0.0,8.0,,48.0
2418,350.0,89.99,89.99,99.99,100000000.0,4.3,96.0,96.0,4.3,4.0,7.0,5.0,21.0,63.0
2419,459.0,,,,100000000.0,,,,,,,,,
2420,1677.0,87.99,87.99,109.99,,4.4,93.0,93.0,4.4,6.0,5.0,5.0,8.0,76.0
2421,571.0,44.99,44.99,44.99,100000000.0,4.6,29.0,,,,,,,
2422,766.0,,,,,4.3,,,4.3,7.0,6.0,5.0,11.0,71.0
2423,2151.0,7.99,7.99,,200000000.0,4.1,106.0,,,12.0,3.0,6.0,16.0,63.0
2424,39.0,26.97,26.97,,,4.2,,,4.2,8.0,4.0,7.0,14.0,67.0
2425,1871.0,49.99,49.99,,,3.7,14.0,14.0,3.7,0.0,,,10.0,41.0
2426,396.0,,,,100000000.0,,,,,,,,,
2428,,49.99,49.99,,,4.3,824.0,824.0,4.3,7.0,5.0,4.0,13.0,71.0
2429,208.0,91.99,91.99,114.99,,4.6,96.0,96.0,4.6,5.0,3.0,0.0,14.0,78.0
2430,1270.0,,,,,4.3,13.0,,,,,,,
2431,1374.0,99.99,99.99,149.99,,4.4,12.0,12.0,4.4,0.0,,0.0,22.0,67.0
2432,,36.99,36.99,,,4.4,12.0,12.0,4.4,0.0,0.0,,24.0,56.0
2433,,14.39,14.39,15.99,,4.5,235.0,235.0,4.5,2.0,3.0,8.0,15.0,72.0
2435,425.0,116.99,116.99,129.99,,5.0,3.0,3.0,5.0,0.0,0.0,0.0,0.0,100.0
2436,526.0,94.99,94.99,99.99,100000000.0,4.2,127.0,127.0,4.2,5.0,6.0,9.0,25.0,55.0
2437,2107.0,195.99,195.99,195.99,,4.2,45.0,45.0,4.2,5.0,10.0,11.0,9.0,65.0
2438,,39.99,39.99,,,4.5,5.0,5.0,4.5,0.0,0.0,,0.0,74.0
2439,,94.99,94.99,,,3.8,5.0,5.0,3.8,,0.0,0.0,23.0,54.0
2440,637.0,91.99,91.99,,,4.8,4.0,4.0,4.8,0.0,0.0,0.0,20.0,80.0
2441,1112.0,29.99,29.99,,,3.6,17.0,17.0,3.6,8.0,,10.0,,
2442,,23.99,23.99,29.99,,4.5,72.0,72.0,4.5,4.0,5.0,2.0,12.0,77.0
2443,84.0,79.99,79.99,119.99,300000000.0,4.7,,,4.7,2.0,1.0,3.0,11.0,83.0
2444,2436.0,89.0,89.0,,,3.4,6.0,6.0,3.4,,0.0,,0.0,50.0
2445,102.0,39.99,39.99,49.99,300000000.0,4.6,,,4.6,3.0,1.0,4.0,13.0,79.0
2446,2162.0,64.59,64.59,75.99,,4.6,413.0,413.0,4.6,6.0,1.0,4.0,6.0,83.0
2447,,39.99,39.99,,,4.5,26.0,26.0,4.5,0.0,0.0,10.0,,57.0
2448,2128.0,71.59,71.59,,,4.6,91.0,91.0,4.6,2.0,4.0,4.0,10.0,80.0
2449,1719.0,85.95,85.95,83.0,,4.6,28.0,28.0,4.6,4.0,4.0,0.0,8.0,84.0
2450,581.0,21.59,21.59,26.99,50000000.0,4.3,440.0,440.0,4.3,5.0,3.0,13.0,14.0,65.0
2451,99.0,99.99,99.99,149.99,,4.3,495.0,495.0,4.3,8.0,2.0,6.0,13.0,71.0
2452,,13.99,13.99,,,4.3,929.0,929.0,4.3,7.0,4.0,8.0,13.0,68.0
2453,1676.0,129.99,129.99,129.99,,4.1,7.0,7.0,4.1,18.0,0.0,0.0,18.0,64.0
2454,1162.0,44.99,44.99,,,3.8,14.0,,,,,,,
2455,893.0,129.99,129.99,129.99,50000000.0,4.5,87.0,87.0,4.5,3.0,2.0,8.0,9.0,78.0
2456,127.0,109.99,109.99,,,4.5,423.0,423.0,4.5,5.0,3.0,5.0,12.0,75.0
2457,1777.0,,,,,4.7,144.0,144.0,4.7,1.0,1.0,5.0,10.0,83.0
2458,2444.0,34.68,34.68,,,,16.0,16.0,,19.0,10.0,,23.0,
2459,187.0,,,,200000000.0,,,,,,,,,
2460,,19.99,19.99,,,4.2,41.0,41.0,4.2,7.0,0.0,16.0,18.0,59.0
2461,256.0,179.99,179.99,179.99,200000000.0,4.6,170.0,170.0,4.6,5.0,0.0,4.0,10.0,81.0
2462,368.0,84.78,84.78,105.99,100000000.0,4.5,220.0,220.0,4.5,4.0,5.0,5.0,11.0,75.0
2463,597.0,36.99,36.99,45.99,50000000.0,4.3,306.0,306.0,4.3,6.0,4.0,7.0,20.0,63.0
2464,,69.99,69.99,69.99,,4.5,2.0,2.0,4.5,0.0,0.0,0.0,,51.0
2465,2354.0,,,,100000000.0,,,,,,,,,
2466,,24.99,24.99,,,4.8,82.0,82.0,4.8,0.0,0.0,5.0,9.0,86.0
2468,,17.99,17.99,19.99,,4.7,21.0,,,0.0,0.0,0.0,,67.0
2469,1849.0,199.98,199.98,,,4.3,81.0,81.0,4.3,4.0,6.0,4.0,22.0,64.0
2470,2548.0,99.99,99.99,99.99,,4.6,19.0,19.0,4.6,0.0,0.0,12.0,18.0,70.0
2471,,,,,,5.0,3.0,3.0,5.0,0.0,0.0,0.0,0.0,100.0
2472,218.0,99.99,99.99,,,4.6,14.0,14.0,4.6,0.0,0.0,0.0,,64.0
2473,656.0,30.31,30.31,31.9,50000000.0,4.8,76.0,76.0,4.8,0.0,2.0,4.0,9.0,85.0
2474,,20.99,20.99,,100000000.0,4.6,46.0,,,0.0,0.0,9.0,18.0,73.0
2475,15.0,,,,300000000.0,,,,,,,,,
2476,1572.0,119.99,119.99,119.99,,4.1,160.0,,,,,,,
2477,192.0,29.99,29.99,,,4.5,17.0,17.0,4.5,0.0,7.0,0.0,,67.0
2478,,44.99,44.99,74.99,,4.1,23.0,23.0,4.1,12.0,0.0,8.0,21.0,59.0
2479,508.0,,,259.99,50000000.0,3.9,453.0,,,,,,,
2480,,89.99,89.99,,,4.6,17.0,17.0,4.6,0.0,0.0,11.0,20.0,69.0
2481,722.0,24.99,24.99,51.99,100000000.0,4.4,171.0,171.0,4.4,6.0,3.0,4.0,16.0,71.0
2482,1495.0,59.99,59.99,59.99,,4.1,215.0,215.0,4.1,5.0,7.0,8.0,,51.0
2483,,94.99,94.99,,,5.0,4.0,4.0,5.0,0.0,0.0,0.0,0.0,100.0
2484,1304.0,89.89,89.89,,,4.2,130.0,130.0,4.2,9.0,6.0,5.0,12.0,68.0
2485,1777.0,124.0,124.0,,,3.6,39.0,39.0,3.6,16.0,,6.0,24.0,40.0
2486,,,,249.99,50000000.0,4.6,57.0,57.0,4.6,6.0,0.0,5.0,9.0,80.0
2487,791.0,,,,50000000.0,,,,,,,,,
2488,,179.99,179.99,,,,,,,0.0,0.0,0.0,0.0,
2489,936.0,62.31,62.31,65.59,,4.4,96.0,96.0,4.4,5.0,2.0,9.0,10.0,74.0
2490,439.0,89.99,89.99,,100000000.0,4.2,78.0,78.0,4.2,10.0,6.0,5.0,6.0,73.0
2491,163.0,28.99,28.99,,200000000.0,4.6,1358.0,1358.0,4.6,2.0,2.0,4.0,14.0,78.0
2492,473.0,32.99,32.99,,100000000.0,4.0,91.0,,,,,,,
2493,,119.99,119.99,119.99,,4.1,9.0,9.0,4.1,0.0,,13.0,22.0,52.0
2494,204.0,,,,,4.7,145.0,,,,,,,
2495,1230.0,34.9,34.9,,,4.6,130.0,130.0,4.6,1.0,4.0,5.0,16.0,74.0
2496,,59.99,59.99,,,4.5,39.0,39.0,4.5,7.0,0.0,6.0,5.0,82.0
2497,1192.0,69.99,69.99,,,4.6,358.0,358.0,4.6,4.0,1.0,3.0,11.0,81.0
2498,1925.0,49.99,49.99,,,4.4,361.0,361.0,4.4,3.0,3.0,8.0,16.0,70.0
2499,,18.99,18.99,,,4.4,10.0,10.0,4.4,0.0,0.0,,25.0,57.0
2500,229.0,24.99,24.99,,200000000.0,4.0,78.0,78.0,4.0,12.0,6.0,8.0,15.0,59.0
2501,,,,,,4.3,6.0,6.0,4.3,0.0,0.0,,,48.0
2502,,119.99,119.99,,,5.0,4.0,4.0,5.0,0.0,0.0,0.0,0.0,100.0
2503,678.0,,,,,,,,,,,,,
2505,,94.0,94.0,,,4.4,373.0,373.0,4.4,6.0,2.0,5.0,16.0,71.0
2506,1086.0,39.99,39.99,,,4.5,72.0,72.0,4.5,4.0,5.0,2.0,12.0,77.0
2507,1446.0,113.41,113.41,119.99,,4.4,771.0,771.0,4.4,7.0,4.0,4.0,9.0,76.0
2508,42.0,15.99,15.99,19.99,50000000.0,4.6,2629.0,2629.0,4.6,2.0,1.0,6.0,16.0,75.0
2510,1285.0,51.47,51.47,,,4.6,146.0,146.0,4.6,5.0,0.0,5.0,8.0,82.0
2511,971.0,69.99,69.99,99.99,,4.3,60.0,60.0,4.3,10.0,2.0,5.0,13.0,70.0
2512,2287.0,,,,,4.1,74.0,74.0,4.1,13.0,5.0,6.0,10.0,66.0
2513,1751.0,74.99,74.99,99.99,,4.8,117.0,117.0,4.8,2.0,0.0,3.0,8.0,87.0
2514,,23.99,23.99,23.99,,4.8,6.0,6.0,4.8,0.0,0.0,0.0,23.0,77.0
2515,1862.0,69.99,69.99,,,4.7,4.0,4.0,4.7,0.0,0.0,0.0,,73.0
2516,680.0,87.99,87.99,149.99,50000000.0,4.5,580.0,580.0,4.5,4.0,3.0,6.0,13.0,74.0
2517,,99.99,99.99,,,4.2,13.0,13.0,4.2,0.0,0.0,,,45.0
2518,261.0,24.83,24.83,26.99,,4.4,401.0,401.0,4.4,5.0,2.0,8.0,15.0,70.0
2519,1954.0,84.99,84.99,,,4.8,38.0,38.0,4.8,4.0,0.0,0.0,4.0,92.0
2520,455.0,89.99,89.99,,50000000.0,4.2,66.0,66.0,4.2,9.0,5.0,7.0,15.0,64.0
2521,,79.99,79.99,99.0,,4.0,26.0,26.0,4.0,12.0,0.0,9.0,,50.0
2522,674.0,,,,,4.6,1027.0,1027.0,4.6,1.0,3.0,5.0,14.0,77.0
2523,506.0,109.95,109.95,,,4.6,839.0,839.0,4.6,2.0,1.0,6.0,12.0,79.0
2524,1033.0,36.98,36.98,,,4.7,43.0,43.0,4.7,0.0,0.0,10.0,14.0,76.0
2525,222.0,40.0,40.0,,,4.4,81.0,81.0,4.4,7.0,3.0,10.0,6.0,74.0
2526,2044.0,,,,,,,,,0.0,0.0,0.0,0.0,
2527,,19.99,19.99,,50000000.0,4.6,132.0,,,,,,,
2528,1330.0,69.99,69.99,99.99,50000000.0,4.8,30.0,30.0,4.8,0.0,5.0,0.0,8.0,87.0
2529,430.0,110.99,110.99,129.99,100000000.0,4.6,1452.0,1452.0,4.6,4.0,4.0,4.0,7.0,81.0
2530,,34.99,34.99,,,4.1,25.0,25.0,4.1,9.0,0.0,16.0,16.0,59.0
2531,178.0,,,,200000000.0,,,,,,,,,
2532,1552.0,,,,,,,,,,,,,
2533,,63.99,63.99,79.99,,3.7,42.0,42.0,3.7,8.0,,13.0,,37.0
2535,542.0,79.99,79.99,79.99,,4.9,28.0,28.0,4.9,0.0,0.0,0.0,13.0,87.0
2536,2070.0,24.99,24.99,,,4.5,591.0,591.0,4.5,3.0,2.0,6.0,13.0,76.0
2537,2367.0,34.99,34.99,,,4.6,91.0,91.0,4.6,0.0,0.0,7.0,21.0,72.0
2538,2242.0,,,,,4.6,165.0,165.0,4.6,6.0,0.0,1.0,12.0,81.0
2539,632.0,109.99,109.99,129.99,100000000.0,4.8,7.0,7.0,4.8,0.0,0.0,0.0,18.0,82.0
2541,16.0,,,,,5.0,2.0,2.0,5.0,0.0,0.0,0.0,0.0,100.0
2542,60.0,,,,50000000.0,,,,,,,,,
2543,,75.0,75.0,,,4.5,151.0,151.0,4.5,4.0,4.0,6.0,12.0,74.0
2544,821.0,109.99,109.99,139.99,,4.3,23.0,23.0,4.3,7.0,0.0,11.0,17.0,65.0
2545,2559.0,11.99,11.99,,,4.3,36.0,36.0,4.3,0.0,,2.0,19.0,65.0
2546,58.0,,,,200000000.0,,,,,,,,,
2547,619.0,49.99,49.99,,50000000.0,4.1,425.0,425.0,4.1,12.0,6.0,6.0,11.0,65.0
2548,185.0,167.99,167.99,209.99,,4.2,52.0,52.0,4.2,9.0,6.0,9.0,9.0,67.0
2549,1120.0,23.99,23.99,,50000000.0,4.4,26.0,26.0,4.4,0.0,6.0,11.0,20.0,63.0
2550,27.0,99.99,99.99,99.99,100000000.0,4.5,1079.0,1079.0,4.5,4.0,2.0,6.0,12.0,76.0
2551,20.0,21.99,21.99,,400000000.0,4.3,2138.0,2138.0,4.3,6.0,5.0,5.0,13.0,71.0
2552,1638.0,99.99,99.99,,,4.5,,,4.5,5.0,3.0,4.0,11.0,77.0
2553,494.0,46.79,46.79,72.99,100000000.0,4.5,68.0,68.0,4.5,4.0,2.0,6.0,11.0,77.0
2554,401.0,69.99,69.99,79.99,100000000.0,4.5,208.0,208.0,4.5,3.0,2.0,4.0,16.0,75.0
2555,72.0,29.99,29.99,,50000000.0,4.5,180.0,180.0,4.5,2.0,3.0,7.0,18.0,70.0
2556,547.0,67.99,67.99,79.99,100000000.0,4.0,153.0,153.0,4.0,14.0,3.0,8.0,16.0,59.0
2557,685.0,39.99,39.99,49.99,50000000.0,4.4,52.0,52.0,4.4,2.0,2.0,7.0,24.0,65.0
2558,23.0,29.99,29.99,,100000000.0,4.6,,,4.6,2.0,1.0,5.0,13.0,79.0
2559,1032.0,94.99,94.99,,,4.3,32.0,32.0,4.3,10.0,0.0,9.0,12.0,69.0
2560,688.0,54.89,54.89,97.99,50000000.0,4.6,237.0,237.0,4.6,3.0,4.0,2.0,12.0,79.0
2561,250.0,23.99,23.99,29.99,300000000.0,4.5,1268.0,1268.0,4.5,4.0,2.0,5.0,15.0,74.0
2562,1113.0,99.99,99.99,,,4.4,246.0,246.0,4.4,5.0,6.0,6.0,10.0,73.0
2563,,,,,,4.0,6.0,6.0,4.0,20.0,0.0,0.0,20.0,60.0
2564,614.0,20.79,20.79,25.99,50000000.0,4.1,199.0,,,12.0,5.0,3.0,15.0,65.0
2565,71.0,36.99,36.99,,,4.3,,,4.3,7.0,5.0,6.0,12.0,70.0
2566,,94.99,94.99,,,4.3,23.0,23.0,4.3,2.0,10.0,0.0,,61.0
2567,1168.0,129.99,129.99,129.99,,4.5,29.0,29.0,4.5,6.0,0.0,7.0,14.0,73.0
2568,2015.0,,,,,4.6,51.0,51.0,4.6,4.0,0.0,4.0,10.0,82.0
2569,,,,,,5.0,4.0,4.0,5.0,0.0,0.0,0.0,0.0,100.0
2570,,219.99,219.99,,,4.5,51.0,51.0,4.5,6.0,4.0,3.0,5.0,82.0
2571,1231.0,,,,,,,,,,,,,
2572,597.0,,,,50000000.0,3.8,8.0,8.0,3.8,16.0,0.0,,0.0,58.0
2573,203.0,29.99,29.99,34.99,,4.4,1542.0,1542.0,4.4,6.0,3.0,7.0,17.0,67.0
2574,82.0,7.99,7.99,,,4.2,127.0,127.0,4.2,5.0,5.0,11.0,20.0,59.0
2575,,119.99,119.99,,,,,,,0.0,0.0,0.0,0.0,
2576,2572.0,19.99,19.99,,,,2.0,2.0,,,,0.0,0.0,
2577,630.0,58.99,58.99,63.71,,4.5,5.0,5.0,4.5,0.0,0.0,,0.0,76.0
2579,1178.0,,,,,4.3,139.0,,,9.0,5.0,4.0,11.0,71.0
2580,140.0,89.99,89.99,89.99,,4.5,9.0,9.0,4.5,0.0,10.0,0.0,17.0,73.0
2581,,94.99,94.99,,,5.0,2.0,,,,,,,
2582,40.0,4.99,4.99,,1000000.0,4.5,,,4.5,4.0,2.0,7.0,15.0,72.0
2583,54.0,16.99,16.99,,100000000.0,4.7,52.0,52.0,4.7,0.0,2.0,3.0,20.0,75.0
2584,31.0,4.89,4.89,,1000000.0,4.4,94.0,,,4.0,4.0,6.0,12.0,74.0
2585,983.0,,,,,,,,,,,,,
2587,841.0,,,,,4.4,603.0,603.0,4.4,6.0,3.0,6.0,12.0,73.0
2588,1078.0,69.99,69.99,89.99,,3.9,20.0,20.0,3.9,12.0,7.0,10.0,15.0,56.0
2589,1832.0,,,,,4.5,268.0,268.0,4.5,6.0,1.0,3.0,12.0,78.0
2590,2077.0,189.99,189.99,,,4.6,566.0,566.0,4.6,3.0,1.0,4.0,9.0,83.0
2591,1262.0,,,,,4.5,68.0,68.0,4.5,2.0,6.0,8.0,6.0,78.0
2592,622.0,46.99,46.99,54.99,100000000.0,4.6,61.0,61.0,4.6,0.0,2.0,7.0,18.0,73.0
2593,214.0,,,,,,,,,,,,,
2594,120.0,39.99,39.99,,300000000.0,4.3,187.0,187.0,4.3,6.0,4.0,6.0,17.0,67.0
2595,1267.0,94.99,94.99,,,4.3,24.0,,,,,,,
2596,,85.02,85.02,179.0,,4.7,17.0,17.0,4.7,0.0,0.0,0.0,,67.0
2597,,21.99,21.99,24.99,,4.4,31.0,31.0,4.4,4.0,5.0,8.0,12.0,71.0
2598,44.0,,,,100000000.0,,,,,,,,,
2599,557.0,24.99,24.99,38.47,100000000.0,4.5,1594.0,1594.0,4.5,5.0,2.0,6.0,12.0,75.0
2600,885.0,85.49,85.49,94.99,,5.0,1.0,1.0,5.0,0.0,0.0,0.0,0.0,100.0
2601,16.0,23.23,23.23,23.23,100000000.0,4.7,76.0,76.0,4.7,1.0,2.0,5.0,10.0,82.0
2602,,18.79,18.79,,,4.5,2.0,2.0,4.5,0.0,0.0,0.0,,49.0
2603,288.0,,,,,4.4,71.0,71.0,4.4,8.0,0.0,12.0,6.0,74.0
2604,491.0,61.19,61.19,67.99,50000000.0,4.6,1426.0,1426.0,4.6,4.0,1.0,5.0,13.0,77.0
2605,,109.99,109.99,,,5.0,1.0,1.0,5.0,0.0,0.0,0.0,0.0,100.0
2606,1041.0,,,,,,,,,,,,,
2607,4.0,17.99,17.99,,300000000.0,4.7,464.0,464.0,4.7,1.0,1.0,4.0,11.0,83.0
2608,891.0,,,,50000000.0,,,,,,,,,
2609,1928.0,,,,,,,,,,,,,
2610,1020.0,64.99,64.99,,50000000.0,4.7,100.0,100.0,4.7,0.0,2.0,2.0,18.0,78.0
2611,1940.0,35.99,35.99,,,4.6,49.0,49.0,4.6,5.0,0.0,6.0,8.0,81.0
2612,,37.99,37.99,44.89,,,,,,0.0,0.0,0.0,0.0,
2613,629.0,169.95,169.95,169.95,50000000.0,4.6,57.0,57.0,4.6,2.0,3.0,2.0,17.0,76.0
2614,,118.99,118.99,134.99,50000000.0,4.5,39.0,39.0,4.5,4.0,4.0,5.0,13.0,74.0
2615,2320.0,,,,,,,,,,,,,
2616,385.0,119.99,119.99,,,4.3,2.0,2.0,4.3,0.0,0.0,,0.0,66.0
2617,781.0,29.99,29.99,,,4.5,714.0,714.0,4.5,6.0,0.0,5.0,10.0,79.0
2618,1551.0,36.99,36.99,46.99,,4.6,11.0,11.0,4.6,0.0,0.0,12.0,18.0,70.0
2619,714.0,56.09,56.09,65.99,50000000.0,4.6,132.0,132.0,4.6,3.0,1.0,2.0,15.0,79.0
2620,1166.0,,,,,4.5,27.0,27.0,4.5,6.0,0.0,4.0,14.0,76.0
2621,1060.0,97.74,97.74,114.99,50000000.0,3.9,83.0,83.0,3.9,13.0,,6.0,12.0,58.0
2622,573.0,,,,,,,,,,,,,
2623,1251.0,70.0,70.0,139.99,,3.9,70.0,70.0,3.9,13.0,4.0,10.0,19.0,54.0
2624,142.0,24.99,24.99,29.99,,4.4,442.0,442.0,4.4,4.0,1.0,9.0,15.0,71.0
2626,108.0,11.99,11.99,23.99,100000000.0,4.5,574.0,,,,,,,
2627,,,,,,4.5,264.0,,,,,,,
2628,625.0,24.99,24.99,,50000000.0,4.6,458.0,458.0,4.6,3.0,4.0,3.0,12.0,78.0
2629,760.0,39.99,39.99,,50000000.0,4.6,369.0,369.0,4.6,3.0,1.0,6.0,11.0,79.0
2630,,37.99,37.99,39.99,,4.7,71.0,71.0,4.7,1.0,0.0,3.0,18.0,78.0
2632,531.0,,,,50000000.0,,,,,,,,,
2633,238.0,89.99,89.99,,,4.3,148.0,,,,,,,
2635,273.0,27.99,27.99,,200000000.0,4.3,1346.0,1346.0,4.3,1.0,4.0,11.0,,57.0
2636,,37.52,37.52,79.0,,4.6,42.0,42.0,4.6,0.0,0.0,10.0,23.0,67.0
2637,240.0,26.9,26.9,,,4.3,48.0,48.0,4.3,3.0,5.0,10.0,18.0,64.0
2638,1136.0,39.99,39.99,49.99,50000000.0,4.7,10.0,10.0,4.7,0.0,0.0,0.0,,70.0
2639,120.0,,,,,,,,,,,,,
2640,2537.0,,,,,4.2,17.0,17.0,4.2,7.0,7.0,8.0,9.0,69.0
2641,,119.99,119.99,,,4.5,51.0,51.0,4.5,0.0,0.0,8.0,,58.0
2642,,69.99,69.99,,,4.4,522.0,522.0,4.4,3.0,4.0,6.0,21.0,66.0
2643,541.0,149.99,149.99,149.99,50000000.0,4.0,327.0,327.0,4.0,11.0,4.0,9.0,19.0,57.0
2644,,,,,,4.3,32.0,32.0,4.3,5.0,6.0,7.0,14.0,68.0
2645,,,,,,4.5,1017.0,,,,,,,
2646,,37.89,37.89,,,4.6,3.0,3.0,4.6,0.0,0.0,0.0,,60.0
2647,8.0,17.99,17.99,17.99,200000000.0,4.4,244.0,244.0,4.4,4.0,2.0,7.0,17.0,70.0
2648,,49.99,49.99,,,4.3,668.0,668.0,4.3,7.0,3.0,6.0,14.0,70.0
2649,,49.99,49.99,,,4.3,48.0,48.0,4.3,11.0,0.0,7.0,10.0,72.0
2650,,19.99,19.99,,,4.6,580.0,580.0,4.6,3.0,2.0,3.0,11.0,81.0
2651,130.0,,,,,,,,,,,,,
2653,405.0,34.99,34.99,39.99,100000000.0,4.3,,,4.3,7.0,3.0,7.0,15.0,68.0
2654,67.0,,,,300000000.0,,,,,,,,,
2655,2126.0,,,,,5.0,8.0,8.0,5.0,0.0,0.0,0.0,0.0,100.0
2656,384.0,59.49,59.49,69.99,100000000.0,4.4,126.0,126.0,4.4,4.0,2.0,5.0,22.0,67.0
2657,410.0,80.0,80.0,99.99,100000000.0,4.4,272.0,272.0,4.4,10.0,3.0,2.0,6.0,79.0
2658,,,,,,4.4,90.0,90.0,4.4,10.0,3.0,0.0,9.0,78.0
2659,,125.0,125.0,,,4.1,44.0,44.0,4.1,8.0,10.0,4.0,13.0,65.0
2660,,65.63,65.63,78.32,,,73.0,,,,6.0,5.0,14.0,45.0
2661,,119.99,119.99,119.99,,4.5,2.0,2.0,4.5,0.0,0.0,0.0,,53.0
2662,929.0,198.18,198.18,198.18,,4.1,57.0,57.0,4.1,6.0,4.0,13.0,,50.0
2663,194.0,58.88,58.88,69.98,400000000.0,4.7,50.0,50.0,4.7,0.0,3.0,5.0,10.0,82.0
2664,4.0,9.99,9.99,,300000000.0,4.3,11.0,,,,,,,
2665,,13.99,13.99,,,4.2,1081.0,,,,,,,
2666,59.0,15.99,15.99,16.99,100000000.0,4.5,433.0,433.0,4.5,4.0,4.0,5.0,13.0,74.0
2667,1279.0,179.0,179.0,179.0,,4.6,135.0,135.0,4.6,4.0,1.0,5.0,10.0,80.0
2668,217.0,,,,,,,,,,,,,
2669,1452.0,119.99,119.99,,,4.3,34.0,34.0,4.3,4.0,,5.0,8.0,72.0
2670,1175.0,129.99,129.99,229.99,50000000.0,4.5,48.0,48.0,4.5,8.0,0.0,0.0,17.0,75.0
2671,976.0,9.99,9.99,,,4.6,126.0,126.0,4.6,3.0,1.0,6.0,14.0,76.0
2672,,38.5,38.5,,,4.3,848.0,848.0,4.3,4.0,4.0,10.0,16.0,66.0
2673,65.0,9.99,9.99,,300000000.0,4.6,506.0,,,2.0,2.0,4.0,12.0,80.0
2674,1584.0,49.99,49.99,,,4.4,25.0,25.0,4.4,7.0,0.0,0.0,,67.0
2675,,55.99,55.99,,,4.7,17.0,17.0,4.7,0.0,0.0,0.0,,68.0
2678,,59.99,59.99,,,4.4,35.0,35.0,4.4,8.0,4.0,0.0,17.0,71.0
2679,,37.99,37.99,75.99,,4.5,34.0,34.0,4.5,0.0,5.0,8.0,19.0,68.0
2680,1582.0,49.99,49.99,,,4.6,251.0,251.0,4.6,3.0,4.0,4.0,9.0,80.0
2681,259.0,,,,,,,,,,,,,
2682,564.0,17.9,17.9,,100000000.0,4.3,37.0,37.0,4.3,10.0,0.0,11.0,8.0,71.0
2683,505.0,,,,100000000.0,,,,,,,,,
2684,997.0,53.93,53.93,149.99,50000000.0,4.5,32.0,32.0,4.5,3.0,6.0,6.0,6.0,79.0
2685,169.0,26.99,26.99,29.99,200000000.0,4.7,303.0,303.0,4.7,2.0,1.0,4.0,9.0,84.0
2686,2406.0,29.99,29.99,29.99,,4.1,101.0,101.0,4.1,6.0,9.0,11.0,11.0,63.0
2687,588.0,14.99,14.99,19.99,,4.4,2263.0,,,6.0,3.0,5.0,13.0,73.0
2688,1669.0,129.99,129.99,,,4.7,50.0,50.0,4.7,3.0,0.0,0.0,15.0,82.0
2689,,134.0,134.0,134.0,,4.6,21.0,21.0,4.6,0.0,0.0,11.0,18.0,71.0
2690,849.0,11.19,11.19,13.99,50000000.0,4.5,197.0,,,2.0,3.0,6.0,16.0,73.0
2691,,223.19,223.19,239.99,,4.9,21.0,21.0,4.9,0.0,0.0,0.0,10.0,90.0
2692,2462.0,59.99,59.99,84.0,,4.6,61.0,61.0,4.6,3.0,3.0,3.0,11.0,80.0
2693,1591.0,13.99,13.99,,,4.8,69.0,69.0,4.8,0.0,0.0,2.0,12.0,86.0
2694,,49.99,49.99,,,5.0,2.0,2.0,5.0,0.0,0.0,0.0,0.0,100.0
2695,,,,,,4.1,22.0,22.0,4.1,0.0,,7.0,,51.0
2696,338.0,,,,,,,,,,,,,
2697,109.0,27.99,27.99,,,4.6,33.0,33.0,4.6,3.0,4.0,0.0,12.0,81.0
2698,164.0,49.86,49.86,54.99,200000000.0,3.9,,,3.9,16.0,6.0,7.0,11.0,60.0
2699,,,,,,4.7,71.0,71.0,4.7,0.0,0.0,7.0,15.0,78.0
2700,,34.99,34.99,,,4.3,40.0,40.0,4.3,0.0,3.0,,23.0,55.0
2701,1051.0,94.99,94.99,,,4.4,38.0,38.0,4.4,3.0,3.0,8.0,19.0,67.0
2702,,153.99,153.99,,,3.5,2.0,2.0,3.5,0.0,,0.0,0.0,50.0
2703,758.0,149.99,149.99,249.99,50000000.0,4.5,,3110.0,4.5,5.0,2.0,4.0,11.0,78.0
2704,,114.99,114.99,,,5.0,5.0,5.0,5.0,0.0,0.0,0.0,0.0,100.0
2705,236.0,89.99,89.99,149.99,,4.5,119.0,119.0,4.5,5.0,2.0,5.0,13.0,75.0
2706,70.0,69.96,69.96,78.89,,4.4,229.0,229.0,4.4,6.0,2.0,5.0,17.0,70.0
2707,1268.0,,,,,,,,,,,,,
2708,486.0,99.0,99.0,107.99,,4.2,205.0,205.0,4.2,12.0,3.0,6.0,14.0,65.0
2709,503.0,14.44,14.44,16.99,50000000.0,4.7,122.0,122.0,4.7,2.0,1.0,2.0,10.0,85.0
2710,1240.0,104.99,104.99,104.99,,4.7,47.0,47.0,4.7,4.0,0.0,3.0,7.0,86.0
2711,2514.0,24.99,24.99,,,4.5,133.0,133.0,4.5,6.0,0.0,5.0,8.0,81.0
2712,1723.0,79.99,79.99,,,4.5,179.0,179.0,4.5,4.0,2.0,6.0,12.0,76.0
2713,2236.0,,,,,4.4,130.0,130.0,4.4,4.0,4.0,5.0,14.0,73.0
2714,,84.99,84.99,,,3.8,37.0,37.0,3.8,,0.0,3.0,11.0,62.0
2715,118.0,20.59,20.59,23.59,300000000.0,4.4,1179.0,1179.0,4.4,5.0,2.0,8.0,11.0,74.0
2716,696.0,69.99,69.99,74.99,,4.7,43.0,43.0,4.7,0.0,0.0,0.0,25.0,75.0
2717,1327.0,199.0,199.0,,,4.1,791.0,791.0,4.1,8.0,8.0,8.0,17.0,59.0
2718,114.0,29.99,29.99,,400000000.0,4.2,151.0,151.0,4.2,8.0,4.0,10.0,11.0,67.0
2719,,36.99,36.99,,,4.1,19.0,19.0,4.1,8.0,0.0,12.0,,51.0
2720,681.0,49.99,49.99,,,3.5,308.0,308.0,3.5,21.0,8.0,10.0,19.0,42.0
2721,,14.16,14.16,14.91,,4.8,9.0,9.0,4.8,0.0,0.0,0.0,23.0,77.0
2722,342.0,,,,100000000.0,,,,,,,,,
2723,633.0,,,,50000000.0,,,,,,,,,
2724,,89.99,89.99,,,3.8,23.0,23.0,3.8,12.0,,0.0,,46.0
2725,1515.0,71.99,71.99,,,4.3,163.0,163.0,4.3,9.0,3.0,5.0,14.0,69.0
2726,,49.99,49.99,49.99,,4.2,40.0,40.0,4.2,8.0,0.0,7.0,,58.0
2727,22.0,22.99,22.99,,100000000.0,4.4,1028.0,1028.0,4.4,5.0,3.0,6.0,14.0,72.0
2728,1296.0,49.99,49.99,59.99,,4.4,75.0,75.0,4.4,6.0,4.0,3.0,13.0,74.0
2729,,104.99,104.99,,,,,,,0.0,0.0,0.0,0.0,
2730,,49.99,49.99,,,4.6,129.0,129.0,4.6,1.0,3.0,4.0,12.0,80.0
2731,637.0,199.99,199.99,229.99,50000000.0,3.9,453.0,453.0,3.9,15.0,5.0,11.0,10.0,59.0
2732,998.0,,,,,,,,,,,,,
2733,178.0,39.99,39.99,,200000000.0,4.3,,,4.3,9.0,4.0,6.0,11.0,70.0
2734,852.0,48.95,48.95,53.32,,4.4,52.0,52.0,4.4,4.0,6.0,4.0,14.0,72.0
2735,1880.0,144.99,144.99,144.99,,4.7,11.0,,,,,,,
2736,603.0,89.99,89.99,96.99,100000000.0,3.6,86.0,86.0,3.6,,0.0,15.0,6.0,54.0
2737,,6.99,6.99,,,4.2,9.0,9.0,4.2,0.0,,0.0,18.0,61.0
2738,,44.99,44.99,,,4.7,7.0,,,,,,,
2739,2461.0,55.79,55.79,61.99,,4.6,186.0,186.0,4.6,3.0,3.0,3.0,13.0,78.0
2740,1402.0,39.99,39.99,,,4.5,1116.0,,,3.0,3.0,5.0,15.0,74.0
2741,,14.99,14.99,,,3.4,5.0,5.0,3.4,0.0,,,15.0,
2742,959.0,,,,,4.2,79.0,79.0,4.2,14.0,2.0,3.0,9.0,72.0
2743,,69.89,69.89,,,3.6,34.0,34.0,3.6,20.0,0.0,16.0,,34.0
2744,,13.5,13.5,,,5.0,8.0,8.0,5.0,0.0,0.0,0.0,0.0,100.0
2745,118.0,36.99,36.99,39.99,,4.4,,,4.4,7.0,4.0,6.0,11.0,72.0
2746,,99.99,99.99,,,4.6,19.0,19.0,4.6,0.0,0.0,12.0,18.0,70.0
2747,89.0,36.99,36.99,,50000000.0,4.7,170.0,170.0,4.7,1.0,3.0,4.0,12.0,80.0
2748,32.0,15.99,15.99,,100000000.0,4.2,48.0,48.0,4.2,5.0,4.0,13.0,18.0,60.0
2749,,,,,,3.6,162.0,162.0,3.6,13.0,,11.0,18.0,43.0
2750,1847.0,44.99,44.99,,,4.5,135.0,135.0,4.5,3.0,3.0,6.0,17.0,71.0
2751,,33.99,33.99,36.99,50000000.0,4.5,23.0,23.0,4.5,0.0,5.0,7.0,22.0,66.0
2752,157.0,4.99,4.99,,400000000.0,4.5,,,,3.0,2.0,8.0,16.0,71.0
2753,,49.99,49.99,,,,,,,0.0,0.0,0.0,0.0,
2754,267.0,28.9,28.9,,,4.5,51.0,51.0,4.5,0.0,3.0,13.0,13.0,71.0
2755,1240.0,37.29,37.29,,,4.5,591.0,591.0,4.5,3.0,2.0,6.0,13.0,76.0
2756,729.0,170.0,170.0,,,4.5,81.0,81.0,4.5,4.0,4.0,7.0,10.0,75.0
2757,,16.99,16.99,,100000000.0,4.4,61.0,61.0,4.4,8.0,0.0,4.0,17.0,71.0
2758,195.0,52.99,52.99,89.99,,4.4,136.0,136.0,4.4,8.0,1.0,3.0,14.0,74.0
2759,1072.0,49.89,49.89,,,,33.0,33.0,,19.0,,,10.0,31.0
2760,,215.99,215.99,239.99,,4.3,23.0,23.0,4.3,11.0,0.0,6.0,16.0,67.0
2761,80.0,62.99,62.99,69.99,,4.1,1183.0,1183.0,4.1,12.0,5.0,7.0,11.0,65.0
2762,,50.39,50.39,53.19,,4.1,34.0,34.0,4.1,9.0,5.0,5.0,20.0,61.0
2763,,94.99,94.99,94.99,,4.1,10.0,10.0,4.1,11.0,0.0,12.0,14.0,63.0
2764,240.0,45.0,45.0,,,4.4,567.0,567.0,4.4,6.0,3.0,6.0,14.0,71.0
2765,,20.69,20.69,29.99,,4.6,82.0,82.0,4.6,4.0,0.0,4.0,11.0,81.0
2766,466.0,24.95,24.95,49.99,100000000.0,4.6,1014.0,1014.0,4.6,3.0,2.0,5.0,13.0,77.0
2767,,114.99,114.99,,,4.4,8.0,8.0,4.4,13.0,0.0,0.0,0.0,87.0
2768,,,,,,,1.0,1.0,,0.0,,0.0,0.0,
2769,357.0,32.99,32.99,,100000000.0,4.5,,,4.5,4.0,2.0,7.0,12.0,75.0
2770,,,,,,4.2,36.0,36.0,4.2,8.0,5.0,4.0,17.0,66.0
2771,1734.0,24.99,24.99,,,3.9,54.0,54.0,3.9,9.0,5.0,13.0,,44.0
2772,,,,,,4.7,,,,,,,,
2773,2.0,9.49,9.49,9.99,,4.6,543.0,543.0,4.6,2.0,1.0,7.0,13.0,77.0
2774,,24.99,24.99,24.99,,4.3,99.0,99.0,4.3,3.0,5.0,9.0,20.0,63.0
2775,457.0,99.99,99.99,,100000000.0,4.8,28.0,28.0,4.8,0.0,0.0,0.0,16.0,84.0
2776,1844.0,35.99,35.99,,,4.2,57.0,57.0,4.2,7.0,6.0,5.0,18.0,64.0
2777,769.0,24.98,24.98,,50000000.0,4.3,,,4.3,7.0,3.0,8.0,15.0,67.0
2778,,109.98,109.98,,,4.6,,,4.6,3.0,2.0,3.0,11.0,81.0
2779,1174.0,,,,,4.2,966.0,966.0,4.2,9.0,3.0,7.0,12.0,69.0
2780,,,,,,4.6,176.0,176.0,4.6,4.0,2.0,6.0,8.0,80.0
2781,54.0,119.99,119.99,,,3.8,249.0,249.0,3.8,19.0,3.0,7.0,18.0,53.0
2782,,89.99,89.99,89.99,,4.6,970.0,970.0,4.6,3.0,1.0,5.0,13.0,78.0
2783,,71.99,71.99,75.99,,4.5,45.0,45.0,4.5,1.0,6.0,0.0,23.0,70.0
2784,,139.99,139.99,149.99,,4.2,44.0,44.0,4.2,6.0,0.0,,12.0,62.0
2786,1728.0,94.99,94.99,,,4.4,38.0,38.0,4.4,3.0,3.0,8.0,19.0,67.0
2787,523.0,73.0,73.0,,50000000.0,4.8,95.0,95.0,4.8,1.0,0.0,5.0,9.0,85.0
2788,1591.0,19.99,19.99,,,4.6,2358.0,2358.0,4.6,2.0,1.0,6.0,12.0,79.0
2789,,99.99,99.99,109.99,,4.2,15.0,15.0,4.2,13.0,0.0,0.0,22.0,65.0
2790,,,,,,5.0,2.0,2.0,5.0,0.0,0.0,0.0,0.0,100.0
2791,,,,,,4.4,350.0,350.0,4.4,5.0,2.0,9.0,13.0,71.0
2792,950.0,30.0,30.0,32.0,,4.2,67.0,67.0,4.2,7.0,6.0,9.0,13.0,65.0
2793,54.0,,,,1000000.0,,,,,,,,,
2795,671.0,19.99,19.99,19.99,50000000.0,4.5,193.0,,,5.0,4.0,2.0,11.0,78.0
2796,,99.99,99.99,,,5.0,2.0,2.0,5.0,0.0,0.0,0.0,0.0,100.0
2797,1881.0,94.99,94.99,,,4.6,105.0,105.0,4.6,1.0,0.0,7.0,13.0,79.0
2798,137.0,19.99,19.99,22.99,50000000.0,4.3,457.0,457.0,4.3,2.0,5.0,11.0,19.0,63.0
2799,938.0,114.99,114.99,,,4.4,23.0,23.0,4.4,6.0,6.0,0.0,11.0,77.0
2800,1703.0,10.99,10.99,,,4.4,74.0,74.0,4.4,5.0,3.0,9.0,10.0,73.0
2801,1070.0,19.99,19.99,,,4.1,33.0,33.0,4.1,5.0,,7.0,24.0,53.0
2802,107.0,,,,50000000.0,,,,,,,,,
2803,,69.99,69.99,,,4.3,7.0,7.0,4.3,0.0,0.0,,,50.0
2804,520.0,20.58,20.58,29.99,100000000.0,4.3,1886.0,1886.0,4.3,6.0,3.0,9.0,16.0,66.0
2805,1744.0,79.99,79.99,99.99,,4.2,198.0,198.0,4.2,10.0,5.0,4.0,19.0,62.0
2806,1686.0,10.99,10.99,,,3.7,38.0,38.0,3.7,13.0,7.0,16.0,22.0,42.0
2807,2526.0,19.99,19.99,,,4.4,38.0,38.0,4.4,0.0,5.0,11.0,21.0,63.0
2808,,8.87,8.87,13.99,,4.5,700.0,,,2.0,3.0,8.0,12.0,75.0
2809,,124.99,124.99,,,4.8,20.0,20.0,4.8,0.0,0.0,8.0,7.0,85.0
2810,557.0,18.36,18.36,,50000000.0,3.4,119.0,119.0,3.4,,6.0,9.0,12.0,45.0
2811,297.0,34.99,34.99,,,4.0,12.0,12.0,4.0,12.0,0.0,13.0,21.0,54.0
2812,,,,,,4.7,8.0,8.0,4.7,0.0,0.0,0.0,,71.0
2813,1264.0,19.95,19.95,,,3.8,26.0,26.0,3.8,0.0,,,25.0,34.0
2814,2188.0,39.0,39.0,,,4.0,260.0,260.0,4.0,11.0,6.0,12.0,14.0,57.0
2815,2331.0,104.99,104.99,,,4.5,6.0,6.0,4.5,0.0,0.0,0.0,,52.0
2816,450.0,119.99,119.99,119.99,100000000.0,4.2,115.0,115.0,4.2,4.0,4.0,11.0,23.0,58.0
2817,282.0,29.99,29.99,,200000000.0,4.3,2702.0,2702.0,4.3,4.0,4.0,8.0,19.0,65.0
2818,684.0,29.79,29.79,39.99,50000000.0,4.6,82.0,,,,,,,
2819,544.0,29.69,29.69,39.99,50000000.0,4.2,10.0,10.0,4.2,14.0,0.0,0.0,21.0,65.0
2820,1352.0,,,,,,,,,,,,,
2821,1364.0,23.5,23.5,,,4.3,241.0,241.0,4.3,4.0,5.0,8.0,19.0,64.0
2822,,209.99,209.99,,,4.7,4.0,4.0,4.7,0.0,0.0,0.0,,69.0
2823,941.0,39.99,39.99,,,4.5,465.0,465.0,4.5,3.0,4.0,5.0,15.0,73.0
2824,,,,,,4.3,85.0,85.0,4.3,6.0,7.0,4.0,12.0,71.0
2825,,129.0,129.0,179.0,,3.8,25.0,25.0,3.8,14.0,,12.0,6.0,57.0
2826,8.0,89.95,89.95,99.95,,4.6,429.0,429.0,4.6,2.0,1.0,6.0,9.0,82.0
2827,1481.0,53.99,53.99,66.11,,3.8,4.0,4.0,3.8,,0.0,0.0,0.0,71.0
2828,402.0,64.59,64.59,75.99,100000000.0,4.6,142.0,142.0,4.6,2.0,3.0,3.0,15.0,77.0
2830,2290.0,,,,,,,,,0.0,0.0,0.0,0.0,
2831,464.0,23.99,23.99,,100000000.0,4.4,332.0,332.0,4.4,6.0,4.0,6.0,12.0,72.0
2832,219.0,189.99,189.99,189.99,200000000.0,4.6,205.0,205.0,4.6,2.0,1.0,5.0,10.0,82.0
2834,90.0,,,,300000000.0,,,,,,,,,
2835,,8.94,8.94,,,4.0,124.0,124.0,4.0,7.0,4.0,14.0,25.0,50.0
2836,1857.0,9.9,9.9,,,4.3,162.0,162.0,4.3,3.0,5.0,10.0,19.0,63.0
2837,,179.95,179.95,,,,,,,0.0,0.0,0.0,0.0,
2838,1190.0,39.99,39.99,,,4.6,16.0,16.0,4.6,0.0,0.0,9.0,16.0,75.0
2839,406.0,,,,,4.2,26.0,26.0,4.2,11.0,6.0,0.0,12.0,71.0
2840,1159.0,,,,,,,,,,,,,
2841,,,,,,5.0,13.0,13.0,5.0,0.0,0.0,0.0,0.0,100.0
2842,,,,,,4.0,12.0,12.0,4.0,13.0,0.0,,10.0,58.0
2843,,,,,,,2.0,2.0,,,0.0,0.0,0.0,52.0
2844,,53.59,53.59,75.99,,,,,,0.0,0.0,0.0,0.0,
2845,2117.0,54.99,54.99,,,4.1,177.0,177.0,4.1,4.0,9.0,10.0,23.0,54.0
2846,2499.0,36.99,36.99,,,4.4,174.0,174.0,4.4,6.0,1.0,3.0,19.0,71.0
2847,57.0,203.99,203.99,239.99,100000000.0,4.7,62.0,62.0,4.7,2.0,3.0,5.0,3.0,87.0
2848,,,,,,4.4,597.0,597.0,4.4,7.0,3.0,6.0,10.0,74.0
2849,469.0,39.99,39.99,49.99,,4.6,378.0,378.0,4.6,3.0,3.0,4.0,14.0,76.0
2850,2271.0,99.99,99.99,,,4.4,25.0,25.0,4.4,8.0,7.0,0.0,0.0,85.0
2851,158.0,104.99,104.99,114.99,,4.4,96.0,96.0,4.4,6.0,2.0,7.0,14.0,71.0
2852,210.0,219.99,219.99,249.99,200000000.0,4.2,664.0,664.0,4.2,11.0,4.0,4.0,13.0,68.0
2853,1741.0,,,,,,,,,,,,,
2854,30.0,16.99,16.99,,,5.0,3.0,,,0.0,0.0,0.0,0.0,100.0
2855,,,,,,4.7,14.0,14.0,4.7,0.0,0.0,0.0,,68.0
2856,1002.0,14.24,14.24,14.99,,4.6,51.0,51.0,4.6,0.0,4.0,0.0,23.0,73.0
2857,1455.0,24.9,24.9,,,5.0,1.0,1.0,5.0,0.0,0.0,0.0,0.0,100.0
2858,143.0,47.49,47.49,54.99,200000000.0,3.8,713.0,713.0,3.8,16.0,5.0,10.0,13.0,56.0
2859,478.0,27.99,27.99,29.99,100000000.0,4.5,654.0,654.0,4.5,6.0,2.0,3.0,9.0,80.0
2860,9.0,8.81,8.81,,1000000.0,4.4,1418.0,,,,,,,
2861,1698.0,8.99,8.99,,50000000.0,4.6,797.0,,,3.0,1.0,6.0,15.0,75.0
2862,2204.0,67.99,67.99,79.99,,4.6,89.0,89.0,4.6,2.0,0.0,6.0,16.0,76.0
2863,284.0,,,,,,,,,,,,,
2864,2204.0,134.0,134.0,,,3.9,16.0,16.0,3.9,,0.0,5.0,12.0,61.0
2865,136.0,,,,,4.4,52.0,,,,,,,
2866,2001.0,79.99,79.99,,,4.3,672.0,672.0,4.3,7.0,4.0,6.0,15.0,68.0
2867,803.0,20.69,20.69,29.99,,4.6,82.0,82.0,4.6,4.0,0.0,4.0,11.0,81.0
2868,40.0,12.99,12.99,,200000000.0,4.4,2506.0,2506.0,4.4,5.0,3.0,8.0,16.0,68.0
2869,2352.0,109.99,109.99,,,4.3,24.0,,,,,,,
2870,1835.0,69.5,69.5,,,3.7,127.0,127.0,3.7,,9.0,3.0,6.0,60.0
2871,,,,,,4.2,15.0,15.0,4.2,14.0,7.0,0.0,0.0,79.0
2872,787.0,29.99,29.99,,100000000.0,4.4,51.0,,,,,,,
2873,377.0,119.99,119.99,,,4.5,183.0,183.0,4.5,5.0,4.0,5.0,9.0,77.0
2874,,93.6,93.6,,,4.9,11.0,11.0,4.9,0.0,0.0,0.0,11.0,89.0
2875,1.0,29.99,29.99,29.99,10000000.0,4.5,,,4.5,6.0,2.0,4.0,13.0,75.0
2876,1533.0,109.99,109.99,109.99,,3.6,19.0,19.0,3.6,13.0,10.0,17.0,16.0,44.0
2877,1199.0,53.99,53.99,59.99,100000000.0,4.6,2386.0,2386.0,4.6,3.0,2.0,5.0,9.0,81.0
2878,2416.0,,,,,,,,,,,,,
2879,16.0,16.94,16.94,18.99,2000000.0,4.3,604.0,604.0,4.3,7.0,4.0,6.0,13.0,70.0
2880,43.0,29.99,29.99,29.99,1000000.0,4.4,,,4.4,6.0,2.0,5.0,14.0,73.0
2881,5.0,129.99,129.99,129.99,5000000.0,4.5,,,4.5,6.0,2.0,5.0,10.0,77.0
2882,12.0,35.99,35.99,39.99,2000000.0,4.4,,,4.4,6.0,3.0,6.0,13.0,72.0
2883,37.0,22.99,22.99,22.99,1000000.0,4.4,182.0,182.0,4.4,4.0,2.0,6.0,20.0,68.0
2884,28.0,19.99,19.99,24.99,1000000.0,4.4,392.0,392.0,4.4,6.0,3.0,6.0,12.0,73.0
2885,2.0,29.99,29.99,34.99,8000000.0,4.4,,,4.4,4.0,2.0,7.0,16.0,71.0
2886,5.0,,,,200000000.0,,,,,,,,,
2887,42.0,19.52,19.52,24.99,1000000.0,4.4,236.0,236.0,4.4,4.0,2.0,7.0,16.0,71.0
2888,26.0,89.99,89.99,89.99,1000000.0,4.5,810.0,810.0,4.5,6.0,2.0,2.0,12.0,78.0
2889,10.0,28.3,28.3,,3000000.0,4.5,,,,,,,,
2890,3.0,56.99,56.99,59.99,10000000.0,4.4,1811.0,1811.0,4.4,8.0,3.0,4.0,11.0,74.0
2891,7.0,64.99,64.99,69.99,4000000.0,4.3,,3022.0,4.3,7.0,3.0,7.0,13.0,70.0
2892,,,,,,4.5,49.0,49.0,4.5,4.0,5.0,4.0,7.0,80.0
2893,4.0,,,,9000000.0,,,,,,,,,
2894,24.0,,,,1000000.0,,,,,,,,,
2895,5.0,,,,10000000.0,,,,,,,,,
2896,46.0,18.99,18.99,18.99,,4.4,2315.0,2315.0,4.4,7.0,2.0,6.0,13.0,72.0
2897,49.0,20.89,20.89,21.99,,4.4,90.0,90.0,4.4,6.0,4.0,5.0,13.0,72.0
2899,270.0,,,,100000000.0,,,,,,,,,
2900,50.0,16.59,16.59,,,4.2,,3055.0,4.2,9.0,3.0,7.0,14.0,67.0
2901,13.0,19.99,19.99,,3000000.0,4.3,2037.0,2037.0,4.3,9.0,4.0,6.0,12.0,69.0
2902,49.0,19.99,19.99,28.99,1000000.0,4.4,2144.0,2144.0,4.4,7.0,3.0,6.0,12.0,72.0
2903,17.0,19.49,19.49,24.98,3000000.0,4.4,1540.0,1540.0,4.4,8.0,3.0,5.0,9.0,75.0
2904,6.0,32.99,32.99,34.99,6000000.0,4.4,,,4.4,7.0,3.0,5.0,11.0,74.0
2905,1577.0,93.49,93.49,109.99,,4.6,852.0,852.0,4.6,1.0,2.0,9.0,9.0,79.0
2906,27.0,,,,3000000.0,,,,,,,,,
2907,47.0,69.99,69.99,69.99,1000000.0,4.6,,,4.6,4.0,2.0,4.0,13.0,77.0
2908,8.0,19.99,19.99,28.99,4000000.0,4.3,,,4.3,8.0,4.0,7.0,12.0,69.0
2909,105.0,15.97,15.97,19.97,300000000.0,4.0,1089.0,1089.0,4.0,14.0,5.0,7.0,13.0,61.0
2910,48.0,36.99,36.99,49.99,1000000.0,4.4,,,4.4,6.0,3.0,5.0,13.0,73.0
2911,1103.0,37.99,37.99,39.99,,4.5,499.0,499.0,4.5,4.0,2.0,4.0,13.0,77.0
2912,33.0,19.99,19.99,29.99,1000000.0,4.2,2480.0,2480.0,4.2,11.0,4.0,6.0,11.0,68.0
2913,26.0,32.99,32.99,39.99,2000000.0,4.3,2030.0,2030.0,4.3,8.0,4.0,5.0,11.0,72.0
2914,7.0,19.99,19.99,,7000000.0,4.3,437.0,437.0,4.3,7.0,4.0,5.0,12.0,72.0
2915,46.0,64.99,64.99,79.99,1000000.0,4.5,,,4.5,4.0,2.0,5.0,13.0,76.0
2916,57.0,49.99,49.99,49.99,,4.4,580.0,580.0,4.4,5.0,2.0,8.0,16.0,69.0
2917,99.0,26.99,26.99,,400000000.0,4.3,,,4.3,6.0,3.0,7.0,15.0,69.0
2918,27.0,35.99,35.99,39.99,1000000.0,4.2,,,4.2,10.0,4.0,7.0,13.0,66.0
2919,14.0,28.33,28.33,28.33,3000000.0,4.1,2628.0,2628.0,4.1,13.0,6.0,6.0,8.0,67.0
2920,85.0,15.99,15.99,,,4.4,2591.0,2591.0,4.4,5.0,2.0,7.0,14.0,72.0
2921,29.0,89.99,89.99,99.99,2000000.0,4.4,380.0,380.0,4.4,6.0,3.0,4.0,13.0,74.0
2922,31.0,39.99,39.99,,2000000.0,4.2,2094.0,2094.0,4.2,9.0,6.0,8.0,11.0,66.0
2923,1630.0,11.19,11.19,,,4.3,1057.0,1057.0,4.3,3.0,4.0,12.0,20.0,61.0
2924,9.0,34.99,34.99,45.99,5000000.0,4.4,718.0,718.0,4.4,6.0,4.0,6.0,12.0,72.0
2925,63.0,,,,,,,,,,,,,
2926,96.0,32.99,32.99,35.99,,4.2,275.0,275.0,4.2,8.0,6.0,5.0,15.0,66.0
2927,60.0,32.99,32.99,40.99,,4.3,1442.0,1442.0,4.3,7.0,4.0,4.0,16.0,69.0
2928,887.0,28.87,28.87,33.99,50000000.0,4.2,125.0,125.0,4.2,7.0,5.0,9.0,15.0,64.0
2929,16.0,29.98,29.98,45.99,4000000.0,4.1,,,4.1,11.0,6.0,8.0,13.0,62.0
2930,180.0,18.99,18.99,18.99,200000000.0,3.9,892.0,892.0,3.9,15.0,5.0,7.0,14.0,59.0
2931,128.0,,,,,4.6,1278.0,1278.0,4.6,4.0,2.0,3.0,14.0,77.0
2932,198.0,14.99,14.99,16.99,200000000.0,4.6,88.0,88.0,4.6,2.0,5.0,4.0,12.0,77.0
2933,172.0,18.99,18.99,,400000000.0,4.5,84.0,84.0,4.5,4.0,1.0,4.0,20.0,71.0
2934,20.0,17.99,17.99,19.99,1000000.0,4.3,,,4.3,7.0,2.0,6.0,17.0,68.0
2935,292.0,53.99,53.99,,200000000.0,4.3,32.0,32.0,4.3,10.0,0.0,8.0,15.0,67.0
2936,68.0,,,,1000000.0,,,,,,,,,
2937,75.0,64.69,64.69,78.89,400000000.0,4.6,1193.0,1193.0,4.6,3.0,1.0,3.0,12.0,81.0
2938,57.0,39.0,39.0,49.99,1000000.0,4.4,1394.0,1394.0,4.4,7.0,4.0,4.0,7.0,78.0
2939,10.0,28.99,28.99,39.99,4000000.0,4.1,1931.0,1931.0,4.1,11.0,7.0,7.0,14.0,61.0
2940,123.0,34.99,34.99,49.99,300000000.0,4.2,111.0,111.0,4.2,7.0,5.0,9.0,18.0,61.0
2941,492.0,34.99,34.99,39.99,100000000.0,4.9,17.0,17.0,4.9,0.0,0.0,0.0,13.0,87.0
2942,50.0,68.0,68.0,79.99,,4.6,976.0,976.0,4.6,2.0,2.0,4.0,10.0,82.0
2943,337.0,,,,100000000.0,,,,,,,,,
2944,74.0,,,,,,,,,,,,,
2945,167.0,21.99,21.99,,300000000.0,4.5,578.0,578.0,4.5,4.0,3.0,7.0,12.0,74.0
2946,181.0,16.99,16.99,,300000000.0,3.8,699.0,699.0,3.8,16.0,8.0,9.0,11.0,56.0
2947,38.0,21.99,21.99,26.99,1000000.0,4.2,,,4.2,7.0,4.0,8.0,17.0,64.0
2948,22.0,19.99,19.99,22.99,2000000.0,4.2,,,4.2,8.0,5.0,8.0,15.0,64.0
2949,96.0,84.78,84.78,105.99,,4.5,162.0,162.0,4.5,4.0,2.0,5.0,12.0,77.0
2950,86.0,49.99,49.99,49.99,,4.5,620.0,620.0,4.5,6.0,2.0,3.0,7.0,82.0
2951,32.0,39.99,39.99,39.99,1000000.0,4.4,192.0,192.0,4.4,6.0,2.0,5.0,15.0,72.0
2952,41.0,21.99,21.99,24.99,1000000.0,4.3,291.0,291.0,4.3,9.0,3.0,5.0,14.0,69.0
2953,107.0,29.99,29.99,35.99,400000000.0,4.5,60.0,60.0,4.5,2.0,6.0,4.0,13.0,75.0
2954,323.0,24.99,24.99,29.99,200000000.0,4.4,76.0,76.0,4.4,6.0,3.0,3.0,21.0,67.0
2955,342.0,51.29,51.29,59.99,100000000.0,4.6,2537.0,2537.0,4.6,3.0,2.0,4.0,12.0,79.0
2956,122.0,29.95,29.95,,300000000.0,4.4,838.0,838.0,4.4,7.0,2.0,7.0,13.0,71.0
2957,1.0,17.89,17.89,20.99,2000000.0,4.5,,,4.5,5.0,2.0,6.0,14.0,73.0
2958,1132.0,19.99,19.99,,,3.6,196.0,196.0,3.6,,8.0,8.0,10.0,52.0
2959,42.0,18.99,18.99,,1000000.0,4.3,622.0,622.0,4.3,9.0,1.0,7.0,17.0,66.0
2960,149.0,70.98,70.98,85.89,200000000.0,4.6,661.0,661.0,4.6,3.0,2.0,4.0,10.0,81.0
2961,77.0,39.99,39.99,,,4.3,,,4.3,6.0,3.0,9.0,14.0,68.0
2962,86.0,29.99,29.99,39.99,,4.4,509.0,509.0,4.4,6.0,3.0,7.0,9.0,75.0
2963,60.0,31.99,31.99,39.99,1000000.0,4.3,2455.0,2455.0,4.3,9.0,3.0,6.0,12.0,70.0
2964,158.0,22.49,22.49,27.99,300000000.0,4.2,430.0,430.0,4.2,10.0,4.0,6.0,13.0,67.0
2965,360.0,129.99,129.99,159.99,100000000.0,4.4,376.0,376.0,4.4,5.0,3.0,5.0,14.0,73.0
2966,294.0,98.99,98.99,109.99,200000000.0,4.8,81.0,81.0,4.8,0.0,2.0,1.0,10.0,87.0
2967,697.0,179.99,179.99,219.99,50000000.0,4.5,692.0,692.0,4.5,7.0,2.0,5.0,6.0,80.0
2968,76.0,19.99,19.99,22.99,,4.2,657.0,657.0,4.2,10.0,4.0,5.0,10.0,71.0
2969,20.0,33.96,33.96,33.96,2000000.0,4.1,,,4.1,12.0,4.0,7.0,11.0,66.0
2970,323.0,29.99,29.99,,100000000.0,4.3,2138.0,2138.0,4.3,6.0,5.0,5.0,13.0,71.0
2971,538.0,,,,50000000.0,,,,,,,,,
2972,350.0,,,,50000000.0,,,,,,,,,
2973,232.0,66.39,66.39,82.99,200000000.0,4.7,317.0,317.0,4.7,3.0,0.0,1.0,9.0,87.0
2974,94.0,89.56,89.56,149.99,50000000.0,4.3,495.0,495.0,4.3,8.0,2.0,6.0,13.0,71.0
2975,430.0,18.99,18.99,26.99,100000000.0,4.4,49.0,49.0,4.4,5.0,2.0,9.0,17.0,67.0
2976,36.0,21.0,21.0,24.99,1000000.0,4.5,185.0,185.0,4.5,4.0,3.0,7.0,11.0,75.0
2977,138.0,39.99,39.99,49.99,300000000.0,4.6,,,4.6,3.0,2.0,5.0,13.0,77.0
2978,19.0,49.99,49.99,54.99,1000000.0,4.6,,,4.6,4.0,2.0,4.0,10.0,80.0
2979,39.0,21.99,21.99,,1000000.0,4.4,,,4.4,3.0,3.0,9.0,15.0,70.0
2980,273.0,19.99,19.99,,200000000.0,4.2,566.0,566.0,4.2,7.0,3.0,7.0,21.0,62.0
2981,1944.0,,,,,,,,,,,,,
2982,682.0,,,,100000000.0,,,,,,,,,
2983,358.0,179.99,179.99,249.99,100000000.0,4.5,,,4.5,7.0,2.0,4.0,9.0,78.0
2984,933.0,59.99,59.99,79.99,50000000.0,4.6,178.0,178.0,4.6,4.0,1.0,6.0,9.0,80.0
2985,583.0,123.48,123.48,249.66,,4.0,55.0,55.0,4.0,11.0,7.0,9.0,13.0,60.0
2986,19.0,,,,3000000.0,,,,,,,,,
2987,35.0,31.77,31.77,,,4.2,,,,,,,,
2988,1.0,,,,10000000.0,,,,,,,,,
2989,61.0,19.99,19.99,21.99,,4.2,,,4.2,10.0,4.0,8.0,15.0,63.0
2990,98.0,22.49,22.49,,400000000.0,4.0,,,4.0,11.0,5.0,9.0,15.0,60.0
2991,3.0,15.95,15.95,19.99,6000000.0,4.5,,,4.5,4.0,2.0,5.0,14.0,75.0
2992,43.0,23.19,23.19,,1000000.0,3.9,836.0,836.0,3.9,17.0,8.0,4.0,10.0,61.0
2993,217.0,24.99,24.99,32.99,200000000.0,4.2,761.0,761.0,4.2,7.0,5.0,8.0,12.0,68.0
2994,61.0,18.99,18.99,19.99,100000000.0,4.1,1100.0,1100.0,4.1,9.0,5.0,9.0,17.0,60.0
2995,47.0,,,,100000000.0,4.6,1075.0,1075.0,4.6,4.0,3.0,4.0,9.0,80.0
2996,1448.0,19.99,19.99,,,4.0,58.0,58.0,4.0,8.0,3.0,,18.0,50.0
2997,126.0,19.99,19.99,,400000000.0,4.4,,,4.4,4.0,4.0,6.0,15.0,71.0
2998,1225.0,29.89,29.89,,,4.3,34.0,34.0,4.3,5.0,3.0,8.0,25.0,59.0
2999,370.0,25.95,25.95,29.99,100000000.0,4.3,,,4.3,5.0,3.0,10.0,16.0,66.0
3000,638.0,76.49,76.49,89.99,50000000.0,4.8,197.0,197.0,4.8,1.0,0.0,2.0,10.0,87.0
3001,515.0,11.99,11.99,12.99,50000000.0,4.4,2382.0,2382.0,4.4,5.0,3.0,6.0,15.0,71.0
3003,298.0,,,,200000000.0,,,,,,,,,
3004,25.0,,,,100000000.0,,,,,,,,,
3005,460.0,43.99,43.99,49.99,50000000.0,4.3,462.0,462.0,4.3,7.0,6.0,9.0,7.0,71.0
3006,1481.0,58.99,58.99,66.11,,3.8,4.0,4.0,3.8,,0.0,0.0,0.0,71.0
3007,326.0,28.99,28.99,,100000000.0,3.9,1647.0,1647.0,3.9,12.0,7.0,10.0,13.0,58.0
3008,25.0,39.99,39.99,49.91,1000000.0,4.3,,,4.3,6.0,4.0,8.0,13.0,69.0
3009,101.0,30.39,30.39,37.99,,4.3,2331.0,2331.0,4.3,7.0,4.0,7.0,10.0,72.0
3010,80.0,,,,,,,,,,,,,
3011,121.0,17.99,17.99,,,4.4,1204.0,1204.0,4.4,5.0,3.0,5.0,14.0,73.0
3012,71.0,29.99,29.99,33.99,,4.4,,,4.4,7.0,3.0,5.0,14.0,71.0
3013,56.0,18.99,18.99,22.99,1000000.0,4.3,80.0,80.0,4.3,10.0,3.0,4.0,8.0,75.0
3014,25.0,12.64,12.64,,1000000.0,4.3,1267.0,1267.0,4.3,6.0,3.0,9.0,13.0,69.0
3015,16.0,83.99,83.99,83.99,300000000.0,4.4,1259.0,1259.0,4.4,6.0,4.0,5.0,13.0,72.0
3016,364.0,24.99,24.99,,100000000.0,4.1,53.0,53.0,4.1,11.0,6.0,8.0,13.0,62.0
3017,62.0,44.99,44.99,49.99,1000000.0,4.0,836.0,836.0,4.0,14.0,6.0,6.0,14.0,60.0
3018,,,,,,4.6,1430.0,1430.0,4.6,3.0,2.0,4.0,11.0,80.0
3019,1990.0,29.99,29.99,34.99,,4.5,,,4.5,4.0,2.0,6.0,14.0,74.0
3020,165.0,34.99,34.99,39.99,300000000.0,4.3,,,4.3,7.0,3.0,7.0,15.0,68.0
3021,69.0,37.99,37.99,39.99,,4.3,473.0,473.0,4.3,7.0,4.0,6.0,11.0,72.0
3022,522.0,109.99,109.99,119.99,200000000.0,4.6,153.0,153.0,4.6,2.0,2.0,4.0,10.0,82.0
3023,847.0,67.47,67.47,79.99,50000000.0,4.0,153.0,153.0,4.0,14.0,3.0,8.0,16.0,59.0
3024,4.0,11.99,11.99,,5000000.0,4.6,,,4.6,3.0,2.0,4.0,13.0,78.0
3025,28.0,29.99,29.99,39.99,2000000.0,4.2,,,4.2,8.0,5.0,7.0,15.0,65.0
3026,414.0,16.99,16.99,,50000000.0,4.0,10.0,10.0,4.0,0.0,,,21.0,47.0
3027,76.0,29.99,29.99,35.99,,4.2,196.0,196.0,4.2,9.0,3.0,5.0,22.0,61.0
3028,567.0,19.99,19.99,35.99,100000000.0,4.1,69.0,69.0,4.1,9.0,2.0,12.0,22.0,55.0
3029,204.0,19.99,19.99,,200000000.0,4.3,,3153.0,4.3,5.0,4.0,8.0,15.0,68.0
3030,484.0,16.99,16.99,,100000000.0,4.4,220.0,220.0,4.4,5.0,3.0,6.0,16.0,70.0
3031,45.0,,,,,,,,,,,,,
3032,224.0,38.99,38.99,61.99,200000000.0,4.4,463.0,,,,,,,
3033,1235.0,24.99,24.99,,,4.1,,,4.1,10.0,5.0,11.0,11.0,63.0
3034,822.0,14.91,14.91,19.91,50000000.0,4.2,1583.0,1583.0,4.2,9.0,4.0,10.0,14.0,63.0
3035,,37.79,37.79,44.79,,4.6,13.0,13.0,4.6,10.0,0.0,0.0,0.0,90.0
3036,72.0,139.99,139.99,,,4.6,144.0,144.0,4.6,4.0,1.0,5.0,8.0,82.0
3037,1246.0,36.99,36.99,,,4.3,1011.0,1011.0,4.3,7.0,5.0,6.0,10.0,72.0
3038,346.0,39.99,39.99,49.99,100000000.0,4.6,556.0,556.0,4.6,3.0,1.0,5.0,11.0,80.0
3039,289.0,21.99,21.99,23.99,100000000.0,4.1,88.0,88.0,4.1,14.0,4.0,4.0,14.0,64.0
3040,113.0,,,,400000000.0,,,,,,,,,
3041,307.0,,,,100000000.0,,,,,,,,,
3042,470.0,29.99,29.99,,100000000.0,3.9,,,3.9,11.0,7.0,12.0,19.0,51.0
3044,851.0,99.0,99.0,109.99,50000000.0,4.5,76.0,76.0,4.5,1.0,3.0,10.0,15.0,71.0
3045,155.0,21.99,21.99,25.99,,4.3,495.0,495.0,4.3,6.0,3.0,7.0,15.0,69.0
3046,2029.0,54.99,54.99,,50000000.0,4.6,,,4.6,3.0,1.0,6.0,16.0,74.0
3047,692.0,44.99,44.99,,,4.0,86.0,86.0,4.0,9.0,4.0,12.0,22.0,53.0
3048,70.0,39.99,39.99,,,4.0,2421.0,2421.0,4.0,12.0,6.0,9.0,16.0,57.0
3049,790.0,,,,100000000.0,,,,,,,,,
3050,50.0,34.99,34.99,34.99,1000000.0,4.2,708.0,708.0,4.2,9.0,5.0,6.0,16.0,64.0
3051,46.0,,,,100000000.0,,,,,,,,,
3052,484.0,,,,100000000.0,,,,,,,,,
3053,285.0,28.79,28.79,31.99,100000000.0,4.6,1266.0,1266.0,4.6,3.0,1.0,4.0,11.0,81.0
3054,166.0,26.59,26.59,32.99,200000000.0,3.8,1250.0,1250.0,3.8,14.0,9.0,7.0,16.0,54.0
3055,8.0,,,,,4.6,,,,5.0,1.0,3.0,7.0,84.0
3056,429.0,,,,,4.3,271.0,,,,,,,
3057,36.0,,,,100000000.0,,,,,,,,,
3058,134.0,29.99,29.99,39.99,300000000.0,4.4,2377.0,2377.0,4.4,4.0,3.0,6.0,17.0,70.0
3059,281.0,113.99,113.99,119.99,100000000.0,4.2,284.0,284.0,4.2,10.0,4.0,5.0,13.0,68.0
3060,62.0,144.99,144.99,,,4.4,76.0,,,,,,,
3061,111.0,69.95,69.95,,,4.4,1875.0,1875.0,4.4,9.0,2.0,6.0,9.0,74.0
3062,168.0,,,,,,,,,,,,,
3063,18.0,199.99,199.99,199.99,3000000.0,4.5,,,4.5,6.0,3.0,4.0,8.0,79.0
3064,1083.0,14.99,14.99,,50000000.0,3.9,57.0,57.0,3.9,12.0,8.0,5.0,21.0,54.0
3065,123.0,10.99,10.99,,,4.4,366.0,366.0,4.4,5.0,3.0,6.0,16.0,70.0
3066,81.0,15.29,15.29,,50000000.0,4.5,369.0,369.0,4.5,4.0,2.0,7.0,14.0,73.0
3067,1496.0,20.99,20.99,24.21,,4.4,57.0,57.0,4.4,0.0,2.0,10.0,,56.0
3068,132.0,,,,300000000.0,,,,,,,,,
3069,92.0,35.99,35.99,,,4.4,65.0,65.0,4.4,3.0,5.0,5.0,19.0,68.0
3070,47.0,33.98,33.98,42.99,2000000.0,4.2,,,4.2,10.0,3.0,6.0,12.0,69.0
3071,167.0,,,,,4.1,500.0,500.0,4.1,11.0,6.0,7.0,13.0,63.0
3072,48.0,19.99,19.99,,100000000.0,4.5,2921.0,2921.0,4.5,4.0,2.0,5.0,14.0,75.0
3073,90.0,35.99,35.99,39.99,,4.2,,,4.2,8.0,4.0,7.0,15.0,66.0
3074,108.0,39.99,39.99,42.99,300000000.0,4.0,1052.0,1052.0,4.0,15.0,5.0,7.0,12.0,61.0
3075,124.0,129.99,129.99,129.99,300000000.0,4.5,1299.0,1299.0,4.5,4.0,3.0,5.0,10.0,78.0
3076,132.0,65.99,65.99,,,4.3,134.0,134.0,4.3,6.0,4.0,9.0,14.0,67.0
3077,109.0,34.95,34.95,,,4.4,,,4.4,5.0,3.0,6.0,18.0,68.0
3078,33.0,11.09,11.09,13.1,1000000.0,4.6,,,4.6,2.0,1.0,5.0,13.0,79.0
3079,1021.0,29.99,29.99,36.99,,4.4,150.0,150.0,4.4,7.0,2.0,6.0,10.0,75.0
3080,276.0,33.99,33.99,,200000000.0,4.2,585.0,585.0,4.2,8.0,5.0,7.0,15.0,65.0
3081,252.0,13.99,13.99,14.99,200000000.0,4.3,1516.0,1516.0,4.3,6.0,6.0,9.0,11.0,68.0
3082,245.0,24.99,24.99,,200000000.0,4.3,200.0,200.0,4.3,9.0,4.0,7.0,7.0,73.0
3083,757.0,,,,,4.3,164.0,164.0,4.3,8.0,2.0,8.0,13.0,69.0
3084,46.0,19.39,19.39,21.33,300000000.0,4.2,2967.0,2967.0,4.2,8.0,5.0,9.0,15.0,63.0
3085,386.0,169.99,169.99,199.99,100000000.0,4.7,378.0,378.0,4.7,0.0,1.0,5.0,13.0,81.0
3086,437.0,22.99,22.99,,100000000.0,4.2,175.0,,,,,,,
3087,1675.0,29.99,29.99,31.99,,3.4,5.0,5.0,3.4,,0.0,0.0,,
3088,837.0,12.99,12.99,,,4.3,38.0,38.0,4.3,10.0,0.0,7.0,10.0,73.0
3089,52.0,21.99,21.99,25.99,1000000.0,4.2,,,4.2,8.0,4.0,6.0,15.0,67.0
3090,1212.0,14.99,14.99,,,4.3,248.0,248.0,4.3,7.0,4.0,6.0,17.0,66.0
3091,60.0,,,,,4.0,2.0,2.0,4.0,0.0,0.0,,0.0,50.0
3092,665.0,18.99,18.99,,100000000.0,4.2,2340.0,,,,,,,
3093,469.0,43.59,43.59,58.0,100000000.0,4.2,256.0,256.0,4.2,8.0,4.0,8.0,14.0,66.0
3094,1182.0,26.99,26.99,,,3.8,125.0,125.0,3.8,15.0,7.0,8.0,17.0,53.0
3095,1130.0,36.99,36.99,49.99,,4.6,89.0,89.0,4.6,3.0,2.0,4.0,10.0,81.0
3096,353.0,34.99,34.99,39.99,100000000.0,4.3,381.0,381.0,4.3,13.0,1.0,4.0,9.0,73.0
3097,64.0,84.99,84.99,,1000000.0,4.5,289.0,289.0,4.5,7.0,1.0,4.0,12.0,76.0
3098,241.0,29.99,29.99,34.99,200000000.0,4.1,1273.0,,,,,,,
3099,21.0,47.49,47.49,49.99,1000000.0,3.9,,,3.9,16.0,6.0,7.0,11.0,60.0
3100,476.0,214.99,214.99,239.99,100000000.0,4.5,656.0,656.0,4.5,6.0,3.0,3.0,9.0,79.0
3101,85.0,29.99,29.99,36.99,,4.1,571.0,571.0,4.1,12.0,5.0,6.0,8.0,69.0
3102,119.0,39.99,39.99,39.99,400000000.0,4.2,467.0,467.0,4.2,13.0,3.0,6.0,7.0,71.0
3103,643.0,,,,,4.4,,,4.4,4.0,3.0,6.0,15.0,72.0
3104,152.0,32.99,32.99,35.99,100000000.0,3.8,618.0,618.0,3.8,18.0,5.0,7.0,15.0,55.0
3105,46.0,35.99,35.99,45.99,1000000.0,4.2,1134.0,1134.0,4.2,8.0,6.0,8.0,15.0,63.0
3106,236.0,29.52,29.52,36.34,200000000.0,4.4,,,,,,,,
3107,150.0,39.99,39.99,,400000000.0,4.3,1904.0,1904.0,4.3,8.0,4.0,6.0,14.0,68.0
3108,449.0,26.99,26.99,29.99,,4.2,1256.0,1256.0,4.2,7.0,7.0,9.0,12.0,65.0
3109,373.0,,,,,,,,,,,,,
3110,698.0,72.99,72.99,90.99,,4.8,833.0,833.0,4.8,1.0,1.0,2.0,8.0,88.0
3111,513.0,,,,50000000.0,,,,,,,,,
3112,199.0,52.95,52.95,64.99,200000000.0,3.7,2487.0,2487.0,3.7,16.0,8.0,11.0,14.0,51.0
3113,44.0,17.95,17.95,17.95,1000000.0,4.4,2551.0,2551.0,4.4,5.0,2.0,6.0,15.0,72.0
3114,827.0,,,,,,,,,,,,,
3115,1207.0,17.57,17.57,39.99,,4.3,1957.0,1957.0,4.3,7.0,5.0,7.0,11.0,70.0
3116,13.0,119.0,119.0,129.0,3000000.0,4.5,110.0,,,4.0,4.0,5.0,11.0,76.0
3117,869.0,29.99,29.99,,50000000.0,3.9,318.0,318.0,3.9,14.0,7.0,9.0,12.0,58.0
3118,970.0,16.99,16.99,,,4.3,,,,,,,,
3119,115.0,,,,400000000.0,,,,,,,,,
3120,120.0,21.0,21.0,24.99,200000000.0,4.4,,,4.4,7.0,2.0,7.0,11.0,73.0
3121,176.0,44.95,44.95,49.99,300000000.0,4.6,58.0,58.0,4.6,3.0,0.0,6.0,17.0,74.0
3122,1006.0,56.92,56.92,61.9,100000000.0,4.4,73.0,73.0,4.4,3.0,3.0,13.0,9.0,72.0
3123,176.0,26.69,26.69,29.99,200000000.0,4.2,,,4.2,8.0,5.0,7.0,15.0,65.0
3124,62.0,59.99,59.99,59.99,,4.3,,,4.3,7.0,4.0,6.0,15.0,68.0
3125,842.0,9.99,9.99,,50000000.0,3.9,141.0,,,,,,,
3126,2199.0,19.99,19.99,21.98,,4.2,29.0,29.0,4.2,7.0,0.0,11.0,,55.0
3127,498.0,50.99,50.99,59.99,50000000.0,4.7,504.0,504.0,4.7,1.0,0.0,4.0,11.0,84.0
3128,201.0,69.99,69.99,,200000000.0,4.4,417.0,417.0,4.4,7.0,2.0,6.0,14.0,71.0
3129,731.0,,,,50000000.0,,,,,,,,,
3130,82.0,,,,,,,,,,,,,
3131,39.0,32.99,32.99,,100000000.0,4.3,,,4.3,8.0,4.0,7.0,11.0,70.0
3132,86.0,39.99,39.99,49.99,100000000.0,4.4,,,4.4,5.0,3.0,6.0,15.0,71.0
3133,419.0,26.88,26.88,28.3,100000000.0,4.1,234.0,234.0,4.1,12.0,2.0,8.0,20.0,58.0
3134,201.0,37.79,37.79,45.0,100000000.0,4.5,818.0,818.0,4.5,6.0,2.0,3.0,12.0,77.0
3135,1171.0,89.99,89.99,99.99,,4.7,646.0,646.0,4.7,3.0,1.0,3.0,6.0,87.0
3136,31.0,12.99,12.99,,200000000.0,4.5,66.0,66.0,4.5,2.0,4.0,7.0,9.0,78.0
3137,5.0,13.89,13.89,14.99,4000000.0,4.2,,,4.2,13.0,2.0,5.0,10.0,70.0
3138,261.0,22.09,22.09,24.99,100000000.0,4.2,,,4.2,9.0,4.0,8.0,15.0,64.0
3139,45.0,29.99,29.99,29.99,100000000.0,3.8,153.0,153.0,3.8,14.0,,8.0,9.0,58.0
3140,147.0,31.99,31.99,,300000000.0,4.6,504.0,504.0,4.6,4.0,2.0,5.0,8.0,81.0
3141,140.0,,,,,4.1,432.0,432.0,4.1,9.0,8.0,6.0,14.0,63.0
3142,206.0,199.9,199.9,,200000000.0,4.3,140.0,140.0,4.3,7.0,5.0,8.0,8.0,72.0
3143,101.0,53.0,53.0,59.0,300000000.0,4.3,470.0,470.0,4.3,9.0,4.0,5.0,6.0,76.0
3144,317.0,32.99,32.99,39.99,100000000.0,4.6,29.0,29.0,4.6,0.0,4.0,0.0,21.0,75.0
3145,203.0,79.99,79.99,99.99,200000000.0,4.6,1673.0,,,,,,,
3146,6.0,149.99,149.99,149.99,4000000.0,4.4,,,,,,,,
3147,421.0,119.0,119.0,,200000000.0,4.6,964.0,964.0,4.6,4.0,2.0,4.0,9.0,81.0
3148,68.0,18.64,18.64,20.13,,4.0,411.0,411.0,4.0,8.0,7.0,11.0,22.0,52.0
3149,297.0,21.99,21.99,23.99,200000000.0,4.4,1939.0,1939.0,4.4,5.0,4.0,9.0,11.0,71.0
3150,61.0,17.99,17.99,18.99,1000000.0,4.4,1127.0,1127.0,4.4,7.0,2.0,7.0,14.0,70.0
3151,29.0,29.99,29.99,29.99,1000000.0,4.0,,,4.0,9.0,5.0,12.0,19.0,55.0
3152,229.0,21.99,21.99,,200000000.0,4.4,2382.0,2382.0,4.4,4.0,3.0,9.0,17.0,67.0
3153,206.0,29.83,29.83,37.29,300000000.0,4.3,19.0,19.0,4.3,7.0,0.0,13.0,18.0,62.0
3154,51.0,39.99,39.99,44.99,1000000.0,4.4,410.0,410.0,4.4,7.0,3.0,5.0,11.0,74.0
3155,687.0,39.99,39.99,,100000000.0,4.6,9.0,9.0,4.6,0.0,0.0,14.0,14.0,72.0
3156,969.0,23.39,23.39,,50000000.0,3.8,41.0,41.0,3.8,13.0,3.0,,16.0,47.0
3157,334.0,26.99,26.99,29.99,100000000.0,4.5,,2979.0,4.5,5.0,2.0,5.0,12.0,76.0
3158,287.0,32.99,32.99,34.99,200000000.0,4.4,1615.0,1615.0,4.4,6.0,3.0,5.0,17.0,69.0
3159,661.0,,,,50000000.0,,,,,,,,,
3160,636.0,179.99,179.99,,50000000.0,4.5,33.0,33.0,4.5,0.0,7.0,12.0,7.0,74.0
3161,1121.0,,,,,,,,,,,,,
3162,23.0,,,,1000000.0,,,,,,,,,
3163,762.0,,,,50000000.0,,,,,,,,,
3164,744.0,,,,50000000.0,,,,,,,,,
3165,741.0,36.99,36.99,41.99,50000000.0,4.5,,,4.5,5.0,2.0,4.0,13.0,76.0
3166,11.0,,,,,4.3,2716.0,2716.0,4.3,6.0,3.0,7.0,16.0,68.0
3167,94.0,36.98,36.98,,,4.0,1690.0,,,,,,,
3169,1521.0,,,,,4.8,45.0,45.0,4.8,0.0,0.0,0.0,19.0,81.0
3170,784.0,39.99,39.99,,,4.6,2249.0,2249.0,4.6,2.0,1.0,4.0,14.0,79.0
3171,790.0,22.99,22.99,,50000000.0,4.3,463.0,463.0,4.3,8.0,3.0,5.0,14.0,70.0
3172,261.0,28.99,28.99,,200000000.0,4.3,150.0,150.0,4.3,4.0,3.0,8.0,22.0,63.0
3173,232.0,29.99,29.99,,200000000.0,4.2,1783.0,1783.0,4.2,8.0,4.0,8.0,15.0,65.0
3174,64.0,33.99,33.99,46.99,100000000.0,4.1,2549.0,2549.0,4.1,8.0,7.0,8.0,15.0,62.0
3175,96.0,33.98,33.98,,,4.1,890.0,890.0,4.1,10.0,5.0,8.0,14.0,63.0
3176,490.0,34.99,34.99,49.99,50000000.0,4.4,32.0,32.0,4.4,0.0,7.0,14.0,5.0,74.0
3177,262.0,26.99,26.99,26.99,100000000.0,4.6,39.0,,,,,,,
3178,1296.0,64.99,64.99,74.99,,4.1,4.0,,,,,,,
3179,2.0,27.99,27.99,27.99,10000000.0,4.6,,,4.6,3.0,1.0,4.0,12.0,80.0
3180,82.0,10.44,10.44,,300000000.0,4.6,33.0,33.0,4.6,4.0,0.0,5.0,11.0,80.0
3181,2365.0,,,,,4.1,,,4.1,11.0,4.0,8.0,14.0,63.0
3182,,24.95,24.95,49.99,100000000.0,4.6,1014.0,1014.0,4.6,3.0,2.0,5.0,13.0,77.0
3183,941.0,35.99,35.99,,,4.2,34.0,34.0,4.2,9.0,6.0,8.0,14.0,63.0
3184,78.0,99.99,99.99,,,4.3,120.0,120.0,4.3,8.0,5.0,5.0,8.0,74.0
3185,895.0,21.99,21.99,28.99,,4.4,857.0,857.0,4.4,7.0,3.0,4.0,8.0,78.0
3186,388.0,129.25,129.25,,100000000.0,4.3,1947.0,1947.0,4.3,6.0,3.0,8.0,14.0,69.0
3187,14.0,58.99,58.99,,2000000.0,4.4,1186.0,1186.0,4.4,6.0,3.0,6.0,13.0,72.0
3188,,29.99,29.99,,,3.9,142.0,142.0,3.9,10.0,,7.0,15.0,56.0
3189,,32.99,32.99,49.99,,4.0,61.0,61.0,4.0,8.0,,4.0,10.0,63.0
3190,146.0,13.99,13.99,,400000000.0,4.4,573.0,573.0,4.4,5.0,3.0,9.0,15.0,68.0
3191,504.0,22.99,22.99,32.0,100000000.0,4.4,561.0,561.0,4.4,7.0,2.0,5.0,10.0,76.0
3192,25.0,,,,2000000.0,,,,,,,,,
3194,,33.95,33.95,,,,,,,0.0,0.0,0.0,0.0,
3196,224.0,44.99,44.99,54.99,200000000.0,4.6,61.0,61.0,4.6,0.0,2.0,7.0,18.0,73.0
3197,1043.0,25.99,25.99,29.99,,4.6,631.0,631.0,4.6,2.0,3.0,5.0,12.0,78.0
3198,90.0,37.99,37.99,39.99,50000000.0,3.6,155.0,155.0,3.6,19.0,,9.0,14.0,47.0
3199,465.0,10.99,10.99,,300000000.0,5.0,4.0,4.0,5.0,0.0,0.0,0.0,0.0,100.0
3200,438.0,31.99,31.99,,100000000.0,4.6,49.0,49.0,4.6,4.0,0.0,3.0,13.0,80.0
3201,1721.0,149.95,149.95,149.95,,4.2,148.0,,,,,,,
3202,408.0,32.99,32.99,,100000000.0,4.3,198.0,198.0,4.3,8.0,3.0,8.0,14.0,67.0
3203,318.0,68.0,68.0,99.99,200000000.0,4.1,76.0,76.0,4.1,13.0,0.0,7.0,18.0,62.0
3204,383.0,29.99,29.99,29.99,100000000.0,4.4,64.0,64.0,4.4,4.0,3.0,11.0,13.0,69.0
3205,63.0,,,,1000000.0,,,,,,,,,
3206,49.0,49.99,49.99,,50000000.0,4.4,748.0,748.0,4.4,6.0,3.0,6.0,10.0,75.0
3207,59.0,12.99,12.99,,,4.2,,3156.0,4.2,8.0,4.0,9.0,14.0,65.0
3208,3.0,,,,1000000.0,,,,,,,,,
3209,101.0,39.99,39.99,59.99,400000000.0,4.3,,,4.3,6.0,5.0,7.0,15.0,67.0
3210,220.0,,,,400000000.0,,,,,,,,,
3211,495.0,34.99,34.99,41.99,50000000.0,4.2,612.0,612.0,4.2,8.0,4.0,9.0,14.0,65.0
3212,1540.0,,,,,4.2,790.0,790.0,4.2,9.0,3.0,7.0,13.0,68.0
3213,173.0,36.99,36.99,39.99,,4.4,,,,,,,,
3214,89.0,30.99,30.99,,,4.2,583.0,583.0,4.2,7.0,5.0,8.0,15.0,65.0
3215,820.0,32.99,32.99,,50000000.0,4.4,284.0,284.0,4.4,6.0,2.0,6.0,14.0,72.0
3216,412.0,29.99,29.99,39.99,100000000.0,4.4,24.0,24.0,4.4,6.0,0.0,10.0,9.0,75.0
3217,378.0,25.99,25.99,39.99,100000000.0,4.4,272.0,272.0,4.4,7.0,1.0,7.0,9.0,76.0
3218,55.0,32.99,32.99,35.99,,4.2,,,4.2,8.0,5.0,7.0,14.0,66.0
3219,87.0,,,,,,,,,,,,,
3220,34.0,37.99,37.99,39.99,1000000.0,4.1,2301.0,2301.0,4.1,11.0,5.0,6.0,16.0,62.0
3221,17.0,199.0,199.0,199.0,2000000.0,4.6,2651.0,,,4.0,1.0,4.0,8.0,83.0
3222,404.0,,,,100000000.0,,,,,,,,,
3223,185.0,27.99,27.99,27.99,200000000.0,4.2,2226.0,2226.0,4.2,11.0,5.0,7.0,10.0,67.0
3224,124.0,35.99,35.99,39.99,400000000.0,4.2,,,4.2,8.0,4.0,10.0,17.0,61.0
3225,2009.0,32.99,32.99,32.99,,5.0,3.0,3.0,5.0,0.0,0.0,0.0,0.0,100.0
3226,450.0,,,,,,,,,,,,,
3227,79.0,26.99,26.99,,,4.2,718.0,,,,,,,
3229,15.0,35.98,35.98,45.99,3000000.0,4.3,1336.0,1336.0,4.3,8.0,3.0,6.0,12.0,71.0
3230,903.0,29.99,29.99,,,4.1,207.0,207.0,4.1,12.0,4.0,7.0,16.0,61.0
3231,359.0,24.99,24.99,29.99,100000000.0,4.4,1581.0,,,,,,,
3232,340.0,,,,100000000.0,,,,,,,,,
3233,63.0,40.99,40.99,,1000000.0,4.5,,,,,,,,
3234,688.0,,,,,4.2,437.0,437.0,4.2,7.0,4.0,11.0,15.0,63.0
3235,1543.0,,,,,,,,,,,,,
3236,41.0,,,,1000000.0,,,,,,,,,
3237,37.0,35.99,35.99,,1000000.0,4.1,557.0,557.0,4.1,12.0,2.0,9.0,11.0,66.0
3238,773.0,,,,100000000.0,,,,,,,,,
3239,713.0,50.91,50.91,59.99,50000000.0,4.4,574.0,574.0,4.4,5.0,3.0,8.0,15.0,69.0
3240,195.0,66.95,66.95,66.95,300000000.0,4.4,494.0,494.0,4.4,5.0,4.0,6.0,13.0,72.0
3241,1277.0,16.99,16.99,,,4.1,524.0,524.0,4.1,8.0,6.0,9.0,18.0,59.0
3242,110.0,,,,400000000.0,,,,,,,,,
3243,404.0,,,,200000000.0,,,,,,,,,
3244,476.0,,,,100000000.0,,,,,,,,,
3245,200.0,27.99,27.99,29.99,200000000.0,4.3,,,4.3,5.0,4.0,8.0,16.0,67.0
3246,1976.0,,,,,4.5,87.0,87.0,4.5,5.0,4.0,6.0,8.0,77.0
3247,303.0,21.59,21.59,23.99,200000000.0,4.4,154.0,154.0,4.4,7.0,2.0,6.0,7.0,78.0
3248,273.0,,,,200000000.0,,,,,,,,,
3249,1803.0,,,,,,,,,,,,,
3250,125.0,22.33,22.33,24.99,400000000.0,4.5,245.0,,,,,,,
3251,451.0,19.99,19.99,29.99,50000000.0,4.0,202.0,202.0,4.0,16.0,3.0,4.0,13.0,64.0
3252,105.0,39.99,39.99,49.99,,4.2,415.0,415.0,4.2,7.0,4.0,8.0,16.0,65.0
3253,804.0,49.99,49.99,,50000000.0,4.6,11.0,11.0,4.6,0.0,0.0,0.0,,64.0
3254,680.0,22.99,22.99,39.99,50000000.0,4.3,463.0,463.0,4.3,8.0,3.0,5.0,13.0,71.0
3255,729.0,26.99,26.99,,50000000.0,4.2,376.0,376.0,4.2,10.0,5.0,6.0,12.0,67.0
3256,393.0,19.99,19.99,,100000000.0,4.3,1122.0,1122.0,4.3,8.0,4.0,8.0,11.0,69.0
3257,1193.0,,,,,,,,,,,,,
3258,229.0,119.99,119.99,119.99,,4.7,154.0,154.0,4.7,2.0,3.0,1.0,8.0,86.0
3259,392.0,,,,100000000.0,,,,,,,,,
3260,829.0,42.44,42.44,50.23,,,3.0,3.0,,,,0.0,,
3261,18.0,39.99,39.99,39.99,,4.4,87.0,87.0,4.4,6.0,3.0,6.0,10.0,75.0
3262,526.0,,,,50000000.0,,,,,,,,,
3263,,,,,,4.6,8.0,8.0,4.6,0.0,0.0,0.0,,59.0
3264,608.0,26.99,26.99,29.99,100000000.0,4.2,33.0,,,,,,,
3265,190.0,54.99,54.99,72.99,200000000.0,4.5,126.0,126.0,4.5,4.0,2.0,6.0,12.0,76.0
3266,183.0,22.99,22.99,24.99,200000000.0,4.2,288.0,288.0,4.2,6.0,5.0,7.0,19.0,63.0
3267,,49.99,49.99,,,4.2,102.0,102.0,4.2,10.0,6.0,7.0,7.0,70.0
3268,165.0,115.0,115.0,149.99,200000000.0,4.3,837.0,837.0,4.3,7.0,5.0,5.0,13.0,70.0
3269,32.0,24.98,24.98,24.98,,4.3,,,4.3,7.0,3.0,8.0,15.0,67.0
3270,53.0,19.99,19.99,,50000000.0,4.5,2752.0,2752.0,4.5,4.0,2.0,6.0,15.0,73.0
3271,1569.0,9.99,9.99,,,3.9,51.0,51.0,3.9,13.0,5.0,12.0,20.0,50.0
3272,163.0,39.99,39.99,,300000000.0,4.5,,,4.5,6.0,3.0,4.0,10.0,77.0
3273,232.0,45.29,45.29,52.99,200000000.0,4.2,2618.0,2618.0,4.2,9.0,5.0,8.0,12.0,66.0
3274,1599.0,29.83,29.83,,,4.5,169.0,169.0,4.5,4.0,2.0,5.0,13.0,76.0
3275,45.0,,,,2000000.0,,,,,,,,,
3276,143.0,,,,400000000.0,,,,,,,,,
3277,84.0,51.99,51.99,,,4.4,97.0,97.0,4.4,4.0,4.0,6.0,13.0,73.0
3278,,149.59,149.59,,,3.9,220.0,,,,,,,
3279,147.0,49.99,49.99,59.99,300000000.0,4.2,,,4.2,9.0,4.0,5.0,16.0,66.0
3280,38.0,,,,1000000.0,,,,,,,,,
3281,,26.99,26.99,,,3.8,76.0,76.0,3.8,13.0,,10.0,13.0,53.0
3282,,,,,,4.1,241.0,241.0,4.1,9.0,6.0,6.0,19.0,60.0
3283,1665.0,30.34,30.34,,,4.0,1.0,,,,,,,
3284,2280.0,,,,,,,,,,,,,
3285,632.0,,,,50000000.0,,,,,,,,,
3286,458.0,29.99,29.99,,100000000.0,4.3,343.0,,,,,,,
3287,155.0,17.99,17.99,18.99,300000000.0,4.5,2203.0,2203.0,4.5,4.0,2.0,7.0,15.0,72.0
3288,55.0,22.99,22.99,29.99,2000000.0,4.5,218.0,218.0,4.5,2.0,1.0,7.0,23.0,67.0
3289,564.0,,,,50000000.0,,,,,,,,,
3290,117.0,,,,,,,,,,,,,
3291,751.0,,,,,4.3,2662.0,2662.0,4.3,7.0,4.0,5.0,14.0,70.0
3292,357.0,,,,,4.6,38.0,38.0,4.6,0.0,3.0,5.0,17.0,75.0
3293,394.0,24.99,24.99,,100000000.0,4.1,61.0,61.0,4.1,7.0,4.0,13.0,19.0,57.0
3294,1684.0,69.99,69.99,149.99,,4.2,44.0,44.0,4.2,6.0,0.0,,12.0,62.0
3295,517.0,21.99,21.99,21.99,100000000.0,4.3,1550.0,1550.0,4.3,5.0,4.0,7.0,22.0,62.0
3296,416.0,19.76,19.76,19.76,100000000.0,4.3,358.0,,,3.0,4.0,12.0,15.0,66.0
3297,771.0,159.0,159.0,,50000000.0,4.0,1.0,,,,,,,
3298,382.0,29.99,29.99,,100000000.0,4.3,490.0,490.0,4.3,7.0,3.0,7.0,11.0,72.0
3299,1152.0,75.99,75.99,79.99,,4.4,83.0,83.0,4.4,7.0,3.0,3.0,15.0,72.0
3300,,32.0,32.0,,,,6.0,6.0,,0.0,,,22.0,
3302,556.0,,,,100000000.0,,,,,,,,,
3303,561.0,59.99,59.99,79.99,100000000.0,4.9,12.0,12.0,4.9,0.0,0.0,0.0,12.0,88.0
3304,503.0,19.99,19.99,,100000000.0,4.2,201.0,201.0,4.2,9.0,6.0,6.0,15.0,64.0
3305,,37.04,37.04,38.99,50000000.0,4.3,,,4.3,7.0,4.0,6.0,12.0,71.0
3306,29.0,,,,200000000.0,,,,,,,,,
3307,88.0,44.99,44.99,59.99,,4.3,2682.0,,,,,,,
3308,780.0,,,,50000000.0,,,,,,,,,
3309,112.0,72.05,72.05,99.99,400000000.0,4.5,,,4.5,5.0,2.0,4.0,11.0,78.0
3310,977.0,49.99,49.99,59.99,50000000.0,4.6,30.0,30.0,4.6,4.0,0.0,0.0,19.0,77.0
3311,442.0,,,,100000000.0,,,,,,,,,
3312,161.0,48.99,48.99,,300000000.0,4.0,290.0,290.0,4.0,15.0,7.0,7.0,7.0,64.0
3313,940.0,,,,,4.6,,,4.6,3.0,1.0,5.0,15.0,76.0
3314,1275.0,85.0,85.0,173.5,,4.0,27.0,27.0,4.0,10.0,6.0,12.0,13.0,59.0
3315,1433.0,32.99,32.99,,,3.9,94.0,94.0,3.9,15.0,7.0,7.0,13.0,58.0
3316,445.0,76.49,76.49,89.99,50000000.0,4.6,446.0,,,,,,,
3317,655.0,93.5,93.5,109.89,100000000.0,4.5,232.0,232.0,4.5,5.0,2.0,5.0,14.0,74.0
3318,70.0,69.99,69.99,79.99,50000000.0,4.1,1002.0,1002.0,4.1,12.0,6.0,4.0,15.0,63.0
3319,87.0,36.98,36.98,,400000000.0,4.1,1919.0,,,,,,,
3320,29.0,25.95,25.95,28.95,300000000.0,4.1,1555.0,1555.0,4.1,10.0,5.0,8.0,14.0,63.0
3321,642.0,,,,50000000.0,4.0,846.0,846.0,4.0,15.0,7.0,5.0,8.0,65.0
3322,585.0,,,,,,,,,,,,,
3323,1570.0,,,,,4.4,1442.0,1442.0,4.4,4.0,3.0,13.0,10.0,70.0
3324,72.0,19.99,19.99,,,4.5,,,4.5,3.0,2.0,5.0,14.0,76.0
3325,267.0,26.59,26.59,32.99,100000000.0,4.2,1078.0,1078.0,4.2,7.0,5.0,11.0,17.0,60.0
3326,456.0,199.99,199.99,,100000000.0,4.2,1008.0,1008.0,4.2,10.0,5.0,6.0,16.0,63.0
3327,227.0,,,,200000000.0,,,,,,,,,
3328,430.0,159.99,159.99,159.99,50000000.0,4.2,1943.0,1943.0,4.2,11.0,4.0,6.0,8.0,71.0
3329,301.0,48.99,48.99,,200000000.0,4.3,186.0,,,,,,,
3330,,49.99,49.99,,,4.1,58.0,58.0,4.1,0.0,10.0,13.0,,44.0
3331,,93.49,93.49,109.99,,4.1,21.0,,,,,,,
3332,21.0,149.0,149.0,149.0,1000000.0,4.6,1501.0,,,5.0,1.0,4.0,9.0,81.0
3333,713.0,,,,,,,,,,,,,
3334,316.0,19.99,19.99,25.99,100000000.0,4.4,111.0,111.0,4.4,5.0,4.0,6.0,17.0,68.0
3335,600.0,9.99,9.99,14.29,100000000.0,4.6,129.0,,,3.0,3.0,4.0,12.0,78.0
3336,254.0,129.99,129.99,149.99,100000000.0,4.8,24.0,,,,,,,
3337,831.0,,,,,4.5,429.0,429.0,4.5,3.0,2.0,8.0,17.0,70.0
3338,988.0,36.99,36.99,36.99,,4.4,357.0,357.0,4.4,4.0,4.0,7.0,14.0,71.0
3339,589.0,24.99,24.99,,100000000.0,4.6,296.0,,,,,,,
3340,1048.0,24.99,24.99,,100000000.0,4.8,54.0,54.0,4.8,0.0,0.0,6.0,11.0,83.0
3341,426.0,31.99,31.99,39.99,200000000.0,4.4,88.0,88.0,4.4,8.0,1.0,2.0,17.0,72.0
3342,262.0,,,,300000000.0,,,,,,,,,
3343,,159.0,159.0,,,5.0,13.0,13.0,5.0,0.0,0.0,0.0,0.0,100.0
3344,606.0,,,,100000000.0,,,,,,,,,
3345,90.0,9.99,9.99,,,4.1,,,4.1,10.0,4.0,8.0,16.0,62.0
3346,758.0,22.98,22.98,27.99,100000000.0,4.4,52.0,52.0,4.4,7.0,0.0,6.0,16.0,71.0
3347,62.0,,,,50000000.0,,,,,,,,,
3348,581.0,,,,50000000.0,,,,,,,,,
3349,400.0,27.99,27.99,,200000000.0,4.2,435.0,435.0,4.2,9.0,5.0,7.0,11.0,68.0
3350,1693.0,19.99,19.99,29.99,,4.3,45.0,45.0,4.3,7.0,4.0,5.0,17.0,67.0
3351,529.0,56.7,56.7,79.99,100000000.0,4.3,54.0,54.0,4.3,7.0,6.0,2.0,18.0,67.0
3352,939.0,109.99,109.99,,,4.4,240.0,240.0,4.4,6.0,4.0,6.0,11.0,73.0
3353,,18.99,18.99,29.99,,4.1,49.0,49.0,4.1,10.0,6.0,11.0,12.0,61.0
3354,1706.0,31.99,31.99,31.99,,4.4,1235.0,,,,,,,
3355,1801.0,,,,,,,,,,,,,
3356,892.0,49.49,49.49,54.99,100000000.0,4.6,724.0,724.0,4.6,4.0,2.0,4.0,9.0,81.0
3357,683.0,97.0,97.0,,50000000.0,4.4,258.0,258.0,4.4,7.0,4.0,2.0,9.0,78.0
3358,704.0,18.04,18.04,18.99,50000000.0,4.3,96.0,96.0,4.3,5.0,5.0,8.0,16.0,66.0
3359,158.0,78.99,78.99,81.99,200000000.0,4.4,762.0,762.0,4.4,8.0,2.0,5.0,6.0,79.0
3360,36.0,,,,1000000.0,,,,,,,,,
3361,276.0,154.97,154.97,,200000000.0,4.4,1006.0,,,,,,,
3362,451.0,39.99,39.99,69.99,100000000.0,4.5,,,4.5,3.0,3.0,7.0,13.0,74.0
3363,152.0,,,,,,,,,,,,,
3364,761.0,,,,,,,,,,,,,
3365,537.0,44.0,44.0,49.0,50000000.0,4.4,1141.0,1141.0,4.4,7.0,2.0,5.0,12.0,74.0
3366,959.0,,,,,3.8,97.0,97.0,3.8,11.0,,13.0,11.0,54.0
3367,222.0,39.99,39.99,,300000000.0,4.6,518.0,518.0,4.6,2.0,3.0,4.0,16.0,75.0
3368,1606.0,16.99,16.99,,,4.1,205.0,205.0,4.1,9.0,6.0,9.0,14.0,62.0
3369,188.0,,,,200000000.0,,,,,,,,,
3370,52.0,,,,50000000.0,,,,,,,,,
3371,54.0,,,,100000000.0,,,,,,,,,
3372,435.0,,,,100000000.0,,,,,,,,,
3373,1277.0,,,,,,,,,,,,,
3374,284.0,18.99,18.99,25.99,200000000.0,4.5,121.0,121.0,4.5,5.0,1.0,5.0,13.0,76.0
3375,769.0,9.99,9.99,,50000000.0,3.9,254.0,254.0,3.9,12.0,9.0,14.0,10.0,55.0
3376,832.0,15.99,15.99,,50000000.0,3.9,1003.0,1003.0,3.9,15.0,7.0,9.0,15.0,54.0
3377,,,,,,4.5,693.0,693.0,4.5,5.0,1.0,5.0,13.0,76.0
3378,1168.0,,,,,4.5,1262.0,,,,,,,
3379,229.0,,,,200000000.0,,,,,,,,,
3380,317.0,,,,200000000.0,,,,,,,,,
3381,2427.0,159.93,159.93,,,4.1,64.0,64.0,4.1,16.0,3.0,5.0,3.0,73.0
3382,418.0,86.13,86.13,129.99,100000000.0,4.4,109.0,109.0,4.4,4.0,3.0,10.0,13.0,70.0
3383,974.0,,,,,4.0,411.0,,,,,,,
3384,2212.0,39.99,39.99,,,4.3,79.0,79.0,4.3,4.0,7.0,6.0,19.0,64.0
3385,170.0,59.0,59.0,67.0,100000000.0,4.5,1717.0,1717.0,4.5,7.0,3.0,3.0,9.0,78.0
3386,479.0,,,,100000000.0,,,,,,,,,
3387,840.0,,,,,4.6,,,4.6,4.0,2.0,4.0,12.0,78.0
3388,1407.0,42.99,42.99,,,4.0,236.0,,,,,,,
3389,1653.0,20.69,20.69,29.99,,,,,,0.0,0.0,0.0,0.0,
3391,696.0,39.99,39.99,54.99,100000000.0,4.1,70.0,70.0,4.1,9.0,5.0,8.0,15.0,63.0
3392,558.0,66.99,66.99,76.99,100000000.0,4.8,50.0,50.0,4.8,3.0,0.0,3.0,3.0,91.0
3393,1862.0,,,,,,,,,,,,,
3394,943.0,14.99,14.99,15.99,50000000.0,3.9,26.0,26.0,3.9,18.0,2.0,7.0,19.0,54.0
3395,19.0,,,,400000000.0,,,,,,,,,
3396,188.0,42.99,42.99,,200000000.0,4.0,190.0,190.0,4.0,14.0,3.0,6.0,14.0,63.0
3397,486.0,,,,100000000.0,,,,,,,,,
3398,,17.88,17.88,24.99,,3.5,40.0,40.0,3.5,18.0,9.0,16.0,16.0,41.0
3399,719.0,,,,50000000.0,,,,,,,,,
3400,271.0,29.99,29.99,,100000000.0,4.6,1118.0,,,,,,,
3401,202.0,21.99,21.99,21.99,100000000.0,4.4,448.0,448.0,4.4,5.0,5.0,8.0,10.0,72.0
3402,717.0,199.99,199.99,229.99,50000000.0,3.9,453.0,453.0,3.9,15.0,5.0,11.0,10.0,59.0
3403,39.0,28.99,28.99,39.99,100000000.0,4.4,1082.0,1082.0,4.4,5.0,2.0,6.0,15.0,72.0
3404,56.0,45.99,45.99,59.99,1000000.0,4.2,2439.0,2439.0,4.2,9.0,4.0,8.0,15.0,64.0
3405,564.0,28.49,28.49,45.99,50000000.0,4.3,400.0,400.0,4.3,8.0,2.0,10.0,12.0,68.0
3406,491.0,34.99,34.99,49.99,100000000.0,4.7,25.0,,,,,,,
3407,391.0,45.0,45.0,79.99,100000000.0,4.5,,3032.0,4.5,5.0,2.0,5.0,13.0,75.0
3408,264.0,33.99,33.99,36.99,300000000.0,4.3,65.0,65.0,4.3,5.0,3.0,8.0,25.0,59.0
3409,313.0,,,,200000000.0,,,,,,,,,
3410,86.0,20.13,20.13,25.99,,5.0,1.0,,,,,,,
3411,754.0,39.99,39.99,,50000000.0,4.4,148.0,148.0,4.4,7.0,1.0,8.0,12.0,72.0
3412,606.0,,,,50000000.0,,,,,,,,,
3413,792.0,75.99,75.99,,50000000.0,4.6,293.0,293.0,4.6,2.0,3.0,5.0,13.0,77.0
3414,17.0,,,,50000000.0,,,,,,,,,
3415,546.0,20.0,20.0,,50000000.0,4.2,,,,,,,,
3416,42.0,17.99,17.99,22.99,100000000.0,4.5,2851.0,,,,,,,
3417,1057.0,84.0,84.0,,,4.3,64.0,,,,,,,
3418,803.0,134.95,134.95,134.95,,4.2,547.0,547.0,4.2,10.0,4.0,6.0,14.0,66.0
3419,629.0,19.99,19.99,29.99,50000000.0,4.0,49.0,49.0,4.0,14.0,7.0,3.0,19.0,57.0
3420,207.0,26.99,26.99,36.99,300000000.0,4.3,642.0,642.0,4.3,8.0,3.0,7.0,11.0,71.0
3421,40.0,9.99,9.99,,50000000.0,5.0,9.0,9.0,5.0,0.0,0.0,0.0,0.0,100.0
3422,,,,,,4.1,62.0,62.0,4.1,11.0,6.0,2.0,17.0,64.0
3423,,174.55,174.55,,,,,,,0.0,0.0,0.0,0.0,
3424,962.0,,,,,,,,,,,,,
3425,184.0,21.99,21.99,25.94,300000000.0,4.4,886.0,886.0,4.4,5.0,3.0,5.0,15.0,72.0
3426,647.0,21.99,21.99,,100000000.0,4.4,2969.0,2969.0,4.4,4.0,3.0,7.0,14.0,72.0
3427,2007.0,,,,,4.0,717.0,717.0,4.0,13.0,5.0,8.0,12.0,62.0
3428,2353.0,21.62,21.62,27.99,,4.4,29.0,,,,,,,
3429,286.0,,,,100000000.0,,,,,,,,,
3430,,33.05,33.05,34.79,,4.4,165.0,165.0,4.4,6.0,2.0,7.0,14.0,71.0
3431,237.0,29.99,29.99,,200000000.0,4.3,824.0,824.0,4.3,7.0,5.0,7.0,12.0,69.0
3432,384.0,59.0,59.0,99.0,100000000.0,4.7,,,,3.0,1.0,3.0,6.0,87.0
3433,37.0,11.99,11.99,,100000000.0,4.2,34.0,34.0,4.2,7.0,4.0,4.0,22.0,63.0
3434,701.0,,,,50000000.0,,,,,,,,,
3435,398.0,69.99,69.99,,50000000.0,4.2,195.0,195.0,4.2,9.0,5.0,6.0,12.0,68.0
3436,194.0,31.49,31.49,31.49,200000000.0,4.2,,,4.2,8.0,4.0,9.0,13.0,66.0
3437,951.0,,,,,,,,,,,,,
3438,297.0,69.99,69.99,69.99,100000000.0,3.9,,,3.9,11.0,9.0,13.0,15.0,52.0
3439,181.0,104.99,104.99,104.99,,4.5,176.0,176.0,4.5,6.0,2.0,6.0,7.0,79.0
3440,706.0,69.99,69.99,94.99,50000000.0,3.4,77.0,,,,,,,
3441,76.0,,,,50000000.0,,,,,,,,,
3442,23.0,59.99,59.99,79.99,3000000.0,4.5,2369.0,2369.0,4.5,4.0,4.0,5.0,13.0,74.0
3443,66.0,,,,,,,,,,,,,
3444,,51.99,51.99,,,4.2,876.0,876.0,4.2,9.0,3.0,6.0,15.0,67.0
3445,1818.0,,,,,,,,,,,,,
3446,771.0,12.0,12.0,,,4.6,348.0,348.0,4.6,3.0,2.0,3.0,9.0,83.0
3447,483.0,49.99,49.99,,100000000.0,4.1,425.0,425.0,4.1,12.0,6.0,6.0,11.0,65.0
3448,515.0,,,,200000000.0,,,,,,,,,
3449,147.0,35.97,35.97,,300000000.0,4.2,402.0,402.0,4.2,6.0,5.0,8.0,17.0,64.0
3450,160.0,92.62,92.62,118.99,,,,,,,,,,
3451,1287.0,,,,,,,,,,,,,
3452,431.0,33.95,33.95,,100000000.0,4.3,415.0,,,,,,,
3453,266.0,39.99,39.99,,100000000.0,4.3,397.0,397.0,4.3,8.0,4.0,7.0,12.0,69.0
3454,968.0,35.99,35.99,,,3.8,31.0,,,,,,,
3455,1161.0,,,,,,,,,,,,,
3456,1098.0,44.99,44.99,49.99,50000000.0,4.0,109.0,109.0,4.0,10.0,1.0,13.0,25.0,51.0
3457,218.0,,,,200000000.0,,,,,,,,,
3458,171.0,,,,300000000.0,,,,,,,,,
3459,481.0,21.99,21.99,,,4.1,50.0,50.0,4.1,9.0,7.0,5.0,18.0,61.0
3460,424.0,23.99,23.99,26.99,100000000.0,4.1,943.0,943.0,4.1,7.0,7.0,8.0,21.0,57.0
3461,278.0,,,,200000000.0,,,,,,,,,
3462,1341.0,45.99,45.99,,50000000.0,4.5,,,,,,,,
3463,39.0,23.99,23.99,34.99,1000000.0,4.4,575.0,575.0,4.4,3.0,4.0,11.0,17.0,65.0
3464,506.0,29.99,29.99,,100000000.0,4.2,,3040.0,4.2,6.0,5.0,9.0,16.0,64.0
3465,,67.99,67.99,71.99,,4.2,198.0,198.0,4.2,10.0,5.0,4.0,19.0,62.0
3466,543.0,69.99,69.99,,50000000.0,4.2,8.0,8.0,4.2,16.0,0.0,0.0,16.0,68.0
3467,,19.99,19.99,,,3.6,33.0,33.0,3.6,,6.0,6.0,13.0,52.0
3469,2068.0,32.19,32.19,34.03,,3.7,202.0,202.0,3.7,17.0,7.0,13.0,12.0,51.0
3470,924.0,16.4,16.4,,,4.9,31.0,31.0,4.9,0.0,0.0,0.0,7.0,93.0
3471,110.0,29.99,29.99,35.98,,4.4,,,4.4,7.0,4.0,5.0,12.0,72.0
3472,,212.49,212.49,249.99,50000000.0,4.5,34.0,34.0,4.5,6.0,0.0,9.0,9.0,76.0
3473,709.0,,,,,,,,,,,,,
3474,247.0,39.99,39.99,39.99,100000000.0,4.1,556.0,556.0,4.1,12.0,3.0,7.0,13.0,65.0
3475,2144.0,,,,,4.4,42.0,42.0,4.4,11.0,0.0,3.0,12.0,74.0
3476,323.0,59.99,59.99,,200000000.0,4.5,175.0,,,,,,,
3477,,,,,50000000.0,4.5,49.0,,,,,,,
3478,7.0,24.98,24.98,33.98,1000000.0,4.4,1166.0,1166.0,4.4,4.0,3.0,7.0,13.0,73.0
3479,,,,,,4.3,3.0,3.0,4.3,16.0,0.0,0.0,0.0,84.0
3480,294.0,23.99,23.99,23.99,100000000.0,4.0,619.0,619.0,4.0,13.0,8.0,6.0,11.0,62.0
3481,60.0,52.24,52.24,59.99,50000000.0,4.5,,,4.5,4.0,2.0,5.0,15.0,74.0
3482,362.0,26.99,26.99,,100000000.0,4.1,49.0,49.0,4.1,13.0,5.0,6.0,7.0,69.0
3483,253.0,39.99,39.99,,100000000.0,4.1,136.0,136.0,4.1,12.0,7.0,6.0,5.0,70.0
3484,327.0,,,,100000000.0,,,,,,,,,
3485,2326.0,31.99,31.99,33.99,,4.0,34.0,34.0,4.0,13.0,0.0,13.0,20.0,54.0
3486,1963.0,,,,,,,,,,,,,
3487,996.0,22.49,22.49,34.99,,4.4,12.0,12.0,4.4,0.0,0.0,12.0,,49.0
3488,562.0,26.99,26.99,32.99,50000000.0,3.9,1516.0,,,,,,,
3489,1742.0,13.13,13.13,13.99,,4.4,199.0,199.0,4.4,6.0,8.0,3.0,6.0,77.0
3490,826.0,32.99,32.99,,50000000.0,4.1,1005.0,1005.0,4.1,10.0,5.0,8.0,15.0,62.0
3491,516.0,49.99,49.99,49.99,50000000.0,4.6,23.0,23.0,4.6,0.0,0.0,6.0,,67.0
3492,348.0,,,,100000000.0,,,,,,,,,
3493,156.0,69.99,69.99,,300000000.0,4.2,791.0,791.0,4.2,9.0,5.0,6.0,15.0,65.0
3494,706.0,26.99,26.99,31.99,50000000.0,4.0,42.0,,,,,,,
3495,,52.99,52.99,,,4.5,1540.0,1540.0,4.5,4.0,2.0,5.0,18.0,71.0
3496,453.0,,,,100000000.0,,,,,,,,,
3497,521.0,,,,100000000.0,,,,,,,,,
3498,136.0,28.99,28.99,33.99,400000000.0,4.2,757.0,757.0,4.2,10.0,3.0,7.0,13.0,67.0
3499,935.0,,,,,4.2,266.0,,,,,,,
3500,1490.0,15.19,15.19,24.99,,4.2,49.0,49.0,4.2,5.0,8.0,11.0,13.0,63.0
3501,638.0,,,,50000000.0,,,,,,,,,
3502,841.0,35.99,35.99,,100000000.0,4.7,39.0,39.0,4.7,5.0,0.0,0.0,6.0,89.0
3503,955.0,19.99,19.99,,,4.3,143.0,,,,,,,
3505,2453.0,,,,,,25.0,25.0,,,,0.0,,
3506,89.0,49.99,49.99,59.99,300000000.0,4.4,,,,,,,,
3507,43.0,26.99,26.99,29.99,100000000.0,4.5,1459.0,1459.0,4.5,4.0,3.0,5.0,11.0,77.0
3508,561.0,,,,,3.8,87.0,87.0,3.8,15.0,7.0,11.0,18.0,49.0
3509,562.0,107.99,107.99,119.99,50000000.0,4.4,95.0,95.0,4.4,6.0,0.0,7.0,21.0,66.0
3510,234.0,,,,200000000.0,,,,,,,,,
3511,95.0,,,,,,,,,,,,,
3512,1389.0,47.51,47.51,65.99,,4.0,,,,,,,,
3513,426.0,99.99,99.99,,100000000.0,4.0,151.0,151.0,4.0,17.0,5.0,4.0,10.0,64.0
3514,1151.0,,,,,,,,,,,,,
3515,641.0,19.99,19.99,,50000000.0,,151.0,151.0,,,8.0,15.0,17.0,36.0
3516,441.0,,,,100000000.0,,,,,,,,,
3517,318.0,,,,100000000.0,,,,,,,,,
3518,187.0,35.99,35.99,39.99,200000000.0,4.2,1630.0,,,,,,,
3519,846.0,,,,50000000.0,,,,,,,,,
3520,391.0,9.99,9.99,,200000000.0,4.2,1614.0,1614.0,4.2,8.0,5.0,8.0,13.0,66.0
3521,658.0,,,,,4.4,1419.0,1419.0,4.4,8.0,2.0,6.0,11.0,73.0
3522,,29.99,29.99,,,4.0,58.0,58.0,4.0,8.0,3.0,,18.0,50.0
3523,516.0,,,,100000000.0,,,,,,,,,
3524,291.0,39.99,39.99,,200000000.0,4.4,2250.0,,,,,,,
3525,1618.0,45.99,45.99,,,3.8,4.0,4.0,3.8,0.0,,0.0,,42.0
3526,2411.0,32.99,32.99,,,4.2,46.0,46.0,4.2,9.0,0.0,10.0,24.0,57.0
3527,75.0,,,,,,,,,,,,,
3528,300.0,20.99,20.99,21.99,100000000.0,4.4,770.0,770.0,4.4,5.0,3.0,6.0,14.0,72.0
3529,84.0,49.99,49.99,56.99,,4.4,813.0,813.0,4.4,6.0,3.0,7.0,15.0,69.0
3530,1524.0,49.99,49.99,59.99,50000000.0,4.4,205.0,205.0,4.4,10.0,2.0,2.0,9.0,77.0
3531,475.0,39.99,39.99,69.99,100000000.0,4.1,291.0,291.0,4.1,11.0,4.0,9.0,11.0,65.0
3532,,15.99,15.99,16.99,,4.1,55.0,,,,,,,
3533,2490.0,,,,,4.3,1549.0,,,,,,,
3534,500.0,17.99,17.99,18.99,100000000.0,4.4,,,4.4,5.0,2.0,8.0,13.0,72.0
3535,1175.0,8.99,8.99,,50000000.0,4.3,22.0,22.0,4.3,0.0,8.0,12.0,15.0,65.0
3536,271.0,49.99,49.99,52.99,200000000.0,4.4,61.0,61.0,4.4,3.0,0.0,12.0,25.0,60.0
3537,812.0,,,,,,,,,,,,,
3538,305.0,108.0,108.0,109.99,100000000.0,4.1,791.0,791.0,4.1,12.0,3.0,8.0,15.0,62.0
3539,471.0,,,,100000000.0,,,,,,,,,
3540,812.0,24.99,24.99,43.22,50000000.0,4.6,786.0,,,3.0,1.0,6.0,9.0,81.0
3541,2007.0,18.99,18.99,,,3.9,98.0,98.0,3.9,13.0,4.0,11.0,19.0,53.0
3543,1152.0,,,,,4.4,427.0,427.0,4.4,5.0,1.0,7.0,16.0,71.0
3544,2099.0,40.6,40.6,42.74,,4.5,1148.0,1148.0,4.5,5.0,2.0,6.0,12.0,75.0
3545,2216.0,26.99,26.99,49.99,,5.0,2.0,2.0,5.0,0.0,0.0,0.0,0.0,100.0
3546,,,,,,4.8,55.0,,,,,,,
3547,65.0,11.99,11.99,,100000000.0,4.3,2527.0,,,,,,,
3548,,99.99,99.99,149.99,,4.4,12.0,,,,,,,
3549,7.0,,,,,,,,,,,,,
3550,1206.0,34.99,34.99,,,4.5,1553.0,,,,,,,
3551,501.0,22.99,22.99,24.99,50000000.0,4.5,1869.0,1869.0,4.5,5.0,2.0,5.0,13.0,75.0
3552,65.0,39.99,39.99,56.99,,4.2,422.0,422.0,4.2,11.0,3.0,8.0,13.0,65.0
3553,355.0,,,,300000000.0,,,,,,,,,
3554,850.0,79.99,79.99,99.99,50000000.0,4.6,669.0,669.0,4.6,3.0,3.0,2.0,12.0,80.0
3555,1518.0,,,,,4.0,236.0,,,,,,,
3556,1137.0,,,,50000000.0,,,,,,,,,
3557,668.0,29.99,29.99,,50000000.0,4.2,37.0,37.0,4.2,3.0,4.0,15.0,17.0,61.0
3558,2466.0,49.99,49.99,74.89,,,,,,,,,,
3559,796.0,99.95,99.95,135.0,,4.8,213.0,213.0,4.8,1.0,2.0,2.0,5.0,90.0
3560,1612.0,37.6,37.6,40.0,,4.5,983.0,,,,,,,
3561,682.0,34.75,34.75,36.59,100000000.0,4.3,156.0,156.0,4.3,5.0,6.0,10.0,8.0,71.0
3562,230.0,26.99,26.99,29.99,200000000.0,4.4,,,4.4,4.0,3.0,6.0,15.0,72.0
3563,1.0,13.99,13.99,17.99,10000000.0,4.5,,,4.5,5.0,1.0,5.0,12.0,77.0
3564,584.0,29.99,29.99,,50000000.0,4.4,48.0,48.0,4.4,4.0,4.0,2.0,18.0,72.0
3566,993.0,139.99,139.99,139.99,,5.0,2.0,2.0,5.0,0.0,0.0,0.0,0.0,100.0
3567,1125.0,62.9,62.9,74.0,,4.8,16.0,16.0,4.8,0.0,0.0,0.0,20.0,80.0
3569,538.0,23.99,23.99,26.99,50000000.0,3.8,47.0,47.0,3.8,11.0,6.0,11.0,,41.0
3570,9.0,9.98,9.98,13.99,10000000.0,4.4,992.0,992.0,4.4,5.0,2.0,7.0,14.0,72.0
3571,26.0,16.95,16.95,22.99,7000000.0,4.6,,,,,,,,
3572,38.0,39.99,39.99,39.99,5000000.0,4.5,,,4.5,4.0,2.0,6.0,11.0,77.0
3574,136.0,27.99,27.99,39.99,300000000.0,4.3,235.0,235.0,4.3,9.0,2.0,5.0,15.0,69.0
3575,25.0,,,,7000000.0,,,,,,,,,
3576,46.0,39.99,39.99,39.99,3000000.0,4.4,,,4.4,6.0,3.0,4.0,12.0,75.0
3577,18.0,9.99,9.99,13.99,8000000.0,4.4,,,4.4,8.0,2.0,5.0,14.0,71.0
3578,10.0,8.98,8.98,9.98,7000000.0,4.5,,,4.5,5.0,2.0,5.0,13.0,75.0
3579,22.0,6.89,6.89,9.99,9000000.0,4.4,1051.0,1051.0,4.4,7.0,2.0,8.0,12.0,71.0
3580,725.0,,,,50000000.0,,,,,,,,,
3581,13.0,14.9,14.9,14.9,9000000.0,4.5,2624.0,,,,,,,
3582,20.0,17.99,17.99,23.99,6000000.0,4.6,,,4.6,3.0,1.0,3.0,13.0,80.0
3583,23.0,9.99,9.99,15.99,6000000.0,4.3,,,4.3,8.0,2.0,5.0,13.0,72.0
3584,180.0,,,,300000000.0,,,,,,,,,
3585,4.0,9.99,9.99,15.99,10000000.0,4.5,,,4.5,6.0,2.0,4.0,13.0,75.0
3586,28.0,,,,7000000.0,,,,,,,,,
3587,214.0,,,,200000000.0,,,,,,,,,
3588,13.0,69.0,69.0,69.0,1000000.0,4.4,1298.0,1298.0,4.4,6.0,3.0,5.0,12.0,74.0
3589,27.0,10.39,10.39,,5000000.0,4.3,,,4.3,7.0,3.0,6.0,14.0,70.0
3590,21.0,9.99,9.99,,6000000.0,4.3,,,4.3,8.0,3.0,5.0,13.0,71.0
3591,142.0,,,,1000000.0,,,,,,,,,
3592,40.0,,,,4000000.0,,,,,,,,,
3594,34.0,,,,4000000.0,,,,,,,,,
3595,35.0,,,,,,,,,,,,,
3596,67.0,14.99,14.99,29.99,3000000.0,4.5,2941.0,2941.0,4.5,4.0,2.0,5.0,10.0,79.0
3597,144.0,,,,1000000.0,,,,,,,,,
3598,44.0,,,,4000000.0,,,,,,,,,
3599,41.0,5.79,5.79,,5000000.0,4.3,,,4.3,9.0,3.0,7.0,12.0,69.0
3600,5.0,62.99,62.99,69.99,1000000.0,4.4,727.0,727.0,4.4,6.0,2.0,5.0,13.0,74.0
3601,81.0,9.99,9.99,,1000000.0,4.6,,,4.6,4.0,1.0,4.0,10.0,81.0
3602,3.0,26.99,26.99,34.99,2000000.0,4.5,,,,,,,,
3603,11.0,129.99,129.99,179.99,1000000.0,4.6,1933.0,,,,,,,
3604,50.0,,,,,,,,,,,,,
3605,16.0,,,,9000000.0,,,,,,,,,
3606,29.0,,,,5000000.0,,,,,,,,,
3607,31.0,8.99,8.99,11.99,5000000.0,4.4,,,,,,,,
3608,11.0,,,,2000000.0,,,,,,,,,
3609,64.0,13.99,13.99,17.99,3000000.0,4.5,535.0,535.0,4.5,4.0,2.0,5.0,11.0,78.0
3610,265.0,15.69,15.69,19.99,400000000.0,4.6,1630.0,1630.0,4.6,4.0,2.0,3.0,12.0,79.0
3611,51.0,13.99,13.99,,2000000.0,4.4,,,4.4,5.0,3.0,6.0,15.0,71.0
3612,1224.0,19.99,19.99,,,4.2,69.0,,,,,,,
3613,80.0,13.99,13.99,,2000000.0,4.5,,,4.5,5.0,2.0,5.0,14.0,74.0
3614,160.0,29.99,29.99,34.99,,4.6,,,4.6,2.0,2.0,4.0,12.0,80.0
3615,91.0,,,,2000000.0,,,,,,,,,
3616,20.0,36.99,36.99,39.99,1000000.0,4.6,,,4.6,2.0,1.0,5.0,13.0,79.0
3617,3.0,,,,10000000.0,,,,,,,,,
3618,14.0,,,,,,,,,,,,,
3619,224.0,,,,,,,,,,,,,
3620,32.0,,,,5000000.0,,,,,,,,,
3621,78.0,,,,3000000.0,,,,,,,,,
3622,2115.0,9.99,9.99,,,4.6,1654.0,,,,,,,
3623,43.0,,,,,,,,,,,,,
3624,155.0,79.99,79.99,89.99,200000000.0,4.0,,,4.0,12.0,6.0,8.0,11.0,63.0
3625,60.0,9.98,9.98,11.39,3000000.0,4.4,,,4.4,5.0,2.0,6.0,16.0,71.0
3626,998.0,,,,,4.3,342.0,342.0,4.3,8.0,4.0,6.0,13.0,69.0
3627,175.0,,,,,,,,,,,,,
3628,62.0,9.99,9.99,13.99,3000000.0,4.5,,,,,,,,
3629,4.0,16.99,16.99,19.99,1000000.0,4.5,1890.0,1890.0,4.5,5.0,2.0,4.0,16.0,73.0
3630,301.0,,,,300000000.0,,,,,,,,,
3631,7.0,,,,10000000.0,,,,,,,,,
3632,113.0,,,,,,,,,,,,,
3633,36.0,13.99,13.99,16.99,3000000.0,4.3,,,4.3,7.0,3.0,7.0,16.0,67.0
3634,24.0,11.96,11.96,,7000000.0,4.3,,,4.3,7.0,4.0,7.0,14.0,68.0
3635,82.0,,,,400000000.0,,,,,,,,,
3636,61.0,34.9,34.9,49.99,100000000.0,3.8,2749.0,2749.0,3.8,13.0,9.0,9.0,15.0,54.0
3637,59.0,94.95,94.95,129.99,300000000.0,4.6,,,4.6,4.0,1.0,4.0,9.0,82.0
3638,100.0,12.99,12.99,14.99,1000000.0,4.5,,,4.5,5.0,1.0,5.0,13.0,76.0
3639,316.0,14.68,14.68,17.99,400000000.0,4.4,2958.0,2958.0,4.4,5.0,2.0,6.0,15.0,72.0
3640,456.0,14.49,14.49,,300000000.0,4.7,290.0,290.0,4.7,2.0,1.0,2.0,10.0,85.0
3641,147.0,12.89,12.89,15.99,1000000.0,4.4,,,4.4,7.0,3.0,5.0,13.0,72.0
3642,50.0,6.97,6.97,9.98,3000000.0,4.2,,,4.2,8.0,4.0,7.0,14.0,67.0
3643,138.0,,,,1000000.0,,,,,,,,,
3644,122.0,,,,300000000.0,,,,,,,,,
3645,2.0,41.98,41.98,69.99,4000000.0,4.6,,,4.6,4.0,2.0,3.0,9.0,82.0
3646,17.0,20.98,20.98,29.99,,4.4,,,4.4,6.0,3.0,6.0,14.0,71.0
3647,92.0,49.0,49.0,49.0,400000000.0,4.2,234.0,234.0,4.2,6.0,6.0,8.0,15.0,65.0
3648,94.0,13.2,13.2,,300000000.0,4.3,185.0,185.0,4.3,12.0,1.0,5.0,10.0,72.0
3649,271.0,129.99,129.99,149.99,100000000.0,4.4,,,4.4,4.0,4.0,6.0,12.0,74.0
3650,52.0,84.99,84.99,99.99,,4.6,283.0,283.0,4.6,3.0,2.0,4.0,13.0,78.0
3651,541.0,5.99,5.99,,100000000.0,4.2,2498.0,2498.0,4.2,8.0,4.0,8.0,13.0,67.0
3652,33.0,11.85,11.85,,5000000.0,4.3,,,,,,,,
3653,945.0,,,,200000000.0,,,,,,,,,
3654,254.0,36.99,36.99,,,4.6,411.0,411.0,4.6,4.0,3.0,5.0,8.0,80.0
3655,126.0,9.99,9.99,14.99,1000000.0,4.4,,,4.4,5.0,3.0,5.0,13.0,74.0
3656,150.0,11.91,11.91,11.91,1000000.0,4.5,,,4.5,5.0,2.0,4.0,12.0,77.0
3657,102.0,9.99,9.99,,2000000.0,4.4,,,,,,,,
3658,1224.0,23.51,23.51,,,4.7,1082.0,1082.0,4.7,4.0,0.0,2.0,11.0,83.0
3659,65.0,159.0,159.0,159.0,,4.5,339.0,339.0,4.5,4.0,2.0,5.0,11.0,78.0
3660,24.0,19.99,19.99,23.99,,4.3,2237.0,2237.0,4.3,6.0,4.0,8.0,15.0,67.0
3661,87.0,13.59,13.59,15.99,2000000.0,4.3,,,4.3,8.0,4.0,6.0,14.0,68.0
3662,45.0,34.99,34.99,69.99,,4.4,,,4.4,5.0,3.0,5.0,13.0,74.0
3663,12.0,,,,1000000.0,,,,,,,,,
3664,6.0,23.89,23.89,33.89,,4.3,1819.0,1819.0,4.3,7.0,4.0,7.0,13.0,69.0
3665,752.0,7.99,7.99,12.99,200000000.0,4.5,161.0,161.0,4.5,3.0,1.0,6.0,22.0,68.0
3666,109.0,,,,1000000.0,,,,,,,,,
3667,1266.0,17.99,17.99,17.99,50000000.0,4.7,,,,,,,,
3668,1284.0,21.95,21.95,,50000000.0,4.6,1839.0,,,,,,,
3669,352.0,5.39,5.39,,300000000.0,4.0,1187.0,1187.0,4.0,13.0,6.0,7.0,14.0,60.0
3670,162.0,15.99,15.99,18.99,200000000.0,4.4,2133.0,2133.0,4.4,5.0,3.0,5.0,15.0,72.0
3671,15.0,26.9,26.9,29.89,,4.6,360.0,,,,,,,
3672,449.0,13.99,13.99,,200000000.0,4.3,42.0,42.0,4.3,6.0,6.0,5.0,20.0,63.0
3673,14.0,,,,1000000.0,,,,,,,,,
3674,117.0,,,,50000000.0,,,,,,,,,
3675,33.0,46.99,46.99,,1000000.0,4.4,,,4.4,6.0,3.0,5.0,15.0,71.0
3676,44.0,,,,200000000.0,,,,,,,,,
3677,989.0,19.99,19.99,19.99,100000000.0,4.5,788.0,788.0,4.5,8.0,1.0,2.0,9.0,80.0
3678,374.0,7.99,7.99,,300000000.0,4.5,565.0,565.0,4.5,4.0,2.0,8.0,12.0,74.0
3679,214.0,64.99,64.99,97.49,,3.8,210.0,210.0,3.8,16.0,9.0,9.0,12.0,54.0
3680,700.0,,,,,3.8,85.0,,,,,,,
3681,844.0,19.99,19.99,,100000000.0,4.2,,,,,,,,
3682,2087.0,23.56,23.56,27.99,,4.7,94.0,94.0,4.7,5.0,0.0,0.0,8.0,87.0
3683,188.0,17.99,17.99,24.99,,4.4,,,4.4,6.0,3.0,7.0,13.0,71.0
3684,105.0,126.0,126.0,139.99,400000000.0,4.1,,,4.1,11.0,5.0,7.0,13.0,64.0
3685,946.0,4.99,4.99,,100000000.0,3.8,80.0,80.0,3.8,17.0,5.0,10.0,10.0,58.0
3686,193.0,36.49,36.49,42.99,100000000.0,4.5,,,4.5,4.0,2.0,6.0,12.0,76.0
3687,409.0,,,,200000000.0,,,,,,,,,
3689,269.0,5.99,5.99,9.99,,4.3,1826.0,1826.0,4.3,6.0,3.0,7.0,17.0,67.0
3690,1016.0,,,,,4.7,564.0,564.0,4.7,1.0,0.0,4.0,13.0,82.0
3691,58.0,32.99,32.99,49.99,100000000.0,4.5,,,4.5,5.0,2.0,5.0,12.0,76.0
3692,120.0,99.99,99.99,,200000000.0,4.6,,,4.6,4.0,2.0,4.0,11.0,79.0
3693,165.0,24.99,24.99,,,4.1,,,,,,,,
3694,72.0,,,,,,,,,,,,,
3695,550.0,28.86,28.86,32.97,50000000.0,4.2,1297.0,1297.0,4.2,8.0,5.0,8.0,12.0,67.0
3696,2015.0,11.99,11.99,19.99,,4.6,14.0,14.0,4.6,0.0,0.0,10.0,19.0,71.0
3697,434.0,5.99,5.99,,400000000.0,4.4,1491.0,1491.0,4.4,6.0,3.0,6.0,12.0,73.0
3698,85.0,15.99,15.99,17.99,1000000.0,4.3,,,4.3,6.0,4.0,9.0,16.0,65.0
3699,528.0,,,,50000000.0,,,,,,,,,
3700,360.0,,,,100000000.0,,,,,,,,,
3701,197.0,25.9,25.9,29.99,200000000.0,4.5,1099.0,1099.0,4.5,5.0,3.0,5.0,12.0,75.0
3702,1146.0,18.84,18.84,,100000000.0,4.7,14.0,14.0,4.7,0.0,0.0,10.0,10.0,80.0
3703,93.0,,,,,,,,,,,,,
3704,23.0,29.99,29.99,,400000000.0,4.5,611.0,611.0,4.5,5.0,2.0,4.0,11.0,78.0
3705,82.0,21.89,21.89,29.99,100000000.0,4.6,646.0,646.0,4.6,3.0,3.0,5.0,9.0,80.0
3706,73.0,,,,100000000.0,,,,,,,,,
3707,1364.0,,,,50000000.0,,,,,,,,,
3708,1046.0,14.99,14.99,17.99,100000000.0,4.5,2265.0,2265.0,4.5,4.0,3.0,6.0,15.0,72.0
3709,31.0,39.99,39.99,,1000000.0,4.4,,,4.4,5.0,3.0,6.0,14.0,72.0
3710,809.0,,,,,4.4,76.0,,,,,,,
3711,261.0,,,,100000000.0,,,,,,,,,
3714,591.0,12.34,12.34,15.99,100000000.0,4.3,1157.0,1157.0,4.3,5.0,4.0,8.0,16.0,67.0
3715,559.0,14.0,14.0,14.9,200000000.0,4.7,723.0,723.0,4.7,2.0,1.0,3.0,10.0,84.0
3716,151.0,,,,200000000.0,,,,,,,,,
3718,172.0,44.99,44.99,44.99,200000000.0,4.4,,,,,,,,
3719,800.0,5.99,5.99,,100000000.0,4.3,864.0,864.0,4.3,8.0,3.0,8.0,13.0,68.0
3720,233.0,19.99,19.99,44.99,100000000.0,4.8,41.0,41.0,4.8,3.0,0.0,4.0,0.0,93.0
3721,634.0,25.0,25.0,29.99,100000000.0,4.8,,,4.8,1.0,1.0,2.0,9.0,87.0
3722,1170.0,12.99,12.99,,100000000.0,4.6,34.0,34.0,4.6,6.0,0.0,5.0,8.0,81.0
3723,31.0,12.99,12.99,17.99,400000000.0,4.4,,,,,,,,
3724,301.0,23.98,23.98,,50000000.0,4.3,1534.0,1534.0,4.3,6.0,4.0,7.0,14.0,69.0
3725,108.0,53.99,53.99,59.99,300000000.0,4.7,,,4.7,3.0,1.0,3.0,11.0,82.0
3726,952.0,,,,,4.5,,,4.5,4.0,2.0,5.0,12.0,77.0
3727,2404.0,,,,,4.7,47.0,,,,,,,
3728,2.0,,,,9000000.0,,,,,,,,,
3729,118.0,79.98,79.98,79.98,300000000.0,4.2,2373.0,,,,,,,
3730,33.0,12.99,12.99,16.99,300000000.0,4.5,157.0,157.0,4.5,5.0,2.0,5.0,11.0,77.0
3731,173.0,34.97,34.97,,,4.6,599.0,599.0,4.6,2.0,3.0,4.0,11.0,80.0
3732,891.0,34.49,34.49,49.99,50000000.0,4.6,,,,,,,,
3733,381.0,,,,400000000.0,,,,,,,,,
3734,745.0,39.99,39.99,49.99,,4.3,1847.0,1847.0,4.3,8.0,2.0,6.0,15.0,69.0
3735,185.0,15.99,15.99,,200000000.0,4.4,,,4.4,6.0,3.0,7.0,12.0,72.0
3736,264.0,,,,,,,,,,,,,
3737,367.0,15.99,15.99,,50000000.0,4.3,,,4.3,7.0,2.0,8.0,15.0,68.0
3738,66.0,19.99,19.99,21.99,,4.6,,,,,,,,
3739,87.0,,,,100000000.0,,,,,,,,,
3740,22.0,9.99,9.99,,,4.4,177.0,177.0,4.4,7.0,3.0,5.0,11.0,74.0
3741,758.0,17.99,17.99,,100000000.0,4.3,223.0,223.0,4.3,7.0,5.0,5.0,17.0,66.0
3742,1599.0,7.99,7.99,,,4.1,1187.0,1187.0,4.1,12.0,2.0,7.0,15.0,64.0
3743,316.0,34.99,34.99,,50000000.0,4.6,1267.0,,,,,,,
3744,351.0,,,,50000000.0,,,,,,,,,
3745,577.0,13.97,13.97,,,4.0,31.0,31.0,4.0,11.0,10.0,6.0,13.0,60.0
3746,114.0,,,,300000000.0,,,,,,,,,
3747,474.0,24.98,24.98,,200000000.0,4.3,1534.0,1534.0,4.3,6.0,4.0,7.0,14.0,69.0
3749,137.0,19.49,19.49,29.99,100000000.0,4.5,735.0,735.0,4.5,5.0,1.0,5.0,16.0,73.0
3750,149.0,55.99,55.99,69.99,,4.4,79.0,79.0,4.4,3.0,1.0,5.0,,64.0
3751,57.0,24.99,24.99,29.99,100000000.0,4.3,921.0,921.0,4.3,5.0,4.0,12.0,14.0,65.0
3752,27.0,13.97,13.97,19.99,,4.2,1034.0,1034.0,4.2,8.0,4.0,8.0,15.0,65.0
3753,781.0,,,,,,,,,,,,,
3754,242.0,12.99,12.99,15.99,,4.4,804.0,804.0,4.4,8.0,1.0,6.0,14.0,71.0
3755,171.0,,,,100000000.0,,,,,,,,,
3756,273.0,18.99,18.99,24.99,100000000.0,4.4,79.0,79.0,4.4,6.0,1.0,11.0,12.0,70.0
3757,447.0,129.99,129.99,,,4.4,,,4.4,5.0,3.0,6.0,14.0,72.0
3758,76.0,54.44,54.44,64.99,100000000.0,4.5,253.0,253.0,4.5,4.0,3.0,5.0,14.0,74.0
3759,222.0,,,,100000000.0,,,,,,,,,
3760,654.0,,,,50000000.0,,,,,,,,,
3761,234.0,179.99,179.99,179.99,100000000.0,4.6,1343.0,1343.0,4.6,5.0,1.0,4.0,7.0,83.0
3762,41.0,31.19,31.19,38.99,300000000.0,4.4,,,4.4,8.0,3.0,6.0,10.0,73.0
3764,70.0,,,,200000000.0,,,,,,,,,
3765,293.0,16.99,16.99,,50000000.0,4.2,,,4.2,8.0,4.0,9.0,14.0,65.0
3766,393.0,44.09,44.09,69.0,50000000.0,4.0,92.0,,,,,,,
3767,378.0,80.14,80.14,114.99,50000000.0,4.6,375.0,,,,,,,
3768,383.0,49.99,49.99,49.99,50000000.0,4.1,1452.0,,,,,,,
3769,220.0,,,,100000000.0,,,,,,,,,
3770,441.0,,,,50000000.0,,,,,,,,,
3771,7.0,,,,2000000.0,,,,,,,,,
3772,,,,,,4.4,,,4.4,5.0,3.0,6.0,12.0,74.0
3773,76.0,,,,,,,,,,,,,
3774,36.0,22.99,22.99,34.99,1000000.0,4.6,160.0,160.0,4.6,1.0,1.0,8.0,15.0,75.0
3775,147.0,12.99,12.99,,,4.3,,,4.3,7.0,3.0,7.0,13.0,70.0
3776,21.0,67.98,67.98,99.99,,4.4,,,4.4,6.0,3.0,5.0,11.0,75.0
3777,536.0,39.95,39.95,69.99,,4.1,1339.0,1339.0,4.1,10.0,5.0,10.0,15.0,60.0
3778,189.0,,,,200000000.0,,,,,,,,,
3779,97.0,25.49,25.49,29.99,100000000.0,4.7,53.0,,,,,,,
3780,19.0,19.12,19.12,26.99,9000000.0,4.4,2783.0,2783.0,4.4,3.0,4.0,8.0,15.0,70.0
3781,599.0,,,,50000000.0,,,,,,,,,
3782,196.0,52.0,52.0,69.0,200000000.0,4.2,68.0,68.0,4.2,6.0,8.0,8.0,13.0,65.0
3783,134.0,,,,400000000.0,,,,,,,,,
3784,797.0,,,,,4.2,317.0,317.0,4.2,9.0,4.0,6.0,13.0,68.0
3785,255.0,,,,,4.5,281.0,,,,,,,
3786,730.0,19.99,19.99,,100000000.0,4.5,790.0,790.0,4.5,7.0,1.0,3.0,11.0,78.0
3787,464.0,,,,300000000.0,,,,,,,,,
3788,412.0,17.98,17.98,,,4.4,2426.0,2426.0,4.4,6.0,3.0,6.0,16.0,69.0
3789,12.0,79.99,79.99,89.99,3000000.0,4.3,,3022.0,4.3,7.0,3.0,7.0,13.0,70.0
3790,2183.0,,,,,,,,,,,,,
3791,105.0,17.99,17.99,26.99,100000000.0,4.3,168.0,168.0,4.3,8.0,2.0,7.0,11.0,72.0
3792,571.0,6.83,6.83,7.99,,4.4,,,4.4,4.0,3.0,8.0,14.0,71.0
3793,405.0,99.99,99.99,129.99,50000000.0,4.2,626.0,626.0,4.2,9.0,4.0,9.0,16.0,62.0
3794,215.0,79.99,79.99,89.99,100000000.0,3.9,2637.0,2637.0,3.9,15.0,8.0,7.0,11.0,59.0
3795,1.0,9.98,9.98,11.99,1000000.0,4.6,,,4.6,2.0,1.0,5.0,12.0,80.0
3796,401.0,19.43,19.43,23.99,300000000.0,4.6,,,,,,,,
3797,187.0,44.99,44.99,49.99,,4.6,144.0,,,,,,,
3798,93.0,24.99,24.99,,1000000.0,4.4,,,,,,,,
3799,617.0,,,,,,,,,,,,,
3800,,7.49,7.49,,,4.5,37.0,37.0,4.5,4.0,4.0,0.0,21.0,71.0
3801,8.0,19.99,19.99,,1000000.0,4.6,,,4.6,2.0,1.0,5.0,13.0,79.0
3802,574.0,34.99,34.99,,100000000.0,4.4,182.0,,,,,,,
3803,840.0,31.97,31.97,,,4.8,393.0,393.0,4.8,1.0,1.0,1.0,14.0,83.0
3804,1455.0,,,,,4.7,27.0,27.0,4.7,0.0,0.0,5.0,16.0,79.0
3805,1.0,,,,2000000.0,,,,,,,,,
3806,29.0,14.88,14.88,18.0,400000000.0,4.2,,,4.2,8.0,4.0,8.0,13.0,67.0
3807,475.0,49.99,49.99,,,4.5,1122.0,1122.0,4.5,4.0,3.0,6.0,14.0,73.0
3808,61.0,79.99,79.99,87.64,,4.6,732.0,732.0,4.6,3.0,1.0,5.0,12.0,79.0
3809,131.0,,,,1000000.0,,,,,,,,,
3810,468.0,19.99,19.99,,200000000.0,4.5,2333.0,2333.0,4.5,6.0,1.0,7.0,8.0,78.0
3811,88.0,14.99,14.99,,2000000.0,4.4,,,4.4,7.0,3.0,6.0,12.0,72.0
3812,1063.0,32.0,32.0,39.99,100000000.0,4.7,1183.0,,,,,,,
3814,814.0,17.98,17.98,29.99,100000000.0,4.3,1150.0,,,,,,,
3815,1365.0,,,,,4.3,316.0,316.0,4.3,8.0,2.0,7.0,13.0,70.0
3816,82.0,,,,2000000.0,,,,,,,,,
3817,813.0,,,,,4.5,,,,,,,,
3818,212.0,21.99,21.99,34.9,,4.1,252.0,252.0,4.1,8.0,5.0,9.0,18.0,60.0
3819,1399.0,,,,50000000.0,,,,,,,,,
3820,350.0,15.19,15.19,15.99,50000000.0,4.4,1209.0,1209.0,4.4,5.0,4.0,7.0,13.0,71.0
3821,629.0,,,,200000000.0,,,,,,,,,
3822,126.0,80.99,80.99,99.49,300000000.0,4.2,1395.0,1395.0,4.2,11.0,4.0,5.0,10.0,70.0
3823,163.0,11.98,11.98,18.99,1000000.0,4.4,,,4.4,5.0,3.0,6.0,17.0,69.0
3824,101.0,44.99,44.99,67.99,50000000.0,4.6,,,4.6,3.0,3.0,3.0,14.0,77.0
3825,359.0,,,,50000000.0,,,,,,,,,
3826,432.0,14.99,14.99,14.99,100000000.0,4.5,1593.0,1593.0,4.5,6.0,3.0,1.0,8.0,82.0
3827,831.0,29.99,29.99,29.99,200000000.0,4.6,,,4.6,3.0,1.0,5.0,11.0,80.0
3828,79.0,,,,2000000.0,,,,,,,,,
3829,,24.99,24.99,69.0,,4.2,41.0,,,,,,,
3830,49.0,,,,200000000.0,,,,,,,,,
3831,1245.0,12.16,12.16,12.81,,4.1,2281.0,2281.0,4.1,11.0,6.0,6.0,13.0,64.0
3832,,14.99,14.99,,,4.4,,,4.4,4.0,2.0,8.0,14.0,72.0
3833,382.0,22.64,22.64,22.64,400000000.0,4.4,723.0,723.0,4.4,7.0,3.0,6.0,10.0,74.0
3834,802.0,24.99,24.99,26.99,,4.4,34.0,34.0,4.4,10.0,0.0,6.0,9.0,75.0
3835,66.0,14.66,14.66,16.47,100000000.0,4.3,1076.0,1076.0,4.3,7.0,4.0,6.0,12.0,71.0
3836,182.0,,,,,,,,,,,,,
3837,95.0,,,,100000000.0,,,,,,,,,
3838,1156.0,14.99,14.99,14.99,100000000.0,4.6,192.0,,,,,,,
3839,207.0,19.99,19.99,,,4.6,,,,,,,,
3840,40.0,54.99,54.99,,200000000.0,4.4,2087.0,2087.0,4.4,7.0,3.0,5.0,10.0,75.0
3841,2230.0,,,,,,,,,,,,,
3842,112.0,8.97,8.97,,1000000.0,4.4,,,4.4,6.0,3.0,7.0,13.0,71.0
3843,48.0,,,,,,,,,,,,,
3844,,9.99,9.99,,,4.3,58.0,58.0,4.3,9.0,0.0,9.0,15.0,67.0
3845,156.0,132.0,132.0,189.99,200000000.0,3.6,1074.0,1074.0,3.6,19.0,9.0,13.0,12.0,47.0
3846,64.0,39.99,39.99,39.99,,4.6,1475.0,,,,,,,
3847,1088.0,,,,100000000.0,,,,,,,,,
3848,953.0,12.99,12.99,19.99,50000000.0,4.6,19.0,,,,,,,
3849,153.0,,,,200000000.0,,,,,,,,,
3850,,,,,,4.3,133.0,133.0,4.3,4.0,4.0,10.0,19.0,63.0
3851,13.0,,,,,,,,,,,,,
3852,1.0,,,,6000000.0,4.7,,,4.7,4.0,0.0,2.0,6.0,88.0
3853,12.0,,,,300000000.0,4.3,36.0,,,,,,,
3854,3.0,,,,,4.1,128.0,,,,,,,
3855,8.0,,,,200000000.0,4.8,867.0,867.0,4.8,3.0,1.0,1.0,4.0,91.0
3856,6.0,,,,50000000.0,4.8,,,,,,,,
3857,6.0,,,,100000000.0,,,,,,,,,
3858,35.0,,,,200000000.0,4.5,1800.0,,,,,,,
3859,13.0,,,,100000000.0,,,,,,,,,
3860,27.0,,,,,4.2,103.0,,,,,,,
3861,18.0,,,,50000000.0,4.7,131.0,131.0,4.7,3.0,1.0,1.0,6.0,89.0
3862,19.0,,,,200000000.0,4.4,51.0,51.0,4.4,11.0,0.0,3.0,4.0,82.0
3863,27.0,,,,50000000.0,4.6,6.0,6.0,4.6,0.0,0.0,0.0,,61.0
3864,53.0,,,,,5.0,5.0,5.0,5.0,0.0,0.0,0.0,0.0,100.0
3865,62.0,,,,,5.0,9.0,9.0,5.0,0.0,0.0,0.0,0.0,100.0
3867,21.0,,,,200000000.0,,,,,,,,,
3868,88.0,,,,,5.0,1.0,1.0,5.0,0.0,0.0,0.0,0.0,100.0
3869,20.0,,,,50000000.0,,,,,,,,,
3870,17.0,,,,50000000.0,4.7,2057.0,2057.0,4.7,3.0,0.0,2.0,5.0,90.0
3871,126.0,,,,,4.1,5.0,5.0,4.1,,0.0,0.0,0.0,77.0
3872,110.0,,,,,4.1,26.0,,,,,,,
3873,13.0,,,,50000000.0,4.0,232.0,232.0,4.0,17.0,4.0,4.0,8.0,67.0
3874,34.0,,,,,4.1,127.0,127.0,4.1,14.0,4.0,4.0,7.0,71.0
3875,49.0,,,,,4.6,15.0,15.0,4.6,7.0,0.0,0.0,5.0,88.0
3876,67.0,,,,200000000.0,4.0,27.0,27.0,4.0,20.0,0.0,0.0,13.0,67.0
3877,20.0,,,,,4.8,,,4.8,3.0,0.0,2.0,5.0,90.0
3879,3.0,,,,100000000.0,3.5,13.0,,,,,,,
3880,34.0,,,,50000000.0,5.0,8.0,,,,,,,
3881,602.0,,,,,4.6,3.0,3.0,4.6,0.0,0.0,0.0,,63.0
3882,2336.0,,,,,4.7,515.0,515.0,4.7,3.0,0.0,2.0,7.0,88.0
3883,14.0,,,,50000000.0,,,,,,,,,
3884,265.0,,,,,,,,,0.0,0.0,0.0,0.0,
3885,6.0,199.0,199.0,199.0,2000000.0,4.6,,,4.6,5.0,2.0,4.0,8.0,81.0
3887,83.0,,,,,,,,,,,,,
3888,43.0,,,,,4.7,90.0,,,,,,,
3889,342.0,,,,,,,,,,,,,
3890,51.0,,,,,,,,,,,,,
3891,10.0,,,,50000000.0,,,,,,,,,
3892,44.0,,,,,,,,,0.0,0.0,0.0,0.0,
3893,1.0,64.74,64.74,69.99,6000000.0,4.6,60.0,,,,,,,
3894,626.0,,,,,5.0,1.0,1.0,5.0,0.0,0.0,0.0,0.0,100.0
3895,107.0,,,,,,15.0,15.0,,,,0.0,0.0,56.0
3896,109.0,,,,,3.7,88.0,88.0,3.7,21.0,8.0,4.0,7.0,60.0
3897,86.0,,,,,,,,,,,,,
3898,89.0,,,,,,,,,,,,,
3899,107.0,,,,,5.0,1.0,1.0,5.0,0.0,0.0,0.0,0.0,100.0
3900,13.0,84.99,84.99,,,,,,,0.0,0.0,0.0,0.0,
3901,1.0,170.0,170.0,179.0,300000000.0,4.0,,,4.0,17.0,3.0,5.0,11.0,64.0
3902,64.0,,,,,,,,,0.0,0.0,0.0,0.0,
3903,105.0,,,,,4.3,52.0,52.0,4.3,10.0,3.0,6.0,7.0,74.0
3904,,,,,,3.7,10.0,,,,,,,
3905,431.0,,,,,5.0,1.0,1.0,5.0,0.0,0.0,0.0,0.0,100.0
3906,33.0,,,,,,,,,,,,,
3907,54.0,,,,,,,,,,,,,
3908,10.0,109.98,109.98,121.88,300000000.0,4.8,832.0,832.0,4.8,1.0,0.0,3.0,8.0,88.0
3909,67.0,,,,,4.8,2287.0,2287.0,4.8,2.0,0.0,2.0,4.0,92.0
3910,72.0,,,,,4.8,,,,,,,,
3912,150.0,,,,,,,,,0.0,0.0,0.0,0.0,
3913,1.0,64.99,64.99,69.99,1000000.0,3.9,1460.0,,,,,,,
3914,215.0,,,,,,,,,0.0,0.0,0.0,0.0,
3915,10.0,39.88,39.88,,3000000.0,4.4,117.0,117.0,4.4,7.0,3.0,7.0,7.0,76.0
3916,8.0,,,,50000000.0,,,,,,,,,
3917,26.0,198.71,198.71,251.99,2000000.0,4.8,,,,,,,,
3918,82.0,,,,,4.0,7.0,7.0,4.0,0.0,,0.0,16.0,58.0
3919,11.0,79.0,79.0,,100000000.0,4.7,2047.0,2047.0,4.7,3.0,0.0,2.0,9.0,86.0
3920,7.0,,,,2000000.0,4.6,,,4.6,3.0,1.0,4.0,11.0,81.0
3921,31.0,,,,,4.0,22.0,22.0,4.0,20.0,0.0,0.0,12.0,68.0
3922,22.0,,,,100000000.0,4.3,338.0,338.0,4.3,10.0,2.0,5.0,9.0,74.0
3923,7.0,,,,100000000.0,,,,,,,,,
3924,21.0,149.99,149.99,149.99,1000000.0,4.3,2365.0,,,,,,,
3925,216.0,,,,,4.5,5.0,5.0,4.5,12.0,0.0,0.0,0.0,88.0
3927,4.0,,,,4000000.0,,,,,,,,,
3928,5.0,49.95,49.95,69.99,5000000.0,4.6,268.0,268.0,4.6,2.0,2.0,4.0,12.0,80.0
3929,1.0,,,,,,,,,,,,,
3931,99.0,,,,,,,,,0.0,0.0,0.0,0.0,
3932,80.0,,,,,,1.0,1.0,,,0.0,0.0,0.0,
3933,3.0,39.99,39.99,,100000000.0,4.0,16.0,,,,,,,
3934,50.0,49.94,49.94,49.94,,4.8,388.0,,,1.0,1.0,3.0,8.0,87.0
3935,2.0,39.99,39.99,,1000000.0,4.4,,,4.4,7.0,3.0,6.0,13.0,71.0
3936,33.0,29.49,29.49,,1000000.0,4.7,282.0,,,,,,,
3937,20.0,,,,200000000.0,,,,,,,,,
3938,278.0,,,,100000000.0,,,,,,,,,
3940,59.0,,,,,,,,,,,,,
3941,1.0,,,,,4.5,,,4.5,6.0,2.0,3.0,10.0,79.0
3942,1.0,16.99,16.99,,,4.5,,3087.0,4.5,4.0,1.0,6.0,13.0,76.0
3943,1.0,29.99,29.99,49.99,7000000.0,4.2,,,4.2,9.0,5.0,6.0,10.0,70.0
3944,1.0,,,,,4.6,,,4.6,3.0,1.0,5.0,12.0,79.0
3945,5.0,23.99,23.99,39.99,,4.7,2269.0,2269.0,4.7,3.0,1.0,2.0,8.0,86.0
3946,37.0,34.96,34.96,69.99,,4.6,426.0,426.0,4.6,3.0,1.0,2.0,13.0,81.0
3947,166.0,169.99,169.99,169.99,200000000.0,4.3,292.0,292.0,4.3,9.0,2.0,6.0,14.0,69.0
3948,9.0,,,,100000000.0,,,,,,,,,
3949,7.0,67.99,67.99,,4000000.0,4.6,231.0,231.0,4.6,6.0,2.0,2.0,5.0,85.0
3950,78.0,24.88,24.88,39.99,,4.5,421.0,,,3.0,3.0,9.0,10.0,75.0
3951,,9.99,9.99,,200000000.0,4.6,63.0,,,,,,,
3952,1.0,,,,,4.2,2255.0,2255.0,4.2,12.0,3.0,5.0,8.0,72.0
3953,12.0,,,,2000000.0,,,,,,,,,
3955,13.0,26.99,26.99,36.99,100000000.0,4.5,830.0,830.0,4.5,5.0,2.0,3.0,15.0,75.0
3956,108.0,,,,400000000.0,,,,,,,,,
3957,24.0,75.0,75.0,,,4.5,69.0,,,,,,,
3958,45.0,22.44,22.44,29.99,,4.7,1170.0,,,,,,,
3959,38.0,19.99,19.99,39.99,,4.5,173.0,173.0,4.5,3.0,5.0,6.0,8.0,78.0
3960,926.0,,,,,4.4,1295.0,1295.0,4.4,8.0,2.0,4.0,9.0,77.0
3961,,,,,,,5.0,5.0,,,0.0,0.0,0.0,54.0
3962,1.0,,,,300000000.0,,,,,,,,,
3963,134.0,18.49,18.49,18.49,200000000.0,4.6,398.0,,,2.0,3.0,6.0,11.0,78.0
3964,1.0,,,,1000000.0,,,,,,,,,
3965,10.0,,,,,4.6,,,4.6,4.0,1.0,4.0,9.0,82.0
3966,8.0,39.99,39.99,,,4.8,40.0,,,,,,,
3967,1532.0,,,228.0,100000000.0,3.9,684.0,,,,,,,
3968,197.0,29.95,29.95,,50000000.0,4.4,37.0,,,4.0,4.0,13.0,2.0,77.0
3969,94.0,,,,200000000.0,,,,,,,,,
3970,146.0,37.96,37.96,39.99,100000000.0,4.5,270.0,,,,,,,
3971,3.0,,,,,4.6,,,4.6,4.0,2.0,4.0,13.0,77.0
3972,165.0,,,,,3.9,2.0,2.0,3.9,0.0,0.0,,0.0,47.0
3973,285.0,,,,,,,,,,,,,
3974,190.0,,,,,,,,,0.0,0.0,0.0,0.0,
3975,98.0,,,,,,,,,,,,,
3976,22.0,159.99,159.99,,,4.5,,,,,,,,
3977,2.0,6.99,6.99,,8000000.0,4.8,,,,2.0,0.0,3.0,9.0,86.0
3978,1.0,12.59,12.59,13.99,1000000.0,4.7,1247.0,1247.0,4.7,2.0,1.0,4.0,9.0,84.0
3979,1.0,119.99,119.99,119.99,1000000.0,4.3,,,4.3,7.0,2.0,8.0,14.0,69.0
3980,7.0,,,,1000000.0,,,,,,,,,
3982,62.0,104.99,104.99,129.99,,4.8,,,4.8,2.0,0.0,1.0,7.0,90.0
3983,30.0,19.99,19.99,22.7,1000000.0,4.5,1120.0,1120.0,4.5,5.0,2.0,3.0,12.0,78.0
3984,36.0,23.99,23.99,29.99,,4.7,2284.0,,,,,,,
3985,25.0,193.99,193.99,,50000000.0,3.8,58.0,58.0,3.8,21.0,2.0,6.0,13.0,58.0
3986,44.0,,,,50000000.0,,,,,,,,,
3987,251.0,39.99,39.99,,50000000.0,,,,,0.0,0.0,0.0,0.0,
3988,47.0,19.93,19.93,39.99,,4.6,2647.0,2647.0,4.6,2.0,2.0,5.0,13.0,78.0
3989,27.0,,,,50000000.0,4.2,,,,,,,,
3990,15.0,142.5,142.5,142.5,,4.1,2192.0,,,,,,,
3991,119.0,44.99,44.99,,100000000.0,5.0,4.0,4.0,5.0,0.0,0.0,0.0,0.0,100.0
3992,144.0,,,,50000000.0,3.8,113.0,113.0,3.8,,2.0,7.0,12.0,57.0
3993,2.0,39.0,39.0,69.99,,4.3,243.0,243.0,4.3,9.0,2.0,2.0,17.0,70.0
3994,91.0,,,,,,,,,,,,,
3995,112.0,129.99,129.99,,,5.0,3.0,3.0,5.0,0.0,0.0,0.0,0.0,100.0
3996,92.0,13.3,13.3,14.12,,4.3,139.0,139.0,4.3,6.0,3.0,7.0,23.0,61.0
3997,6.0,30.39,30.39,31.99,50000000.0,4.4,1858.0,1858.0,4.4,6.0,3.0,7.0,13.0,71.0
3999,671.0,,,,1000000.0,,,,,,,,,
4000,69.0,14.99,14.99,,1000000.0,4.7,645.0,,,,,,,
4001,6.0,,,,200000000.0,,,,,,,,,
4002,4.0,7.99,7.99,8.99,4000000.0,4.8,,,,1.0,0.0,3.0,9.0,87.0
4003,365.0,95.99,95.99,,,4.2,,,4.2,10.0,4.0,5.0,13.0,68.0
4004,1.0,14.52,14.52,18.79,2000000.0,4.6,,,4.6,2.0,1.0,5.0,13.0,79.0
4005,6.0,8.99,8.99,,4000000.0,4.8,,,,1.0,1.0,3.0,8.0,87.0
4006,12.0,6.29,6.29,,2000000.0,4.7,,,4.7,2.0,1.0,4.0,9.0,84.0
4007,61.0,,,,400000000.0,,,,,,,,,
4008,28.0,60.0,60.0,,300000000.0,4.0,182.0,,,,,,,
4009,425.0,,,,,,,,,,,,,
4010,4.0,21.99,21.99,,,4.6,218.0,218.0,4.6,2.0,1.0,7.0,15.0,75.0
4011,5.0,,,,,4.6,1046.0,,,,,,,
4012,2.0,16.99,16.99,,1000000.0,4.6,,,4.6,2.0,1.0,6.0,12.0,79.0
4013,854.0,34.99,34.99,,,3.5,22.0,,,,,,,
4014,55.0,21.99,21.99,49.99,300000000.0,4.8,1151.0,1151.0,4.8,2.0,1.0,2.0,8.0,87.0
4015,2337.0,69.99,69.99,,,4.1,580.0,,,15.0,3.0,4.0,7.0,71.0
4016,219.0,8.99,8.99,,100000000.0,4.9,17.0,17.0,4.9,0.0,0.0,0.0,8.0,92.0
4017,157.0,19.99,19.99,23.9,200000000.0,4.6,384.0,,,1.0,1.0,7.0,13.0,78.0
4018,14.0,14.99,14.99,,200000000.0,4.3,2692.0,2692.0,4.3,6.0,3.0,8.0,13.0,70.0
4019,129.0,,,,200000000.0,,,,,,,,,
4020,92.0,15.35,15.35,21.99,50000000.0,4.4,829.0,829.0,4.4,6.0,1.0,8.0,13.0,72.0
4021,16.0,52.2,52.2,,200000000.0,4.8,95.0,,,2.0,0.0,3.0,7.0,88.0
4022,4.0,14.99,14.99,17.49,50000000.0,4.7,1551.0,1551.0,4.7,3.0,0.0,5.0,8.0,84.0
4023,221.0,,,,400000000.0,,,,,,,,,
4024,91.0,129.99,129.99,,400000000.0,4.5,518.0,518.0,4.5,5.0,1.0,4.0,12.0,78.0
4025,657.0,39.99,39.99,,,,,,,,,,,
4026,124.0,28.9,28.9,,200000000.0,4.8,449.0,,,,,,,
4027,266.0,29.97,29.97,29.97,50000000.0,4.4,1452.0,1452.0,4.4,4.0,3.0,9.0,13.0,71.0
4028,261.0,,,,50000000.0,,,,,,,,,
4029,37.0,,,,400000000.0,,,,,,,,,
4031,,,,,,4.1,48.0,,,,,,,
4032,177.0,59.99,59.99,,200000000.0,,,,,0.0,0.0,0.0,0.0,
4033,116.0,12.99,12.99,,,3.8,24.0,,,,,,,
4034,27.0,109.99,109.99,159.99,1000000.0,4.3,,,4.3,8.0,3.0,5.0,12.0,72.0
4035,46.0,134.9,134.9,,400000000.0,4.6,,,4.6,3.0,2.0,4.0,10.0,81.0
4036,200.0,,,,,,,,,,,,,
4037,38.0,24.99,24.99,24.99,100000000.0,4.3,2966.0,2966.0,4.3,6.0,3.0,9.0,12.0,70.0
4038,3.0,31.99,31.99,39.99,100000000.0,4.4,273.0,273.0,4.4,7.0,3.0,5.0,13.0,72.0
4039,8.0,,,,,3.8,113.0,,,,,,,
4040,203.0,108.0,108.0,113.75,,4.1,,,4.1,11.0,6.0,8.0,13.0,62.0
4042,47.0,149.99,149.99,199.0,100000000.0,3.5,103.0,103.0,3.5,,8.0,7.0,6.0,53.0
4043,19.0,,,,50000000.0,,,,,,,,,
4044,,29.99,29.99,,,,,,,0.0,0.0,0.0,0.0,
4045,55.0,129.0,129.0,149.99,,4.7,,,4.7,3.0,1.0,3.0,10.0,83.0
4046,,27.49,27.49,29.99,50000000.0,4.7,5.0,5.0,4.7,0.0,0.0,0.0,,74.0
4047,333.0,,,,,4.7,1743.0,1743.0,4.7,1.0,2.0,3.0,9.0,85.0
4048,160.0,64.99,64.99,,50000000.0,4.5,,,4.5,3.0,2.0,6.0,15.0,74.0
4049,,8.49,8.49,,,3.8,18.0,18.0,3.8,15.0,8.0,11.0,10.0,56.0
4050,1282.0,39.99,39.99,,,3.6,5.0,5.0,3.6,20.0,0.0,,0.0,51.0
4051,529.0,29.99,29.99,,,4.8,39.0,,,,,,,
4052,333.0,89.99,89.99,,,4.3,,,4.3,8.0,3.0,6.0,13.0,70.0
4053,158.0,29.99,29.99,,,4.7,256.0,,,,,,,
4054,18.0,5.97,5.97,,100000000.0,4.7,,,4.7,2.0,0.0,3.0,10.0,85.0
4055,6.0,22.79,22.79,25.99,100000000.0,4.8,618.0,,,,,,,
4056,355.0,29.99,29.99,,,4.5,28.0,28.0,4.5,6.0,0.0,8.0,11.0,75.0
4057,14.0,,,,100000000.0,,,,,,,,,
4058,255.0,94.99,94.99,,100000000.0,4.7,1010.0,1010.0,4.7,1.0,0.0,4.0,12.0,83.0
4059,,39.99,39.99,,,,,,,,,,,
4060,419.0,17.92,17.92,18.99,50000000.0,4.7,2860.0,2860.0,4.7,2.0,1.0,3.0,9.0,85.0
4061,659.0,33.98,33.98,49.99,,4.6,39.0,,,10.0,0.0,0.0,3.0,87.0
4062,176.0,82.63,82.63,119.99,,4.0,722.0,,,,,,,
4063,,9.99,9.99,,,4.8,9.0,,,,,,,
4064,9.0,16.99,16.99,,300000000.0,4.6,398.0,398.0,4.6,3.0,1.0,5.0,14.0,77.0
4065,1414.0,12.99,12.99,,,,,,,0.0,0.0,0.0,0.0,
4066,21.0,9.99,9.99,,100000000.0,4.2,228.0,228.0,4.2,7.0,4.0,13.0,14.0,62.0
4067,505.0,9.95,9.95,,,3.7,6.0,6.0,3.7,15.0,,0.0,18.0,51.0
4068,419.0,13.99,13.99,,,4.6,1020.0,1020.0,4.6,2.0,2.0,5.0,11.0,80.0
4069,208.0,24.95,24.95,29.99,,4.7,347.0,347.0,4.7,4.0,0.0,3.0,9.0,84.0
4070,702.0,29.99,29.99,,,4.0,27.0,27.0,4.0,20.0,0.0,0.0,14.0,66.0
4071,34.0,,,,,4.7,1044.0,1044.0,4.7,3.0,1.0,3.0,8.0,85.0
4072,258.0,,,,,,,,,,,,,
4073,69.0,144.9,144.9,183.9,50000000.0,4.1,30.0,30.0,4.1,6.0,4.0,7.0,,49.0
4074,437.0,69.99,69.99,,,3.4,7.0,7.0,3.4,0.0,,16.0,,
4075,66.0,,,,,4.8,238.0,238.0,4.8,1.0,0.0,3.0,9.0,87.0
4076,6.0,21.99,21.99,,400000000.0,4.4,882.0,,,,,,,
4077,24.0,9.99,9.99,,100000000.0,4.4,2575.0,2575.0,4.4,6.0,2.0,6.0,16.0,70.0
4078,113.0,,,,100000000.0,,,,,,,,,
4079,3.0,39.99,39.99,,50000000.0,4.6,552.0,552.0,4.6,5.0,1.0,4.0,10.0,80.0
4080,,12.3,12.3,12.99,,,,,,0.0,0.0,0.0,0.0,
4081,949.0,39.99,39.99,,,,,,,0.0,0.0,0.0,0.0,
4082,3.0,25.99,25.99,27.99,2000000.0,4.3,,,,,,,,
4083,2.0,9.99,9.99,12.99,100000000.0,4.8,2651.0,2651.0,4.8,1.0,0.0,2.0,10.0,87.0
4084,,,,,,4.8,480.0,480.0,4.8,1.0,1.0,1.0,8.0,89.0
4085,51.0,,,,200000000.0,,,,,,,,,
4086,61.0,34.99,34.99,,,,5.0,5.0,,,0.0,0.0,0.0,57.0
4087,,,,,,4.1,15.0,,,,,,,
4088,53.0,69.99,69.99,,1000000.0,,,,,0.0,0.0,0.0,0.0,
4089,34.0,,,,,,,,,,,,,
4090,583.0,99.99,99.99,,,5.0,5.0,,,0.0,0.0,0.0,0.0,100.0
4091,26.0,,,,,4.8,1001.0,1001.0,4.8,2.0,1.0,1.0,5.0,91.0
4092,14.0,17.99,17.99,21.99,100000000.0,4.5,1348.0,1348.0,4.5,4.0,1.0,6.0,14.0,75.0
4093,30.0,25.95,25.95,28.95,300000000.0,4.1,1555.0,1555.0,4.1,10.0,5.0,8.0,14.0,63.0
4094,10.0,16.99,16.99,17.99,,4.3,597.0,597.0,4.3,6.0,3.0,8.0,15.0,68.0
4095,,29.99,29.99,,,,5.0,5.0,,,0.0,0.0,18.0,36.0
4096,412.0,,,,,4.4,57.0,,,,,,,
4097,504.0,29.99,29.99,,,,,,,0.0,0.0,0.0,0.0,
4098,,12.99,12.99,,,4.2,4.0,4.0,4.2,0.0,,0.0,0.0,73.0
4099,1568.0,12.99,12.99,,,,3.0,3.0,,,0.0,0.0,0.0,55.0
4100,81.0,,,,,5.0,7.0,7.0,5.0,0.0,0.0,0.0,0.0,100.0
4101,,8.99,8.99,,,,2.0,2.0,,,0.0,0.0,0.0,56.0
4102,174.0,,,,,5.0,1.0,1.0,5.0,0.0,0.0,0.0,0.0,100.0
4103,194.0,,,,,4.6,2310.0,2310.0,4.6,3.0,1.0,4.0,10.0,82.0
4104,163.0,,,,100000000.0,,,,,,,,,
4105,6.0,215.0,215.0,,100000000.0,4.0,359.0,,,,,,,
4106,951.0,12.99,12.99,,,4.7,4.0,,,,,,,
4107,745.0,59.99,59.99,,,,,,,0.0,0.0,0.0,0.0,
4108,172.0,29.83,29.83,,100000000.0,4.6,145.0,145.0,4.6,4.0,1.0,6.0,11.0,78.0
4109,2.0,11.99,11.99,,,4.6,98.0,98.0,4.6,2.0,2.0,4.0,14.0,78.0
4110,145.0,20.99,20.99,26.99,,4.5,1646.0,,,,,,,
4113,43.0,,,,,4.5,129.0,,,,,,,
4114,159.0,26.99,26.99,26.99,100000000.0,4.1,76.0,,,12.0,7.0,5.0,7.0,69.0
4115,49.0,14.99,14.99,,200000000.0,4.6,284.0,284.0,4.6,1.0,3.0,6.0,11.0,79.0
4116,273.0,,,,50000000.0,,,,,,,,,
4117,375.0,35.59,35.59,39.99,50000000.0,4.5,8.0,8.0,4.5,0.0,,0.0,0.0,84.0
4118,70.0,19.99,19.99,,,4.9,2140.0,2140.0,4.9,0.0,0.0,2.0,7.0,91.0
4119,210.0,,,,,,2.0,,,,,,,
4120,1022.0,219.99,219.99,,,4.3,35.0,35.0,4.3,9.0,0.0,7.0,16.0,68.0
4121,424.0,,,,,4.8,697.0,697.0,4.8,2.0,0.0,2.0,5.0,91.0
4122,329.0,,,,,4.4,198.0,,,,,,,
4123,93.0,37.92,37.92,37.92,,4.7,1105.0,1105.0,4.7,3.0,0.0,2.0,9.0,86.0
4124,192.0,10.0,10.0,19.93,400000000.0,4.6,1754.0,1754.0,4.6,2.0,2.0,4.0,12.0,80.0
4125,131.0,12.99,12.99,,,4.1,20.0,20.0,4.1,5.0,,9.0,10.0,64.0
4126,17.0,46.99,46.99,68.99,1000000.0,4.5,258.0,258.0,4.5,8.0,2.0,3.0,6.0,81.0
4127,823.0,15.95,15.95,,,3.7,3.0,3.0,3.7,,0.0,0.0,0.0,67.0
4128,342.0,15.95,15.95,,,5.0,1.0,1.0,5.0,0.0,0.0,0.0,0.0,100.0
4129,979.0,34.21,34.21,49.99,,4.1,116.0,,,,,,,
4130,729.0,,,,,,,,,,,,,
4131,66.0,,,,,5.0,3.0,,,,,,,
4132,100.0,,,,,4.6,,,4.6,3.0,2.0,4.0,10.0,81.0
4133,38.0,37.99,37.99,39.99,,4.5,1451.0,1451.0,4.5,6.0,2.0,5.0,9.0,78.0
4134,19.0,,,,200000000.0,,,,,,,,,
4135,5.0,,,,100000000.0,,,,,,,,,
4136,30.0,,,,,4.4,876.0,876.0,4.4,7.0,2.0,9.0,9.0,73.0
4137,500.0,20.99,20.99,39.99,,4.3,111.0,,,8.0,2.0,8.0,14.0,68.0
4138,,,,,,4.2,99.0,,,,,,,
4139,12.0,74.0,74.0,74.0,1000000.0,4.7,,,,,,,,
4140,961.0,,,,,,,,,,,,,
4141,852.0,12.81,12.81,,,,,,,0.0,0.0,0.0,0.0,
4142,1.0,12.99,12.99,,,4.4,730.0,,,,,,,
4143,527.0,34.99,34.99,,,,,,,0.0,0.0,0.0,0.0,
4144,144.0,31.9,31.9,31.9,200000000.0,4.7,142.0,,,2.0,0.0,5.0,13.0,80.0
4145,5.0,,,,400000000.0,,,,,,,,,
4146,1494.0,39.99,39.99,,,,,,,0.0,0.0,0.0,0.0,
4147,179.0,8.0,8.0,9.49,100000000.0,4.3,1469.0,1469.0,4.3,5.0,5.0,9.0,12.0,69.0
4148,268.0,30.95,30.95,,,4.1,6.0,6.0,4.1,,0.0,0.0,0.0,78.0
4149,223.0,22.3,22.3,,100000000.0,4.4,2185.0,,,4.0,3.0,9.0,11.0,73.0
4150,,8.99,8.99,,,,,,,0.0,0.0,0.0,0.0,
4151,31.0,9.49,9.49,,200000000.0,4.7,2427.0,,,2.0,1.0,3.0,10.0,84.0
4152,1.0,55.04,55.04,59.99,5000000.0,4.6,,,4.6,3.0,1.0,5.0,12.0,79.0
4153,361.0,89.99,89.99,,100000000.0,,,,,0.0,0.0,0.0,0.0,
4154,106.0,,,,,,,,,,,,,
4155,2.0,14.23,14.23,14.99,,4.4,2715.0,,,,,,,
4156,489.0,39.99,39.99,,,,,,,0.0,0.0,0.0,0.0,
4158,,13.9,13.9,,,4.5,77.0,,,,,,,
4159,141.0,34.99,34.99,49.99,100000000.0,4.8,1941.0,1941.0,4.8,1.0,0.0,3.0,9.0,87.0
4160,110.0,,,,200000000.0,,,,,,,,,
4161,709.0,33.7,33.7,37.29,,3.6,78.0,78.0,3.6,,3.0,11.0,10.0,53.0
4162,13.0,21.99,21.99,,100000000.0,4.5,103.0,103.0,4.5,1.0,2.0,10.0,16.0,71.0
4163,215.0,19.99,19.99,,50000000.0,4.6,428.0,428.0,4.6,2.0,1.0,7.0,14.0,76.0
4164,71.0,14.99,14.99,24.99,,4.5,374.0,,,,,,,
4165,1516.0,,,,,4.8,15.0,15.0,4.8,0.0,0.0,10.0,0.0,90.0
4166,57.0,,,,,,,,,,,,,
4167,12.0,9.99,9.99,,,4.6,1197.0,1197.0,4.6,5.0,2.0,3.0,9.0,81.0
4168,34.0,7.99,7.99,8.99,,4.7,,,4.7,1.0,0.0,4.0,11.0,84.0
4169,16.0,,,,200000000.0,,,,,,,,,
4170,1059.0,18.98,18.98,,,3.6,25.0,,,,,,,
4171,46.0,16.99,16.99,,50000000.0,4.5,247.0,247.0,4.5,4.0,1.0,8.0,14.0,73.0
4172,,,,,,4.6,,,4.6,5.0,1.0,3.0,12.0,79.0
4173,98.0,39.93,39.93,69.99,300000000.0,4.7,,,,,,,,
4174,84.0,,,,,4.8,,,4.8,3.0,0.0,2.0,4.0,91.0
4175,467.0,39.99,39.99,,,,,,,0.0,0.0,0.0,0.0,
4176,166.0,14.97,14.97,,,4.0,23.0,,,,,,,
4177,1418.0,,,,,,,,,,,,,
4178,22.0,34.99,34.99,39.99,,4.5,,,4.5,4.0,3.0,6.0,12.0,75.0
4180,476.0,6.99,6.99,,50000000.0,4.7,,,4.7,1.0,1.0,3.0,9.0,86.0
4181,792.0,15.44,15.44,19.99,,4.3,17.0,17.0,4.3,0.0,8.0,,0.0,70.0
4182,51.0,96.98,96.98,,400000000.0,4.4,1221.0,1221.0,4.4,8.0,2.0,5.0,11.0,74.0
4183,2.0,,,,,,,,,,,,,
4184,325.0,8.99,8.99,,200000000.0,4.6,791.0,791.0,4.6,4.0,1.0,3.0,11.0,81.0
4185,3.0,30.39,30.39,31.99,,4.4,312.0,312.0,4.4,6.0,1.0,6.0,14.0,73.0
4186,1.0,16.99,16.99,17.99,2000000.0,4.6,,,4.6,3.0,1.0,5.0,12.0,79.0
4187,1086.0,,,,,,,,,,,,,
4189,45.0,8.99,8.99,,,4.7,462.0,,,1.0,1.0,4.0,11.0,83.0
4190,589.0,30.95,30.95,,,5.0,2.0,2.0,5.0,0.0,0.0,0.0,0.0,100.0
4192,39.0,,,,200000000.0,,,,,,,,,
4193,250.0,,,,,5.0,2.0,2.0,5.0,0.0,0.0,0.0,0.0,100.0
4194,8.0,49.99,49.99,,,,,,,0.0,0.0,0.0,0.0,
4195,670.0,38.99,38.99,,,4.7,60.0,60.0,4.7,4.0,0.0,2.0,9.0,85.0
4196,15.0,,,,,4.2,311.0,311.0,4.2,12.0,4.0,3.0,11.0,70.0
4197,126.0,19.99,19.99,21.95,200000000.0,4.6,728.0,728.0,4.6,3.0,3.0,3.0,8.0,83.0
4198,36.0,6.99,6.99,,200000000.0,4.5,608.0,,,6.0,2.0,4.0,11.0,77.0
4199,62.0,7.55,7.55,,,4.7,202.0,202.0,4.7,2.0,1.0,3.0,11.0,83.0
4200,311.0,36.24,36.24,39.54,,4.3,567.0,,,,,,,
4201,21.0,18.99,18.99,19.99,200000000.0,4.3,580.0,,,9.0,3.0,5.0,10.0,73.0
4202,95.0,41.99,41.99,69.99,300000000.0,4.8,2023.0,2023.0,4.8,2.0,0.0,3.0,9.0,86.0
4203,68.0,15.59,15.59,,100000000.0,4.6,391.0,,,,,,,
4204,80.0,,,,,4.8,748.0,748.0,4.8,2.0,1.0,1.0,7.0,89.0
4205,20.0,30.0,30.0,,300000000.0,4.7,,,4.7,2.0,1.0,3.0,8.0,86.0
4206,140.0,,,,,5.0,1.0,1.0,5.0,0.0,0.0,0.0,0.0,100.0
4207,230.0,,,,,4.4,231.0,231.0,4.4,7.0,3.0,5.0,8.0,77.0
4208,161.0,44.4,44.4,69.99,100000000.0,4.5,582.0,582.0,4.5,4.0,2.0,7.0,13.0,74.0
4209,92.0,199.29,199.29,199.29,50000000.0,4.6,764.0,764.0,4.6,3.0,3.0,3.0,12.0,79.0
4210,964.0,,,,,,,,,,,,,
4211,855.0,15.95,15.95,,,,,,,0.0,0.0,0.0,0.0,
4212,415.0,,,,50000000.0,,,,,,,,,
4213,19.0,10.95,10.95,,,4.4,165.0,165.0,4.4,3.0,7.0,6.0,14.0,70.0
4214,,34.99,34.99,,,,,,,,,,,
4215,88.0,172.99,172.99,199.99,50000000.0,4.0,542.0,542.0,4.0,13.0,5.0,8.0,13.0,61.0
4216,7.0,16.99,16.99,,400000000.0,4.6,2826.0,2826.0,4.6,3.0,2.0,5.0,14.0,76.0
4217,139.0,,,,,,,,,,,,,
4218,13.0,9.99,9.99,,,4.6,15.0,15.0,4.6,0.0,0.0,13.0,15.0,72.0
4219,22.0,74.99,74.99,,,4.6,,,4.6,4.0,2.0,1.0,8.0,85.0
4220,32.0,,,,,3.9,173.0,,,,,,,
4221,266.0,,,,,3.7,263.0,263.0,3.7,,5.0,6.0,11.0,55.0
4222,176.0,9.88,9.88,,100000000.0,4.1,428.0,428.0,4.1,9.0,6.0,8.0,15.0,62.0
4223,577.0,32.5,32.5,,,5.0,3.0,3.0,5.0,0.0,0.0,0.0,0.0,100.0
4224,39.0,149.99,149.99,199.99,200000000.0,4.1,,3160.0,4.1,10.0,5.0,9.0,11.0,65.0
4225,98.0,59.61,59.61,,,4.1,1509.0,1509.0,4.1,9.0,4.0,10.0,18.0,59.0
4226,863.0,21.81,21.81,34.99,,5.0,12.0,12.0,5.0,0.0,0.0,0.0,0.0,100.0
4227,440.0,,,,,,,,,,,,,
4228,323.0,29.99,29.99,39.99,50000000.0,4.1,28.0,28.0,4.1,7.0,9.0,9.0,16.0,59.0
4229,386.0,12.99,12.99,,,4.2,12.0,12.0,4.2,0.0,,13.0,13.0,60.0
4230,755.0,30.95,30.95,,,5.0,4.0,4.0,5.0,0.0,0.0,0.0,0.0,100.0
4231,555.0,44.99,44.99,,,,,,,0.0,0.0,0.0,0.0,
4232,184.0,47.95,47.95,,50000000.0,4.7,,,,3.0,1.0,4.0,6.0,86.0
4233,15.0,47.99,47.99,68.99,1000000.0,4.1,239.0,239.0,4.1,15.0,3.0,4.0,7.0,71.0
4234,,18.99,18.99,,50000000.0,4.4,38.0,,,,,,,
4235,,39.99,39.99,,,4.5,4.0,4.0,4.5,0.0,0.0,0.0,,48.0
4236,2555.0,29.99,29.99,,,,,,,0.0,0.0,0.0,0.0,
4237,12.0,16.99,16.99,,200000000.0,4.7,281.0,281.0,4.7,2.0,1.0,5.0,11.0,81.0
4239,29.0,56.02,56.02,64.99,50000000.0,4.5,552.0,,,,,,,
4240,,39.99,39.99,,,5.0,1.0,1.0,5.0,0.0,0.0,0.0,0.0,100.0
4241,580.0,,,,,,,,,,,,,
4242,,49.99,49.99,53.0,,4.3,111.0,111.0,4.3,8.0,3.0,6.0,15.0,68.0
4243,1.0,33.98,33.98,49.99,,4.4,194.0,194.0,4.4,9.0,2.0,4.0,8.0,77.0
4244,204.0,39.99,39.99,,50000000.0,,,,,0.0,0.0,0.0,0.0,
4245,924.0,,,,,4.2,17.0,17.0,4.2,15.0,0.0,0.0,13.0,72.0
4246,73.0,19.99,19.99,,,4.7,206.0,206.0,4.7,3.0,1.0,3.0,8.0,85.0
4247,227.0,,,,50000000.0,,,,,,,,,
4248,19.0,28.8,28.8,47.99,1000000.0,4.5,521.0,521.0,4.5,5.0,1.0,6.0,8.0,80.0
4249,676.0,39.99,39.99,,,5.0,5.0,,,,,,,
4250,536.0,29.32,29.32,,,4.4,225.0,,,,,,,
4251,64.0,36.99,36.99,49.99,,4.6,181.0,181.0,4.6,3.0,1.0,5.0,11.0,80.0
4252,,29.99,29.99,,,5.0,1.0,1.0,5.0,0.0,0.0,0.0,0.0,100.0
4253,3.0,34.99,34.99,,,4.7,1168.0,1168.0,4.7,1.0,0.0,5.0,8.0,86.0
4254,187.0,,,,,,,,,0.0,0.0,0.0,0.0,
4255,,10.9,10.9,,,,,,,0.0,0.0,0.0,0.0,
4256,111.0,,,,,,1.0,1.0,,,0.0,0.0,0.0,
4257,1441.0,14.99,14.99,,,4.5,325.0,,,,,,,
4258,1321.0,39.99,39.99,,,,,,,0.0,0.0,0.0,0.0,
4259,2138.0,,,,,,,,,,,,,
4260,58.0,14.24,14.24,14.99,,4.6,688.0,688.0,4.6,3.0,2.0,6.0,12.0,77.0
4261,48.0,58.0,58.0,69.99,400000000.0,4.6,1442.0,1442.0,4.6,5.0,1.0,4.0,10.0,80.0
4262,51.0,64.95,64.95,69.99,,4.5,282.0,282.0,4.5,4.0,2.0,7.0,10.0,77.0
4263,2369.0,34.99,34.99,34.99,,5.0,2.0,2.0,5.0,0.0,0.0,0.0,0.0,100.0
4264,52.0,15.95,15.95,21.95,,5.0,7.0,7.0,5.0,0.0,0.0,0.0,0.0,100.0
4265,54.0,34.99,34.99,,100000000.0,3.7,215.0,215.0,3.7,20.0,8.0,9.0,9.0,54.0
4266,395.0,19.6,19.6,,,4.5,38.0,,,2.0,5.0,9.0,9.0,75.0
4267,127.0,,,,,,1.0,,,,,,,
4268,2299.0,21.98,21.98,,,4.4,395.0,395.0,4.4,4.0,2.0,7.0,16.0,71.0
4269,18.0,19.99,19.99,,100000000.0,4.5,120.0,120.0,4.5,3.0,4.0,3.0,14.0,76.0
4270,5.0,25.99,25.99,,50000000.0,4.4,181.0,,,7.0,3.0,6.0,7.0,77.0
4271,397.0,28.4,28.4,39.99,50000000.0,4.3,400.0,400.0,4.3,7.0,3.0,9.0,13.0,68.0
4272,406.0,27.19,27.19,39.99,,3.9,220.0,220.0,3.9,19.0,5.0,5.0,10.0,61.0
4273,778.0,26.7,26.7,29.99,,4.4,101.0,101.0,4.4,2.0,7.0,5.0,17.0,69.0
4274,872.0,34.99,34.99,,,3.8,12.0,12.0,3.8,9.0,,0.0,21.0,50.0
4275,994.0,,,,,4.6,,,,,,,,
4276,77.0,,,,100000000.0,,,,,,,,,
4277,607.0,14.98,14.98,,,4.3,49.0,,,5.0,6.0,6.0,19.0,64.0
4278,1279.0,29.99,29.99,,,4.0,30.0,30.0,4.0,11.0,9.0,12.0,6.0,62.0
4279,,15.99,15.99,,,4.5,799.0,799.0,4.5,4.0,1.0,6.0,13.0,76.0
4280,1819.0,9.99,9.99,,50000000.0,4.3,24.0,24.0,4.3,10.0,0.0,7.0,16.0,67.0
4281,1701.0,169.99,169.99,,,,,,,0.0,0.0,0.0,0.0,
4282,6.0,8.99,8.99,,50000000.0,4.2,134.0,134.0,4.2,10.0,4.0,5.0,14.0,67.0
4283,222.0,,,,200000000.0,,,,,,,,,
4284,945.0,,,,,,,,,,,,,
4285,,15.95,15.95,,,,,,,0.0,0.0,0.0,0.0,
4286,999.0,12.97,12.97,16.47,,4.6,253.0,253.0,4.6,2.0,2.0,6.0,9.0,81.0
4287,27.0,,,,200000000.0,,,,,,,,,
4288,,31.99,31.99,,,4.7,,,4.7,2.0,0.0,2.0,11.0,85.0
4291,40.0,,,,,,,,,,,,,
4292,10.0,25.99,25.99,,50000000.0,4.4,122.0,122.0,4.4,5.0,5.0,3.0,10.0,77.0
4293,291.0,19.93,19.93,,50000000.0,4.5,595.0,595.0,4.5,5.0,1.0,7.0,10.0,77.0
4294,304.0,59.99,59.99,59.99,50000000.0,4.5,159.0,159.0,4.5,4.0,3.0,6.0,11.0,76.0
4295,,34.99,34.99,,,,1.0,1.0,,,0.0,0.0,0.0,
4296,43.0,25.49,25.49,29.99,3000000.0,4.4,,,4.4,7.0,3.0,7.0,8.0,75.0
4297,257.0,13.97,13.97,16.4,50000000.0,4.6,316.0,316.0,4.6,4.0,1.0,7.0,9.0,79.0
4298,289.0,26.59,26.59,32.99,100000000.0,4.2,1078.0,1078.0,4.2,7.0,5.0,11.0,17.0,60.0
4299,39.0,18.99,18.99,18.99,,3.7,123.0,,,,,,,
4300,217.0,87.77,87.77,94.99,100000000.0,4.8,2057.0,2057.0,4.8,2.0,0.0,1.0,7.0,90.0
4301,8.0,25.99,25.99,,300000000.0,4.8,730.0,,,,,,,
4302,,119.99,119.99,149.99,400000000.0,4.5,1886.0,1886.0,4.5,5.0,2.0,5.0,11.0,77.0
4304,250.0,27.03,27.03,39.99,100000000.0,4.7,563.0,563.0,4.7,1.0,1.0,4.0,9.0,85.0
4305,414.0,29.99,29.99,,,4.2,6.0,6.0,4.2,0.0,0.0,,,41.0
4306,2081.0,,,,,4.3,39.0,39.0,4.3,10.0,4.0,4.0,5.0,77.0
4307,134.0,39.99,39.99,,,4.6,37.0,,,,,,,
4308,266.0,7.99,7.99,,100000000.0,4.5,158.0,158.0,4.5,4.0,2.0,7.0,13.0,74.0
4309,856.0,,,,,,,,,,,,,
4310,49.0,16.99,16.99,,,4.5,1414.0,,,,,,,
4311,556.0,59.97,59.97,99.99,,4.2,46.0,,,,,,,
4312,108.0,25.95,25.95,,,5.0,1.0,1.0,5.0,0.0,0.0,0.0,0.0,100.0
4313,278.0,,,,,4.5,14.0,14.0,4.5,11.0,0.0,0.0,0.0,89.0
4315,854.0,,,,,3.5,12.0,12.0,3.5,,0.0,10.0,14.0,48.0
4316,1134.0,30.95,30.95,,,,,,,,,,,
4317,,8.99,8.99,,,,,,,,,,,
4318,397.0,15.95,15.95,,,,1.0,1.0,,0.0,,0.0,0.0,
4319,40.0,69.99,69.99,,2000000.0,3.6,5.0,5.0,3.6,,0.0,,0.0,54.0
4320,188.0,,,,50000000.0,,,,,,,,,
4321,4.0,17.99,17.99,19.99,200000000.0,4.2,,,,,,,,
4322,1252.0,30.95,30.95,,,,4.0,4.0,,,,,0.0,31.0
4323,1614.0,149.97,149.97,,,,,,,0.0,0.0,0.0,0.0,
4325,36.0,23.74,23.74,24.99,100000000.0,4.6,332.0,332.0,4.6,2.0,2.0,4.0,12.0,80.0
4326,8.0,,,,100000000.0,4.2,1518.0,1518.0,4.2,10.0,3.0,6.0,12.0,69.0
4327,1043.0,23.66,23.66,29.99,,4.6,67.0,67.0,4.6,0.0,0.0,8.0,19.0,73.0
4328,436.0,26.2,26.2,,50000000.0,4.3,197.0,197.0,4.3,4.0,6.0,11.0,15.0,64.0
4330,282.0,23.76,23.76,25.8,50000000.0,4.6,988.0,,,2.0,2.0,5.0,13.0,78.0
4332,129.0,139.99,139.99,,,4.7,602.0,602.0,4.7,2.0,1.0,3.0,8.0,86.0
4333,432.0,34.99,34.99,59.99,,3.9,48.0,,,,,,,
4334,466.0,13.0,13.0,,,3.9,631.0,631.0,3.9,12.0,7.0,11.0,13.0,57.0
4335,444.0,,,,,,,,,,,,,
4337,284.0,12.31,12.31,19.99,200000000.0,4.6,179.0,179.0,4.6,2.0,1.0,5.0,11.0,81.0
4338,428.0,,,,,4.6,313.0,,,1.0,3.0,4.0,11.0,81.0
4339,723.0,19.99,19.99,29.99,,,29.0,29.0,,,6.0,9.0,15.0,41.0
4340,1.0,10.99,10.99,14.99,,4.4,198.0,198.0,4.4,5.0,4.0,5.0,16.0,70.0
4341,460.0,,,,50000000.0,,,,,,,,,
4342,18.0,46.54,46.54,59.99,1000000.0,4.3,208.0,208.0,4.3,11.0,3.0,3.0,7.0,76.0
4343,438.0,24.4,24.4,27.7,50000000.0,4.5,127.0,127.0,4.5,5.0,1.0,5.0,14.0,75.0
4344,15.0,,,,100000000.0,,,,,,,,,
4345,456.0,129.0,129.0,129.0,,4.6,50.0,50.0,4.6,5.0,4.0,0.0,8.0,83.0
4346,228.0,,,,,,,,,,,,,
4347,1.0,13.89,13.89,,1000000.0,4.6,2554.0,2554.0,4.6,3.0,1.0,5.0,11.0,80.0
4348,9.0,19.99,19.99,,400000000.0,4.9,80.0,80.0,4.9,0.0,0.0,1.0,8.0,91.0
4349,4.0,191.97,191.97,,100000000.0,4.1,1662.0,1662.0,4.1,16.0,2.0,5.0,8.0,69.0
4350,138.0,,,,300000000.0,,,,,,,,,
4351,,,,,,4.7,768.0,768.0,4.7,2.0,2.0,5.0,8.0,83.0
4352,9.0,15.19,15.19,18.99,,4.5,91.0,,,,,,,
4353,2540.0,59.99,59.99,,,3.6,2.0,,,0.0,,0.0,0.0,54.0
4354,1446.0,,,,,3.7,4.0,,,,0.0,0.0,0.0,69.0
4355,262.0,15.96,15.96,19.99,50000000.0,4.0,177.0,,,12.0,7.0,9.0,9.0,63.0
4356,2350.0,65.57,65.57,,,4.0,1.0,1.0,4.0,0.0,0.0,0.0,,
4357,661.0,54.99,54.99,59.99,,4.4,72.0,,,2.0,4.0,10.0,17.0,67.0
4358,829.0,13.95,13.95,,200000000.0,4.7,1472.0,1472.0,4.7,1.0,1.0,5.0,11.0,82.0
4359,1322.0,25.46,25.46,,,4.0,113.0,113.0,4.0,11.0,4.0,8.0,19.0,58.0
4360,12.0,37.99,37.99,39.99,,4.7,1202.0,1202.0,4.7,3.0,1.0,3.0,10.0,83.0
4361,,,,,100000000.0,,,,,,,,,
4362,569.0,,,,,,4.0,4.0,,,0.0,0.0,21.0,
4363,1498.0,19.99,19.99,,,4.3,5.0,,,,,,,
4364,,29.66,29.66,,,5.0,4.0,,,0.0,0.0,0.0,0.0,100.0
4366,122.0,11.99,11.99,19.75,100000000.0,4.7,1324.0,,,,,,,
4367,244.0,15.95,15.95,,,5.0,1.0,1.0,5.0,0.0,0.0,0.0,0.0,100.0
4368,752.0,43.48,43.48,49.99,,3.8,41.0,41.0,3.8,17.0,8.0,10.0,10.0,55.0
4369,774.0,39.99,39.99,,,4.5,614.0,614.0,4.5,1.0,1.0,8.0,19.0,71.0
4370,2.0,32.99,32.99,,2000000.0,4.6,,,,,,,,
4371,,5.99,5.99,,100000000.0,3.9,4.0,,,0.0,,0.0,25.0,46.0
4372,120.0,19.9,19.9,,100000000.0,4.7,245.0,,,2.0,1.0,2.0,11.0,84.0
4373,254.0,,,,,,,,,0.0,0.0,0.0,0.0,
4374,798.0,19.0,19.0,29.99,,3.9,96.0,96.0,3.9,10.0,,11.0,16.0,52.0
4375,2020.0,52.49,52.49,57.94,,5.0,4.0,4.0,5.0,0.0,0.0,0.0,0.0,100.0
4376,59.0,,,,,4.4,,,,,,,,
4377,646.0,,,,,4.4,15.0,,,,,,,
4378,300.0,60.05,60.05,,,4.2,131.0,131.0,4.2,9.0,6.0,6.0,13.0,66.0
4379,1.0,7.99,7.99,8.99,1000000.0,4.7,,,4.7,1.0,0.0,4.0,13.0,82.0
4380,159.0,19.99,19.99,19.99,100000000.0,4.7,679.0,,,1.0,0.0,5.0,10.0,84.0
4381,1469.0,39.99,39.99,,,5.0,3.0,3.0,5.0,0.0,0.0,0.0,0.0,100.0
4383,1229.0,39.99,39.99,,50000000.0,4.1,8.0,,,,,,,
4384,31.0,35.99,35.99,,50000000.0,4.5,89.0,89.0,4.5,5.0,2.0,3.0,19.0,71.0
4385,24.0,19.99,19.99,,50000000.0,4.4,240.0,240.0,4.4,5.0,2.0,7.0,14.0,72.0
4387,1710.0,34.99,34.99,,,,,,,0.0,0.0,0.0,0.0,
4388,1206.0,,,,,,,,,,,,,
4389,15.0,,,,,4.2,,,,,,,,
4390,852.0,25.95,25.95,,,5.0,1.0,1.0,5.0,0.0,0.0,0.0,0.0,100.0
4391,718.0,10.99,10.99,11.77,,4.4,821.0,821.0,4.4,2.0,3.0,8.0,19.0,68.0
4392,134.0,139.99,139.99,139.99,,4.9,23.0,23.0,4.9,0.0,0.0,0.0,10.0,90.0
4393,,25.9,25.9,,,4.3,682.0,,,,,,,
4395,274.0,19.93,19.93,,50000000.0,4.6,1355.0,1355.0,4.6,3.0,2.0,4.0,12.0,79.0
4396,533.0,9.95,9.95,12.94,100000000.0,4.6,150.0,,,,,,,
4397,233.0,19.93,19.93,,100000000.0,4.5,94.0,,,5.0,3.0,3.0,10.0,79.0
4398,288.0,,,,,,,,,,,,,
4399,3.0,,,,,4.6,,,4.6,3.0,2.0,6.0,10.0,79.0
4400,293.0,23.37,23.37,,50000000.0,4.8,44.0,44.0,4.8,0.0,0.0,3.0,15.0,82.0
4401,330.0,47.5,47.5,,50000000.0,4.8,2579.0,,,1.0,1.0,2.0,8.0,88.0
4402,51.0,21.96,21.96,23.69,50000000.0,3.9,635.0,635.0,3.9,12.0,6.0,15.0,12.0,55.0
4403,322.0,,,,,,,,,,,,,
4404,650.0,149.99,149.99,,,,,,,0.0,0.0,0.0,0.0,
4405,815.0,,,,,,,,,,,,,
4406,726.0,79.99,79.99,,,,,,,0.0,0.0,0.0,0.0,
4407,142.0,,,,,3.6,2.0,2.0,3.6,0.0,,0.0,0.0,53.0
4408,28.0,,,,,3.9,205.0,205.0,3.9,14.0,5.0,10.0,16.0,55.0
4409,1686.0,6.99,6.99,7.99,,4.5,41.0,,,9.0,0.0,3.0,6.0,82.0
4410,77.0,9.99,9.99,,,4.4,1540.0,1540.0,4.4,5.0,4.0,6.0,10.0,75.0
4411,65.0,31.64,31.64,69.99,,4.8,1989.0,,,2.0,0.0,4.0,6.0,88.0
4412,533.0,32.91,32.91,69.99,,4.4,125.0,,,,,,,
4413,426.0,39.99,39.99,43.99,,4.6,,3139.0,4.6,5.0,1.0,3.0,11.0,80.0
4414,1602.0,14.99,14.99,,50000000.0,4.6,95.0,,,4.0,1.0,4.0,11.0,80.0
4415,427.0,12.62,12.62,,,4.3,656.0,,,,,,,
4416,277.0,7.91,7.91,8.79,,4.5,984.0,,,,,,,
4417,214.0,27.19,27.19,27.19,50000000.0,4.7,1940.0,1940.0,4.7,2.0,2.0,4.0,6.0,86.0
4418,30.0,19.9,19.9,26.9,,3.8,262.0,,,16.0,9.0,5.0,16.0,54.0
4420,1680.0,29.99,29.99,,,5.0,2.0,2.0,5.0,0.0,0.0,0.0,0.0,100.0
4421,86.0,,,,100000000.0,,,,,,,,,
4423,413.0,36.15,36.15,89.99,50000000.0,4.5,47.0,47.0,4.5,8.0,0.0,1.0,14.0,77.0
4424,786.0,19.13,19.13,,,4.3,1377.0,1377.0,4.3,6.0,2.0,9.0,14.0,69.0
4425,154.0,20.95,20.95,,50000000.0,4.4,288.0,,,,,,,
4426,433.0,,,,50000000.0,,,,,,,,,
4427,19.0,16.99,16.99,,200000000.0,4.5,,,4.5,3.0,2.0,7.0,13.0,75.0
4428,214.0,89.99,89.99,89.99,,4.1,108.0,108.0,4.1,10.0,4.0,9.0,15.0,62.0
4429,136.0,11.97,11.97,,,4.2,12.0,12.0,4.2,15.0,0.0,0.0,19.0,66.0
4430,28.0,15.19,15.19,18.99,,4.6,39.0,39.0,4.6,0.0,0.0,9.0,18.0,73.0
4431,1078.0,8.49,8.49,8.99,,4.6,352.0,352.0,4.6,3.0,2.0,5.0,14.0,76.0
4434,10.0,12.06,12.06,,,4.1,312.0,312.0,4.1,14.0,3.0,6.0,12.0,65.0
4435,246.0,,,,100000000.0,,,,,,,,,
4436,306.0,30.95,30.95,,,,5.0,5.0,,,0.0,,20.0,
4437,,38.49,38.49,,,5.0,1.0,,,,,,,
4438,25.0,,,,50000000.0,,,,,,,,,
4439,9.0,,,,50000000.0,4.1,114.0,114.0,4.1,10.0,3.0,6.0,21.0,60.0
4440,7.0,15.19,15.19,18.99,,4.3,35.0,35.0,4.3,5.0,0.0,13.0,19.0,63.0
4441,10.0,29.95,29.95,,300000000.0,4.5,1030.0,1030.0,4.5,4.0,2.0,4.0,13.0,77.0
4442,987.0,29.97,29.97,,,4.2,58.0,,,,,,,
4443,89.0,7.55,7.55,,50000000.0,4.4,993.0,,,6.0,1.0,6.0,13.0,74.0
4444,1917.0,29.99,29.99,,,5.0,3.0,3.0,5.0,0.0,0.0,0.0,0.0,100.0
4445,1.0,29.99,29.99,39.99,1000000.0,4.8,,,4.8,1.0,0.0,2.0,8.0,89.0
4447,288.0,,,,50000000.0,,,,,,,,,
4448,537.0,23.26,23.26,,,4.4,216.0,216.0,4.4,5.0,4.0,6.0,10.0,75.0
4449,553.0,38.96,38.96,,,4.7,414.0,,,2.0,0.0,3.0,10.0,85.0
4450,558.0,8.99,8.99,,100000000.0,4.3,37.0,37.0,4.3,7.0,8.0,4.0,6.0,75.0
4451,63.0,9.5,9.5,,100000000.0,4.3,192.0,192.0,4.3,11.0,2.0,4.0,10.0,73.0
4452,767.0,47.99,47.99,,,4.5,77.0,,,3.0,1.0,8.0,12.0,76.0
4453,1351.0,9.95,9.95,,,4.4,177.0,177.0,4.4,4.0,5.0,7.0,11.0,73.0
4454,1645.0,59.99,59.99,,,,,,,0.0,0.0,0.0,0.0,
4455,4.0,,,,,,,,,,,,,
4456,808.0,16.14,16.14,,50000000.0,4.4,2839.0,2839.0,4.4,6.0,3.0,8.0,12.0,71.0
4457,57.0,,,,100000000.0,,,,,,,,,
4458,2.0,39.99,39.99,,100000000.0,4.4,104.0,104.0,4.4,10.0,0.0,6.0,7.0,77.0
4460,1225.0,29.99,29.99,,,4.0,1.0,,,,,,,
4461,153.0,19.93,19.93,19.93,200000000.0,4.8,2204.0,2204.0,4.8,1.0,0.0,4.0,9.0,86.0
4462,17.0,14.96,14.96,,100000000.0,4.3,120.0,,,,,,,
4463,1358.0,33.38,33.38,34.99,,4.1,28.0,28.0,4.1,5.0,6.0,,11.0,60.0
4464,336.0,11.99,11.99,,,4.5,67.0,67.0,4.5,3.0,0.0,12.0,10.0,75.0
4465,6.0,17.35,17.35,19.89,,4.6,1614.0,1614.0,4.6,2.0,2.0,5.0,9.0,82.0
4466,1220.0,64.99,64.99,,,4.5,2290.0,2290.0,4.5,4.0,2.0,5.0,11.0,78.0
4467,5.0,29.99,29.99,,100000000.0,4.5,715.0,715.0,4.5,4.0,3.0,5.0,12.0,76.0
4468,14.0,,,,,,,,,0.0,0.0,0.0,0.0,
4469,378.0,23.99,23.99,,50000000.0,4.4,498.0,498.0,4.4,3.0,1.0,7.0,23.0,66.0
4470,4.0,15.99,15.99,,50000000.0,4.3,58.0,58.0,4.3,6.0,6.0,7.0,11.0,70.0
4471,61.0,26.59,26.59,29.99,50000000.0,3.8,252.0,252.0,3.8,20.0,4.0,7.0,11.0,58.0
4472,429.0,14.9,14.9,,100000000.0,4.5,234.0,,,,,,,
4473,30.0,10.99,10.99,,,4.4,1375.0,1375.0,4.4,3.0,3.0,10.0,12.0,72.0
4474,363.0,9.99,9.99,,50000000.0,4.7,1040.0,1040.0,4.7,2.0,1.0,4.0,11.0,82.0
4475,1969.0,32.5,32.5,,,4.6,2.0,,,,,,,
4476,250.0,12.99,12.99,12.99,100000000.0,4.5,248.0,248.0,4.5,5.0,1.0,4.0,14.0,76.0
4477,465.0,,,,,4.7,794.0,794.0,4.7,2.0,1.0,3.0,11.0,83.0
4478,11.0,,,,200000000.0,,,,,,,,,
4480,,47.02,47.02,54.99,,,,,,0.0,0.0,0.0,0.0,
4481,,49.73,49.73,54.54,,4.7,635.0,,,2.0,0.0,5.0,10.0,83.0
4482,1042.0,39.99,39.99,,,,,,,0.0,0.0,0.0,0.0,
4483,141.0,,,,50000000.0,,,,,,,,,
4484,256.0,23.79,23.79,,50000000.0,4.2,83.0,,,7.0,5.0,9.0,15.0,64.0
4485,38.0,12.34,12.34,12.99,,4.5,1093.0,1093.0,4.5,4.0,1.0,6.0,13.0,76.0
4486,971.0,,,,100000000.0,,,,,,,,,
4487,19.0,16.99,16.99,,,4.6,160.0,,,,,,,
4488,1941.0,25.97,25.97,,,3.8,4.0,4.0,3.8,0.0,0.0,,0.0,40.0
4489,,69.4,69.4,,,,,,,0.0,0.0,0.0,0.0,
4490,131.0,,,,,4.6,156.0,156.0,4.6,5.0,2.0,5.0,5.0,83.0
4492,167.0,,,,,4.7,,,4.7,2.0,1.0,3.0,10.0,84.0
4493,1466.0,,,,,4.8,150.0,150.0,4.8,1.0,1.0,0.0,8.0,90.0
4494,,12.99,12.99,,,4.4,2.0,,,,,,,
4495,281.0,,,,50000000.0,,,,,,,,,
4496,30.0,15.66,15.66,,50000000.0,4.4,683.0,683.0,4.4,6.0,1.0,7.0,12.0,74.0
4497,2.0,15.99,15.99,,100000000.0,4.1,57.0,57.0,4.1,17.0,4.0,0.0,4.0,75.0
4498,55.0,,,,,4.1,7.0,,,,,,,
4499,345.0,,,,,,,,,,,,,
4501,509.0,53.8,53.8,59.99,,4.7,74.0,,,3.0,0.0,4.0,9.0,84.0
4502,267.0,8.99,8.99,,100000000.0,4.8,202.0,202.0,4.8,1.0,0.0,3.0,6.0,90.0
4503,2268.0,7.99,7.99,,,,,,,0.0,0.0,0.0,0.0,
4504,1077.0,,,,,,1.0,1.0,,,0.0,0.0,0.0,
4505,1.0,14.99,14.99,,,4.5,289.0,289.0,4.5,2.0,4.0,5.0,12.0,77.0
4506,948.0,,,,,,5.0,5.0,,,,,,
4507,328.0,,,,,,,,,,,,,
4508,675.0,16.99,16.99,,100000000.0,4.4,74.0,,,,,,,
4509,872.0,,,,,5.0,1.0,,,,,,,
4510,39.0,23.89,23.89,,,4.7,1388.0,1388.0,4.7,3.0,1.0,3.0,9.0,84.0
4511,,64.99,64.99,,,4.3,584.0,584.0,4.3,5.0,6.0,9.0,9.0,71.0
4512,365.0,14.99,14.99,,,4.6,70.0,70.0,4.6,4.0,1.0,4.0,12.0,79.0
4513,327.0,20.29,20.29,21.36,100000000.0,4.7,62.0,62.0,4.7,3.0,0.0,3.0,8.0,86.0
4515,27.0,,,,50000000.0,,,,,,,,,
4516,46.0,52.99,52.99,,300000000.0,4.8,1385.0,,,,,,,
4517,,75.99,75.99,75.99,,4.4,26.0,26.0,4.4,11.0,0.0,0.0,12.0,77.0
4518,2020.0,120.0,120.0,,,4.7,208.0,,,,,,,
4519,2100.0,19.42,19.42,24.99,,4.3,43.0,43.0,4.3,0.0,9.0,11.0,22.0,58.0
4520,549.0,22.99,22.99,25.99,,4.5,87.0,87.0,4.5,4.0,1.0,6.0,18.0,71.0
4521,50.0,39.98,39.98,,200000000.0,3.7,215.0,215.0,3.7,20.0,8.0,9.0,9.0,54.0
4523,,59.99,59.99,,50000000.0,3.6,7.0,7.0,3.6,,0.0,0.0,18.0,52.0
4524,222.0,33.99,33.99,33.99,100000000.0,4.7,690.0,690.0,4.7,3.0,2.0,1.0,8.0,86.0
4525,149.0,59.99,59.99,,200000000.0,,,,,0.0,0.0,0.0,0.0,
4526,53.0,29.99,29.99,,,3.9,20.0,20.0,3.9,18.0,0.0,11.0,18.0,53.0
4528,297.0,,,,,,,,,,,,,
4529,1401.0,38.99,38.99,,,4.6,160.0,160.0,4.6,2.0,2.0,6.0,15.0,75.0
4530,1058.0,32.96,32.96,,,4.7,10.0,10.0,4.7,0.0,0.0,15.0,0.0,85.0
4531,485.0,28.18,28.18,,,4.2,56.0,56.0,4.2,11.0,4.0,3.0,11.0,71.0
4532,602.0,19.99,19.99,,,4.3,47.0,,,6.0,3.0,4.0,25.0,62.0
4533,620.0,,,,50000000.0,,,,,,,,,
4534,19.0,17.09,17.09,17.99,,4.2,235.0,235.0,4.2,9.0,3.0,6.0,15.0,67.0
4535,42.0,6.99,6.99,,50000000.0,5.0,8.0,,,,,,,
4536,,29.95,29.95,,,4.9,14.0,,,0.0,0.0,0.0,11.0,89.0
4537,,,,,,5.0,6.0,,,0.0,0.0,0.0,0.0,100.0
4538,1369.0,22.56,22.56,,,3.7,6.0,,,,,,,
4539,12.0,22.99,22.99,,50000000.0,4.2,41.0,,,,,,,
4540,36.0,16.99,16.99,,50000000.0,5.0,7.0,7.0,5.0,0.0,0.0,0.0,0.0,100.0
4541,1620.0,48.71,48.71,,,4.3,72.0,72.0,4.3,7.0,0.0,10.0,17.0,66.0
4542,525.0,39.99,39.99,,,,,,,0.0,0.0,0.0,0.0,
4543,1971.0,39.48,39.48,,,4.0,1.0,1.0,4.0,0.0,0.0,0.0,,
4544,22.0,,,,100000000.0,,,,,,,,,
4545,1248.0,33.9,33.9,,,4.2,13.0,13.0,4.2,0.0,,9.0,10.0,64.0
4546,23.0,,,,50000000.0,,,,,,,,,
4547,,12.99,12.99,,,,,,,0.0,0.0,0.0,0.0,
4548,719.0,44.99,44.99,,,4.7,354.0,354.0,4.7,4.0,0.0,2.0,12.0,82.0
4550,1796.0,24.99,24.99,,,5.0,5.0,5.0,5.0,0.0,0.0,0.0,0.0,100.0
4552,,12.95,12.95,,,4.4,15.0,15.0,4.4,11.0,0.0,0.0,10.0,79.0
4553,585.0,,,,,4.8,,,4.8,3.0,0.0,1.0,5.0,91.0
4554,51.0,7.29,7.29,,,4.7,,,,,,,,
4555,287.0,53.9,53.9,59.99,100000000.0,4.7,253.0,253.0,4.7,2.0,1.0,3.0,8.0,86.0
4556,856.0,39.99,39.99,,,,,,,0.0,0.0,0.0,0.0,
4557,384.0,13.67,13.67,13.67,,4.4,2007.0,,,,,,,
4558,653.0,49.91,49.91,,,4.8,11.0,,,,,,,
4559,341.0,149.99,149.99,149.99,,4.0,,,4.0,11.0,5.0,15.0,10.0,59.0
4560,1234.0,34.7,34.7,,,,,,,0.0,0.0,0.0,0.0,
4561,40.0,19.99,19.99,,200000000.0,4.1,220.0,,,,,,,
4562,497.0,15.95,15.95,,,5.0,1.0,,,,,,,
4563,340.0,49.99,49.99,,50000000.0,4.3,260.0,260.0,4.3,11.0,2.0,5.0,5.0,77.0
4564,,39.99,39.99,,,,,,,0.0,0.0,0.0,0.0,
4565,167.0,,,,100000000.0,,,,,,,,,
4566,450.0,19.99,19.99,,,4.7,24.0,,,0.0,0.0,8.0,11.0,81.0
4567,356.0,20.0,20.0,,50000000.0,4.4,136.0,136.0,4.4,4.0,3.0,8.0,11.0,74.0
4568,423.0,23.37,23.37,25.97,,4.4,116.0,,,,,,,
4569,60.0,4.99,4.99,,,4.8,54.0,54.0,4.8,2.0,0.0,2.0,7.0,89.0
4570,8.0,,,,100000000.0,,,,,,,,,
4571,1655.0,59.11,59.11,,,,,,,0.0,0.0,0.0,0.0,
4572,,8.99,8.99,,,,1.0,,,,,,,
4574,624.0,25.95,25.95,,,,,,,0.0,0.0,0.0,0.0,
4575,358.0,,,,,,,,,,,,,
4576,8.0,,,,,,,,,,,,,
4577,568.0,,,,,5.0,9.0,,,,,,,
4578,250.0,196.99,196.99,,,4.6,315.0,315.0,4.6,3.0,1.0,3.0,15.0,78.0
4579,13.0,36.99,36.99,,50000000.0,4.6,136.0,136.0,4.6,4.0,2.0,2.0,9.0,83.0
4580,1883.0,6.99,6.99,,200000000.0,4.7,2515.0,2515.0,4.7,3.0,1.0,3.0,11.0,82.0
4581,131.0,,,,,,,,,,,,,
4582,69.0,,,,400000000.0,,,,,,,,,
4584,552.0,31.7,31.7,31.7,,4.7,,,4.7,2.0,0.0,3.0,9.0,86.0
4585,17.0,17.84,17.84,20.99,,4.3,191.0,191.0,4.3,6.0,5.0,6.0,11.0,72.0
4586,321.0,,,,,,5.0,,,,,,,
4587,84.0,,,,,,1.0,,,,,,,
4588,275.0,13.98,13.98,,,4.6,525.0,,,,,,,
4589,506.0,,,,,,,,,0.0,0.0,0.0,0.0,
4590,3.0,,,,,,,,,,,,,
4591,368.0,16.32,16.32,,,4.7,529.0,,,2.0,1.0,2.0,9.0,86.0
4592,1092.0,29.95,29.95,,,4.5,591.0,,,,,,,
4593,139.0,33.95,33.95,,,4.5,19.0,19.0,4.5,3.0,0.0,11.0,8.0,78.0
4594,561.0,28.99,28.99,,,4.6,252.0,252.0,4.6,3.0,3.0,6.0,9.0,79.0
4595,8.0,47.99,47.99,59.99,3000000.0,4.3,826.0,826.0,4.3,10.0,3.0,5.0,5.0,77.0
4596,38.0,19.99,19.99,,,4.5,459.0,459.0,4.5,2.0,1.0,9.0,12.0,76.0
4597,36.0,43.69,43.69,49.99,300000000.0,4.0,86.0,86.0,4.0,16.0,5.0,9.0,6.0,64.0
4598,158.0,12.5,12.5,24.99,,4.2,111.0,111.0,4.2,6.0,5.0,13.0,17.0,59.0
4600,,42.99,42.99,55.99,50000000.0,3.9,176.0,176.0,3.9,17.0,5.0,6.0,9.0,63.0
4602,1768.0,48.53,48.53,,,4.2,335.0,335.0,4.2,5.0,6.0,10.0,15.0,64.0
4603,1558.0,49.97,49.97,49.97,,4.5,16.0,16.0,4.5,0.0,0.0,,12.0,69.0
4604,183.0,,,,,4.3,1100.0,1100.0,4.3,9.0,2.0,7.0,12.0,70.0
4605,,11.99,11.99,,,5.0,3.0,,,,,,,
4606,887.0,11.99,11.99,19.99,,4.3,10.0,10.0,4.3,12.0,0.0,0.0,23.0,65.0
4607,376.0,23.0,23.0,23.0,50000000.0,4.6,,,4.6,2.0,2.0,5.0,10.0,81.0
4608,1256.0,14.29,14.29,,,4.6,114.0,114.0,4.6,3.0,2.0,4.0,15.0,76.0
4609,472.0,30.95,30.95,,,,,,,0.0,0.0,0.0,0.0,
4610,316.0,21.33,21.33,29.99,50000000.0,4.1,272.0,272.0,4.1,10.0,6.0,7.0,11.0,66.0
4611,563.0,27.78,27.78,27.78,,4.5,132.0,132.0,4.5,7.0,0.0,5.0,9.0,79.0
4612,1839.0,36.99,36.99,,,4.5,9.0,9.0,4.5,0.0,7.0,8.0,9.0,76.0
4613,58.0,120.49,120.49,,,4.3,,,4.3,9.0,3.0,6.0,11.0,71.0
4614,547.0,11.97,11.97,,,4.1,514.0,514.0,4.1,7.0,10.0,5.0,17.0,61.0
4615,1108.0,,,,,4.4,11.0,,,0.0,0.0,16.0,,53.0
4616,327.0,47.66,47.66,,,4.4,7.0,7.0,4.4,0.0,,0.0,13.0,73.0
4617,21.0,17.99,17.99,19.99,50000000.0,4.6,582.0,,,,,,,
4618,290.0,10.95,10.95,,,4.8,759.0,,,,,,,
4619,353.0,,,,,,,,,,,,,
4620,4.0,14.99,14.99,,200000000.0,4.8,362.0,362.0,4.8,0.0,1.0,2.0,11.0,86.0
4621,110.0,23.84,23.84,,,4.3,49.0,49.0,4.3,13.0,0.0,7.0,5.0,75.0
4622,94.0,9.49,9.49,9.99,,4.2,343.0,343.0,4.2,9.0,5.0,7.0,13.0,66.0
4623,5.0,40.99,40.99,,,4.3,29.0,,,,,,,
4624,1.0,8.99,8.99,9.99,50000000.0,4.2,529.0,529.0,4.2,12.0,4.0,6.0,11.0,67.0
4625,346.0,82.67,82.67,,,,94.0,,,,,,,
4626,68.0,15.99,15.99,,,4.0,84.0,,,,,,,
4627,906.0,9.99,9.99,,100000000.0,4.5,25.0,25.0,4.5,9.0,0.0,0.0,10.0,81.0
4629,82.0,9.99,9.99,,,4.5,136.0,136.0,4.5,3.0,0.0,10.0,13.0,74.0
4630,1961.0,39.94,39.94,,,5.0,2.0,2.0,5.0,0.0,0.0,0.0,0.0,100.0
4631,523.0,20.9,20.9,22.99,,3.7,10.0,10.0,3.7,15.0,,0.0,,41.0
4632,,7.99,7.99,,,4.8,1674.0,1674.0,4.8,1.0,1.0,2.0,9.0,87.0
4633,643.0,20.31,20.31,21.4,,4.2,123.0,,,,,,,
4634,290.0,,,,,4.5,72.0,72.0,4.5,2.0,5.0,5.0,15.0,73.0
4635,145.0,36.9,36.9,38.9,,4.2,41.0,41.0,4.2,12.0,0.0,11.0,6.0,71.0
4636,91.0,13.99,13.99,,,4.4,75.0,,,,,,,
4637,361.0,7.19,7.19,,,4.2,8.0,,,,,,,
4638,498.0,30.95,30.95,,,,,,,0.0,0.0,0.0,0.0,
4639,31.0,39.99,39.99,,,4.4,106.0,106.0,4.4,5.0,3.0,10.0,11.0,71.0
4640,203.0,9.99,9.99,,,4.3,28.0,,,8.0,5.0,6.0,9.0,72.0
4641,,68.97,68.97,,,,,,,0.0,0.0,0.0,0.0,
4642,15.0,,,,200000000.0,,,,,,,,,
4643,41.0,,,,,,,,,,,,,
4644,730.0,27.44,27.44,29.94,,4.2,453.0,,,,,,,
4645,,34.64,34.64,,,,,,,0.0,0.0,0.0,0.0,
4646,2175.0,29.99,29.99,,,3.4,25.0,25.0,3.4,19.0,7.0,16.0,24.0,34.0
4647,188.0,14.99,14.99,,,4.5,40.0,,,,,,,
4648,,139.99,139.99,169.99,,5.0,1.0,1.0,5.0,0.0,0.0,0.0,0.0,100.0
4649,166.0,,,,,,,,,,,,,
4650,593.0,28.0,28.0,49.99,,4.6,632.0,632.0,4.6,2.0,3.0,4.0,12.0,79.0
4651,1596.0,54.5,54.5,54.5,,4.8,,,,1.0,0.0,3.0,12.0,84.0
4652,,39.88,39.88,,,,,,,,,,,
4653,94.0,195.99,195.99,,,4.7,124.0,124.0,4.7,0.0,3.0,6.0,5.0,86.0
4654,45.0,17.99,17.99,18.99,50000000.0,4.5,71.0,71.0,4.5,5.0,0.0,6.0,15.0,74.0
4656,5.0,26.99,26.99,,50000000.0,4.7,6.0,,,,,,,
4657,180.0,,,,100000000.0,,,,,,,,,
4658,,8.99,8.99,,,4.0,1.0,1.0,4.0,0.0,0.0,0.0,,
4660,,34.99,34.99,,,,,,,0.0,0.0,0.0,0.0,
4661,,24.99,24.99,,,,,,,0.0,0.0,0.0,0.0,
4662,598.0,26.99,26.99,39.99,,4.5,356.0,356.0,4.5,2.0,3.0,10.0,13.0,72.0
4663,454.0,25.95,25.95,,,,,,,0.0,0.0,0.0,0.0,
4664,62.0,,,,,4.8,212.0,212.0,4.8,3.0,0.0,1.0,8.0,88.0
4665,100.0,15.99,15.99,,,4.2,931.0,,,,,,,
4666,195.0,38.2,38.2,59.99,100000000.0,4.4,224.0,224.0,4.4,3.0,2.0,13.0,12.0,70.0
4667,818.0,74.99,74.99,,,4.5,197.0,,,,,,,
4668,1469.0,37.99,37.99,,,4.7,233.0,233.0,4.7,2.0,3.0,3.0,5.0,87.0
4669,42.0,16.98,16.98,,,4.4,65.0,65.0,4.4,6.0,1.0,8.0,17.0,68.0
4670,71.0,7.28,7.28,,,4.2,55.0,55.0,4.2,8.0,7.0,10.0,6.0,69.0
4672,203.0,,,,,,,,,,,,,
4673,84.0,11.99,11.99,,100000000.0,4.7,771.0,771.0,4.7,4.0,0.0,2.0,10.0,84.0
4674,3.0,32.29,32.29,49.99,,4.2,924.0,924.0,4.2,8.0,5.0,8.0,15.0,64.0
4675,,42.34,42.34,,,,,,,0.0,0.0,0.0,0.0,
4676,221.0,209.99,209.99,,,3.6,23.0,23.0,3.6,13.0,,6.0,,38.0
4677,1037.0,34.94,34.94,,,4.1,13.0,13.0,4.1,10.0,0.0,,11.0,60.0
4678,18.0,29.98,29.98,,50000000.0,4.3,964.0,,,,,,,
4679,17.0,29.99,29.99,49.99,3000000.0,4.3,,,4.3,8.0,3.0,7.0,13.0,69.0
4680,1070.0,39.99,39.99,,,3.8,34.0,,,13.0,6.0,,12.0,51.0
4681,1183.0,,,,,,,,,,,,,
4682,662.0,,,,,,,,,,,,,
4683,,9.99,9.99,,50000000.0,5.0,3.0,,,,,,,
4684,141.0,21.99,21.99,,,4.2,,3016.0,4.2,9.0,4.0,9.0,12.0,66.0
4685,2.0,39.99,39.99,,,4.9,162.0,,,,,,,
4686,136.0,7.99,7.99,,,5.0,4.0,4.0,5.0,0.0,0.0,0.0,0.0,100.0
4687,8.0,,,,,4.1,43.0,,,,,,,
4688,,3.99,3.99,,,5.0,1.0,,,,,,,
4689,,,,,,4.7,104.0,,,,,,,
4690,524.0,,,,,,,,,,,,,
4691,673.0,19.7,19.7,19.7,,4.5,83.0,83.0,4.5,2.0,3.0,11.0,10.0,74.0
4692,2.0,,,,400000000.0,,,,,,,,,
4693,401.0,11.99,11.99,,50000000.0,4.5,764.0,764.0,4.5,2.0,3.0,6.0,13.0,76.0
4694,404.0,43.99,43.99,,,4.5,202.0,,,,,,,
4695,1574.0,49.99,49.99,49.99,,4.7,2011.0,2011.0,4.7,1.0,0.0,3.0,14.0,82.0
4696,118.0,,,,200000000.0,,,,,,,,,
4697,988.0,16.5,16.5,19.99,,4.6,,3132.0,4.6,4.0,2.0,4.0,12.0,78.0
4698,112.0,,,,,4.5,45.0,45.0,4.5,6.0,3.0,3.0,4.0,84.0
4699,2.0,22.94,22.94,26.99,300000000.0,4.8,1003.0,,,,,,,
4701,81.0,,,,50000000.0,,,,,,,,,
4702,678.0,35.95,35.95,,,3.8,4.0,4.0,3.8,,0.0,0.0,,49.0
4703,915.0,25.5,25.5,29.99,,4.3,94.0,94.0,4.3,9.0,3.0,7.0,9.0,72.0
4704,1987.0,6.99,6.99,,,4.4,87.0,,,,,,,
4705,349.0,44.99,44.99,,100000000.0,,,,,0.0,0.0,0.0,0.0,
4706,484.0,29.99,29.99,29.99,,4.4,45.0,,,3.0,2.0,13.0,8.0,74.0
4707,803.0,37.94,37.94,,,3.9,77.0,,,,,,,
4708,2017.0,,,,,4.5,112.0,112.0,4.5,6.0,3.0,0.0,12.0,79.0
4710,,3.99,3.99,,,,1.0,1.0,,0.0,,0.0,0.0,
4711,603.0,49.4,49.4,59.99,,4.6,169.0,,,3.0,3.0,4.0,10.0,80.0
4713,,,,,,4.3,484.0,484.0,4.3,5.0,4.0,8.0,15.0,68.0
4714,75.0,,,,,,,,,0.0,0.0,0.0,0.0,
4715,57.0,14.99,14.99,,,4.6,10.0,10.0,4.6,0.0,0.0,12.0,14.0,74.0
4716,2161.0,36.08,36.08,,,,,,,0.0,0.0,0.0,0.0,
4717,368.0,149.0,149.0,199.97,,4.7,151.0,151.0,4.7,2.0,1.0,5.0,10.0,82.0
4719,900.0,24.5,24.5,,,4.7,1742.0,1742.0,4.7,3.0,0.0,3.0,13.0,81.0
4720,,24.99,24.99,,,,11.0,11.0,,,,0.0,0.0,42.0
4721,1218.0,34.9,34.9,39.99,,4.6,386.0,386.0,4.6,4.0,3.0,3.0,11.0,79.0
4722,75.0,66.58,66.58,69.99,50000000.0,4.6,350.0,350.0,4.6,4.0,1.0,3.0,7.0,85.0
4723,,25.99,25.99,,,3.8,10.0,,,12.0,,12.0,13.0,52.0
4724,84.0,,,,100000000.0,,,,,,,,,
4725,2346.0,9.99,9.99,,,4.4,389.0,,,,,,,
4727,8.0,9.89,9.89,10.99,,4.4,,,,,,,,
4728,76.0,36.99,36.99,39.99,,4.2,33.0,33.0,4.2,7.0,6.0,4.0,22.0,61.0
4729,80.0,12.79,12.79,15.99,,4.6,266.0,266.0,4.6,4.0,0.0,4.0,10.0,82.0
4730,29.0,,,,50000000.0,,,,,,,,,
4731,1087.0,16.41,16.41,,,,8.0,,,,,,,
4732,24.0,,,,50000000.0,,,,,,,,,
4733,155.0,72.99,72.99,,,4.3,45.0,45.0,4.3,14.0,0.0,3.0,2.0,81.0
4734,15.0,7.99,7.99,,50000000.0,4.1,644.0,644.0,4.1,11.0,4.0,8.0,13.0,64.0
4736,241.0,25.96,25.96,69.99,100000000.0,4.5,2709.0,,,,,,,
4737,594.0,29.99,29.99,,,,,,,,,,,
4738,7.0,35.99,35.99,,50000000.0,4.5,805.0,805.0,4.5,7.0,2.0,4.0,11.0,76.0
4739,421.0,10.49,10.49,29.99,,4.1,65.0,65.0,4.1,8.0,3.0,15.0,12.0,62.0
4740,255.0,12.99,12.99,,,,1.0,,,,,,,
4741,1572.0,39.2,39.2,39.2,,5.0,3.0,,,,,,,
4742,572.0,22.99,22.99,,,4.1,229.0,229.0,4.1,7.0,3.0,13.0,19.0,58.0
4743,17.0,8.99,8.99,,,4.5,209.0,209.0,4.5,4.0,1.0,4.0,17.0,74.0
4744,2244.0,24.95,24.95,,,,,,,0.0,0.0,0.0,0.0,
4745,389.0,29.92,29.92,,50000000.0,4.6,8.0,8.0,4.6,0.0,0.0,12.0,17.0,71.0
4747,2046.0,14.59,14.59,,,4.4,48.0,48.0,4.4,6.0,0.0,10.0,9.0,75.0
4748,452.0,24.93,24.93,,,4.7,1802.0,1802.0,4.7,2.0,0.0,4.0,9.0,85.0
4749,539.0,49.99,49.99,,,,,,,,,,,
4750,1627.0,30.95,30.95,,,,,,,0.0,0.0,0.0,0.0,
4751,403.0,14.49,14.49,16.16,,4.6,225.0,225.0,4.6,2.0,1.0,8.0,11.0,78.0
4753,41.0,59.99,59.99,,1000000.0,4.3,10.0,10.0,4.3,13.0,0.0,0.0,13.0,74.0
4754,1351.0,29.83,29.83,,,4.5,40.0,,,,,,,
4755,1935.0,49.76,49.76,49.76,,4.4,268.0,,,,,,,
4756,700.0,,,,,5.0,1.0,,,,,,,
4757,,23.99,23.99,,,4.4,262.0,,,,,,,
4758,410.0,74.99,74.99,74.99,,4.8,311.0,311.0,4.8,0.0,2.0,1.0,9.0,88.0
4759,84.0,20.99,20.99,,,4.7,233.0,233.0,4.7,1.0,1.0,4.0,8.0,86.0
4760,48.0,45.99,45.99,59.97,,4.4,66.0,66.0,4.4,5.0,3.0,8.0,14.0,70.0
4761,1094.0,19.88,19.88,,,4.4,23.0,,,0.0,9.0,12.0,9.0,70.0
4762,1803.0,34.99,34.99,,,4.1,24.0,24.0,4.1,15.0,0.0,6.0,12.0,67.0
4763,79.0,9.99,9.99,,,4.8,1123.0,1123.0,4.8,1.0,1.0,4.0,7.0,87.0
4764,439.0,,,,50000000.0,,,,,,,,,
4765,58.0,19.99,19.99,,,5.0,5.0,5.0,5.0,0.0,0.0,0.0,0.0,100.0
4766,4.0,19.99,19.99,,,4.2,,3016.0,4.2,9.0,4.0,9.0,12.0,66.0
4767,1262.0,23.98,23.98,23.98,,3.9,41.0,,,,,,,
4768,454.0,11.91,11.91,14.99,50000000.0,4.3,1554.0,1554.0,4.3,4.0,4.0,11.0,17.0,64.0
4769,714.0,14.59,14.59,,,5.0,1.0,,,,,,,
4770,272.0,,,,100000000.0,,,,,,,,,
4771,45.0,12.99,12.99,,,4.6,43.0,43.0,4.6,0.0,7.0,4.0,10.0,79.0
4772,19.0,17.09,17.09,19.99,,4.4,575.0,575.0,4.4,5.0,3.0,6.0,12.0,74.0
4773,100.0,,,,,4.6,121.0,121.0,4.6,5.0,3.0,2.0,9.0,81.0
4774,34.0,12.99,12.99,,100000000.0,4.4,91.0,91.0,4.4,6.0,1.0,7.0,11.0,75.0
4775,143.0,29.99,29.99,,,4.2,13.0,13.0,4.2,7.0,0.0,16.0,12.0,65.0
4776,2294.0,29.99,29.99,,,,,,,0.0,0.0,0.0,0.0,
4777,1391.0,34.99,34.99,,,,,,,0.0,0.0,0.0,0.0,
4778,2083.0,61.53,61.53,79.94,,4.0,418.0,418.0,4.0,5.0,,11.0,13.0,58.0
4779,1.0,26.85,26.85,33.99,,4.6,946.0,946.0,4.6,3.0,1.0,5.0,13.0,78.0
4780,124.0,,,,,,1.0,1.0,,0.0,0.0,,0.0,
4781,135.0,,,,50000000.0,,,,,,,,,
4782,1180.0,,,,,4.0,1.0,,,,,,,
4783,1309.0,,,,,4.7,53.0,53.0,4.7,0.0,5.0,5.0,7.0,83.0
4784,277.0,15.95,15.95,,,4.4,18.0,18.0,4.4,0.0,0.0,17.0,,56.0
4785,1190.0,11.59,11.59,,,3.8,10.0,,,,0.0,10.0,14.0,54.0
4786,76.0,,,,,5.0,3.0,,,,,,,
4788,,32.66,32.66,,,4.2,23.0,,,,,,,
4789,1999.0,49.87,49.87,57.97,,,,,,0.0,0.0,0.0,0.0,
4790,15.0,20.99,20.99,,,4.0,1186.0,,,,,,,
4792,422.0,15.95,15.95,,,,,,,,,,,
4793,1760.0,12.99,12.99,,,5.0,1.0,1.0,5.0,0.0,0.0,0.0,0.0,100.0
4794,1.0,,,,,4.8,,,4.8,2.0,0.0,2.0,5.0,91.0
4795,7.0,,,,100000000.0,4.6,15.0,15.0,4.6,9.0,0.0,0.0,0.0,91.0
4796,4.0,,,,,4.2,2199.0,,,,,,,
4797,11.0,,,,100000000.0,,,,,,,,,
4798,3.0,,,,,4.5,436.0,436.0,4.5,9.0,0.0,3.0,6.0,82.0
4799,13.0,,,,,4.2,117.0,117.0,4.2,13.0,4.0,3.0,9.0,71.0
4800,8.0,,,,100000000.0,4.6,84.0,84.0,4.6,4.0,1.0,6.0,9.0,80.0
4801,837.0,,,,,,,,,,,,,
4802,49.0,,,,,,,,,,,,,
4803,20.0,,,,,4.1,120.0,120.0,4.1,9.0,7.0,9.0,9.0,66.0
4805,35.0,,,,,,,,,0.0,0.0,0.0,0.0,
4806,863.0,,,,,4.2,7.0,7.0,4.2,20.0,0.0,0.0,0.0,80.0
4807,5.0,,,,200000000.0,4.5,1122.0,,,,,,,
4808,20.0,,,,,3.8,26.0,,,,,,,
4809,6.0,,,,200000000.0,4.4,1332.0,1332.0,4.4,10.0,1.0,4.0,7.0,78.0
4810,,14.99,14.99,,50000000.0,4.7,108.0,108.0,4.7,4.0,0.0,3.0,10.0,83.0
4811,22.0,13.99,13.99,14.99,100000000.0,4.7,72.0,72.0,4.7,0.0,2.0,6.0,11.0,81.0
4812,1.0,,,,100000000.0,3.9,2914.0,2914.0,3.9,18.0,5.0,6.0,9.0,62.0
4813,11.0,,,,,4.8,1245.0,1245.0,4.8,3.0,0.0,2.0,5.0,90.0
4814,4.0,,,,100000000.0,,,,,,,,,
4815,95.0,,,,,4.2,28.0,28.0,4.2,16.0,0.0,0.0,18.0,66.0
4816,11.0,,,,50000000.0,,,,,,,,,
4817,75.0,,,,,,1.0,1.0,,,0.0,0.0,0.0,
4818,1.0,129.99,129.99,,1000000.0,4.1,22.0,22.0,4.1,9.0,10.0,9.0,6.0,66.0
4820,10.0,59.99,59.99,,,,,,,0.0,0.0,0.0,0.0,
4821,1.0,31.99,31.99,44.99,1000000.0,4.4,,,,,,,,
4822,1.0,79.99,79.99,89.99,1000000.0,4.5,,,4.5,6.0,2.0,5.0,10.0,77.0
4823,4.0,111.42,111.42,119.99,2000000.0,4.2,871.0,871.0,4.2,11.0,3.0,6.0,12.0,68.0
4824,40.0,35.99,35.99,49.99,50000000.0,4.5,307.0,,,,,,,
4825,86.0,29.99,29.99,29.99,100000000.0,5.0,7.0,7.0,5.0,0.0,0.0,0.0,0.0,100.0
4826,218.0,14.99,14.99,,200000000.0,4.4,827.0,,,,,,,
4829,1.0,31.44,31.44,33.29,,4.6,,,4.6,4.0,1.0,5.0,11.0,79.0
4830,,,,,4000000.0,,,,,,,,,
4831,16.0,21.99,21.99,,50000000.0,4.5,100.0,100.0,4.5,5.0,1.0,7.0,11.0,76.0
4832,35.0,19.99,19.99,20.99,1000000.0,4.2,1326.0,,,,,,,
4833,7.0,129.99,129.99,149.99,4000000.0,4.3,,,4.3,10.0,3.0,5.0,8.0,74.0
4834,60.0,19.93,19.93,19.93,100000000.0,4.6,730.0,,,,,,,
4835,57.0,16.0,16.0,49.99,200000000.0,4.5,38.0,38.0,4.5,6.0,0.0,7.0,13.0,74.0
4836,19.0,,,,,,,,,,,,,
4837,2.0,28.99,28.99,,300000000.0,4.4,1493.0,1493.0,4.4,4.0,3.0,8.0,15.0,70.0
4838,4.0,39.94,39.94,47.59,100000000.0,4.6,,,4.6,4.0,1.0,4.0,11.0,80.0
4839,3.0,26.99,26.99,31.99,7000000.0,4.2,,,4.2,10.0,4.0,7.0,12.0,67.0
4840,49.0,,,,300000000.0,4.8,,,4.8,1.0,0.0,2.0,8.0,89.0
4841,725.0,60.0,60.0,69.99,50000000.0,,,,,0.0,0.0,0.0,0.0,
4842,1.0,25.99,25.99,27.99,1000000.0,4.6,,,4.6,3.0,1.0,4.0,11.0,81.0
4843,4.0,18.99,18.99,19.99,200000000.0,4.4,352.0,352.0,4.4,4.0,4.0,7.0,18.0,67.0
4845,20.0,69.99,69.99,,1000000.0,,,,,,,,,
4846,13.0,99.99,99.99,,,,,,,0.0,0.0,0.0,0.0,
4847,10.0,,,,2000000.0,,,,,,,,,
4848,23.0,69.0,69.0,,400000000.0,,,,,0.0,0.0,0.0,0.0,
4849,1.0,,,,400000000.0,,,,,,,,,
4850,11.0,,,,4000000.0,,,,,,,,,
4852,195.0,44.46,44.46,54.99,,4.5,28.0,28.0,4.5,6.0,5.0,0.0,10.0,79.0
4854,43.0,199.99,199.99,199.99,,4.0,211.0,211.0,4.0,11.0,5.0,10.0,15.0,59.0
4855,2.0,49.95,49.95,64.99,7000000.0,4.6,,,4.6,5.0,1.0,3.0,9.0,82.0
4856,41.0,,,,100000000.0,,,,,,,,,
4858,1.0,68.99,68.99,,1000000.0,4.6,17.0,17.0,4.6,7.0,0.0,0.0,9.0,84.0
4859,2.0,17.69,17.69,19.99,,4.6,,,4.6,3.0,1.0,5.0,11.0,80.0
4860,50.0,,,,100000000.0,,,,,,,,,
4861,127.0,29.99,29.99,39.99,,4.1,28.0,,,,,,,
4863,136.0,29.71,29.71,39.99,50000000.0,4.1,133.0,,,14.0,4.0,6.0,9.0,67.0
4864,121.0,9.49,9.49,9.99,50000000.0,4.7,2911.0,,,,,,,
4865,,15.33,15.33,16.72,,4.2,5.0,,,,,,,
4866,3.0,16.99,16.99,,200000000.0,4.4,880.0,880.0,4.4,5.0,2.0,7.0,15.0,71.0
4867,33.0,,,,300000000.0,,,,,,,,,
4868,1340.0,,,,50000000.0,4.5,59.0,,,,,,,
4869,26.0,,,,1000000.0,,,,,,,,,
4870,460.0,59.99,59.99,59.99,,5.0,20.0,20.0,5.0,0.0,0.0,0.0,0.0,100.0
4871,39.0,49.99,49.99,49.99,200000000.0,4.8,109.0,109.0,4.8,0.0,0.0,3.0,5.0,92.0
4872,103.0,,,,50000000.0,,,,,,,,,
4873,3.0,37.99,37.99,49.99,200000000.0,4.4,1078.0,,,,,,,
4874,29.0,33.09,33.09,49.99,100000000.0,4.8,465.0,,,,,,,
4875,28.0,,,,300000000.0,,,,,,,,,
4876,2.0,15.99,15.99,23.99,,4.4,406.0,406.0,4.4,9.0,2.0,6.0,8.0,75.0
4877,126.0,13.95,13.95,19.99,,4.5,198.0,,,5.0,3.0,6.0,9.0,77.0
4878,79.0,29.99,29.99,39.99,50000000.0,4.3,23.0,23.0,4.3,7.0,8.0,0.0,13.0,72.0
4879,52.0,59.99,59.99,,100000000.0,5.0,2.0,,,,,,,
4880,15.0,32.99,32.99,,,4.5,54.0,54.0,4.5,4.0,6.0,7.0,4.0,79.0
4881,35.0,50.49,50.49,69.99,100000000.0,4.8,346.0,346.0,4.8,1.0,0.0,1.0,11.0,87.0
4882,78.0,44.99,44.99,69.99,100000000.0,4.1,29.0,29.0,4.1,14.0,5.0,4.0,9.0,68.0
4883,28.0,,,,50000000.0,,,,,,,,,
4884,3.0,49.88,49.88,,3000000.0,4.4,,,4.4,6.0,2.0,4.0,14.0,74.0
4885,122.0,123.99,123.99,123.99,100000000.0,4.7,289.0,289.0,4.7,3.0,0.0,2.0,12.0,83.0
4886,34.0,69.99,69.99,,400000000.0,3.6,5.0,5.0,3.6,,0.0,,0.0,54.0
4887,6.0,49.99,49.99,69.99,1000000.0,4.5,86.0,86.0,4.5,4.0,3.0,4.0,15.0,74.0
4888,1.0,44.99,44.99,49.99,9000000.0,4.3,,,4.3,9.0,3.0,6.0,12.0,70.0
4889,8.0,26.58,26.58,36.25,200000000.0,4.6,2123.0,2123.0,4.6,4.0,1.0,4.0,6.0,85.0
4890,12.0,,,,100000000.0,,,,,,,,,
4891,54.0,19.39,19.39,21.33,300000000.0,4.2,2967.0,2967.0,4.2,8.0,5.0,9.0,15.0,63.0
4892,54.0,62.99,62.99,,300000000.0,4.8,258.0,258.0,4.8,1.0,1.0,1.0,6.0,91.0
4893,24.0,24.97,24.97,,200000000.0,4.8,631.0,631.0,4.8,1.0,1.0,1.0,7.0,90.0
4895,12.0,34.97,34.97,49.99,100000000.0,4.2,16.0,,,,,,,
4896,76.0,19.59,19.59,21.79,50000000.0,4.7,586.0,586.0,4.7,2.0,1.0,4.0,12.0,81.0
4897,71.0,39.07,39.07,39.07,,4.4,,,4.4,6.0,3.0,7.0,13.0,71.0
4898,651.0,,,,,,,,,,,,,
4900,52.0,,,,300000000.0,3.9,2670.0,,,,,,,
4901,59.0,,,,100000000.0,,,,,,,,,
4902,3.0,118.2,118.2,118.2,400000000.0,4.3,,,4.3,7.0,2.0,8.0,14.0,69.0
4904,2.0,23.99,23.99,,100000000.0,4.4,397.0,397.0,4.4,5.0,2.0,8.0,11.0,74.0
4905,107.0,39.19,39.19,,,4.7,19.0,,,,,,,
4906,6.0,24.99,24.99,,3000000.0,4.4,,,4.4,8.0,2.0,4.0,9.0,77.0
4907,4.0,,,,400000000.0,4.6,,,4.6,4.0,2.0,4.0,13.0,77.0
4908,118.0,,,,50000000.0,,,,,,,,,
4909,37.0,31.99,31.99,59.99,100000000.0,4.7,348.0,,,,,,,
4910,2.0,27.88,27.88,27.88,3000000.0,4.3,,,4.3,7.0,3.0,7.0,15.0,68.0
4911,62.0,,,,,4.2,115.0,115.0,4.2,7.0,7.0,11.0,6.0,69.0
4912,137.0,15.0,15.0,19.99,,4.6,186.0,,,2.0,1.0,6.0,18.0,73.0
4913,3.0,79.99,79.99,,7000000.0,4.5,470.0,470.0,4.5,6.0,3.0,5.0,9.0,77.0
4914,258.0,27.76,27.76,,,4.4,59.0,59.0,4.4,8.0,0.0,5.0,12.0,75.0
4915,65.0,,,,100000000.0,,,,,,,,,
4916,39.0,66.0,66.0,,300000000.0,4.4,199.0,199.0,4.4,7.0,1.0,6.0,10.0,76.0
4917,8.0,,,,,4.5,,,4.5,6.0,2.0,3.0,10.0,79.0
4918,12.0,27.45,27.45,,1000000.0,4.2,,,4.2,11.0,4.0,5.0,12.0,68.0
4919,668.0,101.65,101.65,139.99,,4.7,,,4.7,3.0,1.0,3.0,10.0,83.0
4920,3.0,139.99,139.99,179.99,2000000.0,4.5,,,4.5,6.0,2.0,3.0,11.0,78.0
4921,122.0,59.99,59.99,,100000000.0,,,,,0.0,0.0,0.0,0.0,
4922,,159.99,159.99,,1000000.0,4.5,382.0,382.0,4.5,7.0,1.0,2.0,11.0,79.0
4923,193.0,,,,,,,,,,,,,
4926,138.0,,,,50000000.0,,,,,,,,,
4927,6.0,,,,300000000.0,,,,,,,,,
4928,320.0,199.44,199.44,,,4.5,1539.0,1539.0,4.5,6.0,3.0,5.0,6.0,80.0
4929,188.0,94.99,94.99,99.99,,3.8,1172.0,1172.0,3.8,16.0,5.0,10.0,12.0,57.0
4930,91.0,39.99,39.99,,300000000.0,3.8,1309.0,1309.0,3.8,15.0,7.0,9.0,17.0,52.0
4931,113.0,,,,50000000.0,,,,,,,,,
4932,162.0,49.99,49.99,59.99,,4.2,35.0,35.0,4.2,7.0,7.0,8.0,16.0,62.0
4933,23.0,94.94,94.94,,400000000.0,4.8,,,4.8,1.0,0.0,2.0,8.0,89.0
4934,143.0,,,,300000000.0,,,,,,,,,
4935,176.0,7.99,7.99,,,4.1,998.0,,,,,,,
4936,24.0,34.24,34.24,49.99,,4.6,389.0,,,,,,,
4937,20.0,,,,100000000.0,,,,,,,,,
4938,25.0,14.4,14.4,14.4,200000000.0,4.7,1413.0,1413.0,4.7,2.0,1.0,3.0,10.0,84.0
4939,9.0,53.99,53.99,64.99,200000000.0,4.6,,,,,,,,
4940,1.0,17.99,17.99,17.99,3000000.0,4.7,,,4.7,3.0,0.0,3.0,12.0,82.0
4941,5.0,106.99,106.99,106.99,300000000.0,4.4,,,4.4,8.0,1.0,6.0,13.0,72.0
4942,88.0,44.98,44.98,,50000000.0,4.6,244.0,244.0,4.6,2.0,2.0,7.0,9.0,80.0
4943,47.0,19.99,19.99,19.99,300000000.0,4.0,,,4.0,9.0,6.0,11.0,15.0,59.0
4944,25.0,44.99,44.99,49.99,,4.3,1391.0,1391.0,4.3,8.0,3.0,6.0,12.0,71.0
4945,52.0,9.99,9.99,,400000000.0,4.5,278.0,278.0,4.5,4.0,1.0,8.0,10.0,77.0
4946,14.0,,,,,4.7,,,,,,,,
4947,133.0,,,,,,,,,,,,,
4948,14.0,139.99,139.99,139.99,50000000.0,4.8,734.0,734.0,4.8,1.0,1.0,3.0,7.0,88.0
4949,71.0,,,,200000000.0,,,,,,,,,
4950,2.0,119.99,119.99,149.99,,4.5,1886.0,1886.0,4.5,5.0,2.0,5.0,11.0,77.0
4951,26.0,89.99,89.99,99.99,2000000.0,4.4,,,4.4,7.0,3.0,5.0,13.0,72.0
4952,51.0,,,,,4.4,,,,,,,,
4953,42.0,,,,,,,,,,,,,
4954,211.0,68.99,68.99,,,4.0,128.0,128.0,4.0,12.0,4.0,10.0,13.0,61.0
4955,31.0,,,,,4.6,2299.0,2299.0,4.6,3.0,1.0,3.0,11.0,82.0
4957,18.0,44.08,44.08,,,4.0,,,4.0,14.0,4.0,6.0,12.0,64.0
4958,1.0,16.99,16.99,21.99,1000000.0,4.6,,,4.6,3.0,1.0,5.0,11.0,80.0
4959,7.0,16.99,16.99,,200000000.0,4.6,213.0,213.0,4.6,0.0,2.0,6.0,21.0,71.0
4961,114.0,44.0,44.0,44.0,50000000.0,4.2,,,4.2,9.0,4.0,6.0,12.0,69.0
4962,49.0,99.95,99.95,,100000000.0,4.6,2561.0,,,,,,,
4963,34.0,109.99,109.99,,,4.1,323.0,,,,,,,
4964,18.0,,,,,3.8,,,3.8,18.0,4.0,9.0,11.0,58.0
4965,23.0,6.19,6.19,,100000000.0,4.4,883.0,883.0,4.4,6.0,2.0,8.0,14.0,70.0
4966,,99.99,99.99,99.99,400000000.0,4.4,,,4.4,6.0,3.0,6.0,15.0,70.0
4967,73.0,14.0,14.0,39.99,100000000.0,4.6,900.0,900.0,4.6,2.0,2.0,4.0,12.0,80.0
4968,6.0,30.25,30.25,30.25,100000000.0,4.5,,,4.5,5.0,2.0,3.0,9.0,81.0
4970,6.0,,,,,4.4,233.0,,,,,,,
4972,7.0,21.99,21.99,,300000000.0,4.4,156.0,156.0,4.4,3.0,3.0,12.0,13.0,69.0
4974,5.0,37.03,37.03,,1000000.0,4.3,,,4.3,7.0,3.0,8.0,16.0,66.0
4975,20.0,36.0,36.0,39.99,100000000.0,4.5,980.0,980.0,4.5,2.0,4.0,6.0,15.0,73.0
4976,6.0,29.36,29.36,29.36,1000000.0,4.0,,,4.0,10.0,6.0,10.0,15.0,59.0
4977,1.0,,,,200000000.0,,,,,,,,,
4978,38.0,59.0,59.0,59.0,50000000.0,4.1,,,,,,,,
4980,25.0,119.99,119.99,,200000000.0,3.7,188.0,188.0,3.7,21.0,4.0,9.0,11.0,55.0
4981,7.0,,,,50000000.0,,,,,,,,,
4982,19.0,46.99,46.99,,,4.4,1063.0,1063.0,4.4,9.0,2.0,6.0,8.0,75.0
4983,75.0,,,,200000000.0,,,,,,,,,
4984,64.0,24.99,24.99,24.99,50000000.0,4.7,381.0,381.0,4.7,3.0,1.0,3.0,10.0,83.0
4985,121.0,53.99,53.99,,50000000.0,4.6,,,4.6,3.0,1.0,4.0,9.0,83.0
4986,9.0,24.99,24.99,32.99,200000000.0,4.6,,,,,,,,
4987,14.0,13.99,13.99,,,3.8,1621.0,,,,,,,
4989,2.0,20.86,20.86,29.99,200000000.0,4.5,,,4.5,6.0,2.0,4.0,12.0,76.0
4990,41.0,155.99,155.99,,,4.0,1010.0,1010.0,4.0,15.0,3.0,6.0,11.0,65.0
4992,4.0,,,,400000000.0,,,,,,,,,
4993,116.0,13.27,13.27,,,4.5,1067.0,1067.0,4.5,3.0,1.0,7.0,13.0,76.0
4994,47.0,29.02,29.02,34.21,100000000.0,4.4,173.0,173.0,4.4,3.0,2.0,11.0,15.0,69.0
4995,16.0,7.99,7.99,,200000000.0,4.7,,,4.7,2.0,0.0,3.0,10.0,85.0
4997,206.0,139.5,139.5,199.99,50000000.0,4.0,75.0,,,,,,,
4998,22.0,34.99,34.99,34.99,,4.0,,,4.0,14.0,4.0,6.0,12.0,64.0
4999,7.0,14.99,14.99,,200000000.0,4.6,376.0,,,3.0,1.0,5.0,10.0,81.0
5000,152.0,103.95,103.95,,,4.4,16.0,16.0,4.4,0.0,9.0,8.0,14.0,69.0
5001,2.0,16.99,16.99,,1000000.0,4.6,,,4.6,3.0,1.0,5.0,15.0,76.0
5002,226.0,,,,,4.3,169.0,169.0,4.3,7.0,2.0,10.0,16.0,65.0
5003,327.0,,,,,3.8,71.0,71.0,3.8,12.0,,10.0,11.0,56.0
5004,337.0,9.29,9.29,9.99,,3.7,271.0,271.0,3.7,16.0,7.0,14.0,11.0,52.0
5005,55.0,50.0,50.0,51.67,200000000.0,4.4,773.0,773.0,4.4,10.0,2.0,4.0,7.0,77.0
5006,18.0,,,,100000000.0,,,,,,,,,
5007,29.0,9.99,9.99,,4000000.0,4.6,,,,3.0,1.0,3.0,10.0,83.0
5008,90.0,9.99,9.99,12.9,50000000.0,4.5,212.0,212.0,4.5,4.0,3.0,9.0,9.0,75.0
5009,6.0,,,,400000000.0,,,,,,,,,
5010,59.0,39.99,39.99,49.99,,4.4,,,,,,,,
5012,13.0,24.74,24.74,44.99,50000000.0,4.2,312.0,,,,,,,
5013,27.0,13.49,13.49,14.99,,4.7,2142.0,,,,,,,
5014,21.0,19.99,19.99,,50000000.0,4.8,75.0,75.0,4.8,0.0,0.0,4.0,10.0,86.0
5015,652.0,34.99,34.99,,,5.0,1.0,1.0,5.0,0.0,0.0,0.0,0.0,100.0
5016,9.0,26.99,26.99,,100000000.0,4.8,234.0,234.0,4.8,1.0,1.0,1.0,7.0,90.0
5017,76.0,44.99,44.99,44.99,100000000.0,4.3,2221.0,2221.0,4.3,7.0,5.0,6.0,11.0,71.0
5018,45.0,165.0,165.0,219.99,400000000.0,3.6,2126.0,2126.0,3.6,20.0,10.0,10.0,9.0,51.0
5020,645.0,41.0,41.0,55.97,,4.6,980.0,,,,,,,
5021,9.0,,,,200000000.0,,,,,,,,,
5022,7.0,78.89,78.89,,1000000.0,4.5,,,4.5,5.0,2.0,5.0,13.0,75.0
5023,69.0,34.99,34.99,49.99,50000000.0,4.6,181.0,,,,,,,
5024,11.0,35.99,35.99,42.99,100000000.0,4.4,1213.0,1213.0,4.4,7.0,2.0,7.0,14.0,70.0
5025,42.0,41.99,41.99,49.99,100000000.0,4.8,90.0,,,2.0,0.0,1.0,5.0,92.0
5026,3.0,,,,200000000.0,,,,,,,,,
5028,89.0,35.03,35.03,59.99,50000000.0,4.4,152.0,152.0,4.4,5.0,3.0,8.0,12.0,72.0
5029,67.0,,,,50000000.0,,,,,,,,,
5030,97.0,14.99,14.99,,,4.3,586.0,586.0,4.3,5.0,3.0,9.0,19.0,64.0
5031,47.0,64.99,64.99,,200000000.0,4.3,,,4.3,8.0,3.0,6.0,13.0,70.0
5033,276.0,,,,,3.5,597.0,597.0,3.5,,8.0,9.0,11.0,48.0
5034,160.0,29.99,29.99,49.99,50000000.0,4.7,60.0,60.0,4.7,2.0,0.0,4.0,14.0,80.0
5035,370.0,,,,,4.2,239.0,,,,,,,
5036,8.0,16.99,16.99,,200000000.0,4.5,2179.0,2179.0,4.5,3.0,2.0,7.0,15.0,73.0
5037,21.0,,,,,,,,,,,,,
5038,262.0,41.45,41.45,94.99,50000000.0,4.1,57.0,57.0,4.1,13.0,3.0,7.0,13.0,64.0
5039,29.0,49.9,49.9,,100000000.0,4.2,,,4.2,8.0,4.0,8.0,13.0,67.0
5040,216.0,159.99,159.99,,,4.1,63.0,63.0,4.1,14.0,3.0,4.0,13.0,66.0
5041,40.0,,,,,3.7,28.0,28.0,3.7,14.0,,6.0,7.0,57.0
5042,379.0,49.97,49.97,,,4.4,14.0,14.0,4.4,14.0,0.0,0.0,0.0,86.0
5043,34.0,28.0,28.0,29.99,50000000.0,4.6,383.0,383.0,4.6,3.0,0.0,5.0,10.0,82.0
5044,208.0,42.95,42.95,59.99,100000000.0,4.5,,,4.5,3.0,2.0,6.0,15.0,74.0
5045,30.0,99.99,99.99,,200000000.0,3.9,13.0,13.0,3.9,10.0,8.0,11.0,24.0,47.0
5047,192.0,,,,,,,,,,,,,
5048,3.0,9.98,9.98,,400000000.0,4.4,720.0,720.0,4.4,4.0,3.0,7.0,13.0,73.0
5049,50.0,9.97,9.97,9.97,,4.1,350.0,350.0,4.1,14.0,3.0,5.0,12.0,66.0
5050,150.0,,,,100000000.0,,,,,,,,,
5051,54.0,44.99,44.99,44.99,100000000.0,4.2,2163.0,2163.0,4.2,8.0,6.0,9.0,13.0,64.0
5052,4.0,24.5,24.5,28.97,100000000.0,4.4,,,4.4,8.0,2.0,4.0,9.0,77.0
5053,331.0,7.99,7.99,,,4.1,78.0,78.0,4.1,8.0,5.0,10.0,19.0,58.0
5054,132.0,32.39,32.39,35.99,,4.5,182.0,182.0,4.5,2.0,4.0,7.0,14.0,73.0
5055,1.0,,,,2000000.0,4.6,,,4.6,4.0,1.0,4.0,13.0,78.0
5056,1092.0,99.99,99.99,,,,,,,,,,,
5057,57.0,29.99,29.99,,,4.6,224.0,224.0,4.6,1.0,1.0,5.0,15.0,78.0
5058,12.0,119.99,119.99,139.99,400000000.0,4.4,,,4.4,6.0,3.0,6.0,10.0,75.0
5059,,44.99,44.99,,100000000.0,4.3,2095.0,2095.0,4.3,9.0,3.0,4.0,12.0,72.0
5060,17.0,9.99,9.99,,100000000.0,4.2,228.0,,,,,,,
5061,25.0,35.16,35.16,,100000000.0,4.9,99.0,,,0.0,0.0,2.0,5.0,93.0
5062,54.0,12.14,12.14,12.99,,4.4,444.0,444.0,4.4,5.0,3.0,8.0,11.0,73.0
5063,291.0,17.99,17.99,19.99,,4.4,278.0,278.0,4.4,2.0,1.0,15.0,13.0,69.0
5064,496.0,32.95,32.95,49.99,,3.4,11.0,,,,,,,
5065,105.0,15.99,15.99,17.99,1000000.0,4.8,,,,1.0,1.0,2.0,9.0,87.0
5066,66.0,39.09,39.09,39.09,200000000.0,4.0,,,4.0,14.0,4.0,6.0,12.0,64.0
5067,8.0,21.99,21.99,,200000000.0,4.4,677.0,,,,,,,
5068,13.0,27.99,27.99,35.99,,4.5,780.0,,,,,,,
5069,6.0,69.99,69.99,,300000000.0,,,,,0.0,0.0,0.0,0.0,
5070,29.0,17.99,17.99,,50000000.0,4.0,99.0,99.0,4.0,12.0,5.0,10.0,11.0,62.0
5071,37.0,,,,,4.4,387.0,,,,,,,
5072,88.0,24.99,24.99,,,4.2,960.0,960.0,4.2,7.0,4.0,11.0,17.0,61.0
5073,469.0,33.66,33.66,39.69,,4.4,332.0,332.0,4.4,5.0,2.0,6.0,16.0,71.0
5074,71.0,64.99,64.99,64.99,200000000.0,3.6,12.0,12.0,3.6,17.0,10.0,11.0,17.0,45.0
5075,35.0,19.99,19.99,,50000000.0,4.1,252.0,252.0,4.1,11.0,5.0,7.0,14.0,63.0
5076,93.0,,,,,4.6,586.0,586.0,4.6,3.0,1.0,4.0,10.0,82.0
5077,149.0,67.89,67.89,89.99,50000000.0,4.3,2954.0,2954.0,4.3,8.0,5.0,8.0,9.0,70.0
5079,18.0,38.89,38.89,44.99,,4.2,210.0,210.0,4.2,12.0,2.0,6.0,9.0,71.0
5080,46.0,,,,,3.6,74.0,74.0,3.6,,0.0,11.0,8.0,54.0
5081,17.0,35.99,35.99,,50000000.0,4.6,810.0,810.0,4.6,4.0,2.0,2.0,12.0,80.0
5082,23.0,16.99,16.99,,,4.4,218.0,218.0,4.4,4.0,3.0,7.0,17.0,69.0
5083,629.0,,,,,4.2,93.0,,,,,,,
5084,59.0,52.72,52.72,,100000000.0,4.6,56.0,,,,,,,
5085,82.0,,,,,4.7,487.0,,,3.0,1.0,5.0,8.0,83.0
5086,9.0,,,,400000000.0,4.2,,,4.2,11.0,5.0,6.0,11.0,67.0
5087,231.0,15.98,15.98,,,4.5,237.0,237.0,4.5,2.0,4.0,8.0,15.0,71.0
5088,93.0,19.99,19.99,39.99,50000000.0,4.2,76.0,76.0,4.2,8.0,6.0,8.0,13.0,65.0
5089,2.0,64.99,64.99,129.99,300000000.0,3.7,140.0,140.0,3.7,21.0,6.0,9.0,9.0,55.0
5090,92.0,34.99,34.99,34.99,200000000.0,4.4,249.0,249.0,4.4,6.0,2.0,7.0,8.0,77.0
5091,3.0,28.99,28.99,,200000000.0,4.6,786.0,786.0,4.6,3.0,3.0,3.0,11.0,80.0
5092,58.0,29.99,29.99,59.95,300000000.0,4.1,,,4.1,12.0,6.0,6.0,13.0,63.0
5093,585.0,11.94,11.94,11.94,,4.4,173.0,,,,,,,
5094,289.0,29.99,29.99,,,,,,,0.0,0.0,0.0,0.0,
5095,71.0,28.0,28.0,49.99,50000000.0,4.6,117.0,,,,,,,
5096,195.0,,,,100000000.0,,,,,,,,,
5097,66.0,5.49,5.49,12.99,50000000.0,4.5,,,4.5,4.0,2.0,5.0,13.0,76.0
5098,5.0,99.99,99.99,,200000000.0,4.6,85.0,85.0,4.6,2.0,0.0,3.0,20.0,75.0
5100,286.0,8.99,8.99,9.49,,4.7,95.0,95.0,4.7,2.0,1.0,4.0,12.0,81.0
5101,260.0,49.99,49.99,,50000000.0,4.3,105.0,,,,,,,
5102,87.0,12.99,12.99,,,4.6,344.0,344.0,4.6,3.0,3.0,6.0,7.0,81.0
5103,415.0,12.0,12.0,19.99,,4.2,3.0,3.0,4.2,0.0,0.0,,0.0,62.0
5104,116.0,,,,200000000.0,,,,,,,,,
5105,1582.0,29.99,29.99,29.99,,4.7,146.0,,,2.0,0.0,3.0,13.0,82.0
5106,226.0,8.95,8.95,,,4.4,671.0,671.0,4.4,5.0,2.0,8.0,18.0,67.0
5107,61.0,191.99,191.99,191.99,200000000.0,4.0,875.0,875.0,4.0,13.0,6.0,7.0,10.0,64.0
5109,489.0,9.99,9.99,13.99,100000000.0,4.5,64.0,,,,,,,
5110,185.0,23.99,23.99,23.99,,4.7,,,4.7,2.0,1.0,3.0,12.0,82.0
5111,135.0,48.0,48.0,68.0,,3.9,15.0,15.0,3.9,8.0,,17.0,10.0,54.0
5113,2.0,12.95,12.95,,200000000.0,4.7,264.0,264.0,4.7,1.0,2.0,3.0,11.0,83.0
5114,22.0,39.19,39.19,69.99,100000000.0,4.1,481.0,,,,,,,
5115,188.0,8.96,8.96,,,4.2,64.0,64.0,4.2,6.0,9.0,8.0,13.0,64.0
5116,158.0,36.99,36.99,,100000000.0,4.4,334.0,,,7.0,2.0,5.0,17.0,69.0
5117,17.0,129.99,129.99,129.99,50000000.0,4.2,,,4.2,8.0,5.0,6.0,13.0,68.0
5118,464.0,15.29,15.29,17.09,,4.2,588.0,588.0,4.2,9.0,3.0,9.0,11.0,68.0
5119,129.0,,,,,,,,,,,,,
5120,112.0,20.0,20.0,,,4.5,75.0,,,3.0,2.0,10.0,14.0,71.0
5121,170.0,3.72,3.72,9.98,,4.7,345.0,345.0,4.7,2.0,1.0,3.0,11.0,83.0
5122,122.0,14.99,14.99,,,4.5,1262.0,1262.0,4.5,4.0,3.0,5.0,12.0,76.0
5125,33.0,26.99,26.99,,,4.6,431.0,431.0,4.6,4.0,1.0,3.0,9.0,83.0
5126,271.0,19.99,19.99,19.99,,4.3,213.0,213.0,4.3,6.0,2.0,8.0,18.0,66.0
5127,220.0,9.99,9.99,14.99,,3.9,23.0,,,13.0,7.0,0.0,,46.0
5128,3.0,39.99,39.99,39.99,200000000.0,4.6,2952.0,,,,,,,
5130,91.0,19.79,19.79,,50000000.0,4.4,159.0,,,3.0,3.0,7.0,17.0,70.0
5131,219.0,59.99,59.99,,,4.5,72.0,72.0,4.5,5.0,3.0,2.0,14.0,76.0
5132,1.0,24.69,24.69,29.0,1000000.0,4.6,,,4.6,3.0,1.0,5.0,13.0,78.0
5133,10.0,16.99,16.99,,200000000.0,4.5,234.0,234.0,4.5,5.0,2.0,6.0,12.0,75.0
5134,52.0,63.99,63.99,63.99,300000000.0,4.2,,,4.2,10.0,4.0,5.0,16.0,65.0
5135,10.0,37.99,37.99,,,3.5,99.0,,,,,,,
5136,126.0,77.39,77.39,,100000000.0,4.4,209.0,209.0,4.4,12.0,2.0,2.0,4.0,80.0
5137,467.0,17.99,17.99,29.99,,3.9,25.0,,,18.0,4.0,6.0,12.0,60.0
5138,85.0,9.96,9.96,,,4.2,50.0,,,,,,,
5140,104.0,,,,100000000.0,,,,,,,,,
5141,57.0,14.99,14.99,,,4.6,1516.0,1516.0,4.6,3.0,3.0,5.0,12.0,77.0
5142,236.0,,,,,,,,,,,,,
5143,56.0,,,,,5.0,1.0,,,,,,,
5144,283.0,39.99,39.99,,50000000.0,4.4,,,4.4,6.0,3.0,9.0,11.0,71.0
5145,22.0,,,,,,,,,,,,,
5147,214.0,,,,50000000.0,,,,,,,,,
5148,74.0,34.42,34.42,59.99,100000000.0,4.7,,,,,,,,
5149,53.0,49.99,49.99,,100000000.0,4.4,105.0,105.0,4.4,6.0,3.0,5.0,14.0,72.0
5150,251.0,101.98,101.98,119.99,50000000.0,4.4,214.0,214.0,4.4,7.0,1.0,5.0,16.0,71.0
5151,153.0,28.9,28.9,28.9,,4.4,592.0,592.0,4.4,2.0,4.0,10.0,16.0,68.0
5152,341.0,19.94,19.94,25.44,,3.9,171.0,,,13.0,5.0,14.0,15.0,53.0
5153,142.0,30.98,30.98,33.25,,4.6,281.0,281.0,4.6,1.0,1.0,6.0,12.0,80.0
5154,71.0,,,,,4.7,307.0,,,,,,,
5155,47.0,,,,,4.3,,,,,,,,
5156,150.0,69.99,69.99,,,4.7,35.0,35.0,4.7,0.0,0.0,7.0,15.0,78.0
5157,9.0,12.99,12.99,13.99,100000000.0,4.4,,,4.4,5.0,2.0,7.0,13.0,73.0
5158,172.0,25.99,25.99,,,4.5,223.0,223.0,4.5,3.0,3.0,5.0,16.0,73.0
5159,125.0,45.99,45.99,,50000000.0,,69.0,69.0,,,0.0,2.0,3.0,47.0
5160,1071.0,153.71,153.71,,,4.6,79.0,79.0,4.6,3.0,0.0,3.0,15.0,79.0
5161,7.0,20.99,20.99,24.8,400000000.0,4.4,2279.0,2279.0,4.4,6.0,1.0,6.0,13.0,74.0
5162,116.0,29.93,29.93,,,4.1,26.0,,,9.0,5.0,8.0,20.0,58.0
5163,102.0,,,,100000000.0,,,,,,,,,
5164,3.0,,,,,4.6,1461.0,1461.0,4.6,3.0,1.0,4.0,11.0,81.0
5165,596.0,159.99,159.99,,,4.0,26.0,,,,,,,
5166,93.0,34.91,34.91,34.91,,4.2,,,4.2,8.0,5.0,9.0,13.0,65.0
5167,359.0,29.99,29.99,29.99,,3.8,61.0,,,15.0,8.0,8.0,17.0,52.0
5168,445.0,126.96,126.96,169.98,50000000.0,5.0,1.0,,,,,,,
5169,15.0,21.99,21.99,,50000000.0,4.2,72.0,72.0,4.2,9.0,2.0,14.0,11.0,64.0
5170,,17.99,17.99,,,4.3,450.0,450.0,4.3,11.0,3.0,3.0,8.0,75.0
5171,120.0,,,,200000000.0,,,,,,,,,
5172,377.0,6.98,6.98,,,4.3,776.0,,,8.0,2.0,7.0,12.0,71.0
5173,31.0,,,,200000000.0,,,,,,,,,
5174,193.0,15.84,15.84,,,4.4,188.0,,,7.0,3.0,3.0,12.0,75.0
5175,46.0,18.99,18.99,,50000000.0,4.4,1338.0,1338.0,4.4,6.0,2.0,9.0,12.0,71.0
5176,453.0,,,,,3.9,516.0,516.0,3.9,13.0,7.0,11.0,9.0,60.0
5177,128.0,23.32,23.32,39.99,50000000.0,4.7,310.0,,,,,,,
5178,252.0,,,,,,,,,,,,,
5179,100.0,98.88,98.88,,,4.3,155.0,155.0,4.3,8.0,3.0,8.0,11.0,70.0
5180,79.0,,,,,4.4,32.0,32.0,4.4,4.0,6.0,7.0,13.0,70.0
5181,183.0,19.99,19.99,29.98,,,22.0,,,,,,,
5182,87.0,35.99,35.99,44.99,100000000.0,4.3,139.0,139.0,4.3,7.0,5.0,8.0,12.0,68.0
5183,38.0,35.97,35.97,,50000000.0,4.7,396.0,,,2.0,0.0,3.0,13.0,82.0
5184,24.0,21.99,21.99,,,4.6,42.0,,,,,,,
5185,201.0,27.64,27.64,39.99,,4.5,59.0,,,,,,,
5186,494.0,14.43,14.43,,,4.1,55.0,,,11.0,3.0,11.0,10.0,65.0
5187,57.0,55.84,55.84,59.95,,4.4,,,,,,,,
5188,120.0,11.99,11.99,,,4.4,110.0,,,,,,,
5189,68.0,,,,200000000.0,,,,,,,,,
5191,247.0,14.99,14.99,,,4.2,366.0,366.0,4.2,8.0,3.0,8.0,15.0,66.0
5192,2.0,85.99,85.99,,200000000.0,4.3,1886.0,1886.0,4.3,10.0,3.0,5.0,13.0,69.0
5193,454.0,13.49,13.49,,,4.7,365.0,365.0,4.7,3.0,1.0,3.0,5.0,88.0
5194,48.0,,,,,4.8,52.0,,,,,,,
5195,318.0,18.95,18.95,19.95,,4.4,53.0,,,5.0,4.0,7.0,11.0,73.0
5196,1.0,17.99,17.99,,1000000.0,4.6,,,4.6,3.0,1.0,4.0,12.0,80.0
5197,462.0,119.99,119.99,,,4.5,55.0,,,9.0,0.0,3.0,7.0,81.0
5198,1.0,17.99,17.99,,1000000.0,4.7,,,4.7,2.0,0.0,4.0,11.0,83.0
5199,3.0,9.99,9.99,,200000000.0,4.5,1673.0,,,4.0,2.0,7.0,15.0,72.0
5200,425.0,30.3,30.3,,,4.3,342.0,342.0,4.3,5.0,3.0,11.0,21.0,60.0
5201,44.0,85.99,85.99,,50000000.0,4.3,1557.0,1557.0,4.3,7.0,2.0,7.0,18.0,66.0
5202,65.0,,,,,,,,,,,,,
5203,253.0,19.97,19.97,,,4.3,19.0,,,,,,,
5205,163.0,63.44,63.44,74.99,,4.5,54.0,,,,,,,
5206,22.0,13.49,13.49,14.99,,4.7,260.0,260.0,4.7,1.0,2.0,3.0,9.0,85.0
5207,164.0,26.99,26.99,44.99,50000000.0,4.0,2289.0,2289.0,4.0,12.0,6.0,7.0,14.0,61.0
5208,22.0,14.99,14.99,,50000000.0,4.5,365.0,365.0,4.5,1.0,2.0,7.0,17.0,73.0
5209,857.0,18.99,18.99,,,4.5,123.0,123.0,4.5,2.0,4.0,5.0,13.0,76.0
5210,113.0,127.98,127.98,169.99,100000000.0,3.9,280.0,280.0,3.9,16.0,4.0,8.0,12.0,60.0
5211,5.0,89.99,89.99,,300000000.0,4.5,58.0,,,,,,,
5212,322.0,45.21,45.21,49.99,,4.2,24.0,24.0,4.2,14.0,0.0,9.0,9.0,68.0
5213,274.0,41.91,41.91,59.99,,4.0,16.0,,,,,,,
5214,861.0,15.99,15.99,,50000000.0,4.6,12.0,,,,,,,
5215,29.0,16.49,16.49,,,4.6,249.0,249.0,4.6,2.0,1.0,7.0,12.0,78.0
5217,1.0,23.39,23.39,28.99,,4.5,901.0,,,,,,,
5218,2.0,54.99,54.99,,100000000.0,4.7,318.0,318.0,4.7,2.0,1.0,5.0,9.0,83.0
5219,484.0,16.43,16.43,17.94,,4.2,54.0,54.0,4.2,5.0,4.0,13.0,17.0,61.0
5220,6.0,159.99,159.99,159.99,100000000.0,4.3,1218.0,,,,,,,
5221,233.0,34.0,34.0,39.99,,3.8,20.0,20.0,3.8,17.0,10.0,8.0,7.0,58.0
5222,121.0,84.98,84.98,95.6,,3.8,32.0,,,,,,,
5223,23.0,,,,,4.6,741.0,741.0,4.6,3.0,3.0,4.0,10.0,80.0
5224,,79.99,79.99,,50000000.0,5.0,3.0,3.0,5.0,0.0,0.0,0.0,0.0,100.0
5225,96.0,,,,,5.0,2.0,,,,,,,
5226,24.0,,,,,4.7,,,4.7,4.0,1.0,1.0,8.0,86.0
5227,242.0,12.99,12.99,,,4.6,233.0,233.0,4.6,4.0,1.0,6.0,10.0,79.0
5228,28.0,26.99,26.99,,,4.2,12.0,12.0,4.2,11.0,0.0,11.0,13.0,65.0
5229,555.0,,,,,,7.0,7.0,,,0.0,0.0,19.0,
5230,292.0,49.99,49.99,59.99,,4.8,50.0,50.0,4.8,0.0,0.0,5.0,10.0,85.0
5231,241.0,15.55,15.55,,,4.4,48.0,48.0,4.4,7.0,4.0,5.0,8.0,76.0
5232,172.0,,,,100000000.0,,,,,,,,,
5233,145.0,15.99,15.99,,100000000.0,4.3,26.0,26.0,4.3,4.0,5.0,10.0,16.0,65.0
5234,32.0,15.29,15.29,17.09,,4.0,28.0,28.0,4.0,11.0,4.0,6.0,,51.0
5235,19.0,8.98,8.98,,50000000.0,4.7,222.0,,,,,,,
5236,79.0,66.15,66.15,79.0,,4.3,2447.0,,,,,,,
5237,97.0,,,,300000000.0,,,,,,,,,
5238,56.0,,,,100000000.0,,,,,,,,,
5239,1261.0,19.99,19.99,,,4.2,239.0,,,,,,,
5240,487.0,7.19,7.19,7.99,,4.3,347.0,347.0,4.3,10.0,3.0,6.0,9.0,72.0
5241,345.0,,,,,4.7,104.0,104.0,4.7,3.0,0.0,3.0,10.0,84.0
5242,750.0,,,,50000000.0,,,,,,,,,
5243,33.0,28.99,28.99,39.99,400000000.0,4.8,,,4.8,0.0,1.0,3.0,10.0,86.0
5244,152.0,17.48,17.48,,50000000.0,4.6,,,4.6,2.0,1.0,5.0,13.0,79.0
5245,24.0,13.29,13.29,13.99,,4.6,1276.0,1276.0,4.6,2.0,1.0,6.0,17.0,74.0
5246,531.0,26.02,26.02,,,4.6,402.0,,,,,,,
5247,276.0,41.99,41.99,,,5.0,5.0,5.0,5.0,0.0,0.0,0.0,0.0,100.0
5248,90.0,,,,100000000.0,,,,,,,,,
5249,39.0,44.99,44.99,49.99,,4.5,124.0,124.0,4.5,3.0,6.0,3.0,12.0,76.0
5250,84.0,24.99,24.99,,,4.3,56.0,,,,,,,
5251,524.0,,,,,5.0,6.0,6.0,5.0,0.0,0.0,0.0,0.0,100.0
5252,101.0,,,,50000000.0,,,,,,,,,
5253,185.0,27.5,27.5,,,4.5,1046.0,1046.0,4.5,4.0,3.0,3.0,13.0,77.0
5254,998.0,49.99,49.99,,,,,,,0.0,0.0,0.0,0.0,
5255,28.0,55.84,55.84,59.95,1000000.0,4.4,,,4.4,7.0,3.0,6.0,12.0,72.0
5256,542.0,29.99,29.99,,,4.0,9.0,9.0,4.0,,0.0,0.0,0.0,76.0
5257,17.0,18.98,18.98,26.99,,4.5,2333.0,2333.0,4.5,6.0,1.0,4.0,11.0,78.0
5258,809.0,7.95,7.95,12.94,,4.5,593.0,593.0,4.5,2.0,3.0,4.0,18.0,73.0
5259,24.0,39.99,39.99,,,4.6,32.0,,,,,,,
5260,250.0,,,,,,,,,,,,,
5261,964.0,79.99,79.99,79.99,,3.8,1373.0,,,,,,,
5262,,15.29,15.29,17.99,,4.5,64.0,64.0,4.5,5.0,0.0,9.0,10.0,76.0
5263,7.0,,,,200000000.0,4.0,2211.0,,,,,,,
5264,2096.0,191.76,191.76,,,4.3,431.0,431.0,4.3,10.0,3.0,6.0,12.0,69.0
5265,40.0,24.99,24.99,,,4.4,76.0,76.0,4.4,6.0,4.0,4.0,12.0,74.0
5266,38.0,44.99,44.99,49.99,,4.6,428.0,428.0,4.6,2.0,0.0,7.0,15.0,76.0
5267,265.0,,,,,,,,,,,,,
5268,55.0,11.99,11.99,19.99,200000000.0,4.3,33.0,,,,,,,
5269,352.0,54.99,54.99,59.99,,4.4,443.0,443.0,4.4,9.0,3.0,5.0,6.0,77.0
5270,189.0,,,,50000000.0,,,,,,,,,
5271,172.0,27.83,27.83,,,4.6,953.0,953.0,4.6,3.0,2.0,5.0,11.0,79.0
5272,68.0,19.99,19.99,19.99,100000000.0,4.0,337.0,337.0,4.0,12.0,4.0,9.0,17.0,58.0
5273,65.0,24.99,24.99,,,4.3,324.0,,,,,,,
5274,12.0,16.99,16.99,,100000000.0,4.6,2394.0,2394.0,4.6,2.0,1.0,6.0,13.0,78.0
5275,19.0,68.88,68.88,,,4.7,14.0,14.0,4.7,0.0,0.0,8.0,10.0,82.0
5276,2.0,24.99,24.99,24.99,,4.5,,,4.5,3.0,2.0,6.0,15.0,74.0
5278,125.0,14.49,14.49,,,4.4,472.0,472.0,4.4,4.0,3.0,8.0,14.0,71.0
5279,25.0,21.99,21.99,,100000000.0,4.5,106.0,,,,,,,
5280,23.0,15.29,15.29,17.99,,4.8,8.0,8.0,4.8,0.0,0.0,0.0,19.0,81.0
5281,,29.99,29.99,,,4.7,29.0,29.0,4.7,0.0,0.0,13.0,6.0,81.0
5282,35.0,19.99,19.99,19.99,100000000.0,4.4,,,4.4,7.0,2.0,5.0,12.0,74.0
5284,34.0,12.99,12.99,,,4.6,228.0,228.0,4.6,3.0,1.0,6.0,11.0,79.0
5285,202.0,28.05,28.05,29.99,,4.3,19.0,19.0,4.3,7.0,0.0,0.0,,57.0
5286,1676.0,24.99,24.99,,,4.3,14.0,14.0,4.3,11.0,0.0,0.0,24.0,65.0
5287,5.0,16.99,16.99,16.99,50000000.0,4.0,659.0,659.0,4.0,10.0,6.0,11.0,16.0,57.0
5288,118.0,35.99,35.99,42.99,50000000.0,4.4,267.0,267.0,4.4,6.0,1.0,9.0,12.0,72.0
5289,2134.0,59.99,59.99,59.99,,5.0,1.0,1.0,5.0,0.0,0.0,0.0,0.0,100.0
5290,177.0,59.99,59.99,,50000000.0,,,,,0.0,0.0,0.0,0.0,
5291,585.0,59.99,59.99,,,,,,,0.0,0.0,0.0,0.0,
5292,10.0,21.99,21.99,,,4.5,819.0,819.0,4.5,4.0,2.0,4.0,18.0,72.0
5294,82.0,77.0,77.0,89.98,50000000.0,3.8,239.0,,,,,,,
5295,264.0,24.99,24.99,,,4.6,1143.0,1143.0,4.6,4.0,1.0,5.0,9.0,81.0
5296,11.0,18.99,18.99,,,4.6,106.0,106.0,4.6,2.0,3.0,7.0,10.0,78.0
5297,10.0,16.49,16.49,,,4.6,249.0,249.0,4.6,2.0,1.0,7.0,12.0,78.0
5298,299.0,39.99,39.99,59.99,,4.7,39.0,39.0,4.7,4.0,0.0,0.0,8.0,88.0
5299,942.0,50.6,50.6,,,3.7,4.0,,,,,,,
5300,8.0,22.99,22.99,24.99,,4.0,123.0,,,15.0,5.0,6.0,8.0,66.0
5302,29.0,73.0,73.0,119.99,50000000.0,4.1,355.0,355.0,4.1,11.0,3.0,8.0,13.0,65.0
5304,56.0,34.99,34.99,44.99,200000000.0,4.2,2055.0,2055.0,4.2,9.0,4.0,7.0,10.0,70.0
5305,50.0,24.99,24.99,,,4.6,56.0,56.0,4.6,4.0,0.0,6.0,6.0,84.0
5306,24.0,29.99,29.99,32.99,50000000.0,4.6,117.0,,,,,,,
5307,,24.99,24.99,,,4.4,237.0,237.0,4.4,2.0,3.0,12.0,11.0,72.0
5308,27.0,11.89,11.89,13.99,,3.9,59.0,59.0,3.9,6.0,,17.0,12.0,53.0
5309,187.0,35.93,35.93,39.99,,4.6,322.0,322.0,4.6,2.0,1.0,5.0,20.0,72.0
5310,21.0,26.99,26.99,,,,,,,0.0,0.0,0.0,0.0,
5311,788.0,69.99,69.99,,,4.4,21.0,21.0,4.4,12.0,0.0,0.0,9.0,79.0
5312,1.0,9.99,9.99,,,4.4,142.0,,,,,,,
5313,176.0,18.95,18.95,23.99,,4.5,123.0,,,,,,,
5314,526.0,,,,,,,,,,,,,
5315,222.0,179.99,179.99,,,4.1,7.0,,,,,,,
5316,537.0,,,,,3.9,48.0,48.0,3.9,12.0,10.0,7.0,15.0,56.0
5317,44.0,,,,,4.5,352.0,,,,,,,
5318,72.0,,,,50000000.0,,,,,,,,,
5320,483.0,12.99,12.99,,,3.7,10.0,10.0,3.7,12.0,0.0,,,
5321,130.0,24.99,24.99,,,4.5,101.0,101.0,4.5,3.0,5.0,4.0,15.0,73.0
5322,405.0,,,,,4.5,874.0,874.0,4.5,3.0,3.0,10.0,12.0,72.0
5323,570.0,18.79,18.79,,50000000.0,4.8,7.0,,,0.0,0.0,0.0,14.0,86.0
5325,343.0,46.99,46.99,,,4.3,359.0,359.0,4.3,7.0,3.0,7.0,13.0,70.0
5326,12.0,109.99,109.99,,50000000.0,4.3,552.0,552.0,4.3,7.0,2.0,9.0,15.0,67.0
5327,14.0,79.99,79.99,99.99,2000000.0,4.4,,,,,,,,
5328,315.0,25.23,25.23,,,4.6,189.0,,,,,,,
5329,268.0,47.0,47.0,49.99,,3.9,33.0,33.0,3.9,18.0,0.0,14.0,7.0,61.0
5330,19.0,24.99,24.99,,100000000.0,4.7,61.0,61.0,4.7,6.0,0.0,0.0,7.0,87.0
5331,127.0,54.53,54.53,59.99,100000000.0,4.2,68.0,68.0,4.2,11.0,4.0,9.0,5.0,71.0
5332,184.0,,,,,,,,,,,,,
5333,74.0,9.88,9.88,,100000000.0,4.6,362.0,362.0,4.6,3.0,2.0,3.0,9.0,83.0
5334,458.0,59.98,59.98,59.98,,3.9,,,,,,,,
5335,164.0,19.57,19.57,,,4.6,156.0,156.0,4.6,3.0,2.0,4.0,14.0,77.0
5336,380.0,,,,,4.5,193.0,193.0,4.5,5.0,2.0,3.0,11.0,79.0
5337,106.0,39.49,39.49,49.99,100000000.0,3.7,1123.0,1123.0,3.7,14.0,10.0,10.0,17.0,49.0
5338,10.0,14.99,14.99,,,4.4,111.0,111.0,4.4,5.0,2.0,7.0,15.0,71.0
5339,538.0,14.99,14.99,,,5.0,1.0,1.0,5.0,0.0,0.0,0.0,0.0,100.0
5340,42.0,30.95,30.95,,,4.0,8.0,8.0,4.0,10.0,0.0,,15.0,55.0
5341,32.0,69.99,69.99,69.99,300000000.0,4.1,,,,,,,,
5342,4.0,6.99,6.99,,3000000.0,4.4,1057.0,,,6.0,2.0,6.0,11.0,75.0
5343,642.0,4.99,4.99,,,4.2,761.0,761.0,4.2,5.0,6.0,12.0,12.0,65.0
5344,166.0,59.99,59.99,,50000000.0,,,,,0.0,0.0,0.0,0.0,
5345,37.0,54.99,54.99,,100000000.0,4.1,1313.0,,,,,,,
5346,247.0,,,,50000000.0,,,,,,,,,
5347,199.0,33.84,33.84,,,4.7,136.0,136.0,4.7,0.0,4.0,3.0,13.0,80.0
5348,187.0,14.99,14.99,,,4.6,747.0,747.0,4.6,3.0,1.0,4.0,11.0,81.0
5349,126.0,39.99,39.99,,,5.0,2.0,2.0,5.0,0.0,0.0,0.0,0.0,100.0
5350,11.0,,,,,,,,,,,,,
5352,3.0,,,,300000000.0,,,,,,,,,
5353,33.0,11.99,11.99,,50000000.0,3.9,181.0,181.0,3.9,12.0,2.0,12.0,,48.0
5354,136.0,44.99,44.99,,,3.6,18.0,,,,,,,
5356,511.0,,,,,4.7,,,4.7,3.0,1.0,3.0,8.0,85.0
5357,82.0,39.99,39.99,,,4.9,41.0,41.0,4.9,0.0,0.0,0.0,11.0,89.0
5358,284.0,24.92,24.92,,,4.7,367.0,367.0,4.7,3.0,2.0,5.0,5.0,85.0
5359,207.0,11.99,11.99,13.99,,5.0,11.0,11.0,5.0,0.0,0.0,0.0,0.0,100.0
5360,137.0,,,,200000000.0,,,,,,,,,
5361,290.0,14.28,14.28,15.95,,4.3,618.0,,,,,,,
5362,3.0,159.99,159.99,,100000000.0,4.1,1837.0,,,,,,,
5363,2.0,10.99,10.99,,4000000.0,4.0,,,4.0,10.0,6.0,12.0,14.0,58.0
5364,539.0,3.99,3.99,,,4.7,46.0,46.0,4.7,0.0,0.0,9.0,14.0,77.0
5365,26.0,,,,,4.1,720.0,,,,,,,
5366,402.0,6.72,6.72,9.94,,4.5,517.0,,,4.0,3.0,6.0,9.0,78.0
5367,221.0,29.99,29.99,,,4.9,22.0,,,,,,,
5368,385.0,21.92,21.92,,,4.5,34.0,,,6.0,0.0,7.0,9.0,78.0
5369,30.0,,,,50000000.0,4.3,688.0,688.0,4.3,10.0,1.0,4.0,11.0,74.0
5370,108.0,8.99,8.99,,300000000.0,4.6,87.0,87.0,4.6,3.0,1.0,4.0,9.0,83.0
5371,157.0,,,,100000000.0,,,,,,,,,
5372,221.0,59.99,59.99,,50000000.0,,,,,0.0,0.0,0.0,0.0,
5373,5.0,,,,50000000.0,,,,,,,,,
5374,477.0,34.0,34.0,,,4.4,318.0,318.0,4.4,7.0,3.0,3.0,11.0,76.0
5375,57.0,18.99,18.99,,,4.6,39.0,,,,,,,
5376,1997.0,25.01,25.01,,,4.3,464.0,,,8.0,2.0,5.0,15.0,70.0
5377,2.0,,,,300000000.0,,,,,,,,,
5378,917.0,15.99,15.99,,,5.0,6.0,6.0,5.0,0.0,0.0,0.0,0.0,100.0
5379,178.0,119.95,119.95,,50000000.0,,28.0,28.0,,,9.0,6.0,7.0,47.0
5380,,63.5,63.5,,,4.3,6.0,6.0,4.3,0.0,0.0,,0.0,64.0
5381,179.0,,,,,,,,,,,,,
5382,441.0,15.99,15.99,35.99,50000000.0,4.5,41.0,,,,,,,
5383,855.0,119.99,119.99,,,4.2,30.0,,,,,,,
5384,80.0,11.99,11.99,13.99,,3.8,37.0,37.0,3.8,13.0,7.0,16.0,11.0,53.0
5385,288.0,11.95,11.95,,,4.4,553.0,553.0,4.4,4.0,5.0,7.0,8.0,76.0
5386,190.0,26.0,26.0,,,4.6,222.0,,,4.0,2.0,4.0,7.0,83.0
5387,896.0,,,,,5.0,1.0,1.0,5.0,0.0,0.0,0.0,0.0,100.0
5388,624.0,12.63,12.63,13.95,,4.3,228.0,228.0,4.3,2.0,9.0,5.0,19.0,65.0
5389,31.0,,,,,,,,,,,,,
5390,302.0,49.99,49.99,,,,,,,,,,,
5391,206.0,,,,,,,,,,,,,
5392,31.0,,,,,4.2,15.0,15.0,4.2,12.0,5.0,0.0,10.0,73.0
5393,,5.85,5.85,6.99,100000000.0,4.4,454.0,454.0,4.4,7.0,2.0,4.0,12.0,75.0
5394,,29.99,29.99,,,4.0,1.0,1.0,4.0,0.0,0.0,0.0,,
5395,94.0,9.9,9.9,,,,,,,0.0,0.0,0.0,0.0,
5396,255.0,40.36,40.36,52.37,,4.7,825.0,,,1.0,3.0,3.0,11.0,82.0
5397,247.0,16.99,16.99,19.99,,5.0,26.0,,,,,,,
5398,145.0,85.0,85.0,99.99,200000000.0,4.0,81.0,81.0,4.0,13.0,4.0,13.0,9.0,61.0
5399,82.0,,,,,4.0,173.0,173.0,4.0,15.0,4.0,5.0,15.0,61.0
5400,,,,,,3.6,13.0,,,,,,,
5401,6.0,21.99,21.99,,400000000.0,4.2,2361.0,2361.0,4.2,11.0,3.0,7.0,13.0,66.0
5402,18.0,16.99,16.99,,,3.9,426.0,,,,,,,
5403,292.0,,,,,,,,,,,,,
5404,40.0,24.99,24.99,,,4.3,324.0,324.0,4.3,8.0,2.0,9.0,12.0,69.0
5405,393.0,26.99,26.99,29.99,300000000.0,4.3,,,4.3,7.0,4.0,7.0,12.0,70.0
5406,10.0,31.32,31.32,34.3,200000000.0,3.8,145.0,145.0,3.8,21.0,2.0,10.0,9.0,58.0
5407,356.0,,,,,4.4,,,,,,,,
5408,260.0,37.99,37.99,44.44,,4.5,39.0,,,,,,,
5409,114.0,24.99,24.99,,,4.4,123.0,123.0,4.4,4.0,4.0,9.0,12.0,71.0
5410,286.0,129.99,129.99,129.99,,4.5,17.0,,,,,,,
5411,889.0,79.49,79.49,,50000000.0,4.7,2181.0,2181.0,4.7,3.0,0.0,3.0,8.0,86.0
5412,,24.95,24.95,,,,,,,0.0,0.0,0.0,0.0,
5413,82.0,12.99,12.99,,,4.6,37.0,37.0,4.6,5.0,3.0,0.0,6.0,86.0
5414,194.0,22.0,22.0,24.44,,4.4,33.0,,,,,,,
5415,670.0,16.99,16.99,,,4.7,1190.0,,,,,,,
5416,535.0,99.99,99.99,,,,,,,,,,,
5417,234.0,16.58,16.58,19.99,,4.0,29.0,,,11.0,5.0,14.0,15.0,55.0
5418,186.0,14.94,14.94,,,5.0,10.0,,,,,,,
5419,8.0,,,,,4.3,49.0,,,,,,,
5420,12.0,,,,,4.4,129.0,,,,,,,
5421,282.0,8.25,8.25,12.83,,4.5,412.0,,,4.0,1.0,8.0,12.0,75.0
5422,,39.99,39.99,45.49,,4.5,712.0,,,5.0,1.0,5.0,15.0,74.0
5423,392.0,18.95,18.95,,,3.8,22.0,22.0,3.8,10.0,,10.0,19.0,50.0
5424,54.0,,,,,4.8,27.0,,,,,,,
5425,73.0,14.99,14.99,,,4.6,747.0,,,,,,,
5426,30.0,16.99,16.99,,,4.7,227.0,227.0,4.7,2.0,1.0,3.0,10.0,84.0
5427,22.0,69.99,69.99,,,,,,,,,,,
5428,520.0,4.99,4.99,,,4.0,239.0,,,,,,,
5429,8.0,39.99,39.99,,50000000.0,4.7,118.0,,,,,,,
5430,15.0,6.99,6.99,,50000000.0,4.1,62.0,62.0,4.1,14.0,3.0,7.0,9.0,67.0
5431,284.0,8.99,8.99,,100000000.0,4.8,122.0,122.0,4.8,1.0,1.0,3.0,8.0,87.0
5433,77.0,11.96,11.96,13.99,,4.1,657.0,657.0,4.1,9.0,4.0,10.0,15.0,62.0
5434,235.0,39.99,39.99,,,4.3,10.0,10.0,4.3,18.0,0.0,0.0,0.0,82.0
5435,13.0,53.99,53.99,59.99,50000000.0,4.9,146.0,,,,,,,
5436,114.0,,,,,4.5,210.0,,,,,,,
5437,70.0,,,,100000000.0,,,,,,,,,
5438,265.0,209.99,209.99,,,4.1,6.0,,,,,,,
5439,378.0,25.99,25.99,,50000000.0,4.2,2510.0,2510.0,4.2,8.0,4.0,8.0,12.0,68.0
5440,639.0,13.49,13.49,14.99,,4.3,117.0,117.0,4.3,8.0,2.0,8.0,18.0,64.0
5441,1.0,26.99,26.99,,400000000.0,4.6,2118.0,,,,,,,
5442,50.0,,,,50000000.0,,,,,,,,,
5443,21.0,6.49,6.49,6.99,,4.8,1674.0,1674.0,4.8,1.0,1.0,2.0,9.0,87.0
5444,56.0,,,,,4.7,276.0,276.0,4.7,1.0,1.0,4.0,8.0,86.0
5445,152.0,41.99,41.99,,50000000.0,3.6,177.0,,,,,,,
5446,,9.99,9.99,,50000000.0,4.1,42.0,42.0,4.1,14.0,3.0,4.0,10.0,69.0
5447,645.0,39.99,39.99,,,3.6,23.0,23.0,3.6,18.0,9.0,6.0,24.0,43.0
5448,287.0,32.29,32.29,,,4.5,876.0,876.0,4.5,4.0,2.0,5.0,13.0,76.0
5449,22.0,99.95,99.95,,400000000.0,4.5,,,4.5,4.0,2.0,6.0,13.0,75.0
5451,846.0,15.99,15.99,,,4.2,8.0,8.0,4.2,21.0,0.0,0.0,0.0,79.0
5452,14.0,16.99,16.99,,,4.7,1345.0,1345.0,4.7,4.0,1.0,2.0,6.0,87.0
5453,22.0,,,,400000000.0,,,,,,,,,
5454,81.0,16.99,16.99,,,4.6,188.0,188.0,4.6,2.0,3.0,2.0,13.0,80.0
5456,455.0,14.97,14.97,,,4.2,119.0,,,8.0,4.0,6.0,22.0,60.0
5457,10.0,11.99,11.99,14.99,,4.2,,,4.2,7.0,5.0,11.0,17.0,60.0
5458,69.0,16.99,16.99,,,4.8,18.0,18.0,4.8,0.0,0.0,0.0,20.0,80.0
5459,27.0,34.96,34.96,69.99,300000000.0,4.6,149.0,149.0,4.6,3.0,1.0,2.0,14.0,80.0
5460,592.0,17.59,17.59,20.43,,4.5,124.0,124.0,4.5,3.0,5.0,4.0,10.0,78.0
5461,92.0,,,,,4.6,543.0,543.0,4.6,2.0,1.0,4.0,12.0,81.0
5462,232.0,,,,,4.5,,,4.5,4.0,1.0,5.0,12.0,78.0
5463,4.0,19.99,19.99,,50000000.0,4.6,,,4.6,2.0,1.0,4.0,13.0,80.0
5464,93.0,139.99,139.99,,,4.3,498.0,498.0,4.3,7.0,2.0,7.0,15.0,69.0
5465,64.0,,,,,4.5,175.0,175.0,4.5,3.0,2.0,7.0,11.0,77.0
5466,25.0,,,,,,,,,0.0,0.0,0.0,0.0,
5467,350.0,42.47,42.47,49.99,,4.3,17.0,,,9.0,0.0,12.0,9.0,70.0
5468,735.0,23.98,23.98,,,4.7,8.0,,,0.0,0.0,16.0,0.0,84.0
5469,102.0,,,,,,,,,,,,,
5470,410.0,74.99,74.99,,50000000.0,,1.0,1.0,,0.0,0.0,,0.0,
5471,383.0,13.99,13.99,,,3.9,42.0,42.0,3.9,20.0,0.0,12.0,7.0,61.0
5472,218.0,12.49,12.49,,50000000.0,5.0,1.0,,,,,,,
5473,737.0,19.97,19.97,,,4.0,14.0,,,,,,,
5474,24.0,16.99,16.99,,50000000.0,4.4,720.0,720.0,4.4,3.0,4.0,9.0,17.0,67.0
5476,9.0,168.99,168.99,,100000000.0,3.4,131.0,131.0,3.4,,6.0,15.0,9.0,46.0
5477,362.0,39.0,39.0,,,4.3,231.0,231.0,4.3,7.0,5.0,7.0,14.0,67.0
5478,283.0,21.95,21.95,,,3.7,43.0,43.0,3.7,8.0,7.0,,,35.0
5479,,,,,,5.0,5.0,5.0,5.0,0.0,0.0,0.0,0.0,100.0
5480,99.0,,,,100000000.0,,,,,,,,,
5481,722.0,30.99,30.99,39.99,,4.0,56.0,56.0,4.0,6.0,9.0,,10.0,55.0
5482,59.0,,,,,4.6,49.0,49.0,4.6,9.0,0.0,0.0,9.0,82.0
5483,375.0,13.99,13.99,13.99,200000000.0,4.8,2051.0,,,,,,,
5484,154.0,37.5,37.5,,100000000.0,3.5,41.0,41.0,3.5,,5.0,5.0,6.0,54.0
5485,208.0,39.99,39.99,,,4.7,6.0,6.0,4.7,0.0,0.0,0.0,,73.0
5486,27.0,16.99,16.99,,,4.6,41.0,41.0,4.6,5.0,0.0,3.0,9.0,83.0
5487,372.0,,,,,4.4,203.0,203.0,4.4,4.0,4.0,9.0,15.0,68.0
5488,11.0,5.98,5.98,,,4.8,,,,1.0,1.0,3.0,8.0,87.0
5489,444.0,15.99,15.99,19.99,,4.3,10.0,10.0,4.3,0.0,,0.0,23.0,63.0
5490,368.0,15.5,15.5,,,4.4,46.0,,,,,,,
5491,4.0,,,,50000000.0,,,,,,,,,
5492,1303.0,,,,,,,,,,,,,
5493,6.0,,,,50000000.0,,,,,,,,,
5494,146.0,16.99,16.99,,50000000.0,4.7,692.0,692.0,4.7,1.0,2.0,4.0,10.0,83.0
5495,234.0,21.99,21.99,,100000000.0,4.3,,,,,,,,
5496,346.0,19.9,19.9,,,4.6,180.0,,,,,,,
5497,74.0,12.99,12.99,13.99,,4.6,1276.0,1276.0,4.6,2.0,1.0,6.0,17.0,74.0
5498,,14.93,14.93,16.99,,4.3,19.0,19.0,4.3,10.0,0.0,8.0,12.0,70.0
5499,161.0,,,,,4.1,343.0,,,,,,,
5500,16.0,,,,100000000.0,,,,,,,,,
5501,37.0,79.99,79.99,99.99,,4.7,150.0,,,,,,,
5502,439.0,12.99,12.99,12.99,,4.4,477.0,,,2.0,4.0,9.0,16.0,69.0
5503,54.0,,,,,4.7,,,,,,,,
5504,101.0,,,,100000000.0,,,,,,,,,
5505,129.0,19.99,19.99,,,4.4,28.0,,,,,,,
5506,467.0,,,,,4.4,596.0,596.0,4.4,6.0,2.0,10.0,10.0,72.0
5507,464.0,16.14,16.14,17.99,,4.5,79.0,,,,,,,
5508,41.0,16.99,16.99,,,4.5,281.0,281.0,4.5,8.0,1.0,4.0,7.0,80.0
5510,345.0,55.95,55.95,,,4.6,109.0,,,4.0,0.0,3.0,11.0,82.0
5511,124.0,,,,300000000.0,,,,,,,,,
5512,10.0,35.99,35.99,59.99,400000000.0,4.1,325.0,,,,,,,
5514,921.0,15.99,15.99,,,4.8,7.0,7.0,4.8,0.0,0.0,0.0,14.0,86.0
5515,16.0,15.99,15.99,,,4.6,1300.0,,,,,,,
5516,222.0,13.73,13.73,,,4.4,267.0,,,,,,,
5517,393.0,18.0,18.0,19.99,,4.4,82.0,,,,,,,
5518,40.0,11.99,11.99,12.99,,4.4,18.0,18.0,4.4,0.0,10.0,0.0,,60.0
5519,355.0,74.99,74.99,,50000000.0,4.7,58.0,58.0,4.7,0.0,5.0,4.0,9.0,82.0
5520,1807.0,24.99,24.99,29.99,,4.2,1504.0,1504.0,4.2,6.0,4.0,10.0,17.0,63.0
5521,371.0,,,,,4.4,265.0,265.0,4.4,6.0,1.0,7.0,13.0,73.0
5522,855.0,29.99,29.99,,,,,,,0.0,0.0,0.0,0.0,
5523,117.0,,,,,3.8,46.0,,,,,,,
5524,,29.99,29.99,39.99,,4.4,1148.0,1148.0,4.4,2.0,6.0,8.0,13.0,71.0
5525,657.0,19.99,19.99,,,4.2,31.0,,,8.0,8.0,5.0,8.0,71.0
5526,254.0,39.99,39.99,,,4.3,169.0,169.0,4.3,7.0,4.0,5.0,15.0,69.0
5528,622.0,,,,,3.9,130.0,,,,,,,
5529,105.0,12.99,12.99,24.99,100000000.0,4.2,1576.0,,,,,,,
5530,15.0,16.99,16.99,,,4.3,1559.0,1559.0,4.3,8.0,3.0,6.0,13.0,70.0
5532,264.0,123.03,123.03,,,3.9,1568.0,1568.0,3.9,14.0,5.0,9.0,14.0,58.0
5533,88.0,30.95,30.95,,100000000.0,4.8,1100.0,,,,,,,
5534,394.0,24.97,24.97,,,4.8,43.0,43.0,4.8,0.0,0.0,6.0,11.0,83.0
5535,65.0,15.99,15.99,,,4.1,3.0,,,,,,,
5536,42.0,16.99,16.99,,,4.5,654.0,654.0,4.5,6.0,3.0,3.0,6.0,82.0
5537,424.0,28.44,28.44,32.35,,4.7,4.0,4.0,4.7,0.0,0.0,0.0,,70.0
5538,1.0,27.65,27.65,,1000000.0,4.7,244.0,244.0,4.7,2.0,2.0,2.0,10.0,84.0
5539,182.0,29.99,29.99,39.99,,4.7,5.0,5.0,4.7,0.0,0.0,0.0,,74.0
5540,3.0,,,,100000000.0,,,,,,,,,
5541,,29.99,29.99,,,4.9,17.0,17.0,4.9,0.0,0.0,0.0,11.0,89.0
5542,11.0,18.96,18.96,19.98,,4.6,1727.0,1727.0,4.6,2.0,2.0,4.0,15.0,77.0
5543,24.0,,,,,4.1,2709.0,2709.0,4.1,13.0,4.0,2.0,17.0,64.0
5544,30.0,,,,,3.8,56.0,,,,,,,
5545,741.0,19.99,19.99,29.99,,,29.0,,,,,,,
5546,514.0,,,,,4.3,168.0,168.0,4.3,4.0,2.0,12.0,20.0,62.0
5547,40.0,23.99,23.99,,,4.1,17.0,,,,,,,
5548,1432.0,8.54,8.54,9.49,,4.7,482.0,482.0,4.7,1.0,1.0,3.0,17.0,78.0
5549,530.0,25.08,25.08,29.94,,4.1,128.0,,,4.0,8.0,,13.0,56.0
5550,308.0,65.0,65.0,,,4.6,1434.0,1434.0,4.6,4.0,2.0,2.0,10.0,82.0
5551,360.0,15.9,15.9,,,4.5,754.0,,,,,,,
5552,503.0,42.91,42.91,49.99,,4.4,180.0,180.0,4.4,8.0,0.0,9.0,11.0,72.0
5553,61.0,,,,,4.4,2526.0,2526.0,4.4,4.0,4.0,6.0,12.0,74.0
5554,51.0,,,,,4.7,1139.0,,,,,,,
5555,1617.0,29.99,29.99,,,5.0,6.0,6.0,5.0,0.0,0.0,0.0,0.0,100.0
5556,98.0,51.17,51.17,59.99,200000000.0,4.4,982.0,982.0,4.4,8.0,3.0,3.0,10.0,76.0
5557,607.0,41.99,41.99,49.99,,4.0,10.0,,,,,,,
5558,417.0,3.99,3.99,,,4.3,89.0,,,5.0,5.0,7.0,20.0,63.0
5559,67.0,16.99,16.99,,,4.6,188.0,188.0,4.6,2.0,3.0,2.0,13.0,80.0
5560,119.0,,,,,,,,,,,,,
5561,66.0,,,,,4.5,,,4.5,5.0,2.0,4.0,11.0,78.0
5562,364.0,39.99,39.99,,50000000.0,5.0,77.0,77.0,5.0,0.0,0.0,0.0,5.0,95.0
5563,39.0,16.99,16.99,,,4.5,290.0,290.0,4.5,5.0,1.0,5.0,12.0,77.0
5564,250.0,169.99,169.99,,,3.7,,,3.7,20.0,7.0,7.0,11.0,55.0
5565,108.0,39.99,39.99,,,4.4,8.0,8.0,4.4,10.0,0.0,0.0,14.0,76.0
5566,67.0,20.99,20.99,,,4.2,874.0,874.0,4.2,7.0,2.0,10.0,21.0,60.0
5567,161.0,39.99,39.99,,,4.4,28.0,,,,,,,
5568,45.0,19.93,19.93,,,4.5,595.0,595.0,4.5,4.0,2.0,6.0,10.0,78.0
5569,60.0,16.99,16.99,,,4.3,4.0,4.0,4.3,0.0,0.0,0.0,,30.0
5570,130.0,29.99,29.99,,50000000.0,4.5,23.0,23.0,4.5,5.0,0.0,4.0,16.0,75.0
5571,83.0,39.99,39.99,,,4.8,14.0,,,,,,,
5573,847.0,,,,,,,,,,,,,
5574,60.0,15.49,15.49,,,4.2,853.0,853.0,4.2,5.0,5.0,10.0,18.0,62.0
5575,266.0,29.99,29.99,,,,,,,0.0,0.0,0.0,0.0,
5576,433.0,14.59,14.59,,,3.7,27.0,,,,,,,
5577,544.0,15.44,15.44,16.94,,4.1,118.0,118.0,4.1,9.0,8.0,6.0,14.0,63.0
5578,242.0,,,,,,,,,,,,,
5579,786.0,16.65,16.65,16.65,,5.0,2.0,,,,,,,
5580,12.0,,,,50000000.0,,,,,,,,,
5581,29.0,19.99,19.99,19.99,50000000.0,5.0,3.0,3.0,5.0,0.0,0.0,0.0,0.0,100.0
5584,863.0,69.99,69.99,,,4.5,223.0,,,,,,,
5585,12.0,,,,200000000.0,,,,,,,,,
5586,14.0,,,,,3.6,13.0,13.0,3.6,16.0,9.0,16.0,17.0,42.0
5587,113.0,9.99,9.99,,,3.5,60.0,60.0,3.5,13.0,,12.0,19.0,38.0
5588,447.0,35.46,35.46,39.99,,4.6,43.0,43.0,4.6,0.0,0.0,10.0,18.0,72.0
5589,272.0,79.99,79.99,111.42,50000000.0,3.5,25.0,25.0,3.5,,5.0,7.0,11.0,50.0
5590,413.0,28.95,28.95,33.99,,4.6,129.0,,,,,,,
5591,766.0,9.99,9.99,,,4.5,232.0,,,,,,,
5592,533.0,,,,,,,,,,,,,
5593,143.0,71.99,71.99,,,4.4,15.0,15.0,4.4,9.0,9.0,0.0,0.0,82.0
5594,68.0,26.99,26.99,,,4.2,12.0,12.0,4.2,11.0,0.0,11.0,13.0,65.0
5595,326.0,,,,,3.6,5.0,,,,,,,
5596,363.0,16.99,16.99,69.99,,3.6,58.0,,,,,,,
5597,138.0,,,,,4.2,2082.0,,,,,,,
5598,468.0,79.99,79.99,,,3.8,21.0,21.0,3.8,16.0,0.0,,14.0,49.0
5599,497.0,8.99,8.99,9.99,,3.6,4.0,4.0,3.6,,0.0,0.0,,46.0
5600,513.0,,,,,,,,,,,,,
5601,325.0,,,,,,,,,,,,,
5602,328.0,55.0,55.0,59.99,,4.2,8.0,8.0,4.2,14.0,0.0,0.0,16.0,70.0
5603,383.0,31.5,31.5,39.99,,5.0,2.0,,,0.0,0.0,0.0,0.0,100.0
5604,249.0,29.99,29.99,,,4.6,5.0,5.0,4.6,0.0,0.0,0.0,,64.0
5605,270.0,,,,,,,,,,,,,
5606,403.0,37.49,37.49,59.99,,4.0,18.0,18.0,4.0,11.0,,0.0,7.0,67.0
5607,1249.0,39.99,39.99,,,,,,,,,,,
5609,344.0,43.99,43.99,49.99,,,,,,,,,,
5610,161.0,24.99,24.99,,,4.0,4.0,4.0,4.0,,0.0,0.0,0.0,74.0
5611,506.0,14.63,14.63,14.63,,4.2,532.0,,,,,,,
5612,401.0,34.99,34.99,34.99,,4.6,343.0,,,,,,,
5614,745.0,10.96,10.96,11.64,,3.9,35.0,35.0,3.9,18.0,5.0,5.0,7.0,65.0
5615,390.0,20.29,20.29,21.46,,4.5,53.0,,,,,,,
5616,55.0,24.99,24.99,,,4.6,235.0,235.0,4.6,3.0,2.0,5.0,8.0,82.0
5617,,29.99,29.99,,,4.0,2.0,2.0,4.0,0.0,0.0,,0.0,49.0
5618,972.0,12.98,12.98,,50000000.0,4.1,60.0,,,,,,,
5619,693.0,24.38,24.38,,,4.0,38.0,,,,,,,
5620,177.0,17.99,17.99,,,3.8,42.0,,,,,,,
5621,604.0,159.99,159.99,,,3.7,76.0,76.0,3.7,19.0,5.0,12.0,9.0,55.0
5622,768.0,29.99,29.99,,,4.4,81.0,81.0,4.4,4.0,8.0,5.0,9.0,74.0
5623,261.0,14.47,14.47,16.49,,4.4,213.0,213.0,4.4,5.0,3.0,10.0,13.0,69.0
5624,437.0,,,,,4.6,167.0,,,,,,,
5625,124.0,,,,50000000.0,,,,,,,,,
5626,112.0,,,,,,,,,,,,,
5627,1004.0,7.19,7.19,7.99,,4.3,347.0,347.0,4.3,10.0,3.0,6.0,9.0,72.0
5628,,30.99,30.99,58.38,50000000.0,3.8,119.0,119.0,3.8,21.0,2.0,9.0,15.0,53.0
5629,69.0,35.99,35.99,44.99,100000000.0,3.7,216.0,216.0,3.7,19.0,8.0,11.0,9.0,53.0
5630,731.0,,,,,,,,,,,,,
5631,499.0,26.99,26.99,,,4.2,1927.0,,,,,,,
5632,65.0,7.95,7.95,,50000000.0,4.5,,,4.5,2.0,2.0,9.0,14.0,73.0
5633,359.0,12.99,12.99,,,4.3,43.0,43.0,4.3,7.0,3.0,12.0,3.0,75.0
5634,,29.99,29.99,,,4.8,59.0,59.0,4.8,3.0,0.0,0.0,4.0,93.0
5635,1.0,22.67,22.67,27.99,,4.5,1760.0,,,,,,,
5636,388.0,,,,,,,,,,,,,
5637,89.0,18.99,18.99,,,4.4,177.0,177.0,4.4,5.0,6.0,5.0,11.0,73.0
5638,242.0,16.02,16.02,,,4.7,586.0,586.0,4.7,2.0,1.0,8.0,4.0,85.0
5639,102.0,13.13,13.13,,,4.6,2455.0,,,,,,,
5640,366.0,89.88,89.88,,,4.5,439.0,439.0,4.5,2.0,3.0,5.0,15.0,75.0
5641,184.0,29.99,29.99,39.99,,4.6,55.0,,,4.0,0.0,6.0,7.0,83.0
5642,77.0,19.99,19.99,,,4.8,376.0,376.0,4.8,0.0,1.0,3.0,11.0,85.0
5643,46.0,199.99,199.99,,,4.3,835.0,,,,,,,
5644,73.0,,,,,4.5,,,4.5,5.0,3.0,7.0,9.0,76.0
5645,70.0,34.51,34.51,,50000000.0,4.8,26.0,,,0.0,0.0,6.0,10.0,84.0
5646,19.0,19.99,19.99,,,4.8,20.0,,,0.0,0.0,9.0,0.0,91.0
5647,56.0,,,,,,,,,,,,,
5648,47.0,16.99,16.99,,,4.5,1151.0,,,,,,,
5649,859.0,13.95,13.95,19.99,,4.4,94.0,94.0,4.4,8.0,3.0,3.0,12.0,74.0
5650,448.0,199.99,199.99,,,4.2,58.0,,,,,,,
5651,,59.95,59.95,,,4.3,76.0,76.0,4.3,5.0,4.0,12.0,10.0,69.0
5652,,19.99,19.99,24.99,200000000.0,4.8,58.0,,,,,,,
5653,1435.0,,,,,4.4,220.0,220.0,4.4,6.0,4.0,7.0,5.0,78.0
5654,521.0,,,,,,,,,,,,,
5655,29.0,24.99,24.99,,,4.2,62.0,62.0,4.2,4.0,8.0,9.0,13.0,66.0
5656,158.0,19.99,19.99,19.99,,4.9,38.0,38.0,4.9,0.0,0.0,0.0,11.0,89.0
5657,70.0,39.99,39.99,,,4.1,34.0,34.0,4.1,15.0,0.0,6.0,19.0,60.0
5658,549.0,13.99,13.99,,,4.8,27.0,27.0,4.8,0.0,0.0,0.0,22.0,78.0
5659,695.0,16.99,16.99,,50000000.0,4.5,60.0,60.0,4.5,4.0,2.0,7.0,8.0,79.0
5660,83.0,19.99,19.99,,,4.5,179.0,,,2.0,2.0,11.0,15.0,70.0
5661,442.0,19.99,19.99,,50000000.0,4.2,847.0,,,7.0,5.0,9.0,18.0,61.0
5662,87.0,12.97,12.97,,,3.7,7.0,7.0,3.7,16.0,,0.0,,44.0
5663,40.0,,,,300000000.0,,,,,,,,,
5664,31.0,24.99,24.99,,,4.4,123.0,123.0,4.4,4.0,4.0,9.0,12.0,71.0
5665,406.0,29.99,29.99,,,5.0,8.0,8.0,5.0,0.0,0.0,0.0,0.0,100.0
5666,1089.0,12.99,12.99,,,4.1,12.0,12.0,4.1,11.0,8.0,0.0,18.0,63.0
5667,853.0,22.98,22.98,,,,,,,,,,,
5668,135.0,,,,100000000.0,4.6,318.0,318.0,4.6,4.0,1.0,3.0,8.0,84.0
5669,389.0,,,,,,,,,,,,,
5670,617.0,28.88,28.88,,,4.8,10.0,10.0,4.8,0.0,0.0,0.0,14.0,86.0
5671,183.0,85.99,85.99,,,4.2,744.0,744.0,4.2,7.0,3.0,11.0,14.0,65.0
5672,42.0,23.99,23.99,23.99,,4.6,465.0,465.0,4.6,5.0,3.0,2.0,8.0,82.0
5673,89.0,,,,50000000.0,4.4,2061.0,2061.0,4.4,7.0,1.0,6.0,11.0,75.0
5674,1858.0,16.99,16.99,16.99,,4.1,44.0,,,,,,,
5675,712.0,43.99,43.99,,,4.3,194.0,,,6.0,3.0,5.0,22.0,64.0
5676,30.0,,,,50000000.0,,,,,,,,,
5677,32.0,24.99,24.99,26.59,50000000.0,3.4,91.0,91.0,3.4,,8.0,9.0,6.0,49.0
5678,72.0,23.59,23.59,69.99,50000000.0,4.5,388.0,388.0,4.5,3.0,2.0,6.0,16.0,73.0
5679,38.0,8.98,8.98,,50000000.0,3.6,54.0,54.0,3.6,14.0,10.0,,11.0,45.0
5680,499.0,42.99,42.99,45.99,,3.4,88.0,88.0,3.4,,9.0,11.0,20.0,38.0
5681,32.0,44.99,44.99,44.99,200000000.0,4.4,150.0,150.0,4.4,6.0,4.0,6.0,14.0,70.0
5682,1814.0,16.99,16.99,,,4.6,485.0,485.0,4.6,4.0,1.0,5.0,12.0,78.0
5683,8.0,,,,,4.4,178.0,178.0,4.4,8.0,2.0,2.0,12.0,76.0
5684,163.0,29.99,29.99,,,5.0,8.0,8.0,5.0,0.0,0.0,0.0,0.0,100.0
5685,254.0,19.99,19.99,26.3,,4.0,81.0,,,11.0,6.0,8.0,18.0,57.0
5686,316.0,,,,,,,,,,,,,
5687,,18.99,18.99,26.99,,,3.0,3.0,,,0.0,,0.0,
5688,44.0,109.99,109.99,,,4.3,15.0,15.0,4.3,9.0,0.0,0.0,,62.0
5690,10.0,51.29,51.29,56.99,50000000.0,5.0,8.0,8.0,5.0,0.0,0.0,0.0,0.0,100.0
5691,35.0,15.99,15.99,,,4.5,380.0,380.0,4.5,6.0,1.0,3.0,12.0,78.0
5692,56.0,115.99,115.99,,,3.4,20.0,,,,,,,
5693,2437.0,15.99,15.99,,,4.9,8.0,8.0,4.9,0.0,0.0,0.0,9.0,91.0
5694,8.0,8.93,8.93,,,4.6,749.0,749.0,4.6,2.0,2.0,7.0,12.0,77.0
5695,105.0,,,249.99,,4.4,52.0,52.0,4.4,8.0,0.0,3.0,15.0,74.0
5696,13.0,18.99,18.99,19.99,,4.5,59.0,59.0,4.5,5.0,1.0,4.0,17.0,73.0
5697,,,,,1000000.0,,,,,,,,,
5698,651.0,16.99,16.99,,,4.1,357.0,,,,,,,
5699,216.0,,,,,,,,,,,,,
5700,13.0,85.99,85.99,,50000000.0,4.1,973.0,973.0,4.1,11.0,3.0,7.0,15.0,64.0
5701,,,,,,4.0,1.0,1.0,4.0,0.0,0.0,0.0,,
5702,696.0,14.99,14.99,,,4.2,11.0,11.0,4.2,0.0,9.0,14.0,20.0,57.0
5703,89.0,24.99,24.99,,,3.9,61.0,61.0,3.9,7.0,,9.0,15.0,53.0
5704,64.0,29.99,29.99,,,4.3,268.0,268.0,4.3,7.0,3.0,7.0,16.0,67.0
5705,19.0,,,,100000000.0,,,,,,,,,
5706,117.0,138.31,138.31,,,4.0,1419.0,1419.0,4.0,11.0,6.0,8.0,15.0,60.0
5707,1066.0,72.67,72.67,,,3.6,27.0,27.0,3.6,15.0,8.0,,11.0,43.0
5708,723.0,34.99,34.99,,,4.6,1514.0,1514.0,4.6,4.0,2.0,5.0,11.0,78.0
5709,45.0,,,,,4.4,10.0,10.0,4.4,14.0,0.0,0.0,0.0,86.0
5710,811.0,12.99,12.99,,,4.6,20.0,20.0,4.6,0.0,0.0,10.0,22.0,68.0
5711,499.0,9.99,9.99,11.49,200000000.0,4.7,960.0,960.0,4.7,2.0,0.0,3.0,9.0,86.0
5712,796.0,39.99,39.99,,,,,,,0.0,0.0,0.0,0.0,
5713,1.0,29.99,29.99,32.99,,4.6,157.0,157.0,4.6,4.0,1.0,2.0,11.0,82.0
5714,26.0,209.99,209.99,209.99,,3.8,75.0,,,,,,,
5715,6.0,10.58,10.58,21.16,50000000.0,4.6,171.0,171.0,4.6,3.0,2.0,5.0,10.0,80.0
5716,235.0,34.99,34.99,,,4.1,153.0,153.0,4.1,10.0,5.0,8.0,18.0,59.0
5717,246.0,29.99,29.99,,,4.7,10.0,,,,,,,
5718,210.0,,,,,,,,,,,,,
5719,191.0,89.0,89.0,129.99,50000000.0,3.6,106.0,106.0,3.6,20.0,9.0,9.0,14.0,48.0
5720,2.0,,,,100000000.0,,,,,,,,,
5721,49.0,12.99,12.99,14.99,,4.7,22.0,22.0,4.7,0.0,0.0,0.0,,72.0
5722,255.0,19.99,19.99,,,4.4,375.0,,,,,,,
5723,1262.0,109.99,109.99,,,4.5,177.0,177.0,4.5,6.0,3.0,3.0,10.0,78.0
5724,93.0,99.99,99.99,129.99,400000000.0,4.1,703.0,703.0,4.1,12.0,6.0,4.0,11.0,67.0
5725,8.0,24.99,24.99,,100000000.0,4.8,109.0,109.0,4.8,1.0,0.0,4.0,11.0,84.0
5726,317.0,13.99,13.99,,,4.6,128.0,,,,,,,
5728,44.0,,,,,3.6,64.0,64.0,3.6,,3.0,4.0,16.0,51.0
5729,4.0,19.99,19.99,,300000000.0,4.2,748.0,748.0,4.2,12.0,3.0,4.0,15.0,66.0
5730,27.0,16.99,16.99,17.99,,4.7,44.0,44.0,4.7,0.0,3.0,0.0,19.0,78.0
5732,407.0,127.99,127.99,,,3.9,17.0,17.0,3.9,18.0,8.0,0.0,9.0,65.0
5733,87.0,17.99,17.99,,,4.4,11.0,11.0,4.4,0.0,,0.0,21.0,67.0
5734,7.0,23.99,23.99,,200000000.0,4.7,31.0,31.0,4.7,0.0,0.0,7.0,11.0,82.0
5735,189.0,29.99,29.99,,,5.0,6.0,6.0,5.0,0.0,0.0,0.0,0.0,100.0
5736,96.0,44.99,44.99,,,4.5,12.0,12.0,4.5,0.0,0.0,,12.0,69.0
5737,27.0,7.99,7.99,,,4.0,2057.0,2057.0,4.0,12.0,5.0,10.0,18.0,55.0
5739,,14.99,14.99,,,4.0,48.0,48.0,4.0,8.0,6.0,14.0,15.0,57.0
5740,140.0,15.99,15.99,,,4.7,4.0,4.0,4.7,0.0,0.0,0.0,25.0,75.0
5741,835.0,,,,,4.6,24.0,,,,,,,
5742,,27.5,27.5,,,3.4,12.0,12.0,3.4,9.0,,,0.0,40.0
5743,784.0,59.99,59.99,59.99,,4.3,42.0,42.0,4.3,5.0,5.0,9.0,11.0,70.0
5744,17.0,,,,,4.7,10.0,10.0,4.7,0.0,0.0,0.0,,69.0
5745,543.0,,,,,4.5,649.0,,,,,,,
5746,1.0,27.35,27.35,28.79,,4.4,61.0,,,,,,,
5747,438.0,63.72,63.72,129.99,,3.4,350.0,350.0,3.4,19.0,,,9.0,43.0
5748,167.0,11.99,11.99,19.99,50000000.0,4.4,53.0,,,,,,,
5749,505.0,,,,,,,,,,,,,
5750,896.0,30.03,30.03,,,4.5,92.0,,,4.0,0.0,8.0,14.0,74.0
5751,1.0,,,,4000000.0,,,,,,,,,
5752,1.0,,,,20000000.0,4.6,526.0,,,,,,,
5753,567.0,7.46,7.46,8.9,,4.3,93.0,93.0,4.3,6.0,3.0,5.0,22.0,64.0
5754,580.0,49.99,49.99,,,,,,,0.0,0.0,0.0,0.0,
5755,11.0,,,,,4.7,,,4.7,3.0,0.0,3.0,6.0,88.0
5756,8.0,,,,,4.7,,,,,,,,
5758,3.0,159.0,159.0,199.99,,4.4,2430.0,2430.0,4.4,8.0,3.0,3.0,8.0,78.0
5759,1.0,218.0,218.0,,300000000.0,3.4,211.0,,,,,,,
5760,15.0,,,,300000000.0,4.7,601.0,601.0,4.7,4.0,0.0,1.0,6.0,89.0
5761,39.0,29.99,29.99,44.99,100000000.0,3.9,5.0,,,,,,,
5762,28.0,,,,100000000.0,,,,,,,,,
5763,2.0,,227.0,,2000000.0,4.1,678.0,678.0,4.1,14.0,5.0,4.0,8.0,69.0
5764,2.0,,,,5000000.0,4.7,426.0,426.0,4.7,3.0,1.0,2.0,10.0,84.0
5765,10.0,,,,100000000.0,,,,,,,,,
5766,24.0,,,,100000000.0,,,,,,,,,
5767,206.0,,,259.99,50000000.0,4.4,857.0,857.0,4.4,7.0,2.0,4.0,11.0,76.0
5768,657.0,,,,,4.6,2673.0,,,,,,,
5769,18.0,181.88,181.88,199.99,300000000.0,4.6,,,4.6,4.0,1.0,3.0,7.0,85.0
5770,26.0,140.0,140.0,149.98,100000000.0,4.3,579.0,,,,,,,
5771,347.0,,,,300000000.0,,,,,,,,,
5772,27.0,,,,100000000.0,,,,,,,,,
5773,21.0,,,,200000000.0,4.8,,,4.8,2.0,0.0,2.0,6.0,90.0
5774,20.0,183.99,183.99,183.99,200000000.0,4.7,,,4.7,4.0,1.0,2.0,8.0,85.0
5776,37.0,,,,50000000.0,,,,,,,,,
5777,35.0,,,,50000000.0,4.7,13.0,13.0,4.7,5.0,0.0,0.0,11.0,84.0
5778,914.0,,,,,4.5,187.0,187.0,4.5,7.0,2.0,3.0,5.0,83.0
5779,3.0,199.99,199.99,199.99,3000000.0,4.2,1977.0,,,,,,,
5780,4.0,139.99,139.99,199.99,3000000.0,4.2,,,,,,,,
5781,36.0,83.88,83.88,99.99,1000000.0,4.0,1453.0,1453.0,4.0,15.0,4.0,8.0,14.0,59.0
5783,146.0,36.44,36.44,38.99,,3.9,31.0,31.0,3.9,16.0,4.0,12.0,9.0,59.0
5784,81.0,85.1,85.1,99.38,,3.8,490.0,490.0,3.8,21.0,3.0,6.0,14.0,56.0
5785,10.0,,,,,,,,,,,,,
5786,86.0,49.99,49.99,49.99,,3.7,541.0,541.0,3.7,20.0,5.0,11.0,10.0,54.0
5787,22.0,39.88,39.88,,1000000.0,4.2,1363.0,,,,,,,
5788,1775.0,49.0,49.0,,,,,,,0.0,0.0,0.0,0.0,
5789,13.0,,,,1000000.0,,,,,,,,,
5790,154.0,,,,,,,,,,,,,
5791,235.0,,,,,,,,,,,,,
5792,772.0,,,,,,,,,,,,,
5793,135.0,137.7,137.7,,300000000.0,4.3,90.0,90.0,4.3,8.0,2.0,8.0,15.0,67.0
5794,358.0,69.99,69.99,,200000000.0,3.4,124.0,124.0,3.4,,7.0,5.0,14.0,45.0
5795,178.0,,,,,,,,,,,,,
5796,168.0,49.99,49.99,,200000000.0,3.6,2301.0,2301.0,3.6,18.0,8.0,12.0,13.0,49.0
5797,,,,,,3.8,10.0,10.0,3.8,17.0,0.0,16.0,16.0,51.0
5798,1021.0,118.44,118.44,118.44,50000000.0,4.2,936.0,936.0,4.2,10.0,4.0,6.0,17.0,63.0
5799,3.0,,21.1,,,4.3,41.0,,,6.0,0.0,11.0,18.0,65.0
5800,358.0,,,,,4.3,377.0,377.0,4.3,8.0,2.0,10.0,12.0,68.0
5801,15.0,16.13,16.13,,2000000.0,4.4,1799.0,1799.0,4.4,6.0,2.0,5.0,12.0,75.0
5802,42.0,,19.74,,,4.0,29.0,,,9.0,8.0,16.0,11.0,56.0
5803,228.0,,23.75,,,4.0,165.0,,,,,,,
5804,,,15.99,,,3.8,31.0,,,,,,,
5805,93.0,,14.99,,,5.0,4.0,,,,,,,
5806,155.0,,39.19,,,5.0,3.0,,,0.0,0.0,0.0,0.0,100.0
5807,564.0,,,,100000000.0,,,,,,,,,
5808,651.0,,28.0,,,4.8,9.0,,,0.0,0.0,0.0,15.0,85.0
5809,1112.0,,,234.18,50000000.0,4.2,1013.0,1013.0,4.2,11.0,4.0,6.0,9.0,70.0
5810,258.0,,,,50000000.0,,,,,,,,,
5811,2.0,79.0,79.0,,8000000.0,4.4,,,4.4,7.0,2.0,6.0,11.0,74.0
5812,114.0,,29.99,,,4.8,30.0,,,0.0,0.0,8.0,8.0,84.0
5813,1384.0,,2.54,,,4.8,1391.0,,,0.0,0.0,3.0,17.0,80.0
5814,288.0,,,,,4.7,133.0,,,2.0,1.0,4.0,7.0,86.0
5815,5.0,34.99,34.99,34.99,50000000.0,4.7,,,,,,,,
5816,1355.0,,2.39,,,4.8,873.0,,,0.0,0.0,3.0,16.0,81.0
5817,,,13.0,,,4.8,23.0,,,0.0,0.0,0.0,15.0,85.0
5818,,34.63,34.63,,,4.6,9.0,,,0.0,0.0,16.0,12.0,72.0
5819,185.0,,10.2,,,5.0,1.0,,,0.0,0.0,0.0,0.0,100.0
5820,137.0,49.99,49.99,,,4.2,122.0,122.0,4.2,6.0,7.0,10.0,11.0,66.0
5821,1.0,12.99,12.99,14.99,10000000.0,4.3,,,4.3,7.0,4.0,8.0,15.0,66.0
5823,27.0,,17.99,,,4.0,172.0,,,6.0,4.0,,22.0,49.0
5824,39.0,,10.37,,,4.6,470.0,,,0.0,1.0,10.0,18.0,71.0
5825,,64.99,64.99,,,4.3,1886.0,,,,,,,
5826,1168.0,,5.49,,,4.7,299.0,,,,,,,
5827,1089.0,,12.4,,,4.8,112.0,,,0.0,0.0,3.0,16.0,81.0
5828,162.0,,11.49,,,4.6,88.0,,,1.0,3.0,5.0,17.0,74.0
5829,55.0,17.99,17.99,,300000000.0,4.4,2482.0,2482.0,4.4,6.0,2.0,6.0,12.0,74.0
5830,1.0,9.99,9.99,19.99,10000000.0,4.3,,,4.3,6.0,3.0,8.0,15.0,68.0
5831,213.0,,12.87,,,4.3,20.0,,,0.0,0.0,16.0,,49.0
5832,1.0,6.99,6.99,,50000000.0,4.4,,,,,,,,
5833,1066.0,,8.09,,,4.9,41.0,,,0.0,0.0,0.0,13.0,87.0
5834,2207.0,53.79,53.79,,,4.2,45.0,,,6.0,7.0,13.0,8.0,66.0
5835,376.0,39.0,39.0,,,4.6,1764.0,,,,,,,
5836,1013.0,7.19,7.19,,,3.8,78.0,,,14.0,8.0,12.0,18.0,48.0
5837,127.0,41.79,41.79,,,4.6,117.0,,,3.0,2.0,4.0,11.0,80.0
5838,365.0,23.74,23.74,,,4.1,251.0,,,9.0,4.0,11.0,16.0,60.0
5839,2572.0,26.82,26.82,,,4.5,75.0,,,3.0,3.0,4.0,18.0,72.0
5840,159.0,59.0,59.0,99.0,,4.4,2652.0,,,,,,,
5841,1052.0,,11.49,,,4.7,881.0,,,,,,,
5842,1029.0,10.99,10.99,,,,,,,0.0,0.0,0.0,0.0,
5843,214.0,54.95,54.95,,,4.3,,,,,,,,
5844,1098.0,43.0,43.0,89.0,,4.3,481.0,,,6.0,4.0,8.0,13.0,69.0
5845,187.0,,13.98,,,4.7,713.0,,,0.0,0.0,5.0,15.0,80.0
5846,768.0,,,,,3.8,1376.0,1376.0,3.8,11.0,7.0,15.0,21.0,46.0
5847,,45.0,45.0,59.0,,4.6,1181.0,,,3.0,1.0,5.0,10.0,81.0
5848,,,,,,4.0,989.0,989.0,4.0,6.0,6.0,13.0,23.0,52.0
5849,210.0,,,,200000000.0,,,,,,,,,
5850,1779.0,,,,,4.1,803.0,803.0,4.1,9.0,6.0,8.0,18.0,59.0
5852,,29.97,29.97,49.0,,4.4,21.0,,,4.0,10.0,0.0,9.0,77.0
5853,,,,,,4.7,983.0,,,,,,,
5854,697.0,24.99,24.99,,50000000.0,4.6,,,,2.0,1.0,6.0,12.0,79.0
5855,,21.67,21.67,,,4.3,5.0,,,0.0,0.0,,25.0,54.0
5856,,,,,,4.0,12.0,,,,,,,
5857,,,,,,4.2,7.0,7.0,4.2,0.0,,0.0,20.0,60.0
5858,60.0,9.99,9.99,11.99,50000000.0,3.9,,,3.9,11.0,8.0,11.0,13.0,57.0
5859,293.0,19.99,19.99,,,3.8,283.0,283.0,3.8,20.0,5.0,4.0,18.0,53.0
5860,,99.95,99.95,,,4.7,983.0,,,2.0,1.0,2.0,10.0,85.0
5861,,46.0,46.0,,,4.5,301.0,,,,,,,
5862,434.0,,6.68,,,,,,,,,,,
5863,,78.6,78.6,,,4.7,102.0,,,1.0,4.0,2.0,10.0,83.0
5864,1849.0,24.99,24.99,,,3.7,117.0,117.0,3.7,14.0,5.0,,20.0,42.0
5865,2490.0,,,,50000000.0,,,,,,,,,
5866,316.0,18.0,18.0,,,4.5,519.0,,,,,,,
5867,1307.0,,,,,3.8,451.0,451.0,3.8,14.0,7.0,10.0,25.0,44.0
5868,171.0,17.99,17.99,,,4.5,487.0,487.0,4.5,4.0,2.0,7.0,14.0,73.0
5869,624.0,,12.99,,,4.3,24.0,,,7.0,0.0,12.0,17.0,64.0
5870,,31.56,31.56,,,4.7,983.0,,,2.0,1.0,2.0,10.0,85.0
5871,867.0,,,,,4.3,2445.0,2445.0,4.3,7.0,4.0,6.0,13.0,70.0
5872,1074.0,,,,,4.2,39.0,,,,,,,
5873,,39.99,39.99,,,4.4,459.0,459.0,4.4,2.0,3.0,10.0,16.0,69.0
5874,266.0,,,,,3.9,32.0,32.0,3.9,9.0,,9.0,14.0,54.0
5875,1047.0,9.88,,,,4.2,268.0,,,4.0,3.0,16.0,18.0,59.0
5876,,,12.98,,,4.7,227.0,,,,,,,
5877,21.0,9.99,9.99,,50000000.0,4.4,1369.0,,,,,,,
5878,52.0,40.0,40.0,,,5.0,8.0,,,0.0,0.0,0.0,0.0,100.0
5879,244.0,,,,,4.4,838.0,838.0,4.4,4.0,4.0,6.0,14.0,72.0
5880,64.0,,,,100000000.0,,,,,,,,,
5881,52.0,27.85,27.85,60.0,,4.7,2402.0,,,2.0,1.0,5.0,9.0,83.0
5882,1.0,,10.77,,,4.5,118.0,,,,,,,
5883,507.0,,,,,,164.0,164.0,,20.0,10.0,12.0,,
5884,80.0,26.99,26.99,,50000000.0,4.6,,,,3.0,1.0,6.0,14.0,76.0
5885,101.0,,,,,,,,,,,,,
5886,,,,,,3.7,26.0,26.0,3.7,13.0,,13.0,12.0,49.0
5887,1154.0,84.99,84.99,,100000000.0,4.0,2179.0,2179.0,4.0,10.0,5.0,12.0,15.0,58.0
5888,560.0,,,,,4.5,320.0,320.0,4.5,3.0,2.0,6.0,20.0,69.0
5890,,22.97,22.97,22.97,,4.5,10.0,,,0.0,0.0,13.0,21.0,66.0
5891,,10.54,10.54,,,4.4,307.0,,,3.0,3.0,7.0,20.0,67.0
5892,1465.0,129.0,129.0,,,3.8,728.0,728.0,3.8,16.0,8.0,9.0,11.0,56.0
5893,,,,,,3.9,1441.0,,,,,,,
5894,,24.67,24.67,24.67,,4.4,40.0,,,3.0,0.0,13.0,18.0,66.0
5895,,,,,,3.7,121.0,121.0,3.7,8.0,10.0,17.0,,39.0
5896,59.0,40.0,40.0,,,4.2,6.0,,,,,,,
5897,,,,,,4.7,177.0,,,1.0,0.0,6.0,11.0,82.0
5898,,27.9,27.9,,,5.0,10.0,,,,,,,
5899,,,,,,4.3,625.0,,,5.0,4.0,8.0,17.0,66.0
5900,,48.0,48.0,48.0,,4.5,18.0,,,0.0,0.0,17.0,13.0,70.0
5901,23.0,15.99,15.99,15.99,100000000.0,4.2,,,4.2,8.0,5.0,9.0,14.0,64.0
5902,,,,,,4.9,5.0,,,,,,,
5904,93.0,32.95,32.95,,,4.4,435.0,,,4.0,2.0,9.0,16.0,69.0
5905,,,,,,,3.0,,,,0.0,0.0,0.0,37.0
5906,861.0,,,,,3.8,122.0,122.0,3.8,10.0,7.0,,14.0,48.0
5907,,,,,,4.5,2.0,,,0.0,0.0,0.0,,50.0
5908,94.0,40.0,40.0,,,5.0,4.0,,,0.0,0.0,0.0,0.0,100.0
5909,,,,,,4.6,4.0,,,0.0,0.0,,0.0,80.0
5910,96.0,,,,,,2.0,,,,,,,
5911,,39.21,39.21,,,4.2,25.0,,,5.0,0.0,,13.0,62.0
5914,9.0,40.0,40.0,,,5.0,7.0,,,,,,,
5915,,9.42,9.42,,,3.6,20.0,20.0,3.6,19.0,10.0,16.0,0.0,55.0
5916,,,,,,3.8,6.0,,,0.0,0.0,,0.0,42.0
5917,,,,,,5.0,1.0,,,0.0,0.0,0.0,0.0,100.0
5918,,,,,,4.7,208.0,,,2.0,1.0,4.0,11.0,82.0
5919,,20.99,20.99,,,5.0,16.0,,,0.0,0.0,0.0,0.0,100.0
5920,,,,,,5.0,4.0,,,0.0,0.0,0.0,0.0,100.0
5921,,,,,,5.0,4.0,,,,,,,
5922,1076.0,,10.56,,,4.7,931.0,,,0.0,0.0,4.0,16.0,80.0
5925,,25.04,25.04,,,3.9,16.0,,,19.0,0.0,13.0,9.0,59.0
5928,,,,,,5.0,7.0,,,0.0,0.0,0.0,0.0,100.0
5931,1875.0,,10.99,,,5.0,8.0,,,0.0,0.0,0.0,0.0,100.0
5932,,,,,,3.9,35.0,,,11.0,6.0,13.0,18.0,52.0
5933,,11.74,11.74,,,3.9,8.0,,,,0.0,0.0,0.0,72.0
5935,,,,,,,8.0,,,,0.0,0.0,21.0,
5942,,4.99,4.99,,,5.0,1.0,,,0.0,0.0,0.0,0.0,100.0
5943,41.0,,13.06,,,4.5,1051.0,,,2.0,2.0,9.0,18.0,69.0
5944,,82.99,82.99,,,4.6,663.0,,,4.0,2.0,4.0,11.0,79.0
5945,,,,,,,1.0,,,0.0,0.0,,0.0,
5946,,8.99,8.99,,,4.5,229.0,,,,,,,
5947,,,,,,4.6,6.0,,,0.0,0.0,,0.0,79.0
5948,,,,,,5.0,3.0,,,0.0,0.0,0.0,0.0,100.0
5949,,139.54,139.54,,,4.9,49.0,,,0.0,0.0,0.0,13.0,87.0
5950,,23.94,23.94,23.94,,4.8,167.0,,,1.0,1.0,3.0,9.0,86.0
5952,,25.03,25.03,,,5.0,7.0,,,0.0,0.0,0.0,0.0,100.0
5954,,,,,,4.6,2.0,,,0.0,0.0,0.0,,60.0
5955,,,,,,5.0,2.0,,,,,,,
5956,,26.73,26.73,,,4.4,6.0,,,0.0,,0.0,0.0,79.0
5957,,190.0,190.0,,,,1.0,,,,,,,
5958,,53.12,53.12,,,4.4,10.0,,,,,,,
5959,,83.99,83.99,,,,,,,,,,,
5960,,20.99,20.99,,,5.0,1.0,1.0,5.0,0.0,0.0,0.0,0.0,100.0
5961,,65.0,65.0,,,,,,,0.0,0.0,0.0,0.0,
5962,,36.57,36.57,,,4.1,7.0,,,0.0,,,0.0,64.0
5963,,37.01,37.01,,,4.0,1.0,,,0.0,0.0,0.0,,
5964,,43.96,43.96,,,4.2,3.0,,,0.0,0.0,0.0,,
5965,,44.0,44.0,,,,12.0,,,,,,,
5967,,37.44,37.44,,,,,,,0.0,0.0,0.0,0.0,
5968,,138.0,138.0,,,5.0,2.0,,,0.0,0.0,0.0,0.0,100.0
5969,,53.61,53.61,,,4.3,12.0,,,0.0,0.0,,20.0,54.0
5970,,51.0,51.0,,,4.5,22.0,,,0.0,0.0,13.0,,61.0
5971,,,,,,5.0,1.0,,,,,,,
5972,,177.0,177.0,,,,,,,0.0,0.0,0.0,0.0,
5973,,44.71,44.71,,,,6.0,,,18.0,0.0,,,
5974,,36.57,36.57,,,4.1,2.0,,,0.0,,0.0,0.0,69.0
5975,,44.04,44.04,,,3.6,2.0,,,0.0,0.0,,,
5976,,47.5,47.5,,,,2.0,2.0,,,0.0,0.0,,
5977,209.0,,,,200000000.0,,,,,,,,,
5978,38.0,9.99,9.99,,,4.3,1843.0,1843.0,4.3,6.0,3.0,9.0,12.0,70.0
5979,,,,,,,2.0,,,,0.0,0.0,0.0,40.0
5980,,44.28,44.28,,,3.5,3.0,,,0.0,0.0,,,
5981,1366.0,,11.49,,,4.8,998.0,,,0.0,0.0,2.0,17.0,81.0
5982,457.0,95.0,95.0,,100000000.0,4.1,118.0,118.0,4.1,10.0,6.0,6.0,15.0,63.0
5983,75.0,,,243.0,400000000.0,3.9,,,3.9,16.0,4.0,8.0,12.0,60.0
5984,,,,,,4.9,391.0,,,,,,,
5985,1587.0,5.99,5.99,,,4.2,17.0,,,12.0,0.0,14.0,0.0,74.0
5986,147.0,,,,400000000.0,,,,,,,,,
5987,23.0,202.99,202.99,218.52,,4.1,1343.0,1343.0,4.1,14.0,4.0,4.0,14.0,64.0
5988,64.0,74.99,74.99,149.99,,3.8,774.0,774.0,3.8,15.0,7.0,10.0,11.0,57.0
5989,,26.78,26.78,,,4.2,5.0,,,0.0,,0.0,0.0,75.0
5991,,44.01,44.01,,,,9.0,,,,0.0,,16.0,
5992,,23.87,23.87,23.87,,4.8,150.0,,,2.0,0.0,1.0,7.0,90.0
5993,1418.0,,13.0,,,4.8,1041.0,,,0.0,0.0,3.0,17.0,80.0
5994,470.0,57.99,57.99,,,3.8,342.0,,,,,,,
5995,,,,,,4.6,13.0,13.0,4.6,0.0,,0.0,11.0,78.0
5996,21.0,,,,1000000.0,,,,,,,,,
5997,360.0,99.99,99.99,99.99,50000000.0,3.9,131.0,131.0,3.9,14.0,7.0,7.0,14.0,58.0
5998,1380.0,,11.22,,,4.8,131.0,,,,,,,
5999,,22.79,22.79,,,3.8,4.0,,,,0.0,0.0,0.0,70.0
6000,975.0,12.99,12.99,,,3.9,58.0,,,11.0,7.0,11.0,21.0,50.0
6001,251.0,,,,,4.3,625.0,,,5.0,4.0,8.0,17.0,66.0
6003,588.0,55.03,55.03,,50000000.0,3.4,364.0,,,,,,,
6004,,71.0,71.0,,,4.2,41.0,,,13.0,0.0,7.0,13.0,67.0
6005,,44.28,44.28,,,,,,,0.0,0.0,0.0,0.0,
6006,754.0,,,,,4.5,53.0,53.0,4.5,7.0,0.0,4.0,11.0,78.0
6007,1029.0,18.99,18.99,,,4.6,73.0,73.0,4.6,4.0,0.0,6.0,8.0,82.0
6008,1182.0,,4.79,,,4.7,1121.0,,,0.0,1.0,3.0,17.0,79.0
6009,1517.0,,3.49,,,4.8,644.0,,,0.0,1.0,2.0,15.0,82.0
6010,,117.0,117.0,,,4.7,438.0,,,1.0,1.0,3.0,12.0,83.0
6011,,,,239.98,,4.1,61.0,,,,,,,
6012,,24.33,24.33,,,5.0,8.0,,,0.0,0.0,0.0,0.0,100.0
6013,1581.0,,5.29,,,4.7,1347.0,,,0.0,0.0,3.0,18.0,79.0
6014,869.0,79.99,79.99,,,4.1,125.0,125.0,4.1,14.0,5.0,5.0,10.0,66.0
6015,,11.61,11.61,,,,30.0,30.0,,,,15.0,11.0,
6016,454.0,16.48,16.48,,,3.7,3.0,3.0,3.7,,0.0,0.0,0.0,69.0
6017,12.0,66.95,66.95,66.95,100000000.0,4.2,,,4.2,6.0,5.0,12.0,17.0,60.0
6019,,12.99,12.99,,,4.3,16.0,,,7.0,0.0,15.0,14.0,64.0
6020,8.0,26.95,26.95,29.95,200000000.0,4.6,612.0,612.0,4.6,2.0,2.0,5.0,12.0,79.0
6021,77.0,74.0,74.0,,,3.8,900.0,,,,,,,
6022,37.0,71.0,71.0,68.0,1000000.0,3.9,,,,,,,,
6023,,,13.0,,,,,,,,,,,
6024,,25.62,25.62,,,4.7,16.0,,,,,,,
6025,13.0,,,,,3.9,,,,,,,,
6026,,19.99,19.99,,,4.5,9.0,9.0,4.5,0.0,0.0,15.0,15.0,70.0
6027,,130.0,130.0,,,4.7,438.0,,,1.0,1.0,3.0,12.0,83.0
6028,37.0,,,,,4.2,371.0,371.0,4.2,10.0,2.0,6.0,15.0,67.0
6029,345.0,,13.3,,,4.8,643.0,,,0.0,0.0,3.0,13.0,84.0
6030,1.0,129.0,129.0,,10000000.0,4.4,,,4.4,8.0,2.0,5.0,10.0,75.0
6032,11.0,,29.99,,,5.0,7.0,,,0.0,0.0,0.0,0.0,100.0
6034,605.0,,12.95,,,4.3,53.0,,,3.0,3.0,15.0,13.0,66.0
6035,,84.9,84.9,,,,,,,0.0,0.0,0.0,0.0,
6036,1076.0,49.0,49.0,,50000000.0,3.9,1268.0,1268.0,3.9,13.0,5.0,12.0,17.0,53.0
6037,221.0,119.88,119.88,124.0,100000000.0,3.9,661.0,661.0,3.9,14.0,6.0,8.0,12.0,60.0
6038,,25.05,25.05,25.05,,3.8,6.0,,,,,,,
6039,82.0,,,,50000000.0,,,,,,,,,
6040,,49.5,49.5,99.0,,5.0,2.0,,,0.0,0.0,0.0,0.0,100.0
6041,,15.99,15.99,,50000000.0,4.0,1174.0,1174.0,4.0,11.0,6.0,10.0,13.0,60.0
6042,112.0,78.68,78.68,149.99,200000000.0,4.1,675.0,,,,,,,
6043,6.0,,,,1000000.0,4.5,2821.0,2821.0,4.5,7.0,1.0,2.0,9.0,81.0
6044,1342.0,,11.83,,,4.8,165.0,,,,,,,
6045,48.0,148.66,148.66,164.44,1000000.0,4.0,2651.0,2651.0,4.0,16.0,4.0,7.0,14.0,59.0
6046,1397.0,,12.91,,,4.7,99.0,,,0.0,1.0,4.0,15.0,80.0
6047,406.0,,13.14,,,4.8,542.0,,,,,,,
6048,,6.88,6.88,,,4.5,2.0,,,,,,,
6050,3.0,22.99,22.99,25.95,300000000.0,4.0,,,4.0,10.0,5.0,11.0,18.0,56.0
6051,,,,,,4.3,119.0,,,,,,,
6052,298.0,144.0,144.0,144.0,50000000.0,4.0,2441.0,,,,,,,
6054,1146.0,35.99,35.99,35.99,,4.7,593.0,593.0,4.7,2.0,2.0,3.0,12.0,81.0
6055,1141.0,,12.4,,,4.8,93.0,,,0.0,0.0,3.0,16.0,81.0
6056,4.0,97.0,97.0,109.0,1000000.0,4.5,,,4.5,5.0,2.0,4.0,12.0,77.0
6057,,,,,,4.4,15.0,,,,,,,
6058,520.0,,,,,4.6,126.0,,,,,,,
6059,58.0,,,,1000000.0,,,,,,,,,
6060,357.0,18.99,18.99,,,4.5,381.0,,,,,,,
6061,17.0,,10.99,,,5.0,5.0,,,0.0,0.0,0.0,0.0,100.0
6062,51.0,116.5,116.5,,200000000.0,4.1,826.0,826.0,4.1,12.0,2.0,8.0,14.0,64.0
6063,1512.0,,4.99,,,4.8,856.0,,,,,,,
6064,209.0,93.99,93.99,109.99,50000000.0,4.0,347.0,347.0,4.0,15.0,2.0,7.0,15.0,61.0
6065,80.0,135.0,135.0,135.0,100000000.0,4.1,131.0,131.0,4.1,14.0,4.0,5.0,12.0,65.0
6066,,45.0,45.0,59.0,,4.7,27.0,,,,,,,
6067,,11.99,11.99,,,5.0,1.0,1.0,5.0,0.0,0.0,0.0,0.0,100.0
6068,181.0,,,,,4.4,367.0,,,,,,,
6069,,,,,,4.4,210.0,210.0,4.4,4.0,7.0,5.0,14.0,70.0
6072,784.0,,5.99,,,4.7,391.0,,,0.0,0.0,4.0,15.0,81.0
6073,,41.29,41.29,89.0,,4.6,33.0,,,0.0,4.0,10.0,8.0,78.0
6074,796.0,9.99,9.99,,,4.0,10.0,,,,,,,
6075,,25.05,25.05,25.05,,5.0,6.0,,,0.0,0.0,0.0,0.0,100.0
6076,,58.0,58.0,,,4.6,1870.0,,,3.0,2.0,6.0,11.0,78.0
6077,3.0,6.28,6.28,6.98,,4.4,,,,,,,,
6078,181.0,,17.99,,,4.2,115.0,,,3.0,4.0,8.0,,54.0
6079,67.0,107.5,107.5,,1000000.0,4.3,529.0,529.0,4.3,8.0,1.0,7.0,16.0,68.0
6080,130.0,139.49,139.49,199.99,,4.1,32.0,32.0,4.1,10.0,7.0,7.0,14.0,62.0
6081,468.0,,,,,,,,,,,,,
6083,41.0,15.38,15.38,,100000000.0,4.4,,,4.4,6.0,3.0,6.0,11.0,74.0
6084,1483.0,,13.0,,,4.7,1427.0,,,0.0,0.0,3.0,18.0,79.0
6085,,122.3,122.3,,,4.3,16.0,,,11.0,0.0,0.0,24.0,65.0
6086,,87.83,87.83,,,4.3,21.0,,,,,,,
6087,190.0,105.0,105.0,102.0,200000000.0,4.2,432.0,432.0,4.2,7.0,4.0,9.0,19.0,61.0
6090,,,,,,4.6,36.0,,,5.0,0.0,4.0,16.0,75.0
6091,634.0,89.99,89.99,,,3.9,38.0,38.0,3.9,15.0,6.0,10.0,8.0,61.0
6092,1325.0,14.99,14.99,,,4.4,364.0,364.0,4.4,4.0,5.0,5.0,16.0,70.0
6095,1438.0,54.95,54.95,,,4.6,635.0,,,,,,,
6096,,14.99,14.99,,,,11.0,,,,0.0,,0.0,
6098,,,,,,,4.0,4.0,,,0.0,,0.0,
6099,1010.0,79.99,79.99,,,3.7,393.0,,,,,,,
6102,,,11.0,,,4.7,64.0,,,0.0,0.0,4.0,23.0,73.0
6103,437.0,,14.99,,,,,,,,,,,
6104,265.0,,,,,4.7,1679.0,1679.0,4.7,2.0,1.0,4.0,11.0,82.0
6105,,6.99,6.99,,,4.8,5.0,,,,,,,
6106,2286.0,,,,,3.7,5.0,5.0,3.7,9.0,0.0,,0.0,43.0
6107,,,,,,4.4,15.0,,,11.0,0.0,0.0,14.0,75.0
6108,283.0,199.99,199.99,,50000000.0,3.9,1005.0,1005.0,3.9,19.0,5.0,6.0,7.0,63.0
6109,161.0,28.47,28.47,33.99,,4.4,260.0,,,5.0,5.0,5.0,15.0,70.0
6110,,,,,,4.3,5.0,5.0,4.3,0.0,,0.0,0.0,76.0
6111,,,,,,4.4,31.0,31.0,4.4,7.0,0.0,6.0,12.0,75.0
6112,292.0,,,,,4.3,1325.0,,,7.0,5.0,8.0,11.0,69.0
6113,565.0,,,,50000000.0,,,,,,,,,
6114,1124.0,,,,,,,,,,,,,
6115,,,,,,4.3,14.0,,,13.0,0.0,0.0,20.0,67.0
6116,,23.99,23.99,,,,,,,0.0,0.0,0.0,0.0,
6117,964.0,59.0,59.0,59.0,50000000.0,3.9,50.0,50.0,3.9,18.0,3.0,4.0,16.0,59.0
6118,741.0,22.99,22.99,24.96,50000000.0,4.4,252.0,252.0,4.4,7.0,2.0,6.0,15.0,70.0
6120,419.0,37.29,37.29,,,4.4,227.0,,,4.0,5.0,7.0,9.0,75.0
6121,,,20.01,,,,,,,0.0,0.0,0.0,0.0,
6122,,,9.97,,,4.6,32.0,,,0.0,5.0,5.0,11.0,79.0
6123,111.0,,,,,4.2,2447.0,2447.0,4.2,4.0,8.0,14.0,14.0,60.0
6124,62.0,,,,1000000.0,,,,,,,,,
6125,14.0,69.99,69.99,69.99,100000000.0,4.2,587.0,587.0,4.2,5.0,5.0,12.0,19.0,59.0
6126,959.0,,6.99,,,4.3,69.0,,,2.0,4.0,7.0,,53.0
6127,67.0,,,,,3.8,1342.0,1342.0,3.8,20.0,4.0,7.0,13.0,56.0
6128,2421.0,19.99,19.99,,,4.8,5.0,5.0,4.8,0.0,0.0,0.0,24.0,76.0
6129,,44.04,44.04,,,4.6,5.0,,,,,,,
6130,44.0,7.99,7.99,9.99,,4.5,2963.0,2963.0,4.5,5.0,2.0,6.0,12.0,75.0
6131,1448.0,21.99,21.99,,,4.7,406.0,,,,,,,
6132,128.0,,,,200000000.0,4.2,,,4.2,11.0,3.0,6.0,11.0,69.0
6133,,,7.99,,,,6.0,,,,0.0,,20.0,
6134,2258.0,,16.9,,,5.0,6.0,,,0.0,0.0,0.0,0.0,100.0
6135,2069.0,129.99,129.99,,,4.7,5.0,5.0,4.7,0.0,0.0,0.0,25.0,75.0
6136,563.0,11.99,11.99,16.99,,4.4,52.0,,,8.0,3.0,3.0,8.0,78.0
6137,180.0,,8.99,,,4.7,8.0,,,0.0,0.0,16.0,0.0,84.0
6138,5.0,,,,2000000.0,,,,,,,,,
6139,574.0,89.99,89.99,,50000000.0,4.2,30.0,30.0,4.2,9.0,0.0,8.0,24.0,59.0
6140,46.0,,,,1000000.0,,,,,,,,,
6141,,32.19,32.19,34.03,,3.7,202.0,,,,,,,
6142,915.0,,,,,,1.0,1.0,,,0.0,0.0,0.0,
6143,726.0,221.67,221.67,,,4.4,666.0,666.0,4.4,6.0,3.0,7.0,13.0,71.0
6144,1697.0,6.84,,,,4.2,15.0,,,0.0,10.0,13.0,,50.0
6146,1568.0,39.0,39.0,,,3.9,4.0,,,,0.0,0.0,0.0,73.0
6147,2.0,,8.99,,,,,,,0.0,0.0,0.0,0.0,
6148,,,,,,4.9,7.0,,,0.0,0.0,0.0,8.0,92.0
6149,96.0,,,,100000000.0,4.6,186.0,186.0,4.6,6.0,1.0,4.0,6.0,83.0
6150,,18.99,18.99,,,,,,,0.0,0.0,0.0,0.0,
6151,,,,,,4.3,15.0,,,,,,,
6152,1601.0,99.0,99.0,,,3.8,49.0,49.0,3.8,18.0,6.0,10.0,11.0,55.0
6153,1280.0,14.99,14.99,,,4.6,2196.0,,,1.0,2.0,4.0,12.0,81.0
6154,5.0,11.19,11.19,,6000000.0,4.5,1474.0,,,,,,,
6155,2415.0,5.77,5.77,,,4.6,135.0,135.0,4.6,3.0,1.0,6.0,13.0,77.0
6156,,25.12,25.12,25.12,,5.0,1.0,,,,,,,
6158,,31.48,31.48,,,,,,,0.0,0.0,0.0,0.0,
6159,,,,,,4.2,978.0,,,,,,,
6160,2103.0,49.74,49.74,,,,104.0,104.0,,21.0,,15.0,15.0,31.0
6162,1091.0,,13.0,,,4.8,84.0,,,,,,,
6163,268.0,116.44,116.44,116.44,100000000.0,3.8,537.0,537.0,3.8,18.0,4.0,6.0,16.0,56.0
6164,386.0,19.99,19.99,,,4.1,396.0,,,,,,,
6165,,,,,,4.5,1553.0,,,4.0,1.0,6.0,16.0,73.0
6166,,8.9,8.9,,,4.5,5.0,,,0.0,0.0,,0.0,74.0
6167,,14.99,14.99,,,3.8,13.0,,,,,,,
6169,30.0,,,,400000000.0,,,,,,,,,
6170,,154.55,154.55,,,4.3,21.0,,,9.0,0.0,9.0,14.0,68.0
6171,,9.99,9.99,,,3.9,73.0,,,,,,,
6172,,45.0,45.0,,,4.8,5.0,,,0.0,0.0,0.0,24.0,76.0
6173,416.0,,17.97,,,3.9,38.0,,,15.0,0.0,,12.0,54.0
6174,,37.83,37.83,,,,2.0,,,0.0,,0.0,,
6175,85.0,,,,400000000.0,4.4,386.0,,,,,,,
6176,4.0,109.0,109.0,116.95,1000000.0,4.8,879.0,,,,,,,
6177,,,,,,,7.0,,,,0.0,,0.0,
6178,2341.0,,17.95,,,4.4,114.0,,,2.0,3.0,8.0,19.0,68.0
6179,,60.0,60.0,,,3.4,6.0,,,,,,,
6180,,,,,,,387.0,,,,,,,
6181,,13.95,13.95,,,3.9,95.0,,,11.0,10.0,9.0,14.0,56.0
6182,533.0,163.97,163.97,,50000000.0,3.5,114.0,114.0,3.5,,3.0,9.0,9.0,51.0
6183,101.0,,21.91,,,4.3,35.0,,,0.0,4.0,,14.0,61.0
6184,1189.0,,10.67,,,3.6,39.0,,,6.0,,17.0,17.0,40.0
6185,2210.0,219.99,219.99,249.99,,4.2,85.0,85.0,4.2,10.0,3.0,5.0,20.0,62.0
6186,132.0,180.57,180.57,188.0,300000000.0,3.9,351.0,351.0,3.9,16.0,5.0,7.0,13.0,59.0
6188,,39.99,39.99,,,4.5,281.0,,,6.0,2.0,7.0,5.0,80.0
6189,291.0,76.99,76.99,76.99,50000000.0,3.4,27.0,27.0,3.4,,,12.0,5.0,48.0
6190,170.0,86.01,86.01,,100000000.0,3.8,2108.0,2108.0,3.8,19.0,4.0,7.0,12.0,58.0
6191,,25.99,25.99,,,5.0,2.0,,,0.0,0.0,0.0,0.0,100.0
6192,40.0,29.99,29.99,,50000000.0,4.7,,,4.7,1.0,1.0,5.0,11.0,82.0
6193,,,25.0,,,4.7,7.0,,,,,,,
6194,527.0,69.0,69.0,,,3.9,386.0,386.0,3.9,15.0,4.0,14.0,9.0,58.0
6195,,,,,,3.5,17.0,,,13.0,,,18.0,37.0
6196,178.0,23.99,23.99,,,4.5,237.0,,,,,,,
6197,284.0,219.99,219.99,219.99,100000000.0,4.4,133.0,133.0,4.4,5.0,2.0,6.0,23.0,64.0
6198,181.0,129.05,129.05,144.44,300000000.0,4.0,1933.0,1933.0,4.0,14.0,5.0,7.0,14.0,60.0
6199,,44.59,44.59,49.0,,4.4,21.0,,,0.0,0.0,,9.0,66.0
6200,619.0,,,,100000000.0,,,,,,,,,
6201,,60.0,60.0,,,,,,,0.0,0.0,0.0,0.0,
6202,71.0,169.99,169.99,,,4.1,,,4.1,13.0,3.0,6.0,13.0,65.0
6203,1808.0,,,,,,,,,,,,,
6206,610.0,,,,,3.8,45.0,45.0,3.8,20.0,3.0,10.0,12.0,55.0
6207,,11.99,11.99,12.99,,4.0,55.0,55.0,4.0,7.0,,10.0,18.0,54.0
6208,,58.0,58.0,,,4.3,181.0,,,5.0,7.0,7.0,13.0,68.0
6209,71.0,,,,,4.5,,,4.5,5.0,2.0,5.0,12.0,76.0
6210,,9.98,9.98,,,4.4,54.0,,,,,,,
6211,757.0,,,,50000000.0,,,,,,,,,
6212,178.0,97.11,97.11,,300000000.0,3.9,52.0,,,,,,,
6213,163.0,45.45,45.45,,200000000.0,3.6,22.0,,,,,,,
6214,296.0,,,,,4.2,2913.0,,,,,,,
6215,1225.0,,,,,5.0,2.0,2.0,5.0,0.0,0.0,0.0,0.0,100.0
6216,141.0,34.0,34.0,,,4.5,,,,,,,,
6217,148.0,,24.99,,,,,,,0.0,0.0,0.0,0.0,
6219,,26.99,26.99,,50000000.0,4.3,32.0,32.0,4.3,16.0,0.0,0.0,8.0,76.0
6220,300.0,,3.99,,,3.9,153.0,,,,,,,
6221,136.0,,,,,4.2,405.0,405.0,4.2,9.0,3.0,6.0,17.0,65.0
6222,,,4.5,,,5.0,1.0,,,,,,,
6224,,2.85,2.85,,,,,,,,,,,
6225,2273.0,32.99,32.99,,,,,,,0.0,0.0,0.0,0.0,
6226,924.0,,11.01,,,3.4,8.0,,,,,,,
6227,1876.0,167.22,167.22,,,4.3,176.0,176.0,4.3,10.0,1.0,6.0,9.0,74.0
6228,342.0,,,,,4.0,358.0,358.0,4.0,8.0,9.0,9.0,16.0,58.0
6230,463.0,,13.97,,,5.0,1.0,,,0.0,0.0,0.0,0.0,100.0
6231,267.0,,,,,4.1,297.0,297.0,4.1,10.0,6.0,6.0,14.0,64.0
6232,1110.0,,11.0,,,4.8,72.0,,,,,,,
6233,,8.99,8.99,,,4.0,2.0,2.0,4.0,0.0,0.0,0.0,,
6234,,34.99,34.99,,,4.2,12.0,12.0,4.2,0.0,0.0,,,45.0
6235,,45.99,45.99,,,,5.0,,,,,,,
6236,1385.0,8.95,8.95,,,,5.0,5.0,,14.0,,,15.0,
6237,,29.67,29.67,59.0,,4.6,22.0,,,6.0,0.0,0.0,9.0,85.0
6238,137.0,15.99,15.99,,,4.3,456.0,,,7.0,4.0,6.0,19.0,64.0
6239,334.0,115.01,115.01,,50000000.0,3.9,1041.0,1041.0,3.9,17.0,4.0,5.0,15.0,59.0
6240,,46.02,46.02,89.0,,3.8,20.0,,,11.0,,6.0,8.0,59.0
6241,,,37.94,,,,,,,,,,,
6242,1587.0,,,,,4.7,1326.0,1326.0,4.7,1.0,1.0,5.0,13.0,80.0
6243,,,14.9,,,4.0,1.0,,,0.0,0.0,0.0,,
6244,1536.0,45.0,45.0,,,,5.0,5.0,,,0.0,0.0,0.0,
6246,,,14.99,,,,8.0,,,,,,,
6247,2323.0,,14.99,,,4.2,31.0,,,6.0,,0.0,17.0,65.0
6248,,34.99,34.99,,,3.9,475.0,475.0,3.9,12.0,6.0,12.0,15.0,55.0
6250,1753.0,21.99,21.99,,,,,,,,,,,
6251,179.0,,,,200000000.0,,,,,,,,,
6252,,6.89,6.89,,,,,,,,,,,
6253,,46.0,46.0,,,,,,,0.0,0.0,0.0,0.0,
6254,300.0,79.0,79.0,88.34,100000000.0,4.3,53.0,53.0,4.3,7.0,3.0,9.0,10.0,71.0
6255,,,,,,4.2,5.0,,,0.0,0.0,,17.0,51.0
6256,776.0,99.99,99.99,99.99,50000000.0,3.9,39.0,39.0,3.9,7.0,,10.0,20.0,49.0
6257,154.0,9.89,9.89,,,3.4,27.0,,,,,0.0,16.0,46.0
6258,129.0,,,,300000000.0,,,,,,,,,
6259,115.0,,,,300000000.0,,,,,,,,,
6260,,49.0,49.0,,,4.7,73.0,,,3.0,0.0,3.0,9.0,85.0
6261,,,10.99,,,,34.0,,,,9.0,9.0,5.0,34.0
6262,95.0,,16.34,,,4.4,62.0,,,3.0,3.0,4.0,25.0,65.0
6263,,59.0,59.0,99.0,,5.0,1.0,,,0.0,0.0,0.0,0.0,100.0
6264,,7.99,7.99,,,,,,,0.0,0.0,0.0,0.0,
6265,107.0,71.1,71.1,119.99,,4.0,2220.0,2220.0,4.0,12.0,5.0,10.0,15.0,58.0
6266,30.0,,,,1000000.0,,,,,,,,,
6267,,,17.9,,,,,,,0.0,0.0,0.0,0.0,
6268,32.0,,16.99,,,4.7,4.0,,,0.0,0.0,0.0,,70.0
6270,2017.0,,,,,4.1,1046.0,1046.0,4.1,8.0,6.0,9.0,20.0,57.0
6272,,45.0,45.0,59.0,,4.7,27.0,,,0.0,0.0,5.0,16.0,79.0
6273,,54.0,54.0,,,4.0,19.0,,,,,,,
6274,405.0,90.96,90.96,,50000000.0,3.7,250.0,250.0,3.7,20.0,7.0,8.0,11.0,54.0
6275,199.0,,,,200000000.0,,,,,,,,,
6276,70.0,,,,,,,,,,,,,
6277,,75.0,75.0,,,4.0,19.0,,,0.0,,,16.0,51.0
6278,1177.0,197.99,197.99,,,4.8,,,,,,,,
6279,303.0,,10.6,,,4.9,22.0,,,0.0,0.0,0.0,6.0,94.0
6280,313.0,,8.29,,,4.0,92.0,,,4.0,3.0,,,38.0
6281,,10.99,10.99,,,4.0,642.0,,,10.0,6.0,13.0,12.0,59.0
6283,309.0,147.99,147.99,,200000000.0,4.4,146.0,,,,,,,
6284,563.0,84.99,84.99,89.99,,4.1,55.0,55.0,4.1,8.0,10.0,7.0,11.0,64.0
6285,1486.0,,,,,4.0,,,4.0,9.0,8.0,11.0,18.0,54.0
6286,,57.54,57.54,,,,1.0,,,0.0,0.0,,0.0,
6287,950.0,,,,50000000.0,,,,,,,,,
6288,350.0,,22.99,,,,,,,,,,,
6289,830.0,119.99,119.99,129.99,,5.0,3.0,3.0,5.0,0.0,0.0,0.0,0.0,100.0
6291,3.0,,,,50000000.0,,,,,,,,,
6292,,45.0,45.0,59.0,,4.9,18.0,,,0.0,0.0,0.0,8.0,92.0
6295,,13.99,13.99,,,,,,,0.0,0.0,0.0,0.0,
6296,,,7.0,,,,,,,0.0,0.0,0.0,0.0,
6297,,,,,,4.7,30.0,,,6.0,0.0,0.0,0.0,94.0
6298,861.0,,,,,,,,,,,,,
6299,525.0,,,,,,,,,,,,,
6300,,45.0,45.0,,,4.0,103.0,,,8.0,8.0,14.0,14.0,56.0
6301,,68.69,68.69,,,4.4,219.0,,,2.0,2.0,10.0,21.0,65.0
6302,665.0,,,,,3.4,7.0,7.0,3.4,,0.0,,0.0,50.0
6303,6.0,9.99,9.99,14.99,10000000.0,4.5,,,4.5,4.0,2.0,5.0,14.0,75.0
6304,9.0,29.99,29.99,29.99,,4.7,,,,2.0,1.0,4.0,10.0,83.0
6305,313.0,17.99,17.99,,,4.4,2819.0,,,,,,,
6306,705.0,,19.95,,,,,,,0.0,0.0,0.0,0.0,
6308,330.0,,9.99,,,5.0,4.0,,,0.0,0.0,0.0,0.0,100.0
6309,55.0,59.99,59.99,,1000000.0,4.1,198.0,198.0,4.1,10.0,5.0,9.0,13.0,63.0
6310,,27.89,27.89,,,3.8,5.0,5.0,3.8,0.0,,0.0,0.0,61.0
6311,,7.95,7.95,,,4.6,35.0,35.0,4.6,7.0,0.0,0.0,11.0,82.0
6312,,,16.0,,,,,,,,,,,
6313,1679.0,,,,,4.2,60.0,,,,,,,
6314,565.0,59.99,59.99,,50000000.0,4.0,549.0,549.0,4.0,12.0,4.0,9.0,15.0,60.0
6315,182.0,8.35,8.35,,,3.9,31.0,31.0,3.9,9.0,0.0,,18.0,45.0
6316,102.0,,26.99,,,4.2,50.0,,,8.0,5.0,9.0,13.0,65.0
6317,,96.19,96.19,,,4.1,100.0,,,13.0,1.0,9.0,11.0,66.0
6318,411.0,48.99,48.99,,50000000.0,3.6,69.0,69.0,3.6,,3.0,11.0,8.0,55.0
6319,980.0,,,,,5.0,1.0,,,0.0,0.0,0.0,0.0,100.0
6320,297.0,,,,300000000.0,,,,,,,,,
6323,303.0,19.95,19.95,,,3.9,404.0,404.0,3.9,13.0,,6.0,9.0,60.0
6324,,14.95,14.95,,,,1.0,1.0,,0.0,0.0,,0.0,
6325,55.0,,,,,4.6,484.0,484.0,4.6,2.0,1.0,8.0,11.0,78.0
6326,47.0,,14.99,,,3.9,17.0,,,7.0,7.0,14.0,,44.0
6327,786.0,49.99,49.99,,,4.4,16.0,,,,,,,
6328,,49.44,49.44,,,5.0,1.0,,,0.0,0.0,0.0,0.0,100.0
6329,194.0,,,,400000000.0,4.3,1429.0,1429.0,4.3,7.0,2.0,7.0,15.0,69.0
6330,39.0,209.95,209.95,212.99,,4.0,,,,,,,,
6331,1975.0,89.99,89.99,,,3.6,298.0,298.0,3.6,16.0,8.0,14.0,17.0,45.0
6332,838.0,,,,,5.0,1.0,1.0,5.0,0.0,0.0,0.0,0.0,100.0
6333,495.0,75.0,75.0,,,5.0,3.0,,,0.0,0.0,0.0,0.0,100.0
6336,56.0,206.5,206.5,,,3.6,43.0,,,,,,,
6338,,,,,,3.9,80.0,,,,,,,
6339,,,11.2,,,4.7,48.0,,,0.0,0.0,3.0,21.0,76.0
6340,721.0,181.97,181.97,,,4.1,314.0,,,,,,,
6341,661.0,,,,,,,,,,,,,
6342,,,,,,4.6,406.0,,,1.0,2.0,6.0,13.0,78.0
6343,39.0,,,,,4.4,138.0,138.0,4.4,8.0,1.0,6.0,7.0,78.0
6344,,5.89,5.89,,,,1.0,,,0.0,,0.0,0.0,
6345,491.0,,,,,4.3,38.0,,,,,,,
6346,,26.44,26.44,,,4.8,188.0,,,1.0,2.0,2.0,7.0,88.0
6347,930.0,,,,,,,,,,,,,
6348,1093.0,138.86,138.86,,,3.8,113.0,113.0,3.8,14.0,9.0,7.0,19.0,51.0
6349,,,,,,4.6,101.0,,,,,,,
6351,1877.0,,13.98,,,4.2,81.0,,,3.0,1.0,,20.0,54.0
6352,,31.98,31.98,,,4.0,1.0,,,0.0,0.0,0.0,,
6353,152.0,79.99,79.99,109.99,50000000.0,4.2,2553.0,2553.0,4.2,11.0,4.0,5.0,14.0,66.0
6354,,,6.99,,,4.4,14.0,,,0.0,0.0,,10.0,64.0
6355,,,,,,4.4,213.0,,,7.0,4.0,3.0,8.0,78.0
6356,637.0,,12.99,,,4.6,9.0,,,,,,,
6357,1683.0,9.24,9.24,,,5.0,3.0,,,,,,,
6358,,19.99,19.99,,,5.0,1.0,,,,,,,
6360,411.0,15.99,15.99,,,,,,,,,,,
6361,187.0,85.15,85.15,89.44,100000000.0,4.4,115.0,,,,,,,
6362,,,,,,4.3,21.0,,,9.0,0.0,9.0,14.0,68.0
6363,2401.0,,,,,,,,,0.0,0.0,0.0,0.0,
6364,345.0,149.99,149.99,,,4.0,310.0,310.0,4.0,12.0,10.0,6.0,11.0,61.0
6365,,34.99,34.99,,,4.2,7.0,7.0,4.2,21.0,0.0,0.0,0.0,79.0
6366,1455.0,9.85,9.85,,,3.8,61.0,,,15.0,5.0,6.0,24.0,50.0
6367,1181.0,,9.87,,,,,,,0.0,0.0,0.0,0.0,
6368,162.0,,,,,3.8,29.0,29.0,3.8,16.0,0.0,,16.0,47.0
6369,2040.0,7.99,7.99,,,4.6,534.0,534.0,4.6,2.0,1.0,6.0,14.0,77.0
6371,569.0,,29.99,,,4.0,1.0,,,0.0,0.0,0.0,,
6372,,,,,,,1.0,,,0.0,,0.0,0.0,
6374,395.0,,16.95,,,3.5,14.0,,,,,,,
6375,,,,,,4.3,16.0,,,11.0,0.0,0.0,24.0,65.0
6376,570.0,,17.0,,,5.0,1.0,,,0.0,0.0,0.0,0.0,100.0
6377,1034.0,,,,,4.2,14.0,,,,,,,
6378,,,9.99,,,4.1,17.0,,,19.0,0.0,0.0,10.0,71.0
6379,2486.0,8.95,8.95,,,4.0,21.0,,,12.0,0.0,16.0,17.0,55.0
6380,,54.99,54.99,67.54,,,,,,,,,,
6381,415.0,,,,,,,,,,,,,
6382,472.0,,12.31,,,,,,,0.0,0.0,0.0,0.0,
6383,1073.0,224.97,224.97,,,4.4,,,,,,,,
6384,396.0,28.99,28.99,,,5.0,4.0,,,0.0,0.0,0.0,0.0,100.0
6385,,,46.33,,,4.3,29.0,,,6.0,6.0,5.0,20.0,63.0
6386,1032.0,99.99,99.99,99.99,,3.4,50.0,50.0,3.4,21.0,9.0,,10.0,41.0
6388,1568.0,,,,,4.1,221.0,221.0,4.1,10.0,3.0,12.0,11.0,64.0
6391,518.0,70.0,70.0,,,4.1,495.0,495.0,4.1,12.0,4.0,7.0,14.0,63.0
6392,81.0,,,,,4.6,194.0,194.0,4.6,4.0,2.0,3.0,11.0,80.0
6393,,,6.95,,,4.2,19.0,,,0.0,0.0,,,45.0
6394,212.0,,,,50000000.0,,,,,,,,,
6395,88.0,87.99,87.99,109.99,400000000.0,4.1,198.0,198.0,4.1,15.0,2.0,8.0,8.0,67.0
6396,93.0,,,,,3.5,57.0,,,,,,,
6397,,,11.99,,,4.9,19.0,,,0.0,0.0,0.0,14.0,86.0
6399,,19.89,19.89,,,,,,,0.0,0.0,0.0,0.0,
6400,117.0,19.99,19.99,,,4.6,1042.0,1042.0,4.6,5.0,2.0,3.0,11.0,79.0
6401,1824.0,,13.0,,,,,,,0.0,0.0,0.0,0.0,
6402,4.0,93.25,93.25,132.04,50000000.0,4.6,407.0,407.0,4.6,4.0,2.0,3.0,7.0,84.0
6404,286.0,15.99,15.99,,,4.7,207.0,,,,,,,
6405,1155.0,,,,,4.3,29.0,29.0,4.3,8.0,2.0,10.0,7.0,73.0
6406,574.0,98.3,98.3,,,4.1,35.0,35.0,4.1,13.0,9.0,2.0,7.0,69.0
6407,1416.0,129.0,129.0,,50000000.0,4.2,1187.0,1187.0,4.2,8.0,5.0,7.0,12.0,68.0
6408,491.0,34.99,34.99,,,5.0,4.0,4.0,5.0,0.0,0.0,0.0,0.0,100.0
6409,,,,,,4.6,5.0,,,0.0,0.0,0.0,,56.0
6410,,12.99,12.99,,,4.7,4.0,,,0.0,0.0,0.0,,69.0
6411,,,,,,4.6,8.0,,,0.0,,0.0,0.0,88.0
6412,,5.58,,,,4.5,49.0,,,0.0,9.0,4.0,15.0,72.0
6413,1163.0,,,,,,,,,,,,,
6414,19.0,9.99,9.99,,200000000.0,4.5,,,,,,,,
6415,110.0,29.95,29.95,34.0,,4.1,15.0,,,,,,,
6416,,45.23,45.23,89.0,,3.8,30.0,,,15.0,8.0,7.0,16.0,54.0
6417,162.0,46.95,46.95,46.95,100000000.0,4.7,,,,,,,,
6418,,7.1,7.1,,,,,,,,,,,
6419,367.0,,,,,,1.0,,,,,,,
6420,1000.0,,44.99,,,4.3,5.0,,,0.0,0.0,,25.0,53.0
6421,699.0,,,,,4.0,3.0,,,,,,,
6422,5.0,,29.64,,,4.4,84.0,,,,,,,
6423,188.0,,,,200000000.0,3.9,217.0,217.0,3.9,19.0,3.0,6.0,9.0,63.0
6424,1653.0,128.98,128.98,145.0,,4.5,456.0,456.0,4.5,6.0,2.0,4.0,9.0,79.0
6425,151.0,89.0,89.0,97.0,,4.3,55.0,55.0,4.3,8.0,5.0,3.0,9.0,75.0
6426,1117.0,,14.95,,,,1.0,,,,,,,
6427,516.0,,,,50000000.0,,,,,,,,,
6428,,,,,,5.0,7.0,,,,,,,
6429,,21.99,21.99,,,,,,,0.0,0.0,0.0,0.0,
6431,326.0,,,,,,,,,,,,,
6432,1343.0,,,,,3.4,2.0,2.0,3.4,0.0,0.0,,,
6433,,,,,,4.1,9.0,,,0.0,0.0,,0.0,54.0
6434,360.0,16.9,16.9,19.9,,4.6,42.0,42.0,4.6,0.0,5.0,6.0,17.0,72.0
6435,361.0,195.0,195.0,,50000000.0,3.5,197.0,197.0,3.5,,6.0,8.0,16.0,46.0
6436,20.0,13.79,13.79,19.99,200000000.0,4.5,229.0,,,,,,,
6437,,20.89,20.89,,,,,,,0.0,0.0,0.0,0.0,
6438,138.0,,,,100000000.0,,,,,,,,,
6439,445.0,,15.39,,,4.2,126.0,,,,,,,
6440,18.0,27.99,27.99,32.95,200000000.0,4.6,,,4.6,2.0,2.0,6.0,16.0,74.0
6441,,55.44,55.44,99.0,,,6.0,,,17.0,,,0.0,44.0
6442,1748.0,89.99,89.99,,,3.8,19.0,,,,,,,
6444,425.0,119.99,119.99,,,,,,,,,,,
6446,,,,,,4.6,58.0,,,2.0,3.0,6.0,8.0,81.0
6447,,,,,,,1.0,,,,,,,
6448,726.0,68.99,68.99,109.84,,3.7,159.0,159.0,3.7,19.0,6.0,9.0,14.0,52.0
6449,342.0,,,,300000000.0,,,,,,,,,
6450,138.0,,16.95,,,4.8,16.0,,,,,,,
6451,268.0,,14.99,,,3.7,14.0,,,14.0,0.0,,17.0,43.0
6452,,5.6,5.6,,,4.3,11.0,,,,,,,
6453,3.0,51.99,51.99,64.99,3000000.0,4.2,1228.0,1228.0,4.2,9.0,5.0,5.0,15.0,66.0
6455,1058.0,,54.99,,,,,,,,,,,
6457,341.0,,,,100000000.0,,,,,,,,,
6458,1431.0,,,,,3.8,602.0,,,,,,,
6459,2150.0,,,,,3.8,252.0,252.0,3.8,12.0,5.0,17.0,16.0,50.0
6460,494.0,194.99,194.99,219.82,,4.7,4.0,,,,,,,
6462,,58.0,58.0,,,4.2,42.0,,,,,,,
6463,267.0,17.99,17.99,27.99,200000000.0,4.3,,,,,,,,
6464,2251.0,14.29,14.29,,,4.6,2.0,2.0,4.6,0.0,0.0,0.0,,63.0
6465,1540.0,24.99,24.99,34.5,,4.2,744.0,,,7.0,3.0,10.0,16.0,64.0
6466,65.0,,22.99,,,4.0,118.0,,,,,,,
6468,988.0,11.5,11.5,,,3.8,116.0,116.0,3.8,12.0,10.0,11.0,14.0,53.0
6469,212.0,,67.65,,,3.8,10.0,,,19.0,0.0,14.0,13.0,54.0
6471,328.0,59.99,59.99,65.99,,,6.0,6.0,,17.0,,,18.0,30.0
6472,1733.0,,,,,,,,,,,,,
6473,792.0,,,,50000000.0,,,,,,,,,
6474,432.0,,,,,,,,,,,,,
6475,20.0,,,,2000000.0,,,,,,,,,
6476,978.0,103.99,103.99,,,3.9,122.0,122.0,3.9,15.0,4.0,11.0,10.0,60.0
6477,,,,,,3.7,21.0,21.0,3.7,15.0,7.0,12.0,22.0,44.0
6478,304.0,81.39,81.39,87.18,50000000.0,3.9,1340.0,1340.0,3.9,19.0,3.0,6.0,12.0,60.0
6479,,14.99,14.99,,,5.0,2.0,,,0.0,0.0,0.0,0.0,100.0
6481,14.0,9.99,9.99,9.99,2000000.0,4.6,,,,3.0,1.0,4.0,13.0,79.0
6482,517.0,29.95,29.95,29.95,,4.2,122.0,122.0,4.2,7.0,3.0,13.0,17.0,60.0
6483,,,,,,4.8,125.0,,,3.0,0.0,1.0,7.0,89.0
6484,,,12.99,,,5.0,8.0,,,,,,,
6485,1106.0,25.99,25.99,,,,18.0,18.0,,,,14.0,11.0,
6486,1523.0,,,,,,,,,,,,,
6487,634.0,,,,,,,,,,,,,
6489,826.0,,,,100000000.0,3.7,113.0,,,,,,,
6490,392.0,,,,,4.6,1020.0,1020.0,4.6,4.0,1.0,4.0,10.0,81.0
6491,332.0,74.99,74.99,74.44,,4.0,807.0,807.0,4.0,15.0,5.0,7.0,13.0,60.0
6492,,46.98,46.98,,,,5.0,,,,,,,
6493,2046.0,22.0,22.0,28.5,,4.5,,,4.5,2.0,2.0,6.0,17.0,73.0
6494,762.0,215.99,215.99,,50000000.0,4.4,34.0,34.0,4.4,5.0,5.0,6.0,6.0,78.0
6495,,8.9,8.9,,,4.3,22.0,,,9.0,0.0,8.0,16.0,67.0
6496,,19.89,19.89,,,5.0,2.0,,,,,,,
6497,,,184.28,,,,,,,0.0,0.0,0.0,0.0,
6498,1588.0,,,,,,,,,,,,,
6499,,,,,,4.4,690.0,,,,,,,
6500,73.0,,,,1000000.0,,,,,,,,,
6501,1016.0,,,,,,,,,,,,,
6502,1774.0,25.55,25.55,26.99,,4.1,4.0,4.0,4.1,0.0,,0.0,0.0,70.0
6503,732.0,,11.99,,,,8.0,,,,,0.0,15.0,
6504,652.0,9.99,9.99,12.95,100000000.0,4.4,640.0,640.0,4.4,6.0,3.0,6.0,10.0,75.0
6505,,77.5,77.5,,,3.9,124.0,124.0,3.9,10.0,9.0,13.0,16.0,52.0
6506,310.0,109.99,109.99,129.99,50000000.0,4.4,145.0,145.0,4.4,9.0,2.0,4.0,12.0,73.0
6507,,7.99,7.99,,,4.2,6.0,,,0.0,0.0,,,45.0
6508,96.0,,14.99,,,,6.0,,,,,,,
6509,228.0,,,,,4.0,7.0,7.0,4.0,0.0,,0.0,10.0,62.0
6510,536.0,59.0,59.0,59.0,50000000.0,3.7,335.0,335.0,3.7,19.0,8.0,9.0,14.0,50.0
6512,948.0,27.99,27.99,,,4.5,6.0,6.0,4.5,0.0,0.0,,0.0,75.0
6513,,,14.9,,,5.0,5.0,,,0.0,0.0,0.0,0.0,100.0
6514,307.0,19.99,19.99,21.99,,4.3,246.0,,,,,,,
6515,,,,,,4.4,4.0,,,0.0,0.0,0.0,,42.0
6516,,,8.95,,,,,,,0.0,0.0,0.0,0.0,
6517,396.0,101.99,101.99,,50000000.0,3.9,83.0,83.0,3.9,13.0,4.0,13.0,20.0,50.0
6518,,40.17,40.17,,,4.5,31.0,,,0.0,0.0,10.0,,60.0
6519,836.0,,26.0,,,5.0,3.0,,,,,,,
6520,704.0,,,,,,,,,,,,,
6521,512.0,39.99,39.99,49.99,50000000.0,,10.0,10.0,,,0.0,0.0,15.0,39.0
6522,1680.0,6.7,6.7,,,,8.0,,,,0.0,,18.0,
6523,2208.0,44.84,44.84,,,4.7,5.0,,,0.0,0.0,0.0,,73.0
6524,1059.0,,20.0,,,4.8,11.0,,,0.0,0.0,0.0,22.0,78.0
6525,389.0,5.99,5.99,,,4.5,548.0,548.0,4.5,2.0,3.0,7.0,13.0,75.0
6526,1096.0,,,,,,,,,,,,,
6527,669.0,,,,,4.0,6.0,6.0,4.0,0.0,,0.0,18.0,57.0
6528,157.0,,11.99,,,4.7,71.0,,,0.0,0.0,3.0,,71.0
6529,976.0,109.99,109.99,,,4.0,78.0,78.0,4.0,12.0,5.0,8.0,17.0,58.0
6530,614.0,14.99,14.99,,,,3.0,3.0,,,0.0,0.0,0.0,56.0
6531,450.0,,13.95,,,4.7,51.0,,,0.0,7.0,3.0,4.0,86.0
6532,,10.59,10.59,,,,,,,0.0,0.0,0.0,0.0,
6533,712.0,,,,,4.6,58.0,58.0,4.6,4.0,2.0,3.0,5.0,86.0
6534,342.0,18.99,18.99,,,4.5,9.0,,,0.0,0.0,17.0,14.0,69.0
6535,377.0,93.99,93.99,144.89,100000000.0,4.2,68.0,68.0,4.2,8.0,8.0,9.0,9.0,66.0
6536,1160.0,54.99,54.99,,,4.4,43.0,,,,,,,
6537,,,,,,4.7,6.0,,,0.0,0.0,0.0,,67.0
6538,77.0,,,,,4.6,243.0,243.0,4.6,2.0,1.0,6.0,15.0,76.0
6540,203.0,106.0,106.0,99.99,100000000.0,3.9,105.0,105.0,3.9,19.0,1.0,7.0,10.0,63.0
6542,182.0,133.59,133.59,157.0,200000000.0,3.9,649.0,649.0,3.9,18.0,3.0,6.0,15.0,58.0
6543,86.0,148.0,148.0,167.99,100000000.0,3.9,1326.0,1326.0,3.9,18.0,4.0,6.0,12.0,60.0
6544,343.0,6.85,6.85,,,,,,,0.0,0.0,0.0,0.0,
6545,,,,,,4.6,3.0,,,,,,,
6546,,,9.95,,,,,,,0.0,0.0,0.0,0.0,
6547,69.0,,,,50000000.0,4.6,153.0,153.0,4.6,2.0,3.0,6.0,10.0,79.0
6548,,3.44,3.44,,,,,,,,,,,
6549,478.0,,,,,3.5,182.0,,,,,,,
6550,1126.0,29.99,29.99,,,,8.0,8.0,,,,,17.0,
6551,706.0,17.99,17.99,18.99,200000000.0,4.5,1064.0,,,,,,,
6552,,,4.69,,,4.1,6.0,,,0.0,0.0,,20.0,46.0
6553,139.0,17.99,17.99,,,4.6,7.0,,,0.0,0.0,0.0,,56.0
6554,,,6.99,,,3.6,111.0,,,9.0,,,23.0,36.0
6555,1587.0,,,,,,,,,,,,,
6556,3.0,199.99,199.99,199.99,5000000.0,4.2,1977.0,1977.0,4.2,10.0,3.0,6.0,16.0,65.0
6557,100.0,11.95,11.95,15.95,300000000.0,4.5,474.0,,,,,,,
6558,,,13.99,,,4.3,13.0,,,0.0,0.0,,23.0,52.0
6559,1490.0,,59.7,,,,,,,0.0,0.0,0.0,0.0,
6560,178.0,55.99,55.99,,50000000.0,4.1,179.0,179.0,4.1,13.0,4.0,7.0,13.0,63.0
6561,6.0,,,,200000000.0,4.5,2821.0,2821.0,4.5,7.0,1.0,2.0,9.0,81.0
6562,85.0,,,,300000000.0,4.4,386.0,386.0,4.4,7.0,2.0,5.0,17.0,69.0
6563,10.0,109.91,109.91,,2000000.0,4.0,1617.0,1617.0,4.0,17.0,3.0,4.0,11.0,65.0
6564,15.0,,,,1000000.0,4.4,533.0,533.0,4.4,7.0,3.0,5.0,13.0,72.0
6565,255.0,,,,50000000.0,,,,,,,,,
6566,289.0,,,,100000000.0,,,,,,,,,
6567,96.0,,,,200000000.0,,,,,,,,,
6568,1789.0,,,,,,3.0,3.0,,,0.0,,0.0,33.0
6569,506.0,94.99,94.99,,,4.1,819.0,,,,,,,
6570,187.0,48.99,48.99,,50000000.0,3.6,41.0,41.0,3.6,,0.0,7.0,4.0,58.0
6571,1878.0,49.99,49.99,,,3.8,8.0,8.0,3.8,,0.0,0.0,21.0,56.0
6572,131.0,,,,,4.5,848.0,848.0,4.5,6.0,2.0,3.0,12.0,77.0
6573,45.0,,,,,4.2,1795.0,1795.0,4.2,13.0,3.0,4.0,10.0,70.0
6574,166.0,,,,200000000.0,,,,,,,,,
6575,1277.0,,,,,4.9,23.0,23.0,4.9,0.0,0.0,0.0,6.0,94.0
6576,39.0,205.99,205.99,214.44,,4.0,,,4.0,15.0,4.0,7.0,12.0,62.0
6578,51.0,115.5,115.5,,,4.1,826.0,826.0,4.1,12.0,2.0,8.0,14.0,64.0
6579,345.0,89.99,89.99,94.99,,3.9,65.0,65.0,3.9,17.0,0.0,5.0,,51.0
6580,71.0,,,,100000000.0,4.3,31.0,,,,,,,
6581,,,47.19,,,,,,,0.0,0.0,0.0,0.0,
6582,456.0,94.99,94.99,99.99,,,20.0,20.0,,,8.0,8.0,,
6583,102.0,169.99,169.99,,200000000.0,4.1,2306.0,2306.0,4.1,13.0,3.0,6.0,12.0,66.0
6584,124.0,,,,,4.2,2002.0,,,,,,,
6585,1560.0,,,,,,,,,,,,,
6586,297.0,,,,,4.2,,,4.2,10.0,3.0,5.0,14.0,68.0
6587,16.0,154.99,154.99,169.02,1000000.0,3.9,,,,,,,,
6588,509.0,159.99,159.99,,,4.3,113.0,113.0,4.3,6.0,6.0,7.0,9.0,72.0
6590,289.0,,,,,4.0,2.0,2.0,4.0,0.0,0.0,,0.0,50.0
6591,420.0,48.99,48.99,,,,152.0,152.0,,,9.0,4.0,4.0,44.0
6592,202.0,169.0,169.0,188.44,100000000.0,4.0,1014.0,,,,,,,
6593,152.0,67.99,67.99,,200000000.0,3.8,1313.0,,,,,,,
6595,418.0,,,,100000000.0,4.3,47.0,47.0,4.3,9.0,0.0,3.0,21.0,67.0
6597,2541.0,,,,,4.4,628.0,628.0,4.4,6.0,3.0,6.0,13.0,72.0
6598,457.0,,,,,,4.0,,,,,,,
6599,700.0,,,,,,,,,,,,,
6600,2019.0,,,,,4.1,5.0,,,,,,,
6601,552.0,78.99,78.99,,100000000.0,3.9,19.0,19.0,3.9,16.0,0.0,,0.0,61.0
6602,2150.0,59.99,59.99,,,3.4,141.0,,,,,,,
6603,134.0,224.99,224.99,224.99,400000000.0,4.4,446.0,446.0,4.4,6.0,3.0,4.0,13.0,74.0
6604,,,,,,4.4,798.0,798.0,4.4,6.0,2.0,7.0,17.0,68.0
6605,209.0,93.99,93.99,109.99,100000000.0,4.0,347.0,347.0,4.0,15.0,2.0,7.0,15.0,61.0
6606,302.0,,,,,4.2,25.0,25.0,4.2,3.0,4.0,,18.0,55.0
6607,76.0,109.95,109.95,,,4.1,1083.0,1083.0,4.1,13.0,3.0,7.0,12.0,65.0
6608,1812.0,139.99,139.99,179.99,,4.4,46.0,,,,,,,
6609,543.0,,,,50000000.0,,,,,,,,,
6611,354.0,78.0,78.0,149.99,50000000.0,3.8,200.0,200.0,3.8,19.0,4.0,6.0,15.0,56.0
6612,46.0,,,,100000000.0,4.3,742.0,742.0,4.3,11.0,2.0,5.0,10.0,72.0
6613,197.0,154.99,154.99,,200000000.0,4.1,1483.0,1483.0,4.1,10.0,4.0,8.0,15.0,63.0
6614,308.0,,,,50000000.0,4.2,1696.0,1696.0,4.2,9.0,4.0,6.0,13.0,68.0
6615,2384.0,,,,,3.4,19.0,19.0,3.4,17.0,,9.0,20.0,39.0
6616,482.0,89.99,89.99,219.0,50000000.0,3.5,212.0,212.0,3.5,,6.0,7.0,15.0,48.0
6617,375.0,,,,,,,,,,,,,
6618,261.0,109.99,109.99,,200000000.0,4.1,396.0,396.0,4.1,11.0,4.0,8.0,13.0,64.0
6619,113.0,,,,300000000.0,4.2,38.0,38.0,4.2,9.0,6.0,6.0,8.0,71.0
6620,332.0,,,,,,,,,,,,,
6621,301.0,,,,100000000.0,,,,,,,,,
6623,496.0,,,,,,,,,,,,,
6624,1730.0,99.99,99.99,,,4.0,163.0,163.0,4.0,15.0,4.0,6.0,17.0,58.0
6625,237.0,106.19,106.19,,200000000.0,4.5,56.0,56.0,4.5,5.0,1.0,3.0,17.0,74.0
6626,71.0,170.95,170.95,,50000000.0,4.1,,,4.1,13.0,3.0,6.0,13.0,65.0
6627,619.0,74.99,74.99,,50000000.0,3.8,84.0,,,,,,,
6628,80.0,139.5,139.5,,50000000.0,4.1,131.0,,,,,,,
6629,1621.0,,,,,,,,,,,,,
6630,328.0,99.74,99.74,149.99,50000000.0,3.8,84.0,84.0,3.8,20.0,3.0,6.0,16.0,55.0
6631,890.0,66.99,66.99,66.99,,3.4,4.0,4.0,3.4,,0.0,,0.0,47.0
6632,333.0,,,,100000000.0,,,,,,,,,
6633,579.0,,,,50000000.0,4.3,1289.0,1289.0,4.3,8.0,2.0,5.0,15.0,70.0
6634,207.0,112.0,112.0,112.0,100000000.0,3.8,907.0,907.0,3.8,18.0,3.0,8.0,16.0,55.0
6635,253.0,,,,100000000.0,,,,,,,,,
6636,462.0,,,,50000000.0,,,,,,,,,
6637,1392.0,79.88,79.88,,,,8.0,,,,,,,
6638,2364.0,,,,,4.1,2.0,2.0,4.1,0.0,0.0,,0.0,54.0
6640,1779.0,,,,,4.2,121.0,,,,,,,
6641,115.0,79.99,79.99,109.99,100000000.0,4.0,176.0,176.0,4.0,10.0,9.0,11.0,13.0,57.0
6642,1121.0,49.99,49.99,,,3.5,7.0,,,,,,,
6643,849.0,106.99,106.99,129.99,,3.8,245.0,245.0,3.8,14.0,4.0,12.0,22.0,48.0
6645,1581.0,,,,,,,,,,,,,
6646,99.0,,,,50000000.0,,,,,,,,,
6647,118.0,39.99,39.99,,300000000.0,3.5,43.0,,,,,,,
6648,1539.0,81.66,81.66,,,3.8,135.0,135.0,3.8,15.0,5.0,12.0,14.0,54.0
6649,386.0,119.99,119.99,,,3.8,1121.0,1121.0,3.8,18.0,5.0,8.0,13.0,56.0
6650,638.0,105.0,105.0,,50000000.0,4.3,121.0,121.0,4.3,7.0,2.0,9.0,18.0,64.0
6651,2416.0,67.99,67.99,,,3.5,102.0,102.0,3.5,,6.0,11.0,24.0,37.0
6652,1971.0,,,,,,,,,,,,,
6653,121.0,,,,400000000.0,,,,,,,,,
6654,124.0,,,,,4.0,83.0,,,,,,,
6655,6.0,9.97,9.97,,10000000.0,4.5,,,4.5,6.0,2.0,4.0,10.0,78.0
6656,,105.99,105.99,,,4.3,50.0,50.0,4.3,9.0,3.0,9.0,6.0,73.0
6657,,,,,,4.0,43.0,43.0,4.0,14.0,5.0,6.0,13.0,62.0
6658,196.0,99.99,99.99,99.99,50000000.0,3.6,112.0,112.0,3.6,,5.0,9.0,15.0,48.0
6659,28.0,12.98,12.98,15.98,10000000.0,4.4,,,4.4,6.0,2.0,6.0,12.0,74.0
6660,865.0,,,,,,,,,,,,,
6662,295.0,194.99,194.99,213.0,100000000.0,4.2,25.0,25.0,4.2,7.0,7.0,9.0,14.0,63.0
6663,104.0,,,,400000000.0,,,,,,,,,
6664,2.0,12.99,12.99,19.99,10000000.0,4.4,,,4.4,6.0,3.0,7.0,14.0,70.0
6665,171.0,88.44,88.44,83.34,200000000.0,3.9,653.0,653.0,3.9,15.0,5.0,9.0,11.0,60.0
6666,205.0,,,,100000000.0,,,,,,,,,
6667,44.0,9.98,9.98,12.99,10000000.0,4.6,,,,,,,,
6668,5.0,26.99,26.99,32.99,9000000.0,4.6,,,4.6,4.0,1.0,4.0,13.0,78.0
6669,10.0,7.99,7.99,9.99,10000000.0,4.6,,,,3.0,2.0,6.0,12.0,77.0
6670,399.0,,,,50000000.0,,,,,,,,,
6671,34.0,12.99,12.99,,10000000.0,4.4,527.0,,,,,,,
6672,1.0,20.99,20.99,29.99,10000000.0,4.6,,,,,,,,
6673,227.0,91.26,91.26,,100000000.0,4.1,556.0,,,,,,,
6674,1977.0,,,,,,,,,,,,,
6675,1.0,16.98,16.98,29.98,10000000.0,4.5,,,4.5,3.0,2.0,6.0,14.0,75.0
6677,212.0,,,,100000000.0,,,,,,,,,
6678,62.0,149.95,149.95,149.99,,4.0,2000.0,2000.0,4.0,16.0,4.0,6.0,11.0,63.0
6679,14.0,26.97,26.97,29.99,2000000.0,4.3,,,,,,,,
6680,3.0,5.94,5.94,,10000000.0,4.6,,,4.6,3.0,1.0,4.0,13.0,79.0
6681,507.0,109.99,109.99,,100000000.0,4.3,28.0,28.0,4.3,8.0,5.0,5.0,6.0,76.0
6682,32.0,5.79,5.79,,9000000.0,4.6,,,,,,,,
6683,10.0,79.99,79.99,,,4.2,2725.0,2725.0,4.2,8.0,5.0,6.0,14.0,67.0
6684,3.0,12.98,12.98,17.99,10000000.0,4.3,,,4.3,7.0,3.0,7.0,13.0,70.0
6685,1759.0,34.99,34.99,,,,,,,0.0,0.0,0.0,0.0,
6686,452.0,61.05,61.05,,,3.9,266.0,266.0,3.9,15.0,5.0,8.0,13.0,59.0
6687,652.0,48.6,48.6,,50000000.0,3.8,15.0,15.0,3.8,,0.0,9.0,16.0,53.0
6688,281.0,85.89,85.89,85.89,100000000.0,4.1,964.0,,,,,,,
6691,556.0,199.0,199.0,,,4.2,2326.0,2326.0,4.2,10.0,4.0,6.0,15.0,65.0
6692,5.0,19.99,19.99,29.99,8000000.0,4.4,,,,,,,,
6693,35.0,,,,7000000.0,,,,,,,,,
6694,17.0,6.99,6.99,10.3,10000000.0,4.6,,,,2.0,1.0,5.0,12.0,80.0
6695,216.0,,,,400000000.0,,,,,,,,,
6696,181.0,12.99,12.99,13.8,2000000.0,4.5,,,,,,,,
6697,3.0,19.95,19.95,29.99,3000000.0,4.3,2238.0,2238.0,4.3,6.0,3.0,8.0,14.0,69.0
6698,52.0,24.99,24.99,32.99,2000000.0,4.7,,,4.7,2.0,0.0,3.0,9.0,86.0
6699,85.0,64.99,64.99,69.99,1000000.0,4.3,121.0,121.0,4.3,9.0,2.0,5.0,15.0,69.0
6701,413.0,15.99,15.99,18.99,100000000.0,4.4,252.0,252.0,4.4,7.0,2.0,6.0,15.0,70.0
6702,19.0,5.59,5.59,6.98,5000000.0,4.5,,,4.5,5.0,2.0,5.0,12.0,76.0
6704,40.0,14.99,14.99,14.99,1000000.0,4.0,,,4.0,14.0,5.0,9.0,14.0,58.0
6705,1098.0,6.79,6.79,7.99,,4.6,2351.0,2351.0,4.6,1.0,1.0,5.0,15.0,78.0
6706,247.0,145.0,145.0,151.11,300000000.0,4.0,205.0,205.0,4.0,17.0,2.0,6.0,15.0,60.0
6707,5.0,19.99,19.99,,,4.3,,,4.3,6.0,4.0,9.0,12.0,69.0
6708,9.0,34.99,34.99,,,4.2,183.0,183.0,4.2,9.0,9.0,3.0,14.0,65.0
6709,83.0,,,,300000000.0,,,,,,,,,
6710,74.0,24.29,24.29,26.99,100000000.0,4.6,2455.0,2455.0,4.6,3.0,1.0,4.0,11.0,81.0
6711,55.0,207.99,207.99,222.44,400000000.0,4.0,2042.0,2042.0,4.0,14.0,4.0,7.0,13.0,62.0
6712,101.0,,,,1000000.0,,,,,,,,,
6713,132.0,49.99,49.99,,100000000.0,4.1,,,4.1,10.0,4.0,9.0,15.0,62.0
6714,79.0,20.99,20.99,29.99,1000000.0,4.3,645.0,645.0,4.3,8.0,4.0,6.0,13.0,69.0
6715,2.0,9.88,9.88,,7000000.0,4.6,,,,,,,,
6716,133.0,,,,300000000.0,4.0,157.0,157.0,4.0,14.0,4.0,5.0,16.0,61.0
6717,225.0,,,,400000000.0,,,,,,,,,
6718,11.0,22.97,22.97,22.97,6000000.0,4.5,,,4.5,4.0,1.0,6.0,14.0,75.0
6719,7.0,49.99,49.99,,300000000.0,4.2,77.0,77.0,4.2,7.0,6.0,7.0,18.0,62.0
6720,99.0,,,,3000000.0,,,,,,,,,
6721,186.0,118.99,118.99,120.0,200000000.0,4.1,224.0,224.0,4.1,14.0,4.0,4.0,12.0,66.0
6722,441.0,144.99,144.99,,100000000.0,4.3,19.0,19.0,4.3,7.0,7.0,0.0,17.0,69.0
6723,554.0,,,,50000000.0,4.7,347.0,347.0,4.7,2.0,0.0,3.0,9.0,86.0
6724,364.0,12.99,12.99,,200000000.0,4.4,37.0,37.0,4.4,6.0,6.0,0.0,12.0,76.0
6725,8.0,8.99,8.99,12.99,10000000.0,4.3,,,,,,,,
6726,1781.0,183.31,183.31,,,4.2,2045.0,2045.0,4.2,9.0,2.0,7.0,19.0,63.0
6727,3.0,19.99,19.99,24.99,10000000.0,4.4,,,,,,,,
6728,1324.0,,,,,,,,,,,,,
6729,44.0,34.99,34.99,199.99,5000000.0,4.5,1256.0,1256.0,4.5,6.0,2.0,4.0,9.0,79.0
6730,869.0,54.71,54.71,,50000000.0,,1.0,1.0,,,0.0,0.0,0.0,
6731,,34.99,34.99,,,5.0,1.0,1.0,5.0,0.0,0.0,0.0,0.0,100.0
6732,775.0,,,,,,,,,,,,,
6733,164.0,149.99,149.99,,400000000.0,4.0,328.0,,,,,,,
6734,689.0,89.99,89.99,,,3.4,47.0,47.0,3.4,19.0,0.0,,22.0,31.0
6735,804.0,48.99,48.99,,50000000.0,5.0,26.0,,,,,,,
6736,32.0,,,,100000000.0,4.2,123.0,123.0,4.2,9.0,7.0,7.0,7.0,70.0
6737,41.0,23.99,23.99,32.99,300000000.0,4.6,309.0,309.0,4.6,5.0,0.0,2.0,8.0,85.0
6738,3.0,9.98,9.98,,10000000.0,4.7,,3072.0,4.7,3.0,1.0,2.0,11.0,83.0
6739,41.0,10.99,10.99,11.99,200000000.0,4.4,,,4.4,6.0,3.0,6.0,11.0,74.0
6740,164.0,21.84,21.84,25.99,100000000.0,4.5,,,4.5,4.0,2.0,5.0,11.0,78.0
6741,104.0,37.99,37.99,69.99,300000000.0,4.4,22.0,22.0,4.4,6.0,6.0,0.0,15.0,73.0
6743,499.0,91.85,91.85,96.0,,4.1,58.0,,,,,,,
6744,296.0,149.99,149.99,,,4.3,805.0,805.0,4.3,7.0,3.0,8.0,16.0,66.0
6745,167.0,,,,,3.9,529.0,529.0,3.9,19.0,3.0,6.0,13.0,59.0
6746,1.0,19.99,19.99,23.99,10000000.0,4.6,1564.0,1564.0,4.6,3.0,1.0,6.0,14.0,76.0
6748,94.0,,,257.99,200000000.0,4.2,502.0,502.0,4.2,11.0,2.0,5.0,15.0,67.0
6749,483.0,,,,,,,,,,,,,
6750,17.0,95.99,95.99,,50000000.0,4.2,431.0,431.0,4.2,12.0,4.0,4.0,11.0,69.0
6751,69.0,21.99,21.99,25.99,4000000.0,4.6,,,,4.0,1.0,4.0,10.0,81.0
6752,45.0,5.98,5.98,9.99,1000000.0,4.3,329.0,329.0,4.3,8.0,3.0,3.0,14.0,72.0
6753,220.0,,,,200000000.0,4.4,73.0,73.0,4.4,7.0,0.0,4.0,19.0,70.0
6754,1439.0,,,,,,,,,,,,,
6755,,,,,,3.7,23.0,23.0,3.7,5.0,,,18.0,41.0
6756,226.0,,,,50000000.0,3.8,5.0,,,,,,,
6757,385.0,157.95,157.95,,,4.3,331.0,331.0,4.3,9.0,5.0,3.0,13.0,70.0
6758,,,,,,4.1,977.0,977.0,4.1,11.0,4.0,10.0,14.0,61.0
6759,1283.0,101.99,101.99,,,4.7,5.0,5.0,4.7,0.0,0.0,0.0,,70.0
6760,17.0,,,,,,,,,,,,,
6761,235.0,,,,100000000.0,4.2,,,4.2,10.0,3.0,5.0,15.0,67.0
6762,2044.0,149.99,149.99,189.99,,4.1,356.0,356.0,4.1,10.0,6.0,6.0,14.0,64.0
6763,819.0,72.99,72.99,,,4.0,128.0,128.0,4.0,11.0,3.0,7.0,,52.0
6765,,149.99,149.99,199.99,,4.4,31.0,31.0,4.4,4.0,4.0,5.0,14.0,73.0
6766,9.0,3.99,3.99,,6000000.0,4.3,1672.0,1672.0,4.3,8.0,3.0,7.0,11.0,71.0
6767,423.0,,,,,3.9,1401.0,1401.0,3.9,18.0,4.0,8.0,12.0,58.0
6768,7.0,,,,9000000.0,,,,,,,,,
6769,15.0,49.69,49.69,89.99,1000000.0,3.6,,,3.6,20.0,10.0,9.0,12.0,49.0
6770,59.0,,,,6000000.0,,,,,,,,,
6771,,,,,,3.9,44.0,44.0,3.9,13.0,6.0,15.0,7.0,59.0
6772,38.0,,,,2000000.0,,,,,,,,,
6773,1307.0,47.99,47.99,,,3.4,24.0,24.0,3.4,,,8.0,8.0,49.0
6774,902.0,,,,,4.6,27.0,27.0,4.6,0.0,6.0,0.0,25.0,69.0
6775,2.0,28.99,28.99,,7000000.0,4.3,,,,,,,,
6776,107.0,,,,,,26.0,26.0,,21.0,,14.0,16.0,35.0
6777,446.0,,,,,4.1,733.0,733.0,4.1,11.0,3.0,7.0,15.0,64.0
6778,453.0,106.2,106.2,104.0,,4.1,185.0,185.0,4.1,13.0,4.0,4.0,15.0,64.0
6779,27.0,29.95,29.95,,8000000.0,4.3,,,4.3,8.0,3.0,7.0,12.0,70.0
6780,229.0,68.39,68.39,75.99,,3.7,99.0,99.0,3.7,18.0,3.0,12.0,20.0,47.0
6781,2084.0,4.49,4.49,,100000000.0,4.4,268.0,268.0,4.4,5.0,2.0,7.0,14.0,72.0
6782,558.0,,,,,,,,,,,,,
6783,1641.0,124.99,124.99,,,4.0,456.0,,,,,,,
6784,1152.0,101.99,101.99,,,3.9,194.0,194.0,3.9,18.0,4.0,5.0,15.0,58.0
6785,379.0,155.0,155.0,174.11,50000000.0,3.7,322.0,322.0,3.7,19.0,6.0,10.0,11.0,54.0
6786,337.0,169.99,169.99,,100000000.0,4.0,260.0,260.0,4.0,11.0,5.0,10.0,14.0,60.0
6787,486.0,139.99,139.99,,,3.6,728.0,728.0,3.6,,4.0,7.0,13.0,51.0
6788,668.0,109.99,109.99,,,4.0,89.0,89.0,4.0,7.0,10.0,12.0,17.0,54.0
6789,843.0,89.99,89.99,,,3.9,23.0,23.0,3.9,19.0,0.0,11.0,6.0,64.0
6790,811.0,,,,,4.0,260.0,,,,,,,
6791,1321.0,79.99,79.99,,,3.5,109.0,109.0,3.5,18.0,9.0,11.0,25.0,37.0
6792,243.0,114.44,114.44,114.0,100000000.0,4.0,1623.0,1623.0,4.0,15.0,4.0,8.0,14.0,59.0
6793,2422.0,199.99,199.99,,,4.2,106.0,106.0,4.2,5.0,10.0,14.0,5.0,66.0
6794,8.0,7.99,7.99,,2000000.0,4.6,,,4.6,3.0,1.0,6.0,12.0,78.0
6795,536.0,152.25,152.25,174.99,50000000.0,4.2,26.0,,,,,,,
6796,91.0,,,,50000000.0,,,,,,,,,
6797,,101.99,101.99,109.99,,3.4,5.0,5.0,3.4,,0.0,0.0,,37.0
6798,852.0,,,,50000000.0,4.5,16.0,,,,,,,
6800,8.0,8.99,8.99,9.99,100000000.0,4.7,,,4.7,1.0,1.0,4.0,12.0,82.0
6802,572.0,,,,,4.4,922.0,922.0,4.4,7.0,3.0,6.0,11.0,73.0
6803,271.0,,,,100000000.0,,,,,,,,,
6804,880.0,,,,,4.0,195.0,195.0,4.0,15.0,6.0,5.0,12.0,62.0
6805,41.0,26.99,26.99,32.99,1000000.0,4.2,201.0,201.0,4.2,9.0,4.0,9.0,7.0,71.0
6806,933.0,,,,,4.0,2112.0,2112.0,4.0,12.0,5.0,10.0,17.0,56.0
6807,531.0,149.99,149.99,,50000000.0,4.2,298.0,298.0,4.2,9.0,4.0,8.0,16.0,63.0
6808,723.0,,,,,,,,,,,,,
6809,19.0,24.91,24.91,,1000000.0,4.5,,,4.5,4.0,2.0,7.0,14.0,73.0
6810,1266.0,10.1,10.1,11.99,,4.1,74.0,74.0,4.1,13.0,3.0,4.0,20.0,60.0
6811,7.0,8.99,8.99,,50000000.0,4.4,,,4.4,4.0,3.0,8.0,16.0,69.0
6812,629.0,8.99,8.99,9.99,,4.4,2137.0,,,5.0,4.0,7.0,13.0,71.0
6813,273.0,64.44,64.44,,,4.0,6.0,6.0,4.0,20.0,0.0,0.0,20.0,60.0
6814,1290.0,74.99,74.99,79.99,,4.1,233.0,233.0,4.1,12.0,1.0,10.0,13.0,64.0
6815,1210.0,89.99,89.99,,,4.0,191.0,,,,,,,
6816,3.0,17.99,17.99,25.99,4000000.0,4.5,1088.0,1088.0,4.5,5.0,2.0,5.0,14.0,74.0
6818,243.0,,,,50000000.0,4.0,143.0,,,,,,,
6819,4.0,,,,6000000.0,,,,,,,,,
6820,4.0,11.84,11.84,14.99,8000000.0,4.5,1895.0,1895.0,4.5,5.0,2.0,5.0,11.0,77.0
6821,2263.0,129.99,129.99,,,4.2,3.0,3.0,4.2,0.0,0.0,0.0,,
6822,81.0,20.99,20.99,27.99,4000000.0,4.6,,,4.6,5.0,2.0,3.0,10.0,80.0
6823,583.0,,,,50000000.0,,,,,,,,,
6824,773.0,50.0,50.0,69.88,,3.6,162.0,,,,,,,
6825,84.0,12.99,12.99,,200000000.0,4.1,,,4.1,11.0,5.0,8.0,14.0,62.0
6826,,41.4,41.4,59.99,,,,,,0.0,0.0,0.0,0.0,
6827,141.0,20.69,20.69,22.99,,4.3,,,4.3,8.0,2.0,7.0,14.0,69.0
6828,86.0,,,,300000000.0,,,,,,,,,
6829,41.0,,,,9000000.0,,,,,,,,,
6830,967.0,,,,,,,,,,,,,
6831,256.0,,,,,4.1,269.0,,,,,,,
6832,1966.0,69.99,69.99,74.0,,,12.0,,,,,,,
6833,73.0,,,,,4.0,2212.0,2212.0,4.0,15.0,4.0,5.0,11.0,65.0
6834,3.0,17.99,17.99,21.99,10000000.0,4.5,,,4.5,5.0,2.0,5.0,13.0,75.0
6835,665.0,47.99,47.99,,50000000.0,3.5,91.0,91.0,3.5,,7.0,14.0,8.0,49.0
6836,27.0,35.99,35.99,39.99,1000000.0,4.3,,,4.3,9.0,3.0,5.0,13.0,70.0
6837,1916.0,29.99,29.99,,,3.4,,3086.0,3.4,,8.0,12.0,14.0,41.0
6838,227.0,12.99,12.99,14.69,1000000.0,4.4,,,4.4,6.0,2.0,5.0,12.0,75.0
6839,254.0,9.99,9.99,,100000000.0,4.5,95.0,95.0,4.5,6.0,2.0,4.0,9.0,79.0
6840,279.0,102.49,102.49,118.99,100000000.0,3.7,335.0,335.0,3.7,21.0,7.0,4.0,14.0,54.0
6841,33.0,15.95,15.95,23.95,6000000.0,4.3,1347.0,1347.0,4.3,8.0,3.0,6.0,12.0,71.0
6842,29.0,8.99,8.99,9.99,1000000.0,4.3,,,4.3,7.0,4.0,7.0,13.0,69.0
6843,975.0,60.61,60.61,69.99,,3.7,13.0,13.0,3.7,16.0,9.0,11.0,15.0,49.0
6844,313.0,,,,100000000.0,4.6,886.0,886.0,4.6,5.0,2.0,4.0,9.0,80.0
6845,1000.0,64.99,64.99,74.99,,3.7,1435.0,1435.0,3.7,17.0,5.0,12.0,16.0,50.0
6846,171.0,27.99,27.99,29.99,100000000.0,4.4,922.0,922.0,4.4,6.0,2.0,6.0,13.0,73.0
6847,185.0,,,,100000000.0,4.1,122.0,,,,,,,
6848,43.0,43.44,43.44,49.99,1000000.0,4.5,,,,,,,,
6849,1444.0,63.99,63.99,,,3.6,16.0,,,,,,,
6850,5.0,9.99,9.99,13.99,10000000.0,4.6,,,4.6,3.0,1.0,7.0,13.0,76.0
6851,165.0,9.99,9.99,,,4.1,1858.0,1858.0,4.1,13.0,5.0,7.0,10.0,65.0
6852,97.0,174.0,174.0,174.0,,4.1,,,4.1,14.0,3.0,6.0,14.0,63.0
6853,100.0,6.99,6.99,,4000000.0,4.5,,,4.5,4.0,2.0,6.0,13.0,75.0
6854,53.0,,,,,4.1,376.0,376.0,4.1,14.0,3.0,3.0,12.0,68.0
6856,1132.0,4.99,4.99,,400000000.0,4.5,36.0,,,4.0,4.0,6.0,10.0,76.0
6857,5.0,25.99,25.99,39.99,10000000.0,4.4,,,4.4,5.0,2.0,6.0,14.0,73.0
6858,569.0,12.99,12.99,12.99,200000000.0,4.3,2377.0,2377.0,4.3,8.0,3.0,7.0,11.0,71.0
6860,1859.0,,,,,,,,,,,,,
6861,143.0,,,,100000000.0,,,,,,,,,
6862,52.0,,,233.97,1000000.0,4.1,184.0,184.0,4.1,14.0,3.0,7.0,13.0,63.0
6863,,,,,,4.0,23.0,23.0,4.0,9.0,6.0,11.0,24.0,50.0
6864,1081.0,99.99,99.99,,,3.7,39.0,39.0,3.7,15.0,,4.0,19.0,48.0
6865,33.0,9.9,9.9,,4000000.0,4.3,,,4.3,8.0,3.0,6.0,10.0,73.0
6866,27.0,49.99,49.99,,,4.3,2152.0,,,8.0,2.0,7.0,13.0,70.0
6867,398.0,48.99,48.99,,,,54.0,,,,,,,
6868,2501.0,69.99,69.99,,,4.7,8.0,,,,,,,
6869,75.0,9.99,9.99,12.99,6000000.0,4.6,,,4.6,4.0,2.0,4.0,11.0,79.0
6870,456.0,15.99,15.99,,100000000.0,4.1,196.0,196.0,4.1,8.0,6.0,12.0,10.0,64.0
6871,53.0,,,,300000000.0,,,,,,,,,
6872,,4.95,4.95,,200000000.0,4.7,2780.0,,,,,,,
6873,65.0,26.99,26.99,35.99,200000000.0,4.4,2153.0,2153.0,4.4,8.0,3.0,4.0,11.0,74.0
6874,208.0,14.99,14.99,18.99,200000000.0,4.1,771.0,771.0,4.1,12.0,3.0,7.0,13.0,65.0
6875,989.0,154.99,154.99,,,3.7,101.0,,,,,,,
6876,3.0,14.99,14.99,17.99,5000000.0,4.4,1444.0,1444.0,4.4,6.0,4.0,7.0,12.0,71.0
6877,12.0,21.97,21.97,,8000000.0,4.4,541.0,,,,,,,
6878,5.0,25.99,25.99,35.99,2000000.0,4.3,975.0,,,7.0,3.0,8.0,15.0,67.0
6879,2017.0,169.99,169.99,219.99,,4.2,91.0,91.0,4.2,8.0,2.0,12.0,12.0,66.0
6880,67.0,14.36,14.36,15.95,4000000.0,4.3,,,4.3,8.0,4.0,7.0,12.0,69.0
6881,2479.0,52.99,52.99,,,4.0,201.0,201.0,4.0,16.0,4.0,5.0,13.0,62.0
6882,237.0,23.74,23.74,24.99,50000000.0,4.5,20.0,,,,,,,
6883,1720.0,,,,,,,,,,,,,
6885,330.0,,,,,4.5,1224.0,1224.0,4.5,5.0,2.0,5.0,15.0,73.0
6886,4.0,98.99,98.99,109.0,,4.5,,,,,,,,
6887,208.0,8.99,8.99,9.99,400000000.0,4.7,2549.0,,,,,,,
6889,368.0,,,,400000000.0,,,,,,,,,
6890,800.0,,,,,,,,,,,,,
6891,10.0,9.99,9.99,,10000000.0,4.4,,,4.4,5.0,3.0,6.0,14.0,72.0
6892,980.0,,,,,,4.0,4.0,,,0.0,0.0,0.0,30.0
6893,267.0,164.95,164.95,184.44,100000000.0,4.2,,,4.2,10.0,2.0,6.0,13.0,69.0
6894,108.0,26.95,26.95,29.95,400000000.0,4.4,139.0,139.0,4.4,6.0,4.0,6.0,11.0,73.0
6896,805.0,8.99,8.99,11.99,,4.6,,,,,,,,
6897,1026.0,179.99,179.99,239.99,,4.3,24.0,24.0,4.3,13.0,0.0,0.0,15.0,72.0
6898,58.0,14.99,14.99,,100000000.0,3.7,,,3.7,17.0,7.0,12.0,11.0,53.0
6899,25.0,36.98,36.98,,50000000.0,4.0,61.0,61.0,4.0,11.0,0.0,14.0,22.0,53.0
6900,1876.0,175.99,175.99,,,4.0,54.0,54.0,4.0,11.0,3.0,11.0,21.0,54.0
6901,97.0,14.39,14.39,19.99,10000000.0,4.5,1777.0,1777.0,4.5,6.0,2.0,4.0,11.0,77.0
6903,89.0,9.78,9.78,11.99,4000000.0,4.5,,,4.5,5.0,2.0,5.0,12.0,76.0
6904,1349.0,,,,,4.6,64.0,64.0,4.6,4.0,0.0,7.0,8.0,81.0
6905,595.0,124.0,124.0,,,3.8,55.0,55.0,3.8,,0.0,5.0,13.0,60.0
6906,124.0,15.28,15.28,17.99,200000000.0,4.6,,,4.6,5.0,1.0,4.0,9.0,81.0
6907,79.0,37.95,37.95,44.95,2000000.0,4.5,,,,,,,,
6908,1274.0,82.44,82.44,,,4.1,35.0,,,,,,,
6909,777.0,,,,50000000.0,,,,,,,,,
6910,1274.0,,,,,4.1,545.0,,,,,,,
6911,6.0,9.99,9.99,,10000000.0,4.4,,,4.4,8.0,2.0,5.0,10.0,75.0
6912,11.0,14.99,14.99,,3000000.0,4.4,,,4.4,5.0,3.0,7.0,16.0,69.0
6913,173.0,59.99,59.99,,,4.0,2262.0,2262.0,4.0,12.0,5.0,7.0,15.0,61.0
6914,168.0,6.99,6.99,8.99,,4.3,817.0,,,,,,,
6915,92.0,24.99,24.99,,200000000.0,4.4,2147.0,2147.0,4.4,7.0,3.0,5.0,10.0,75.0
6916,1178.0,,,,,,,,,,,,,
6917,1633.0,11.54,11.54,12.99,,4.0,360.0,360.0,4.0,9.0,5.0,10.0,22.0,54.0
6918,19.0,,,,10000000.0,,,,,,,,,
6919,323.0,,,,100000000.0,,,,,,,,,
6920,,,,,,4.0,247.0,247.0,4.0,12.0,7.0,5.0,18.0,58.0
6921,1167.0,80.99,80.99,89.99,,3.7,253.0,253.0,3.7,17.0,6.0,11.0,17.0,49.0
6922,23.0,,,,3000000.0,,,,,,,,,
6923,397.0,96.0,96.0,109.53,50000000.0,4.3,38.0,38.0,4.3,9.0,3.0,7.0,12.0,69.0
6924,362.0,7.99,7.99,,100000000.0,4.6,482.0,482.0,4.6,3.0,2.0,5.0,13.0,77.0
6925,11.0,79.99,79.99,,50000000.0,4.3,494.0,,,,,,,
6926,386.0,19.99,19.99,,100000000.0,4.1,396.0,396.0,4.1,7.0,7.0,9.0,16.0,61.0
6927,111.0,6.65,6.65,7.38,3000000.0,4.5,,,4.5,6.0,2.0,5.0,11.0,76.0
6928,,9.99,9.99,,50000000.0,4.6,1122.0,1122.0,4.6,1.0,2.0,5.0,15.0,77.0
6929,56.0,9.99,9.99,,2000000.0,4.4,,,,,,,,
6930,65.0,8.99,8.99,,2000000.0,4.3,,,,,,,,
6931,300.0,69.99,69.99,,,4.1,209.0,209.0,4.1,14.0,5.0,4.0,9.0,68.0
6932,883.0,78.0,78.0,,,4.0,218.0,218.0,4.0,9.0,8.0,9.0,16.0,58.0
6934,1335.0,79.99,79.99,,,,24.0,24.0,,,5.0,10.0,19.0,32.0
6935,312.0,69.99,69.99,,100000000.0,3.9,61.0,,,,,,,
6936,1338.0,129.99,129.99,,,3.7,46.0,46.0,3.7,20.0,6.0,7.0,20.0,47.0
6937,393.0,,,,50000000.0,,,,,,,,,
6938,24.0,3.99,3.99,4.29,5000000.0,4.6,412.0,412.0,4.6,1.0,1.0,4.0,18.0,76.0
6939,180.0,9.98,9.98,15.99,3000000.0,4.6,,,4.6,5.0,1.0,4.0,10.0,80.0
6940,,,,,,3.9,250.0,250.0,3.9,17.0,4.0,8.0,10.0,61.0
6941,2.0,149.0,149.0,149.0,7000000.0,4.5,,,4.5,5.0,1.0,5.0,11.0,78.0
6942,135.0,,,,100000000.0,,,,,,,,,
6943,428.0,68.98,68.98,,,3.5,260.0,260.0,3.5,,6.0,6.0,11.0,51.0
6944,1510.0,139.99,139.99,169.99,,4.1,28.0,28.0,4.1,14.0,5.0,0.0,17.0,64.0
6945,367.0,,,,,,1.0,1.0,,,0.0,0.0,0.0,
6946,107.0,,,,,,,,,,,,,
6947,297.0,,,,1000000.0,,,,,,,,,
6948,317.0,,,,400000000.0,,,,,,,,,
6949,5.0,9.99,9.99,14.95,7000000.0,4.5,,,4.5,3.0,2.0,7.0,14.0,74.0
6951,270.0,,,,50000000.0,4.5,71.0,,,,,,,
6952,123.0,39.97,39.97,39.97,100000000.0,4.1,783.0,783.0,4.1,11.0,4.0,9.0,16.0,60.0
6953,56.0,,,,50000000.0,,,,,,,,,
6954,1342.0,,,,,,,,,,,,,
6955,,,,,,4.3,41.0,41.0,4.3,4.0,6.0,8.0,15.0,67.0
6956,17.0,,,,7000000.0,,,,,,,,,
6957,18.0,21.98,21.98,29.99,8000000.0,4.5,1163.0,1163.0,4.5,7.0,3.0,4.0,5.0,81.0
6958,,6.85,6.85,,100000000.0,4.4,365.0,365.0,4.4,4.0,3.0,9.0,14.0,70.0
6959,803.0,,,,,4.1,2811.0,2811.0,4.1,9.0,5.0,9.0,16.0,61.0
6960,,79.99,79.99,,,3.6,54.0,54.0,3.6,,4.0,14.0,11.0,49.0
6961,45.0,21.99,21.99,,50000000.0,4.5,77.0,77.0,4.5,2.0,2.0,8.0,23.0,65.0
6962,505.0,112.44,112.44,114.0,,4.0,208.0,208.0,4.0,13.0,4.0,9.0,11.0,63.0
6963,248.0,149.99,149.99,169.99,100000000.0,4.0,1776.0,1776.0,4.0,12.0,5.0,10.0,14.0,59.0
6964,4.0,25.99,25.99,,4000000.0,4.6,,,4.6,3.0,1.0,4.0,9.0,83.0
6965,192.0,39.99,39.99,39.99,200000000.0,4.5,1744.0,,,,,,,
6966,1.0,22.99,22.99,25.99,5000000.0,4.6,,,4.6,3.0,1.0,4.0,12.0,80.0
6967,441.0,127.96,127.96,,,4.0,301.0,,,,,,,
6968,1079.0,,,,,,,,,,,,,
6969,1068.0,,,,,3.9,461.0,461.0,3.9,17.0,4.0,6.0,14.0,59.0
6970,77.0,29.98,29.98,39.99,300000000.0,4.5,,,4.5,6.0,3.0,4.0,10.0,77.0
6971,1484.0,39.99,39.99,49.99,,4.6,31.0,31.0,4.6,9.0,0.0,0.0,0.0,91.0
6972,58.0,,,,,,,,,,,,,
6974,677.0,129.99,129.99,,,4.1,894.0,894.0,4.1,14.0,5.0,5.0,9.0,67.0
6975,47.0,,,,1000000.0,,,,,,,,,
6976,1446.0,209.99,209.99,239.99,,4.3,156.0,156.0,4.3,8.0,2.0,7.0,18.0,65.0
6977,563.0,99.99,99.99,99.99,,4.0,99.0,99.0,4.0,12.0,7.0,8.0,13.0,60.0
6978,309.0,139.95,139.95,139.0,50000000.0,3.7,128.0,128.0,3.7,19.0,4.0,14.0,10.0,53.0
6980,1749.0,10.99,10.99,14.99,200000000.0,4.5,642.0,642.0,4.5,4.0,2.0,5.0,13.0,76.0
6981,7.0,54.99,54.99,74.99,6000000.0,4.4,1283.0,1283.0,4.4,6.0,2.0,5.0,13.0,74.0
6982,6.0,59.49,59.49,69.99,1000000.0,4.6,617.0,,,,,,,
6983,721.0,,,,,3.9,671.0,671.0,3.9,16.0,4.0,8.0,16.0,56.0
6985,2.0,19.99,19.99,,4000000.0,4.5,,,4.5,3.0,2.0,5.0,14.0,76.0
6986,413.0,109.95,109.95,109.95,,4.2,464.0,464.0,4.2,10.0,3.0,4.0,14.0,69.0
6987,1719.0,94.99,94.99,,,3.9,176.0,176.0,3.9,16.0,4.0,8.0,18.0,54.0
6988,36.0,23.99,23.99,,400000000.0,4.5,2142.0,2142.0,4.5,6.0,2.0,5.0,10.0,77.0
6989,,,,,,3.5,171.0,,,,,,,
6990,7.0,159.99,159.99,,100000000.0,4.5,837.0,837.0,4.5,7.0,1.0,4.0,11.0,77.0
6991,,87.99,87.99,93.99,,4.4,15.0,15.0,4.4,8.0,0.0,8.0,9.0,75.0
6992,913.0,,,,,,,,,,,,,
6993,1953.0,49.99,49.99,49.99,,3.4,741.0,,,,,,,
6994,931.0,199.0,199.0,199.0,,3.8,585.0,585.0,3.8,15.0,6.0,9.0,18.0,52.0
6995,122.0,179.01,179.01,189.0,200000000.0,4.1,,,4.1,13.0,4.0,6.0,12.0,65.0
6996,56.0,,,,,4.2,1795.0,1795.0,4.2,13.0,3.0,4.0,10.0,70.0
6997,49.0,18.05,18.05,19.99,200000000.0,4.5,,,,,,,,
6998,99.0,21.99,21.99,26.99,1000000.0,4.5,2147.0,2147.0,4.5,4.0,3.0,6.0,14.0,73.0
6999,1.0,99.98,99.98,,,4.3,,,4.3,9.0,3.0,7.0,11.0,70.0
7000,663.0,19.98,19.98,,50000000.0,4.3,373.0,373.0,4.3,7.0,2.0,9.0,14.0,68.0
7001,17.0,,,,3000000.0,,,,,,,,,
7002,235.0,,,,100000000.0,,,,,,,,,
7003,,189.99,189.99,,,,6.0,6.0,,,0.0,0.0,0.0,33.0
7004,245.0,,,,300000000.0,4.4,56.0,56.0,4.4,6.0,5.0,4.0,13.0,72.0
7005,1649.0,,,,,3.8,291.0,291.0,3.8,20.0,3.0,8.0,12.0,57.0
7006,20.0,24.99,24.99,36.99,5000000.0,4.2,192.0,,,,,,,
7007,626.0,,,,200000000.0,,,,,,,,,
7008,,,,,,,15.0,15.0,,,,0.0,0.0,55.0
7009,357.0,11.99,11.99,,100000000.0,4.4,,,4.4,6.0,2.0,6.0,12.0,74.0
7010,543.0,,,,100000000.0,,,,,,,,,
7011,25.0,11.99,11.99,19.99,4000000.0,4.2,,,4.2,7.0,4.0,9.0,15.0,65.0
7012,371.0,63.94,63.94,,,3.7,32.0,,,,,,,
7013,2034.0,119.99,119.99,189.99,,5.0,5.0,5.0,5.0,0.0,0.0,0.0,0.0,100.0
7014,7.0,12.59,12.59,13.99,200000000.0,4.8,,,,,,,,
7015,6.0,49.99,49.99,,1000000.0,4.3,112.0,,,,,,,
7016,192.0,130.99,130.99,,300000000.0,3.7,285.0,285.0,3.7,16.0,9.0,12.0,13.0,50.0
7018,602.0,124.99,124.99,124.99,,4.3,21.0,21.0,4.3,7.0,3.0,7.0,15.0,68.0
7019,130.0,,,,2000000.0,,,,,,,,,
7020,694.0,,,,50000000.0,,,,,,,,,
7021,351.0,15.98,15.98,19.99,1000000.0,4.5,792.0,792.0,4.5,5.0,2.0,6.0,9.0,78.0
7022,636.0,,,,100000000.0,,,,,,,,,
7024,,,,,,4.5,6.0,,,,,,,
7025,1847.0,,,,,4.2,104.0,104.0,4.2,7.0,7.0,10.0,9.0,67.0
7026,45.0,,,,1000000.0,,,,,,,,,
7027,285.0,8.99,8.99,10.69,100000000.0,4.4,742.0,742.0,4.4,5.0,2.0,7.0,14.0,72.0
7028,369.0,179.55,179.55,184.95,50000000.0,4.4,61.0,61.0,4.4,5.0,3.0,7.0,14.0,71.0
7029,1723.0,157.71,157.71,,,4.2,61.0,61.0,4.2,6.0,6.0,11.0,9.0,68.0
7030,425.0,58.99,58.99,,200000000.0,3.9,928.0,928.0,3.9,15.0,3.0,10.0,15.0,57.0
7031,1181.0,,,,,4.3,10.0,10.0,4.3,15.0,0.0,0.0,11.0,74.0
7032,451.0,165.0,165.0,,,4.0,52.0,,,,,,,
7033,215.0,,,,100000000.0,4.5,408.0,408.0,4.5,8.0,3.0,1.0,8.0,80.0
7034,1295.0,,,,,,,,,,,,,
7035,1426.0,175.99,175.99,,,4.3,34.0,34.0,4.3,4.0,,0.0,14.0,70.0
7036,2.0,198.95,198.95,198.95,300000000.0,4.1,,,,,,,,
7037,592.0,,,,,4.2,,,4.2,10.0,3.0,6.0,14.0,67.0
7038,81.0,,,,1000000.0,,,,,,,,,
7039,1400.0,189.97,189.97,249.99,,4.1,61.0,61.0,4.1,8.0,6.0,14.0,6.0,66.0
7040,54.0,4.07,4.07,5.49,8000000.0,4.6,2189.0,,,3.0,1.0,3.0,12.0,81.0
7041,837.0,,,,,3.9,146.0,,,,,,,
7042,87.0,,,,100000000.0,4.2,365.0,365.0,4.2,11.0,4.0,7.0,12.0,66.0
7043,6.0,,,,3000000.0,,,,,,,,,
7044,100.0,29.59,29.59,32.99,1000000.0,4.0,386.0,386.0,4.0,11.0,4.0,14.0,12.0,59.0
7045,12.0,15.99,15.99,,100000000.0,4.4,,,,6.0,2.0,6.0,13.0,73.0
7046,1521.0,,,,300000000.0,,,,,,,,,
7047,521.0,6.99,6.99,,,4.6,231.0,,,5.0,2.0,3.0,8.0,82.0
7048,975.0,109.99,109.99,,,4.0,78.0,78.0,4.0,12.0,5.0,8.0,17.0,58.0
7050,12.0,7.29,7.29,11.99,3000000.0,4.6,,,4.6,2.0,1.0,5.0,15.0,77.0
7051,65.0,60.99,60.99,99.99,,4.1,94.0,,,,,,,
7052,351.0,,,,,,,,,,,,,
7053,18.0,126.53,126.53,149.99,200000000.0,4.5,356.0,356.0,4.5,4.0,3.0,5.0,14.0,74.0
7054,299.0,9.99,9.99,,1000000.0,4.5,407.0,,,,,,,
7055,1815.0,8.93,8.93,,100000000.0,4.6,,,4.6,3.0,2.0,5.0,13.0,77.0
7056,,8.99,8.99,,,4.6,72.0,72.0,4.6,5.0,2.0,0.0,13.0,80.0
7057,73.0,35.99,35.99,49.99,100000000.0,4.2,463.0,463.0,4.2,7.0,1.0,10.0,,53.0
7058,2.0,9.99,9.99,,10000000.0,4.6,,,4.6,3.0,1.0,4.0,10.0,82.0
7059,378.0,8.99,8.99,,50000000.0,4.5,,,4.5,4.0,2.0,6.0,12.0,76.0
7060,117.0,21.99,21.99,,100000000.0,4.2,,,4.2,9.0,4.0,7.0,13.0,67.0
7061,29.0,8.99,8.99,12.99,1000000.0,4.4,,,,,,,,
7062,275.0,149.0,149.0,,50000000.0,3.9,43.0,,,16.0,0.0,7.0,,50.0
7063,306.0,,,,100000000.0,,,,,,,,,
7064,103.0,42.99,42.99,,50000000.0,4.3,946.0,946.0,4.3,7.0,3.0,8.0,12.0,70.0
7065,1281.0,139.99,139.99,,,,25.0,,,,,,,
7067,236.0,,,,1000000.0,,,,,,,,,
7068,353.0,,,,50000000.0,,,,,,,,,
7069,504.0,,,,,,1.0,1.0,,,0.0,0.0,0.0,
7070,1889.0,,,,,4.3,72.0,72.0,4.3,9.0,4.0,3.0,11.0,73.0
7071,1975.0,,,,,,,,,,,,,
7072,15.0,11.16,11.16,13.95,200000000.0,4.6,,,4.6,2.0,1.0,6.0,12.0,79.0
7073,242.0,,,,200000000.0,3.9,22.0,22.0,3.9,15.0,0.0,,0.0,63.0
7074,73.0,39.99,39.99,69.99,100000000.0,4.7,179.0,179.0,4.7,2.0,1.0,5.0,8.0,84.0
7075,1460.0,7.99,7.99,9.99,,3.8,33.0,33.0,3.8,8.0,,11.0,12.0,51.0
7076,4.0,9.99,9.99,,1000000.0,4.4,,,4.4,5.0,3.0,7.0,13.0,72.0
7077,430.0,60.86,60.86,64.98,50000000.0,3.6,416.0,,,,,,,
7078,618.0,,,,100000000.0,,,,,,,,,
7079,68.0,39.99,39.99,45.99,200000000.0,4.2,2774.0,2774.0,4.2,13.0,3.0,4.0,9.0,71.0
7080,650.0,108.29,108.29,,,,41.0,41.0,,,4.0,4.0,8.0,33.0
7081,571.0,5.99,5.99,7.99,,4.5,1973.0,,,4.0,2.0,6.0,13.0,75.0
7082,,219.99,219.99,,,4.8,22.0,,,,,,,
7083,613.0,,,,,4.0,31.0,31.0,4.0,8.0,,8.0,13.0,60.0
7085,741.0,,,,50000000.0,,,,,,,,,
7086,578.0,7.99,7.99,11.99,,4.5,,,,,,,,
7088,1.0,,,,7000000.0,,,,,,,,,
7089,41.0,,,,,4.9,19.0,19.0,4.9,0.0,0.0,0.0,12.0,88.0
7090,121.0,17.09,17.09,21.99,3000000.0,4.5,825.0,825.0,4.5,5.0,2.0,5.0,8.0,80.0
7091,6.0,,,,2000000.0,,,,,,,,,
7092,1147.0,,,,,,,,,,,,,
7094,192.0,18.99,18.99,19.99,,4.4,2165.0,2165.0,4.4,6.0,3.0,6.0,12.0,73.0
7096,795.0,,,,,4.6,5.0,5.0,4.6,0.0,0.0,0.0,,58.0
7097,1395.0,,,,,,8.0,8.0,,,,0.0,22.0,
7098,202.0,59.99,59.99,,50000000.0,4.1,2145.0,2145.0,4.1,12.0,6.0,6.0,11.0,65.0
7099,197.0,,,,2000000.0,,,,,,,,,
7100,1020.0,129.99,129.99,,50000000.0,4.2,73.0,73.0,4.2,8.0,4.0,3.0,24.0,61.0
7101,6.0,22.78,22.78,37.99,5000000.0,4.3,,,4.3,7.0,4.0,7.0,12.0,70.0
7103,1.0,9.76,9.76,,10000000.0,4.5,,,4.5,6.0,2.0,4.0,9.0,79.0
7104,,89.99,89.99,,,3.6,4.0,4.0,3.6,,0.0,0.0,0.0,64.0
7105,996.0,169.99,169.99,,,4.7,15.0,15.0,4.7,0.0,0.0,0.0,,67.0
7106,99.0,14.99,14.99,26.99,1000000.0,4.2,138.0,138.0,4.2,12.0,5.0,4.0,5.0,74.0
7107,27.0,15.99,15.99,29.99,100000000.0,4.6,,,4.6,3.0,3.0,4.0,11.0,79.0
7108,289.0,,,,,,,,,,,,,
7109,,,,,,4.4,421.0,421.0,4.4,6.0,3.0,6.0,14.0,71.0
7110,849.0,80.0,80.0,80.0,,4.0,382.0,382.0,4.0,12.0,6.0,7.0,16.0,59.0
7111,4.0,12.99,12.99,,200000000.0,4.0,2212.0,2212.0,4.0,13.0,4.0,7.0,12.0,64.0
7112,808.0,164.99,164.99,164.99,100000000.0,5.0,8.0,8.0,5.0,0.0,0.0,0.0,0.0,100.0
7113,754.0,8.99,8.99,8.99,,4.6,,,4.6,3.0,2.0,4.0,11.0,80.0
7114,144.0,,,,300000000.0,,,,,,,,,
7115,2451.0,208.99,208.99,219.99,,4.1,244.0,,,,,,,
7116,112.0,,,,4000000.0,,,,,,,,,
7118,100.0,,,,1000000.0,,,,,,,,,
7119,383.0,14.99,14.99,,,4.7,496.0,496.0,4.7,2.0,1.0,4.0,9.0,84.0
7120,503.0,149.44,149.44,154.44,,4.3,74.0,,,,,,,
7121,13.0,,,,10000000.0,,,,,,,,,
7122,1035.0,165.0,165.0,165.0,,4.0,4.0,4.0,4.0,0.0,,0.0,,47.0
7124,203.0,,,,,4.3,1500.0,,,,,,,
7125,898.0,,,,,,,,,,,,,
7126,36.0,59.99,59.99,,100000000.0,3.7,5.0,,,,,,,
7127,46.0,17.99,17.99,18.99,2000000.0,4.4,,,4.4,6.0,2.0,5.0,12.0,75.0
7128,103.0,21.99,21.99,24.43,2000000.0,4.3,,,4.3,8.0,3.0,5.0,13.0,71.0
7129,795.0,99.99,99.99,99.99,,,9.0,9.0,,,0.0,0.0,0.0,48.0
7130,118.0,159.17,159.17,154.18,,4.3,460.0,460.0,4.3,9.0,2.0,6.0,11.0,72.0
7131,812.0,90.0,90.0,87.66,,3.8,4.0,4.0,3.8,,0.0,0.0,0.0,71.0
7132,104.0,13.99,13.99,17.99,1000000.0,4.5,1054.0,1054.0,4.5,5.0,1.0,6.0,11.0,77.0
7133,488.0,92.7,92.7,92.7,50000000.0,4.8,9.0,9.0,4.8,0.0,0.0,0.0,22.0,78.0
7134,47.0,,,,3000000.0,,,,,,,,,
7135,8.0,49.99,49.99,,,4.5,277.0,277.0,4.5,6.0,4.0,3.0,6.0,81.0
7136,173.0,,,,200000000.0,,,,,,,,,
7137,1262.0,169.99,169.99,,,4.4,181.0,181.0,4.4,8.0,3.0,3.0,9.0,77.0
7138,1314.0,89.99,89.99,,,3.6,40.0,40.0,3.6,16.0,,11.0,19.0,43.0
7139,101.0,35.49,35.49,49.99,,3.6,391.0,391.0,3.6,21.0,7.0,9.0,15.0,48.0
7140,1029.0,48.99,48.99,,,4.7,32.0,32.0,4.7,5.0,0.0,5.0,0.0,90.0
7141,465.0,,,,,4.2,526.0,526.0,4.2,11.0,2.0,4.0,15.0,68.0
7142,287.0,,,,,4.3,2901.0,2901.0,4.3,7.0,3.0,7.0,15.0,68.0
7143,83.0,16.98,16.98,,1000000.0,4.5,751.0,,,,,,,
7144,130.0,9.99,9.99,,300000000.0,3.7,182.0,182.0,3.7,,4.0,6.0,12.0,55.0
7145,1329.0,159.99,159.99,,,4.3,112.0,,,,,,,
7146,351.0,,,,,4.3,24.0,24.0,4.3,0.0,6.0,10.0,,56.0
7147,926.0,99.99,99.99,,,3.9,158.0,158.0,3.9,13.0,7.0,7.0,19.0,54.0
7148,1405.0,29.99,29.99,,,4.3,,,,,,,,
7149,,,,,,4.2,5.0,5.0,4.2,0.0,,0.0,0.0,74.0
7150,41.0,69.99,69.99,,1000000.0,3.9,130.0,130.0,3.9,19.0,5.0,3.0,11.0,62.0
7151,968.0,24.89,24.89,26.39,50000000.0,3.9,1831.0,1831.0,3.9,13.0,4.0,11.0,16.0,56.0
7152,1135.0,169.99,169.99,,,4.0,115.0,115.0,4.0,12.0,8.0,8.0,13.0,59.0
7153,,12.99,12.99,,,3.9,25.0,25.0,3.9,8.0,,10.0,20.0,50.0
7154,156.0,12.99,12.99,14.99,100000000.0,4.6,,,4.6,4.0,1.0,3.0,11.0,81.0
7155,,5.59,5.59,7.99,,4.6,87.0,87.0,4.6,4.0,0.0,8.0,9.0,79.0
7156,93.0,36.99,36.99,,50000000.0,4.4,253.0,,,,,,,
7157,516.0,,,,50000000.0,3.5,102.0,102.0,3.5,,6.0,2.0,11.0,51.0
7158,252.0,25.99,25.99,39.99,300000000.0,4.7,101.0,101.0,4.7,2.0,1.0,5.0,6.0,86.0
7159,5.0,46.39,46.39,59.99,1000000.0,4.4,420.0,420.0,4.4,6.0,3.0,7.0,14.0,70.0
7160,99.0,,,,,,,,,,,,,
7161,165.0,49.99,49.99,,50000000.0,4.1,373.0,,,12.0,2.0,7.0,17.0,62.0
7163,16.0,,,,2000000.0,,,,,,,,,
7164,70.0,28.99,28.99,39.99,1000000.0,4.4,1940.0,1940.0,4.4,6.0,3.0,7.0,14.0,70.0
7165,175.0,,,,200000000.0,3.8,102.0,102.0,3.8,19.0,4.0,10.0,8.0,59.0
7166,1825.0,59.95,59.95,,,4.0,118.0,118.0,4.0,11.0,9.0,7.0,8.0,65.0
7167,20.0,38.89,38.89,,100000000.0,4.0,1877.0,1877.0,4.0,11.0,6.0,12.0,12.0,59.0
7168,248.0,179.99,179.99,209.99,100000000.0,4.2,19.0,19.0,4.2,12.0,2.0,0.0,18.0,68.0
7169,550.0,,,,300000000.0,,,,,,,,,
7170,67.0,3.99,3.99,,7000000.0,4.6,,,4.6,4.0,1.0,5.0,12.0,78.0
7171,1498.0,89.0,89.0,,50000000.0,4.6,7.0,,,,,,,
7172,52.0,,,,2000000.0,,,,,,,,,
7173,327.0,199.3,199.3,214.44,50000000.0,4.0,238.0,238.0,4.0,15.0,2.0,10.0,14.0,59.0
7174,5.0,69.99,69.99,,6000000.0,4.6,2255.0,2255.0,4.6,5.0,2.0,3.0,10.0,80.0
7175,40.0,,,,,4.1,189.0,,,,,,,
7176,1203.0,161.58,161.58,,,4.1,416.0,416.0,4.1,11.0,2.0,10.0,12.0,65.0
7177,629.0,95.0,95.0,98.45,,4.1,25.0,25.0,4.1,11.0,5.0,7.0,15.0,62.0
7178,21.0,19.98,19.98,,100000000.0,3.8,890.0,890.0,3.8,11.0,8.0,17.0,15.0,49.0
7179,140.0,,,,,,,,,,,,,
7180,129.0,44.99,44.99,49.99,50000000.0,4.5,,,4.5,4.0,2.0,7.0,14.0,73.0
7181,51.0,49.99,49.99,,100000000.0,4.2,50.0,50.0,4.2,10.0,6.0,5.0,14.0,65.0
7182,2508.0,,,,,4.4,37.0,37.0,4.4,5.0,0.0,13.0,13.0,69.0
7183,779.0,,,,,4.1,76.0,76.0,4.1,17.0,1.0,2.0,9.0,71.0
7184,,44.99,44.99,,,,,,,0.0,0.0,0.0,0.0,
7185,937.0,69.99,69.99,69.99,100000000.0,4.2,751.0,751.0,4.2,11.0,4.0,7.0,11.0,67.0
7186,479.0,152.0,152.0,152.0,100000000.0,4.1,45.0,,,,,,,
7188,1.0,39.99,39.99,,3000000.0,4.1,,,4.1,10.0,5.0,9.0,15.0,61.0
7189,260.0,39.99,39.99,49.99,50000000.0,,233.0,,,,,,,
7190,1503.0,74.99,74.99,,,3.8,122.0,,,,,,,
7191,882.0,87.99,87.99,,,3.4,5.0,5.0,3.4,,0.0,0.0,0.0,61.0
7193,34.0,49.99,49.99,54.99,,4.4,2434.0,,,,,,,
7194,139.0,7.99,7.99,9.99,,4.3,,,4.3,6.0,3.0,8.0,14.0,69.0
7195,114.0,,,,,4.4,836.0,836.0,4.4,7.0,3.0,4.0,10.0,76.0
7196,555.0,179.0,179.0,189.99,,4.1,1493.0,,,,,,,
7197,49.0,14.49,14.49,19.99,2000000.0,4.3,,,,,,,,
7198,107.0,,,,3000000.0,,,,,,,,,
7199,,,,,,4.0,96.0,,,,,,,
7200,1736.0,14.97,14.97,,50000000.0,3.8,357.0,357.0,3.8,17.0,4.0,7.0,19.0,53.0
7201,22.0,19.99,19.99,22.99,100000000.0,4.6,6.0,,,,,,,
7202,189.0,,,,100000000.0,4.1,1051.0,1051.0,4.1,13.0,3.0,6.0,13.0,65.0
7203,683.0,,,,,,,,,,,,,
7204,,94.99,94.99,99.99,,3.8,186.0,,,,,,,
7205,7.0,21.99,21.99,,2000000.0,4.3,2963.0,,,,,,,
7206,1023.0,167.89,167.89,,,4.9,24.0,24.0,4.9,0.0,0.0,0.0,14.0,86.0
7207,2550.0,209.99,209.99,,,4.5,16.0,16.0,4.5,0.0,0.0,9.0,,57.0
7208,,,,,,4.2,392.0,392.0,4.2,8.0,3.0,5.0,23.0,61.0
7210,,6.99,6.99,,100000000.0,4.6,1045.0,,,,,,,
7211,1534.0,,,,,,,,,,,,,
7212,146.0,13.99,13.99,,3000000.0,4.3,150.0,,,8.0,5.0,7.0,9.0,71.0
7213,464.0,9.99,9.99,,,4.6,,,,,,,,
7214,576.0,,,,50000000.0,4.3,176.0,176.0,4.3,9.0,3.0,6.0,13.0,69.0
7216,53.0,,,,4000000.0,,,,,,,,,
7217,162.0,193.83,193.83,227.44,200000000.0,3.9,,,,,,,,
7218,441.0,11.99,11.99,,100000000.0,3.7,458.0,458.0,3.7,19.0,7.0,9.0,9.0,56.0
7219,391.0,74.95,74.95,74.95,200000000.0,4.1,,,4.1,11.0,4.0,7.0,14.0,64.0
7220,368.0,201.79,201.79,220.5,50000000.0,4.2,,,4.2,9.0,3.0,8.0,14.0,66.0
7221,74.0,6.99,6.99,,100000000.0,3.7,147.0,147.0,3.7,,5.0,3.0,9.0,58.0
7222,1210.0,,,,200000000.0,,,,,,,,,
7223,2129.0,,,,,,,,,,,,,
7224,1009.0,89.99,89.99,,,4.2,3.0,3.0,4.2,0.0,0.0,0.0,,
7226,173.0,,,,,,,,,,,,,
7227,79.0,59.99,59.99,,1000000.0,4.3,1766.0,1766.0,4.3,8.0,3.0,7.0,15.0,67.0
7228,,45.99,45.99,,,3.4,380.0,380.0,3.4,,7.0,11.0,11.0,46.0
7229,1506.0,89.0,89.0,,,3.8,69.0,69.0,3.8,14.0,10.0,9.0,15.0,52.0
7230,39.0,,,,7000000.0,,,,,,,,,
7231,12.0,14.43,14.43,18.99,6000000.0,4.3,,,4.3,7.0,3.0,7.0,13.0,70.0
7232,220.0,24.99,24.99,26.99,100000000.0,4.4,53.0,53.0,4.4,5.0,3.0,5.0,17.0,70.0
7233,431.0,12.42,12.42,,50000000.0,,190.0,,,,,,,
7234,562.0,,,,,,5.0,,,,,,,
7235,2335.0,135.99,135.99,135.99,,3.7,104.0,104.0,3.7,18.0,5.0,12.0,14.0,51.0
7236,14.0,9.99,9.99,,2000000.0,4.5,,,4.5,4.0,3.0,7.0,14.0,72.0
7237,212.0,7.99,7.99,,2000000.0,4.4,,,,,,,,
7238,15.0,39.99,39.99,48.99,3000000.0,4.4,,,4.4,7.0,3.0,6.0,13.0,71.0
7239,34.0,,,,3000000.0,,,,,,,,,
7240,1873.0,,,,,4.6,77.0,77.0,4.6,4.0,2.0,5.0,8.0,81.0
7241,562.0,,,,50000000.0,4.0,154.0,154.0,4.0,13.0,2.0,10.0,15.0,60.0
7242,157.0,,,,,,,,,,,,,
7243,370.0,6.99,6.99,8.99,100000000.0,4.0,506.0,,,,,,,
7244,1522.0,,,,,,,,,,,,,
7245,31.0,22.99,22.99,29.99,8000000.0,4.4,,,4.4,7.0,2.0,4.0,10.0,77.0
7246,29.0,,,,,4.2,679.0,679.0,4.2,11.0,2.0,7.0,9.0,71.0
7247,158.0,15.99,15.99,,50000000.0,4.6,200.0,,,,,,,
7248,324.0,39.99,39.99,,,3.8,118.0,118.0,3.8,12.0,7.0,13.0,17.0,51.0
7249,695.0,81.99,81.99,,50000000.0,4.6,9.0,9.0,4.6,0.0,0.0,0.0,,65.0
7250,18.0,46.99,46.99,64.99,2000000.0,4.5,1049.0,1049.0,4.5,3.0,2.0,7.0,15.0,73.0
7251,27.0,,,,,,,,,,,,,
7253,1190.0,,,,,,,,,,,,,
7255,182.0,7.99,7.99,9.99,1000000.0,4.2,785.0,,,9.0,3.0,7.0,13.0,68.0
7256,621.0,14.95,14.95,14.95,50000000.0,4.2,718.0,718.0,4.2,11.0,3.0,7.0,12.0,67.0
7257,86.0,18.99,18.99,32.99,300000000.0,4.4,389.0,389.0,4.4,5.0,2.0,10.0,15.0,68.0
7258,667.0,,,,,3.7,36.0,36.0,3.7,9.0,9.0,,,37.0
7259,745.0,,,,,,,,,,,,,
7260,2077.0,79.99,79.99,,,3.6,9.0,9.0,3.6,13.0,10.0,,18.0,40.0
7261,181.0,3.99,3.99,4.99,2000000.0,4.6,,,4.6,3.0,1.0,5.0,11.0,80.0
7262,41.0,9.99,9.99,,100000000.0,4.4,321.0,321.0,4.4,7.0,3.0,8.0,8.0,74.0
7264,109.0,,,,,,,,,,,,,
7265,,84.99,84.99,,,3.5,276.0,276.0,3.5,,9.0,11.0,13.0,45.0
7266,,37.99,37.99,,,,2.0,,,,,,,
7267,757.0,,,,200000000.0,,,,,,,,,
7268,450.0,89.0,89.0,79.99,,3.7,118.0,118.0,3.7,15.0,,14.0,9.0,51.0
7269,35.0,,,,100000000.0,4.4,461.0,461.0,4.4,9.0,3.0,3.0,12.0,73.0
7271,43.0,159.99,159.99,,,,,,,0.0,0.0,0.0,0.0,
7272,2027.0,9.99,9.99,,200000000.0,4.6,749.0,,,,,,,
7273,803.0,,,,,,,,,,,,,
7274,1568.0,5.99,5.99,7.99,200000000.0,4.5,656.0,,,5.0,2.0,5.0,11.0,77.0
7275,,19.99,19.99,,,,4.0,4.0,,12.0,,0.0,0.0,35.0
7276,343.0,165.0,165.0,188.44,50000000.0,4.2,,3025.0,4.2,10.0,3.0,6.0,14.0,67.0
7277,,4.49,4.49,8.99,,4.6,317.0,317.0,4.6,3.0,2.0,4.0,10.0,81.0
7279,112.0,29.69,29.69,32.99,300000000.0,4.5,303.0,,,,,,,
7280,125.0,39.95,39.95,39.95,,4.3,1048.0,1048.0,4.3,5.0,5.0,8.0,19.0,63.0
7281,15.0,12.34,12.34,17.99,1000000.0,5.0,126.0,,,,,,,
7282,8.0,19.99,19.99,,1000000.0,4.3,,,,,,,,
7283,166.0,47.0,47.0,59.0,,4.0,28.0,,,,,,,
7285,19.0,99.99,99.99,99.99,200000000.0,4.2,46.0,46.0,4.2,5.0,5.0,9.0,20.0,61.0
7286,,,,,,4.8,8.0,8.0,4.8,0.0,0.0,0.0,20.0,80.0
7287,233.0,9.98,9.98,12.99,,4.4,1909.0,1909.0,4.4,6.0,1.0,6.0,14.0,73.0
7288,8.0,4.99,4.99,,2000000.0,4.5,526.0,526.0,4.5,5.0,1.0,6.0,12.0,76.0
7289,287.0,,,,,,,,,,,,,
7290,182.0,7.99,7.99,12.99,,4.5,,,4.5,4.0,2.0,7.0,16.0,71.0
7291,176.0,,,,,,,,,,,,,
7292,62.0,19.98,19.98,30.59,5000000.0,4.4,,,4.4,7.0,3.0,4.0,13.0,73.0
7293,541.0,17.99,17.99,19.99,,4.4,,,4.4,8.0,2.0,5.0,11.0,74.0
7294,2550.0,9.99,9.99,9.99,400000000.0,4.5,,,,,,,,
7295,1688.0,,,,,4.1,40.0,40.0,4.1,12.0,5.0,5.0,16.0,62.0
7298,705.0,80.0,80.0,75.89,,3.9,211.0,211.0,3.9,15.0,4.0,11.0,16.0,54.0
7299,669.0,,,,,,,,,,,,,
7300,222.0,15.99,15.99,19.99,2000000.0,4.4,2062.0,,,,,,,
7302,840.0,,,,,,,,,,,,,
7303,121.0,,,,,,,,,,,,,
7304,33.0,13.98,13.98,,,4.5,601.0,601.0,4.5,3.0,2.0,8.0,13.0,74.0
7306,298.0,,,,,4.3,4.0,4.0,4.3,0.0,,0.0,0.0,76.0
7307,26.0,,,,10000000.0,,,,,,,,,
7309,,7.99,7.99,,200000000.0,4.5,1413.0,,,,,,,
7310,1602.0,89.99,89.99,99.99,,,15.0,15.0,,,,16.0,11.0,
7311,111.0,,,,100000000.0,4.3,222.0,222.0,4.3,7.0,4.0,4.0,17.0,68.0
7312,506.0,19.99,19.99,19.99,,4.3,1158.0,1158.0,4.3,7.0,6.0,7.0,11.0,69.0
7315,109.0,4.99,4.99,,2000000.0,4.4,489.0,489.0,4.4,5.0,4.0,7.0,12.0,72.0
7316,646.0,168.44,168.44,171.0,,3.9,388.0,388.0,3.9,16.0,4.0,9.0,12.0,59.0
7317,1156.0,,,,,4.3,,,,,,,,
7318,1884.0,,,,,4.4,840.0,840.0,4.4,8.0,2.0,4.0,13.0,73.0
7319,69.0,,,,50000000.0,4.3,96.0,96.0,4.3,15.0,0.0,3.0,7.0,75.0
7320,127.0,3.99,3.99,4.99,,3.9,136.0,,,,,,,
7321,2425.0,,,,,,,,,,,,,
7322,22.0,11.99,11.99,39.99,7000000.0,4.3,,,4.3,6.0,3.0,7.0,15.0,69.0
7323,785.0,,,,50000000.0,,,,,,,,,
7324,1715.0,,,,200000000.0,,,,,,,,,
7325,296.0,11.97,11.97,,1000000.0,4.4,1043.0,,,7.0,2.0,4.0,11.0,76.0
7326,34.0,25.95,25.95,31.95,5000000.0,4.3,,,,,,,,
7327,584.0,,,,,,,,,,,,,
7328,,18.99,18.99,19.99,100000000.0,4.2,607.0,607.0,4.2,8.0,5.0,8.0,15.0,64.0
7329,14.0,79.0,79.0,79.0,200000000.0,3.6,86.0,,,,,,,
7330,224.0,,,,50000000.0,4.3,159.0,159.0,4.3,11.0,1.0,5.0,10.0,73.0
7331,1710.0,,,,,,,,,,,,,
7332,21.0,23.99,23.99,29.99,1000000.0,4.6,432.0,432.0,4.6,4.0,2.0,5.0,7.0,82.0
7333,126.0,,,,1000000.0,,,,,,,,,
7334,16.0,21.99,21.99,26.99,,4.5,,,,,,,,
7335,65.0,55.99,55.99,,50000000.0,4.0,293.0,293.0,4.0,14.0,4.0,8.0,12.0,62.0
7336,172.0,15.98,15.98,25.95,,4.2,,,4.2,8.0,4.0,8.0,15.0,65.0
7337,625.0,15.99,15.99,,300000000.0,4.6,,,,,,,,
7338,2461.0,,,,,4.2,9.0,9.0,4.2,17.0,0.0,0.0,12.0,71.0
7339,79.0,19.88,19.88,35.99,,4.1,,,4.1,12.0,5.0,8.0,14.0,61.0
7340,116.0,,,,200000000.0,3.9,521.0,,,,,,,
7341,,,,,,4.4,1486.0,,,,,,,
7342,1767.0,,,,,4.2,170.0,170.0,4.2,9.0,3.0,6.0,14.0,68.0
7343,1749.0,,,,,4.1,146.0,,,,,,,
7344,32.0,15.99,15.99,,100000000.0,4.4,149.0,149.0,4.4,4.0,5.0,10.0,8.0,73.0
7345,,69.5,69.5,,,4.1,757.0,757.0,4.1,11.0,2.0,8.0,17.0,62.0
7347,12.0,39.99,39.99,,200000000.0,4.5,135.0,,,,,,,
7348,,9.99,9.99,,,4.5,332.0,332.0,4.5,1.0,3.0,9.0,12.0,75.0
7349,1663.0,,,,,,,,,,,,,
7350,311.0,,,,300000000.0,,,,,,,,,
7351,712.0,15.99,15.99,19.99,1000000.0,4.1,234.0,,,13.0,2.0,9.0,11.0,65.0
7352,318.0,,,,300000000.0,,,,,,,,,
7353,344.0,,,,200000000.0,,,,,,,,,
7354,509.0,16.98,16.98,,100000000.0,4.0,282.0,,,13.0,5.0,11.0,8.0,63.0
7355,1207.0,7.55,7.55,,,4.6,,3055.0,4.6,3.0,1.0,5.0,15.0,76.0
7356,466.0,,,,,,,,,,,,,
7357,77.0,6.83,6.83,8.99,200000000.0,4.6,743.0,743.0,4.6,5.0,2.0,3.0,9.0,81.0
7358,21.0,,,,100000000.0,,,,,,,,,
7359,,135.99,135.99,159.99,,4.1,435.0,435.0,4.1,10.0,5.0,9.0,12.0,64.0
7360,37.0,9.99,9.99,15.99,2000000.0,4.3,738.0,738.0,4.3,8.0,4.0,6.0,14.0,68.0
7361,187.0,23.07,23.07,,50000000.0,4.1,204.0,,,,,,,
7362,646.0,,,,50000000.0,,,,,,,,,
7364,1451.0,,,,,5.0,5.0,5.0,5.0,0.0,0.0,0.0,0.0,100.0
7365,1047.0,85.48,85.48,,,4.4,490.0,490.0,4.4,7.0,1.0,5.0,18.0,69.0
7366,164.0,9.87,9.87,12.99,200000000.0,3.7,78.0,78.0,3.7,21.0,6.0,6.0,14.0,53.0
7367,5.0,14.99,14.99,16.99,3000000.0,4.3,,,,,,,,
7368,522.0,9.99,9.99,,100000000.0,3.8,490.0,490.0,3.8,15.0,8.0,11.0,11.0,55.0
7369,638.0,26.99,26.99,,,4.2,236.0,236.0,4.2,12.0,2.0,7.0,13.0,66.0
7370,1148.0,14.99,14.99,,,4.6,1250.0,1250.0,4.6,3.0,1.0,4.0,10.0,82.0
7371,48.0,32.99,32.99,49.99,,4.0,491.0,491.0,4.0,15.0,5.0,9.0,9.0,62.0
7373,4.0,5.69,5.69,,4000000.0,4.6,2860.0,2860.0,4.6,4.0,2.0,5.0,11.0,78.0
7374,714.0,,,,,,,,,,,,,
7375,73.0,79.99,79.99,79.99,50000000.0,3.8,55.0,55.0,3.8,14.0,5.0,13.0,22.0,46.0
7376,104.0,,,,,,,,,,,,,
7377,,199.99,199.99,,,3.9,22.0,22.0,3.9,7.0,6.0,,18.0,49.0
7378,60.0,9.99,9.99,,1000000.0,4.5,1161.0,,,,,,,
7379,430.0,,,,,4.6,47.0,47.0,4.6,5.0,0.0,5.0,4.0,86.0
7380,109.0,12.95,12.95,,,4.4,79.0,79.0,4.4,3.0,5.0,10.0,12.0,70.0
7381,191.0,5.09,5.09,,3000000.0,4.6,219.0,219.0,4.6,4.0,1.0,5.0,11.0,79.0
7382,28.0,5.18,5.18,5.9,1000000.0,4.4,2315.0,,,,,,,
7383,119.0,,,259.99,400000000.0,4.1,273.0,,,,,,,
7384,2097.0,,,,,,,,,,,,,
7385,1711.0,,,,,,,,,,,,,
7386,1553.0,109.99,109.99,119.99,,3.6,444.0,444.0,3.6,20.0,6.0,14.0,9.0,51.0
7387,158.0,39.68,39.68,44.43,300000000.0,4.4,79.0,79.0,4.4,3.0,3.0,10.0,17.0,67.0
7388,171.0,97.95,97.95,180.0,,4.5,8.0,8.0,4.5,0.0,0.0,,15.0,66.0
7389,183.0,30.99,30.99,,,4.3,244.0,,,6.0,4.0,8.0,17.0,65.0
7390,247.0,,,,100000000.0,,,,,,,,,
7391,366.0,34.0,34.0,,1000000.0,4.3,1566.0,1566.0,4.3,6.0,4.0,7.0,13.0,70.0
7392,799.0,32.99,32.99,,,3.5,1089.0,,,,,,,
7393,121.0,,,,2000000.0,,,,,,,,,
7394,2.0,29.99,29.99,79.99,300000000.0,4.5,68.0,68.0,4.5,6.0,0.0,6.0,8.0,80.0
7395,4.0,21.3,21.3,22.43,2000000.0,4.4,1760.0,1760.0,4.4,5.0,3.0,6.0,16.0,70.0
7396,47.0,,,,2000000.0,,,,,,,,,
7397,1186.0,28.32,28.32,39.99,,4.4,1093.0,1093.0,4.4,6.0,3.0,7.0,15.0,69.0
7398,2024.0,,,,100000000.0,,,,,,,,,
7399,56.0,,,,6000000.0,,,,,,,,,
7400,196.0,19.99,19.99,199.99,100000000.0,4.9,149.0,149.0,4.9,2.0,0.0,0.0,1.0,97.0
7401,39.0,24.99,24.99,,,4.3,1863.0,1863.0,4.3,8.0,3.0,5.0,14.0,70.0
7402,1.0,6.99,6.99,9.99,10000000.0,4.6,,,4.6,4.0,2.0,4.0,12.0,78.0
7403,3.0,7.59,7.59,9.99,10000000.0,4.7,,,4.7,3.0,1.0,3.0,9.0,84.0
7405,2016.0,85.88,85.88,,,,2.0,2.0,,,0.0,0.0,,
7406,4.0,7.99,7.99,,3000000.0,4.6,2471.0,,,,,,,
7407,91.0,,,,3000000.0,,,,,,,,,
7408,8.0,7.19,7.19,8.99,7000000.0,4.6,,,4.6,3.0,1.0,4.0,10.0,82.0
7409,40.0,9.99,9.99,,3000000.0,4.6,1842.0,1842.0,4.6,4.0,2.0,5.0,9.0,80.0
7411,81.0,37.99,37.99,39.99,1000000.0,4.6,1092.0,1092.0,4.6,3.0,3.0,4.0,7.0,83.0
7413,32.0,19.79,19.79,21.99,2000000.0,4.6,826.0,826.0,4.6,3.0,1.0,5.0,9.0,82.0
7414,72.0,,,,,4.2,,,,10.0,4.0,7.0,10.0,69.0
7415,369.0,42.75,42.75,49.0,1000000.0,4.0,,,,,,,,
7416,15.0,39.99,39.99,,8000000.0,4.6,,,4.6,4.0,2.0,4.0,10.0,80.0
7417,83.0,,,,2000000.0,,,,,,,,,
7418,29.0,9.99,9.99,,1000000.0,4.7,203.0,203.0,4.7,2.0,0.0,6.0,11.0,81.0
7419,113.0,19.76,19.76,21.45,5000000.0,4.6,,,4.6,4.0,2.0,4.0,9.0,81.0
7420,153.0,,,,,4.4,,,4.4,6.0,3.0,5.0,10.0,76.0
7422,9.0,39.99,39.99,49.99,4000000.0,4.5,,,4.5,5.0,2.0,5.0,10.0,78.0
7423,1856.0,,,,,4.2,55.0,55.0,4.2,11.0,3.0,6.0,14.0,66.0
7424,2095.0,16.4,16.4,59.99,400000000.0,4.5,620.0,620.0,4.5,5.0,4.0,4.0,11.0,76.0
7425,186.0,9.99,9.99,,1000000.0,4.6,974.0,974.0,4.6,3.0,2.0,5.0,12.0,78.0
7426,89.0,19.75,19.75,49.99,4000000.0,4.6,,,4.6,4.0,1.0,4.0,10.0,81.0
7427,381.0,31.15,31.15,,,4.4,,,4.4,7.0,3.0,5.0,10.0,75.0
7428,227.0,,,,,,,,,,,,,
7429,401.0,36.75,36.75,49.99,2000000.0,4.6,1862.0,1862.0,4.6,4.0,2.0,3.0,9.0,82.0
7430,40.0,,,,2000000.0,,,,,,,,,
7431,363.0,26.95,26.95,,,4.6,,,4.6,4.0,2.0,4.0,11.0,79.0
7432,201.0,9.98,9.98,16.99,1000000.0,4.6,,,4.6,3.0,2.0,6.0,11.0,78.0
7433,41.0,9.99,9.99,,1000000.0,4.5,1735.0,1735.0,4.5,4.0,2.0,5.0,10.0,79.0
7434,115.0,6.71,6.71,6.71,3000000.0,4.6,,,4.6,3.0,1.0,4.0,12.0,80.0
7435,1.0,17.95,17.95,19.95,10000000.0,4.3,,,,,,,,
7436,228.0,71.32,71.32,79.0,50000000.0,4.0,282.0,282.0,4.0,14.0,5.0,6.0,12.0,63.0
7437,195.0,12.99,12.99,,,4.5,,,4.5,4.0,3.0,6.0,11.0,76.0
7438,218.0,,,,4000000.0,,,,,,,,,
7439,33.0,9.99,9.99,,3000000.0,4.5,1874.0,,,,,,,
7440,188.0,,,,2000000.0,,,,,,,,,
7441,7.0,7.99,7.99,9.99,,4.6,,,,,,,,
7442,1219.0,,,,400000000.0,,,,,,,,,
7443,51.0,,,,5000000.0,,,,,,,,,
7444,101.0,,,,2000000.0,,,,,,,,,
7445,25.0,,,,4000000.0,,,,,,,,,
7446,309.0,33.92,33.92,,2000000.0,4.7,,,4.7,2.0,0.0,4.0,10.0,84.0
7447,75.0,,,,4000000.0,,,,,,,,,
7448,6.0,9.99,9.99,,4000000.0,4.5,,,,,,,,
7449,1963.0,,,,,4.4,,,,,,,,
7450,650.0,16.75,16.75,17.99,400000000.0,4.6,,,,,,,,
7451,,18.29,18.29,27.2,300000000.0,4.6,,,4.6,2.0,1.0,4.0,12.0,81.0
7452,97.0,39.99,39.99,39.99,1000000.0,4.5,1432.0,,,,,,,
7453,,39.99,39.99,49.99,200000000.0,4.5,770.0,770.0,4.5,5.0,1.0,7.0,7.0,80.0
7454,351.0,,,,2000000.0,,,,,,,,,
7455,28.0,29.98,29.98,,1000000.0,4.5,,,,,,,,
7456,901.0,48.76,48.76,,300000000.0,4.1,,,,,,,,
7457,87.0,18.99,18.99,19.99,5000000.0,4.7,2111.0,2111.0,4.7,2.0,1.0,3.0,8.0,86.0
7458,196.0,20.77,20.77,29.99,1000000.0,4.6,1647.0,1647.0,4.6,3.0,2.0,4.0,12.0,79.0
7460,478.0,14.99,14.99,,100000000.0,4.4,,,,,,,,
7461,104.0,15.95,15.95,17.13,7000000.0,4.6,,,4.6,3.0,1.0,5.0,12.0,79.0
7462,13.0,24.99,24.99,,,4.5,,,,,,,,
7463,1557.0,24.99,24.99,,,4.5,1603.0,1603.0,4.5,4.0,2.0,6.0,13.0,75.0
7464,699.0,,,,300000000.0,,,,,,,,,
7465,122.0,,,,2000000.0,,,,,,,,,
7466,9.0,22.09,22.09,25.99,400000000.0,4.3,,,4.3,8.0,3.0,6.0,12.0,71.0
7467,36.0,14.99,14.99,,1000000.0,4.6,,,4.6,3.0,2.0,5.0,12.0,78.0
7468,65.0,28.24,28.24,34.99,,4.5,,,4.5,5.0,3.0,5.0,11.0,76.0
7469,428.0,,,,1000000.0,,,,,,,,,
7470,277.0,11.99,11.99,,1000000.0,4.6,,,4.6,4.0,1.0,4.0,11.0,80.0
7472,24.0,,,,5000000.0,,,,,,,,,
7473,2465.0,17.99,17.99,39.99,400000000.0,4.3,,,4.3,7.0,3.0,7.0,13.0,70.0
7474,102.0,9.99,9.99,,3000000.0,4.5,,,,,,,,
7475,,29.95,29.95,,,4.5,,,,5.0,2.0,6.0,11.0,76.0
7476,173.0,,,,2000000.0,,,,,,,,,
7477,2081.0,16.99,16.99,49.99,,4.6,,,4.6,3.0,1.0,5.0,12.0,79.0
7478,1076.0,55.25,55.25,59.95,400000000.0,4.7,,,4.7,2.0,1.0,3.0,10.0,84.0
7479,1159.0,,,,300000000.0,,,,,,,,,
7480,305.0,27.02,27.02,38.89,200000000.0,4.5,,,4.5,6.0,3.0,5.0,7.0,79.0
7481,268.0,8.98,8.98,,2000000.0,4.6,,,,,,,,
7483,501.0,,,,300000000.0,,,,,,,,,
7484,1412.0,25.23,25.23,39.95,,4.4,856.0,856.0,4.4,7.0,2.0,5.0,9.0,77.0
7485,723.0,22.99,22.99,22.99,,3.7,1495.0,1495.0,3.7,15.0,,10.0,12.0,52.0
7486,183.0,8.99,8.99,9.99,2000000.0,4.6,,,,,,,,
7487,2222.0,,,,400000000.0,,,,,,,,,
7488,252.0,37.99,37.99,39.95,1000000.0,4.5,580.0,580.0,4.5,4.0,2.0,6.0,8.0,80.0
7489,,28.82,28.82,49.95,300000000.0,4.7,,,,,,,,
7490,1407.0,,,,,,,,,,,,,
7491,629.0,,,,400000000.0,,,,,,,,,
7492,485.0,8.99,8.99,,1000000.0,4.6,,,4.6,4.0,2.0,5.0,10.0,79.0
7493,455.0,,,,,,,,,,,,,
7494,665.0,14.99,14.99,,300000000.0,4.5,2209.0,,,6.0,2.0,4.0,10.0,78.0
7495,441.0,11.98,11.98,,1000000.0,4.5,,,,,,,,
7496,,12.5,12.5,15.96,50000000.0,4.6,674.0,674.0,4.6,5.0,2.0,3.0,8.0,82.0
7497,1072.0,49.99,49.99,,100000000.0,4.2,2967.0,,,9.0,5.0,6.0,9.0,71.0
7498,2223.0,,,,,4.3,,,4.3,7.0,4.0,5.0,12.0,72.0
7499,73.0,39.0,39.0,49.0,2000000.0,4.2,,,,11.0,3.0,6.0,10.0,70.0
7500,1587.0,16.99,16.99,39.99,400000000.0,4.5,,,4.5,4.0,3.0,6.0,13.0,74.0
7501,584.0,38.84,38.84,59.95,1000000.0,4.7,,,4.7,2.0,0.0,2.0,10.0,86.0
7502,223.0,8.99,8.99,,2000000.0,4.7,,,,,,,,
7504,131.0,8.99,8.99,,3000000.0,4.6,,,4.6,2.0,1.0,5.0,12.0,80.0
7506,470.0,8.99,8.99,8.99,1000000.0,4.6,,,4.6,3.0,1.0,4.0,10.0,82.0
7507,316.0,49.0,49.0,49.0,,4.5,2022.0,,,6.0,2.0,4.0,10.0,78.0
7508,1113.0,21.03,21.03,25.62,,4.4,667.0,667.0,4.4,7.0,4.0,6.0,10.0,73.0
7509,220.0,12.99,12.99,13.99,1000000.0,4.6,,,4.6,3.0,1.0,5.0,12.0,79.0
7510,809.0,,,,,,,,,,,,,
7511,,19.94,19.94,19.94,100000000.0,3.8,359.0,359.0,3.8,16.0,8.0,8.0,13.0,55.0
7512,,40.0,40.0,,,4.5,116.0,116.0,4.5,4.0,6.0,3.0,10.0,77.0
7514,274.0,9.99,9.99,,1000000.0,4.5,2445.0,2445.0,4.5,5.0,2.0,4.0,11.0,78.0
7515,1430.0,15.99,15.99,16.99,50000000.0,4.4,,,4.4,5.0,3.0,7.0,13.0,72.0
7516,88.0,9.99,9.99,,,4.6,,,4.6,2.0,1.0,5.0,12.0,80.0
7517,1089.0,33.98,33.98,39.99,400000000.0,4.5,952.0,952.0,4.5,4.0,2.0,5.0,11.0,78.0
7518,44.0,7.99,7.99,9.99,1000000.0,4.6,,,4.6,3.0,2.0,3.0,12.0,80.0
7519,139.0,,,,1000000.0,,,,,,,,,
7520,,16.97,16.97,,50000000.0,4.6,,,4.6,2.0,2.0,5.0,12.0,79.0
7521,1371.0,24.99,24.99,,,4.5,706.0,706.0,4.5,5.0,2.0,6.0,12.0,75.0
7522,472.0,12.99,12.99,,,4.6,,,,,,,,
7523,2.0,5.96,5.96,6.99,3000000.0,4.6,,,4.6,3.0,1.0,4.0,11.0,81.0
7524,591.0,8.98,8.98,,1000000.0,4.6,,,4.6,3.0,2.0,5.0,11.0,79.0
7525,,14.04,14.04,14.04,100000000.0,4.5,313.0,313.0,4.5,4.0,3.0,8.0,11.0,74.0
7526,178.0,,,,2000000.0,,,,,,,,,
7527,99.0,,,,1000000.0,,,,,,,,,
7528,1032.0,17.13,17.13,39.95,300000000.0,4.6,,,,,,,,
7529,1598.0,18.99,18.99,,200000000.0,4.3,2175.0,,,,,,,
7530,,16.75,16.75,,200000000.0,4.6,,,4.6,2.0,2.0,4.0,13.0,79.0
7531,125.0,9.99,9.99,12.99,3000000.0,4.6,1810.0,1810.0,4.6,3.0,1.0,6.0,11.0,79.0
7532,1145.0,,,,,,,,,,,,,
7534,321.0,12.99,12.99,,,4.6,,,4.6,4.0,2.0,5.0,9.0,80.0
7535,1499.0,26.95,26.95,,300000000.0,4.5,2114.0,2114.0,4.5,5.0,3.0,5.0,12.0,75.0
7536,,9.75,9.75,10.8,100000000.0,4.5,1796.0,1796.0,4.5,5.0,1.0,5.0,10.0,79.0
7537,296.0,69.99,69.99,,1000000.0,4.7,917.0,917.0,4.7,3.0,2.0,3.0,7.0,85.0
7538,414.0,,,,,,,,,,,,,
7539,76.0,4.99,4.99,,2000000.0,4.6,776.0,,,,,,,
7540,436.0,11.99,11.99,,400000000.0,4.3,1344.0,1344.0,4.3,6.0,4.0,8.0,12.0,70.0
7541,1212.0,,,,100000000.0,,,,,,,,,
7542,486.0,14.99,14.99,,50000000.0,4.5,,,4.5,3.0,2.0,6.0,13.0,76.0
7543,,,,,,4.3,986.0,,,,,,,
7544,1795.0,21.95,21.95,,400000000.0,4.5,,,4.5,4.0,3.0,6.0,12.0,75.0
7545,1526.0,8.99,8.99,,,4.6,,,,,,,,
7546,128.0,23.99,23.99,,300000000.0,4.6,,,4.6,2.0,2.0,4.0,12.0,80.0
7548,504.0,,,,,,,,,,,,,
7549,469.0,11.99,11.99,,1000000.0,4.4,,,4.4,4.0,4.0,6.0,13.0,73.0
7550,5.0,13.59,13.59,15.99,300000000.0,4.5,,,4.5,5.0,2.0,6.0,12.0,75.0
7551,202.0,11.99,11.99,,2000000.0,4.7,1813.0,1813.0,4.7,2.0,1.0,4.0,12.0,81.0
7552,780.0,,,,1000000.0,,,,,,,,,
7553,1783.0,,,,100000000.0,,,,,,,,,
7554,342.0,8.99,8.99,9.99,2000000.0,4.6,1614.0,1614.0,4.6,4.0,2.0,5.0,10.0,79.0
7555,986.0,8.99,8.99,,,4.5,,,,,,,,
7556,343.0,3.99,3.99,,1000000.0,4.6,,,4.6,4.0,1.0,5.0,11.0,79.0
7557,1873.0,13.99,13.99,,,4.4,,,4.4,4.0,3.0,7.0,13.0,73.0
7558,106.0,9.99,9.99,,2000000.0,4.3,1067.0,1067.0,4.3,6.0,4.0,7.0,12.0,71.0
7559,981.0,65.99,65.99,79.99,1000000.0,4.3,146.0,146.0,4.3,5.0,3.0,14.0,11.0,67.0
7560,,27.84,27.84,29.99,100000000.0,4.2,201.0,201.0,4.2,9.0,5.0,9.0,10.0,67.0
7561,979.0,21.99,21.99,,,4.4,1992.0,1992.0,4.4,5.0,5.0,7.0,11.0,72.0
7563,23.0,9.99,9.99,,300000000.0,4.6,,,4.6,3.0,2.0,5.0,12.0,78.0
7564,689.0,8.99,8.99,8.99,1000000.0,4.6,,,,,,,,
7565,464.0,8.99,8.99,8.99,1000000.0,4.6,,,4.6,2.0,2.0,4.0,11.0,81.0
7566,237.0,,,,300000000.0,,,,,,,,,
7568,492.0,8.99,8.99,9.99,1000000.0,4.6,1335.0,1335.0,4.6,2.0,1.0,3.0,13.0,81.0
7570,2155.0,,,,,,,,,,,,,
7571,,17.13,17.13,,100000000.0,4.4,1025.0,1025.0,4.4,7.0,3.0,6.0,11.0,73.0
7572,345.0,16.99,16.99,,200000000.0,4.4,,,4.4,5.0,3.0,6.0,12.0,74.0
7573,390.0,,,,1000000.0,,,,,,,,,
7574,,16.99,16.99,18.99,100000000.0,4.5,,,4.5,4.0,3.0,4.0,12.0,77.0
7575,519.0,10.31,10.31,11.99,400000000.0,4.6,1359.0,1359.0,4.6,3.0,2.0,5.0,10.0,80.0
7577,,7.9,7.9,,100000000.0,4.6,1301.0,,,3.0,2.0,6.0,11.0,78.0
7578,132.0,,,,200000000.0,,,,,,,,,
7579,759.0,,,,300000000.0,,,,,,,,,
7580,1791.0,,,,200000000.0,,,,,,,,,
7581,10.0,9.47,9.47,11.99,,4.7,,,4.7,2.0,1.0,4.0,10.0,83.0
7582,454.0,19.31,19.31,49.99,,4.6,,,4.6,4.0,2.0,4.0,10.0,80.0
7583,906.0,19.98,19.98,29.99,,4.6,,,4.6,3.0,2.0,5.0,12.0,78.0
7584,22.0,8.23,8.23,11.99,1000000.0,4.7,,,4.7,2.0,1.0,3.0,10.0,84.0
7585,158.0,,,,2000000.0,,,,,,,,,
7586,692.0,28.34,28.34,,1000000.0,4.6,245.0,245.0,4.6,5.0,1.0,2.0,10.0,82.0
7589,1217.0,19.99,19.99,19.99,,4.6,2113.0,2113.0,4.6,5.0,1.0,3.0,10.0,81.0
7590,1042.0,,,,,,,,,,,,,
7591,1661.0,,,,400000000.0,,,,,,,,,
7592,1447.0,8.99,8.99,8.99,,4.6,,3056.0,4.6,3.0,1.0,5.0,11.0,80.0
7593,,10.98,10.98,,50000000.0,4.3,966.0,,,,,,,
7594,999.0,17.41,17.41,59.0,300000000.0,4.5,405.0,,,3.0,1.0,8.0,13.0,75.0
7595,152.0,12.99,12.99,,200000000.0,4.5,,,,,,,,
7596,,11.99,11.99,12.99,100000000.0,4.4,,,4.4,5.0,3.0,7.0,16.0,69.0
7597,1169.0,8.99,8.99,11.99,,4.7,1340.0,,,,,,,
7598,2240.0,,,,100000000.0,,,,,,,,,
7599,,15.99,15.99,19.99,100000000.0,4.5,,,4.5,5.0,3.0,6.0,11.0,75.0
7600,655.0,9.97,9.97,18.99,400000000.0,4.6,,,4.6,3.0,1.0,5.0,11.0,80.0
7601,2484.0,,,,50000000.0,,,,,,,,,
7602,820.0,,,,,,99.0,99.0,,,,9.0,8.0,
7603,216.0,9.99,9.99,,2000000.0,4.6,1464.0,,,,,,,
7604,1163.0,11.99,11.99,,,4.6,896.0,896.0,4.6,3.0,2.0,3.0,15.0,77.0
7605,770.0,18.99,18.99,,,4.6,,2989.0,4.6,3.0,1.0,5.0,10.0,81.0
7606,694.0,18.0,18.0,18.0,100000000.0,4.6,367.0,367.0,4.6,4.0,2.0,4.0,9.0,81.0
7607,771.0,9.98,9.98,12.99,,4.5,752.0,752.0,4.5,5.0,3.0,4.0,13.0,75.0
7608,1319.0,9.99,9.99,13.99,,4.7,2164.0,2164.0,4.7,2.0,1.0,4.0,10.0,83.0
7609,647.0,9.95,9.95,12.59,400000000.0,4.6,732.0,732.0,4.6,4.0,0.0,6.0,8.0,82.0
7610,1168.0,11.98,11.98,11.98,400000000.0,4.4,2839.0,2839.0,4.4,7.0,1.0,4.0,11.0,77.0
7611,1045.0,11.69,11.69,12.99,200000000.0,4.6,599.0,599.0,4.6,4.0,2.0,5.0,9.0,80.0
7612,2539.0,12.98,12.98,,50000000.0,4.4,1199.0,1199.0,4.4,5.0,4.0,6.0,17.0,68.0
7613,530.0,17.05,17.05,,1000000.0,4.7,562.0,562.0,4.7,3.0,1.0,2.0,9.0,85.0
7614,559.0,9.99,9.99,,1000000.0,4.7,,,4.7,2.0,1.0,4.0,10.0,83.0
7616,1918.0,,,,50000000.0,,,,,,,,,
7617,742.0,8.99,8.99,,1000000.0,4.6,,,4.6,2.0,2.0,5.0,12.0,79.0
7618,1508.0,8.99,8.99,,200000000.0,4.1,,,,,,,,
7619,276.0,23.97,23.97,32.99,400000000.0,4.6,,,4.6,4.0,2.0,4.0,10.0,80.0
7620,1279.0,19.75,19.75,59.99,100000000.0,4.5,790.0,,,,,,,
7621,264.0,9.98,9.98,,400000000.0,4.5,1869.0,1869.0,4.5,5.0,2.0,7.0,9.0,77.0
7622,,76.74,76.74,,100000000.0,4.0,65.0,65.0,4.0,11.0,9.0,10.0,8.0,62.0
7623,826.0,17.54,17.54,,,4.7,,,4.7,2.0,0.0,4.0,9.0,85.0
7624,853.0,39.99,39.99,,,4.5,812.0,812.0,4.5,4.0,2.0,8.0,12.0,74.0
7625,840.0,8.49,8.49,8.99,300000000.0,4.5,,,,,,,,
7627,926.0,,,,,,,,,,,,,
7628,78.0,5.69,5.69,,3000000.0,4.6,754.0,754.0,4.6,2.0,1.0,4.0,12.0,81.0
7629,948.0,18.95,18.95,18.95,1000000.0,4.6,2664.0,2664.0,4.6,3.0,1.0,5.0,10.0,81.0
7630,458.0,6.99,6.99,14.99,300000000.0,4.6,,,4.6,3.0,1.0,5.0,12.0,79.0
7631,1220.0,,,,,4.6,599.0,,,,,,,
7632,1487.0,8.99,8.99,9.99,,4.7,615.0,615.0,4.7,2.0,0.0,3.0,12.0,83.0
7633,52.0,15.99,15.99,29.99,300000000.0,4.7,,,4.7,2.0,1.0,2.0,8.0,87.0
7634,224.0,17.99,17.99,,,3.9,77.0,77.0,3.9,6.0,,14.0,20.0,48.0
7635,,74.99,74.99,74.99,,4.0,19.0,19.0,4.0,0.0,,7.0,22.0,50.0
7636,,34.99,34.99,,,,5.0,5.0,,,,0.0,0.0,39.0
7637,670.0,,,,,,,,,,,,,
7638,1144.0,,,,,,,,,,,,,
7639,1975.0,,,,200000000.0,,,,,,,,,
7640,360.0,19.99,19.99,,,4.7,,,,,,,,
7641,,8.54,8.54,,100000000.0,4.2,25.0,25.0,4.2,9.0,9.0,0.0,12.0,70.0
7643,523.0,9.89,9.89,,400000000.0,4.6,1153.0,1153.0,4.6,3.0,2.0,5.0,9.0,81.0
7644,1547.0,8.99,8.99,,400000000.0,4.6,,,4.6,3.0,1.0,4.0,12.0,80.0
7645,242.0,25.36,25.36,49.99,4000000.0,4.6,1274.0,1274.0,4.6,4.0,2.0,4.0,10.0,80.0
7646,1704.0,24.09,24.09,,,4.7,850.0,850.0,4.7,2.0,1.0,3.0,11.0,83.0
7647,2109.0,18.83,18.83,49.95,,4.7,,,4.7,2.0,1.0,4.0,11.0,82.0
7648,1434.0,11.99,11.99,,400000000.0,4.5,2633.0,2633.0,4.5,5.0,2.0,7.0,10.0,76.0
7649,,39.99,39.99,,,4.4,270.0,270.0,4.4,6.0,2.0,9.0,11.0,72.0
7650,398.0,8.99,8.99,9.99,1000000.0,4.7,1065.0,1065.0,4.7,2.0,1.0,5.0,9.0,83.0
7652,657.0,11.99,11.99,,,4.7,368.0,368.0,4.7,1.0,0.0,5.0,14.0,80.0
7653,1944.0,,,,200000000.0,,,,,,,,,
7654,2.0,6.87,6.87,10.99,4000000.0,4.6,2165.0,2165.0,4.6,3.0,2.0,4.0,12.0,79.0
7655,,22.75,22.75,22.75,100000000.0,3.5,558.0,558.0,3.5,19.0,,10.0,9.0,48.0
7656,1958.0,20.79,20.79,25.99,2000000.0,4.4,1992.0,1992.0,4.4,5.0,5.0,7.0,11.0,72.0
7657,540.0,,,,1000000.0,,,,,,,,,
7658,187.0,,,,2000000.0,,,,,,,,,
7659,1017.0,24.94,24.94,39.95,,4.4,270.0,270.0,4.4,6.0,2.0,9.0,11.0,72.0
7660,,12.99,12.99,,400000000.0,4.5,435.0,435.0,4.5,3.0,4.0,6.0,11.0,76.0
7661,489.0,,,,,,,,,,,,,
7662,,11.99,11.99,,50000000.0,3.6,2698.0,,,,,,,
7664,,16.07,16.07,17.49,100000000.0,4.5,1417.0,1417.0,4.5,7.0,2.0,4.0,9.0,78.0
7666,2.0,11.1,11.1,16.22,1000000.0,4.5,,,4.5,4.0,2.0,6.0,12.0,76.0
7667,1744.0,8.99,8.99,9.98,300000000.0,4.5,272.0,272.0,4.5,7.0,2.0,4.0,9.0,78.0
7668,2022.0,9.99,9.99,11.99,400000000.0,4.6,2611.0,2611.0,4.6,3.0,2.0,5.0,10.0,80.0
7669,48.0,,,,200000000.0,,,,,,,,,
7670,2448.0,29.99,29.99,,,,22.0,,,,,,,
7671,2264.0,9.99,9.99,12.99,300000000.0,4.7,,,,,,,,
7672,170.0,9.93,9.93,13.99,1000000.0,4.5,2765.0,2765.0,4.5,5.0,3.0,5.0,11.0,76.0
7673,621.0,,,,400000000.0,,,,,,,,,
7674,40.0,32.07,32.07,,,4.8,656.0,656.0,4.8,2.0,0.0,3.0,8.0,87.0
7675,302.0,,,,,,,,,,,,,
7676,623.0,,,,,,,,,,,,,
7678,1824.0,11.98,11.98,12.99,300000000.0,4.4,2203.0,2203.0,4.4,5.0,3.0,7.0,12.0,73.0
7679,733.0,14.33,14.33,,400000000.0,4.3,1320.0,1320.0,4.3,10.0,4.0,5.0,8.0,73.0
7680,2146.0,,,,,,,,,,,,,
7681,,15.99,15.99,19.99,50000000.0,4.6,,,4.6,3.0,2.0,5.0,12.0,78.0
7682,525.0,31.41,31.41,,400000000.0,4.4,454.0,454.0,4.4,8.0,3.0,4.0,8.0,77.0
7683,77.0,15.29,15.29,16.99,,4.5,,,4.5,4.0,2.0,5.0,12.0,77.0
7684,720.0,,,,1000000.0,,,,,,,,,
7685,344.0,9.99,9.99,,,4.4,2947.0,2947.0,4.4,5.0,3.0,6.0,11.0,75.0
7686,,8.99,8.99,9.99,,4.0,2185.0,2185.0,4.0,11.0,5.0,9.0,15.0,60.0
7687,229.0,9.99,9.99,,2000000.0,4.5,1045.0,1045.0,4.5,5.0,2.0,4.0,11.0,78.0
7688,,13.99,13.99,13.99,100000000.0,3.6,24.0,24.0,3.6,11.0,,16.0,20.0,40.0
7689,,14.46,14.46,49.99,50000000.0,4.2,202.0,202.0,4.2,9.0,5.0,7.0,10.0,69.0
7690,1005.0,38.78,38.78,38.78,,4.5,711.0,,,,,,,
7691,134.0,19.99,19.99,24.99,,4.6,1562.0,1562.0,4.6,2.0,2.0,5.0,11.0,80.0
7692,321.0,19.99,19.99,,,4.4,1447.0,,,,,,,
7693,182.0,,,,200000000.0,,,,,,,,,
7694,31.0,12.96,12.96,,100000000.0,4.5,,,,,,,,
7695,297.0,,,,400000000.0,,,,,,,,,
7696,,9.98,9.98,9.98,50000000.0,4.6,,,4.6,2.0,1.0,6.0,11.0,80.0
7697,74.0,11.04,11.04,12.99,1000000.0,4.5,1910.0,1910.0,4.5,5.0,3.0,5.0,10.0,77.0
7698,2313.0,,,,300000000.0,,,,,,,,,
7699,899.0,,,,200000000.0,,,,,,,,,
7700,1101.0,14.99,14.99,16.99,,4.6,502.0,502.0,4.6,3.0,2.0,4.0,11.0,80.0
7702,1095.0,8.99,8.99,,,4.6,,,,,,,,
7703,421.0,20.94,20.94,21.98,1000000.0,4.7,,,4.7,2.0,1.0,4.0,10.0,83.0
7704,1865.0,36.5,36.5,49.99,,4.5,436.0,436.0,4.5,6.0,2.0,6.0,9.0,77.0
7705,,13.5,13.5,14.95,100000000.0,4.4,771.0,771.0,4.4,6.0,3.0,7.0,12.0,72.0
7707,2055.0,33.53,33.53,44.95,100000000.0,4.6,,,,,,,,
7708,743.0,59.99,59.99,,,,42.0,42.0,,,,13.0,8.0,
7709,,11.99,11.99,,300000000.0,4.4,81.0,81.0,4.4,6.0,6.0,4.0,13.0,71.0
7710,404.0,14.99,14.99,14.99,100000000.0,4.5,,,,,,,,
7711,286.0,3.99,3.99,,1000000.0,4.6,,,4.6,3.0,2.0,6.0,12.0,77.0
7712,1511.0,16.99,16.99,,,4.4,86.0,86.0,4.4,6.0,4.0,8.0,10.0,72.0
7713,995.0,17.91,17.91,,300000000.0,4.5,414.0,,,,,,,
7714,,19.99,19.99,29.99,100000000.0,4.6,143.0,143.0,4.6,4.0,1.0,4.0,9.0,82.0
7715,267.0,9.93,9.93,13.99,1000000.0,4.6,2696.0,2696.0,4.6,3.0,2.0,4.0,9.0,82.0
7716,1408.0,11.99,11.99,,200000000.0,4.6,885.0,,,,,,,
7717,330.0,9.99,9.99,,1000000.0,4.4,2103.0,2103.0,4.4,7.0,3.0,6.0,11.0,73.0
7718,2445.0,15.99,15.99,15.99,200000000.0,4.6,,,4.6,3.0,1.0,5.0,11.0,80.0
7721,1.0,6.98,6.98,9.99,5000000.0,4.5,1305.0,,,,,,,
7722,2.0,16.99,16.99,20.0,30000000.0,4.8,,,,,,,,
7723,1.0,7.83,7.83,,10000000.0,4.6,,,4.6,2.0,1.0,6.0,15.0,76.0
7724,5.0,5.83,5.83,11.65,5000000.0,4.6,,,4.6,3.0,1.0,4.0,13.0,79.0
7726,1.0,,,,50000000.0,,,,,,,,,
7727,2.0,99.75,99.75,99.75,20000000.0,4.6,,,4.6,3.0,1.0,3.0,11.0,82.0
7729,3.0,,,,4000000.0,,,,,,,,,
7730,4.0,,,,10000000.0,,,,,,,,,
7731,3.0,29.49,29.49,32.2,1000000.0,4.4,,3030.0,4.4,6.0,2.0,6.0,14.0,72.0
7732,5.0,,,,20000000.0,,,,,,,,,
7733,1.0,9.79,9.79,17.0,90000000.0,4.7,,,,,,,,
7735,6.0,20.73,20.73,25.0,10000000.0,4.7,,,,,,,,
7736,7.0,6.85,6.85,7.89,3000000.0,4.7,2859.0,2859.0,4.7,2.0,1.0,4.0,10.0,83.0
7737,54.0,,,,300000000.0,,,,,,,,,
7738,26.0,11.01,11.01,15.0,1000000.0,4.8,2895.0,2895.0,4.8,2.0,0.0,3.0,9.0,86.0
7739,37.0,11.17,11.17,,,4.7,2084.0,,,,,,,
7740,7.0,16.99,16.99,,7000000.0,4.7,,,,,,,,
7741,14.0,13.88,13.88,21.99,1000000.0,4.6,1019.0,1019.0,4.6,2.0,1.0,5.0,12.0,80.0
7742,10.0,3.59,3.59,,3000000.0,4.4,,,4.4,4.0,3.0,8.0,13.0,72.0
7744,25.0,6.35,6.35,11.65,,4.6,2871.0,2871.0,4.6,4.0,1.0,5.0,11.0,79.0
7745,19.0,19.59,19.59,,2000000.0,4.8,174.0,,,,,,,
7746,22.0,,,,1000000.0,,,,,,,,,
7748,72.0,7.79,7.79,,200000000.0,4.4,1197.0,1197.0,4.4,5.0,5.0,5.0,10.0,75.0
7749,28.0,5.85,5.85,9.99,400000000.0,4.3,687.0,687.0,4.3,4.0,2.0,12.0,17.0,65.0
7751,29.0,27.77,27.77,,2000000.0,4.6,,,,,,,,
7752,39.0,,,,400000000.0,,,,,,,,,
7753,,,16.9,,,,,,,0.0,0.0,0.0,0.0,
7754,310.0,,,,100000000.0,,,,,,,,,
7755,1679.0,,9.95,,,5.0,1.0,,,0.0,0.0,0.0,0.0,100.0
7756,,44.99,44.99,,,4.7,189.0,189.0,4.7,3.0,0.0,3.0,11.0,83.0
7757,820.0,27.98,27.98,,50000000.0,4.2,355.0,,,,,,,
7758,1685.0,40.95,40.95,48.0,50000000.0,4.4,186.0,,,,,,,
7759,103.0,11.99,11.99,,,4.5,2.0,2.0,4.5,0.0,0.0,0.0,,54.0
7760,1042.0,,8.65,,,,25.0,,,,5.0,12.0,16.0,33.0
7761,11.0,,22.05,,,4.5,74.0,,,5.0,0.0,4.0,17.0,74.0
7762,42.0,5.99,5.99,,50000000.0,4.4,923.0,923.0,4.4,5.0,2.0,7.0,16.0,70.0
7763,931.0,,10.0,,,4.3,149.0,,,9.0,4.0,4.0,15.0,68.0
7764,64.0,,19.99,,,4.9,24.0,,,0.0,0.0,6.0,0.0,94.0
7765,94.0,44.99,44.99,44.99,100000000.0,4.8,929.0,929.0,4.8,1.0,1.0,3.0,8.0,87.0
7766,510.0,26.4,,,,4.5,8.0,,,0.0,0.0,7.0,,58.0
7767,1356.0,,21.99,,,4.4,425.0,,,4.0,4.0,8.0,17.0,67.0
7768,89.0,,12.56,,,4.2,23.0,,,6.0,5.0,14.0,10.0,65.0
7769,1176.0,13.18,,,,4.8,15.0,,,0.0,0.0,0.0,16.0,84.0
7770,2249.0,,10.99,,,4.5,2.0,,,0.0,0.0,0.0,,51.0
7771,,,,,,4.2,3.0,,,,,,,
7772,,98.95,98.95,,,,,,,,,,,
7773,,13.99,13.99,,,5.0,2.0,,,0.0,0.0,0.0,0.0,100.0
7775,305.0,,10.99,,,3.9,14.0,,,9.0,9.0,15.0,9.0,58.0
7776,1601.0,,9.99,,,4.0,86.0,,,,,,,
7777,420.0,,5.95,,,4.6,310.0,,,1.0,1.0,7.0,16.0,75.0
7778,,5.99,5.99,6.99,,4.0,2.0,,,,,,,
7779,73.0,,16.52,,,4.5,238.0,,,,,,,
7781,,,32.96,,,4.6,12.0,,,0.0,0.0,14.0,9.0,77.0
7782,,9.99,,,,4.2,9.0,,,14.0,0.0,0.0,24.0,62.0
7783,12.0,10.82,10.82,,2000000.0,4.6,,,4.6,2.0,1.0,6.0,12.0,79.0
7785,2035.0,5.91,,,,4.3,131.0,,,7.0,3.0,8.0,20.0,62.0
7786,418.0,,10.64,,,4.2,167.0,,,,,,,
7787,,,,,,4.7,24.0,,,,,,,
7788,459.0,7.04,,,,4.4,11.0,,,0.0,0.0,,10.0,68.0
7789,,23.77,23.77,,,,,,,0.0,0.0,0.0,0.0,
7790,,,,,,5.0,2.0,,,0.0,0.0,0.0,0.0,100.0
7791,,7.22,,,,5.0,4.0,,,,,,,
7792,,,,,,3.4,79.0,79.0,3.4,12.0,,,12.0,39.0
7793,,30.71,,,,4.4,16.0,,,7.0,0.0,11.0,10.0,72.0
7795,409.0,,15.98,,,4.7,40.0,,,0.0,0.0,8.0,10.0,82.0
7796,580.0,,19.95,,,4.0,5.0,,,,0.0,0.0,0.0,75.0
7797,,16.49,16.49,,,4.3,5.0,,,,,,,
7798,,69.99,69.99,,,,,,,0.0,0.0,0.0,0.0,
7800,1965.0,7.88,7.88,,,3.8,59.0,,,19.0,10.0,0.0,8.0,63.0
7801,,14.99,14.99,,,,,,,0.0,0.0,0.0,0.0,
7802,,14.99,14.99,,,,,,,,,,,
7803,156.0,,14.78,,,4.4,70.0,,,0.0,1.0,11.0,,56.0
7805,,,8.0,,,4.7,3.0,,,0.0,0.0,0.0,,66.0
7806,49.0,6.07,6.07,,3000000.0,4.7,,,4.7,2.0,0.0,3.0,10.0,85.0
7808,670.0,,11.99,,,4.5,252.0,,,3.0,2.0,11.0,11.0,73.0
7810,1601.0,19.99,19.99,,,4.3,25.0,,,8.0,8.0,0.0,13.0,71.0
7811,,29.86,29.86,,,4.0,19.0,,,11.0,0.0,8.0,,46.0
7812,99.0,6.69,6.69,6.69,50000000.0,4.6,562.0,,,,,,,
7813,224.0,,5.99,,,3.7,22.0,,,10.0,10.0,,15.0,46.0
7814,248.0,72.25,72.25,,100000000.0,4.5,1866.0,,,6.0,2.0,5.0,8.0,79.0
7817,759.0,3.99,3.99,3.99,50000000.0,4.6,40.0,40.0,4.6,0.0,4.0,5.0,12.0,79.0
7818,,,,,,3.8,6.0,,,,,,,
7819,165.0,,,,,,,,,,,,,
7820,457.0,3.13,3.13,,100000000.0,,,,,,,,,
7822,,14.97,14.97,21.98,,,,,,0.0,0.0,0.0,0.0,
7825,1172.0,,6.99,,,,1.0,,,,0.0,0.0,0.0,
7827,,12.93,12.93,,,5.0,1.0,,,,,,,
7834,,15.26,15.26,,,,,,,0.0,0.0,0.0,0.0,
7835,729.0,8.95,8.95,,50000000.0,4.6,820.0,,,4.0,1.0,3.0,11.0,81.0
7836,,15.99,15.99,,,4.1,21.0,,,,,,,
7840,,,,,,4.0,19.0,,,,,,,
7841,,6.01,6.01,,,,,,,,,,,
7842,254.0,3.98,3.98,,300000000.0,,,,,,,,,
7844,670.0,4.95,4.95,,50000000.0,5.0,5.0,5.0,5.0,0.0,0.0,0.0,0.0,100.0
7846,,39.95,39.95,,,,,,,0.0,0.0,0.0,0.0,
7848,240.0,,,,,4.7,2112.0,,,,,,,
7850,,120.0,120.0,,,,,,,0.0,0.0,0.0,0.0,
7851,520.0,48.59,48.59,,,4.4,12.0,,,0.0,,0.0,16.0,69.0
7852,,3.99,3.99,,,,,,,0.0,0.0,0.0,0.0,
7853,,14.96,14.96,,,,,,,0.0,0.0,0.0,0.0,
7854,,31.18,31.18,,,5.0,1.0,,,0.0,0.0,0.0,0.0,100.0
7855,147.0,,,,,,,,,,,,,
7856,195.0,4.89,4.89,5.99,50000000.0,4.5,209.0,209.0,4.5,6.0,1.0,5.0,14.0,74.0
7857,,16.8,16.8,,,,,,,0.0,0.0,0.0,0.0,
7859,76.0,18.99,18.99,,,,,,,0.0,0.0,0.0,0.0,
7862,,67.49,67.49,89.99,,4.4,66.0,66.0,4.4,5.0,0.0,6.0,22.0,67.0
7864,,14.92,14.92,14.92,,,,,,0.0,0.0,0.0,0.0,
7874,1316.0,,6.95,,,4.6,,,,,,,,
7882,,,,,,3.6,2.0,,,,0.0,0.0,0.0,65.0
7885,87.0,30.25,30.25,30.25,,4.6,,,,3.0,1.0,4.0,9.0,83.0
7890,,33.65,33.65,,,,,,,0.0,0.0,0.0,0.0,
7891,,15.17,15.17,,,,,,,,,,,
7892,,19.99,19.99,,,,,,,0.0,0.0,0.0,0.0,
7894,,,,,,,2.0,,,0.0,,,0.0,
7898,232.0,14.89,14.89,,,,,,,0.0,0.0,0.0,0.0,
7899,,44.99,44.99,,,5.0,1.0,1.0,5.0,0.0,0.0,0.0,0.0,100.0
7901,,66.42,66.42,,,,,,,0.0,0.0,0.0,0.0,
7902,,20.99,20.99,,,,,,,0.0,0.0,0.0,0.0,
7903,,26.35,26.35,,,,,,,,,,,
7904,,19.99,19.99,19.99,,,,,,0.0,0.0,0.0,0.0,
7906,,48.99,48.99,,,,,,,0.0,0.0,0.0,0.0,
7907,18.0,6.99,6.99,,1000000.0,4.3,2371.0,2371.0,4.3,9.0,2.0,7.0,11.0,71.0
7909,2.0,7.99,7.99,9.99,5000000.0,4.7,,,4.7,1.0,1.0,2.0,13.0,83.0
7910,1.0,67.99,67.99,84.99,3000000.0,4.4,,,4.4,7.0,2.0,4.0,12.0,75.0
7912,149.0,,,,,,,,,,,,,
7913,2240.0,,,,,4.7,139.0,,,4.0,0.0,3.0,5.0,88.0
7914,,12.29,12.29,,,,,,,0.0,0.0,0.0,0.0,
7915,43.0,5.99,5.99,,200000000.0,4.5,136.0,136.0,4.5,5.0,1.0,7.0,11.0,76.0
7916,11.0,6.99,6.99,,2000000.0,4.6,1169.0,,,,,,,
7917,16.0,6.99,6.99,,,4.5,295.0,295.0,4.5,4.0,3.0,5.0,11.0,77.0
7918,50.0,,,,,4.8,925.0,925.0,4.8,1.0,1.0,2.0,11.0,85.0
7919,43.0,,12.5,,,,10.0,,,,0.0,5.0,14.0,42.0
7921,,14.99,14.99,,,4.6,40.0,,,6.0,4.0,0.0,7.0,83.0
7922,52.0,6.47,6.47,,400000000.0,4.6,960.0,960.0,4.6,2.0,2.0,7.0,10.0,79.0
7923,17.0,19.99,19.99,21.19,2000000.0,4.7,1596.0,1596.0,4.7,1.0,0.0,4.0,12.0,83.0
7925,6.0,25.19,25.19,25.19,,4.4,,,,,,,,
7926,,,13.99,,,,2.0,,,,,,,
7929,1.0,,,,30000000.0,,,,,,,,,
7931,12.0,14.99,14.99,,2000000.0,4.6,1788.0,1788.0,4.6,3.0,0.0,5.0,14.0,78.0
7932,,7.99,7.99,9.19,,,6.0,6.0,,,,0.0,0.0,
7933,28.0,6.99,6.99,7.49,1000000.0,4.6,544.0,,,,,,,
7935,50.0,,12.99,,,4.0,25.0,,,9.0,10.0,9.0,10.0,62.0
7936,15.0,16.99,16.99,,1000000.0,4.4,326.0,326.0,4.4,7.0,2.0,5.0,10.0,76.0
7938,10.0,23.12,23.12,24.49,,4.1,1356.0,1356.0,4.1,10.0,5.0,8.0,13.0,64.0
7940,137.0,,,,100000000.0,,,,,,,,,
7941,4.0,36.69,36.69,,1000000.0,4.7,298.0,298.0,4.7,3.0,1.0,3.0,5.0,88.0
7942,1734.0,,9.95,,,4.6,31.0,,,0.0,4.0,7.0,15.0,74.0
7943,34.0,,,,200000000.0,,,,,,,,,
7944,309.0,4.99,4.99,,,4.5,22.0,22.0,4.5,6.0,0.0,6.0,10.0,78.0
7946,21.0,7.99,7.99,,50000000.0,4.6,1265.0,1265.0,4.6,3.0,1.0,5.0,12.0,79.0
7947,20.0,24.5,24.5,,1000000.0,4.7,,,4.7,3.0,0.0,2.0,9.0,86.0
7948,,9.98,9.98,,,4.2,3.0,,,0.0,0.0,,,43.0
7949,20.0,5.98,5.98,6.98,1000000.0,4.3,252.0,,,,,,,
7950,53.0,16.47,16.47,19.95,400000000.0,4.6,1837.0,1837.0,4.6,2.0,1.0,4.0,14.0,79.0
7951,3.0,,,,2000000.0,,,,,,,,,
7952,1380.0,8.99,8.99,9.99,50000000.0,,13.0,13.0,,,0.0,,7.0,30.0
7953,6.0,,,,1000000.0,,,,,,,,,
7954,,,,,,4.6,1629.0,1629.0,4.6,3.0,1.0,5.0,16.0,75.0
7956,209.0,4.38,4.38,,,4.1,283.0,283.0,4.1,11.0,3.0,9.0,18.0,59.0
7957,41.0,19.99,19.99,,,4.5,515.0,515.0,4.5,6.0,2.0,4.0,10.0,78.0
7958,9.0,119.5,119.5,,1000000.0,4.7,,,4.7,4.0,0.0,2.0,9.0,85.0
7959,,,20.0,,,,,,,0.0,0.0,0.0,0.0,
7960,9.0,8.99,8.99,9.99,,4.8,,,4.8,1.0,1.0,2.0,11.0,85.0
7961,29.0,,,,400000000.0,,,,,,,,,
7962,57.0,18.0,18.0,27.49,200000000.0,4.6,731.0,731.0,4.6,4.0,0.0,3.0,11.0,82.0
7964,49.0,19.99,19.99,,200000000.0,4.4,411.0,411.0,4.4,5.0,1.0,7.0,15.0,72.0
7965,8.0,33.99,33.99,71.99,400000000.0,4.4,,,4.4,5.0,2.0,6.0,16.0,71.0
7967,9.0,20.99,20.99,22.99,,4.4,1933.0,,,,,,,
7968,1411.0,,,,50000000.0,,,,,,,,,
7969,,,,,,,2.0,,,0.0,,0.0,0.0,43.0
7970,80.0,4.99,4.99,6.99,200000000.0,4.6,251.0,251.0,4.6,3.0,2.0,3.0,10.0,82.0
7972,14.0,15.99,15.99,,1000000.0,4.3,2605.0,2605.0,4.3,8.0,3.0,7.0,13.0,69.0
7973,77.0,6.99,6.99,7.99,100000000.0,4.5,32.0,32.0,4.5,5.0,0.0,7.0,13.0,75.0
7974,,4.41,4.41,,,5.0,1.0,1.0,5.0,0.0,0.0,0.0,0.0,100.0
7975,283.0,,19.95,,,5.0,2.0,,,,,,,
7976,10.0,107.7,107.7,129.99,1000000.0,4.8,,,4.8,1.0,0.0,3.0,9.0,87.0
7978,,9.98,9.98,,,,2.0,,,,0.0,0.0,0.0,42.0
7980,81.0,4.99,4.99,,100000000.0,3.9,1044.0,1044.0,3.9,17.0,4.0,8.0,11.0,60.0
7981,121.0,,,,50000000.0,,,,,,,,,
7982,18.0,10.97,10.97,,1000000.0,4.6,,3005.0,4.6,3.0,1.0,6.0,13.0,77.0
7984,16.0,,,,1000000.0,,,,,,,,,
7986,30.0,18.99,18.99,19.99,,4.4,1348.0,1348.0,4.4,5.0,3.0,6.0,13.0,73.0
7987,,8.05,8.05,,,,,,,0.0,0.0,0.0,0.0,
7988,221.0,69.82,69.82,,50000000.0,4.6,1367.0,,,4.0,2.0,3.0,10.0,81.0
7989,1587.0,,19.1,,,4.1,41.0,,,10.0,5.0,8.0,13.0,64.0
7990,69.0,19.25,19.25,,50000000.0,4.5,1223.0,,,,,,,
7991,24.0,8.99,8.99,,,4.5,2059.0,2059.0,4.5,4.0,3.0,5.0,15.0,73.0
7992,33.0,8.99,8.99,9.95,,4.7,2707.0,2707.0,4.7,2.0,2.0,2.0,9.0,85.0
7993,49.0,8.99,8.99,9.99,100000000.0,4.4,180.0,,,,,,,
7994,,,9.99,,,,5.0,,,,,0.0,0.0,
7995,1333.0,9.99,9.99,,,,,,,0.0,0.0,0.0,0.0,
7996,117.0,16.48,16.48,32.36,100000000.0,4.4,388.0,388.0,4.4,7.0,2.0,6.0,11.0,74.0
7997,3.0,149.99,149.99,175.0,4000000.0,4.6,,,4.6,5.0,1.0,2.0,8.0,84.0
7998,32.0,7.99,7.99,,50000000.0,4.4,259.0,259.0,4.4,6.0,4.0,7.0,12.0,71.0
7999,115.0,7.99,7.99,,50000000.0,4.5,98.0,,,,,,,
8001,22.0,21.0,21.0,,300000000.0,4.7,1856.0,,,,,,,
8002,144.0,5.11,5.11,,100000000.0,3.9,108.0,108.0,3.9,11.0,7.0,12.0,16.0,54.0
8003,62.0,23.49,23.49,,200000000.0,4.7,1089.0,1089.0,4.7,2.0,1.0,4.0,11.0,82.0
8004,,44.99,44.99,,,,,,,,,,,
8005,219.0,,,,,,,,,,,,,
8006,244.0,,,,,,,,,,,,,
8007,15.0,18.99,18.99,,1000000.0,4.7,,,4.7,2.0,1.0,5.0,11.0,81.0
8008,148.0,20.22,20.22,,,5.0,20.0,20.0,5.0,0.0,0.0,0.0,0.0,100.0
8009,,,10.95,,,4.4,222.0,,,5.0,2.0,8.0,14.0,71.0
8010,134.0,,,,50000000.0,,,,,,,,,
8011,187.0,19.21,19.21,,50000000.0,4.6,334.0,334.0,4.6,0.0,2.0,8.0,14.0,76.0
8012,,8.87,,,,5.0,7.0,,,0.0,0.0,0.0,0.0,100.0
8013,236.0,15.99,15.99,19.99,,4.6,99.0,99.0,4.6,4.0,0.0,5.0,8.0,83.0
8014,43.0,16.69,16.69,,300000000.0,4.5,567.0,567.0,4.5,5.0,3.0,6.0,12.0,74.0
8015,239.0,6.89,6.89,,,,,,,0.0,0.0,0.0,0.0,
8016,493.0,9.99,9.99,14.99,,3.6,9.0,,,,,,,
8017,31.0,14.99,14.99,,,4.4,2711.0,,,,,,,
8018,59.0,8.98,8.98,,300000000.0,4.4,27.0,27.0,4.4,5.0,0.0,5.0,24.0,66.0
8019,97.0,,,,,4.3,,,,8.0,2.0,6.0,12.0,72.0
8020,34.0,20.99,20.99,22.99,,4.7,40.0,40.0,4.7,0.0,3.0,3.0,16.0,78.0
8021,13.0,25.7,25.7,,300000000.0,4.5,464.0,464.0,4.5,3.0,4.0,6.0,12.0,75.0
8022,461.0,3.49,3.49,3.49,50000000.0,4.5,1999.0,1999.0,4.5,3.0,2.0,8.0,18.0,69.0
8023,79.0,14.72,14.72,,200000000.0,4.5,1088.0,1088.0,4.5,3.0,3.0,7.0,13.0,74.0
8024,93.0,19.99,19.99,,200000000.0,4.7,1452.0,,,,,,,
8026,40.0,7.99,7.99,,300000000.0,4.4,1116.0,1116.0,4.4,5.0,3.0,7.0,12.0,73.0
8027,17.0,33.48,33.48,33.48,100000000.0,4.7,1830.0,,,,,,,
8028,187.0,5.99,5.99,,,4.6,1121.0,1121.0,4.6,3.0,1.0,3.0,12.0,81.0
8029,4.0,145.0,145.0,165.0,4000000.0,4.6,,,4.6,6.0,0.0,2.0,11.0,81.0
8031,165.0,19.52,19.52,20.48,50000000.0,4.9,7.0,7.0,4.9,0.0,0.0,0.0,13.0,87.0
8032,287.0,,35.36,,,4.0,72.0,,,,,,,
8033,4.0,60.0,60.0,74.49,1000000.0,4.3,870.0,870.0,4.3,8.0,3.0,6.0,13.0,70.0
8034,832.0,,,,50000000.0,,,,,,,,,
8035,84.0,,,,50000000.0,,,,,,,,,
8036,289.0,,,,,4.1,79.0,,,,,,,
8037,70.0,9.99,9.99,,200000000.0,4.4,76.0,76.0,4.4,5.0,3.0,5.0,13.0,74.0
8038,191.0,,,,50000000.0,,,,,,,,,
8039,584.0,14.25,14.25,,,4.5,968.0,968.0,4.5,1.0,2.0,10.0,18.0,69.0
8040,35.0,18.99,18.99,,,4.6,1386.0,1386.0,4.6,3.0,1.0,4.0,12.0,80.0
8041,45.0,,,,400000000.0,,,,,,,,,
8042,120.0,3.59,3.59,3.59,50000000.0,4.6,479.0,479.0,4.6,3.0,1.0,3.0,14.0,79.0
8043,5.0,,,,1000000.0,,,,,,,,,
8044,310.0,8.99,8.99,,,4.8,33.0,33.0,4.8,0.0,0.0,5.0,13.0,82.0
8045,162.0,14.99,14.99,,50000000.0,4.1,559.0,559.0,4.1,10.0,6.0,8.0,10.0,66.0
8046,106.0,7.99,7.99,9.99,100000000.0,4.8,31.0,31.0,4.8,0.0,0.0,0.0,22.0,78.0
8047,116.0,20.99,20.99,,50000000.0,3.9,44.0,44.0,3.9,11.0,7.0,16.0,7.0,59.0
8049,320.0,,,,,5.0,1.0,1.0,5.0,0.0,0.0,0.0,0.0,100.0
8050,33.0,,,,,4.2,529.0,529.0,4.2,9.0,4.0,4.0,17.0,66.0
8053,,,22.5,,,,,,,0.0,0.0,0.0,0.0,
8055,39.0,,,,,,,,,,,,,
8056,21.0,39.99,39.99,,,4.8,1005.0,1005.0,4.8,1.0,0.0,3.0,9.0,87.0
8057,1238.0,,,,,4.6,173.0,,,3.0,1.0,2.0,15.0,79.0
8058,,,15.0,,,3.9,9.0,,,,0.0,0.0,0.0,73.0
8059,7.0,69.61,69.61,,,4.6,1048.0,1048.0,4.6,5.0,1.0,3.0,10.0,81.0
8060,195.0,,,,,,,,,,,,,
8061,58.0,,,,,4.6,767.0,767.0,4.6,2.0,2.0,3.0,13.0,80.0
8062,38.0,14.99,14.99,,200000000.0,4.7,1492.0,1492.0,4.7,2.0,1.0,3.0,9.0,85.0
8063,230.0,6.79,6.79,,,,,,,,,,,
8064,7.0,81.5,81.5,129.0,2000000.0,4.6,,,4.6,4.0,1.0,4.0,13.0,78.0
8067,88.0,6.99,6.99,,50000000.0,4.6,20.0,20.0,4.6,7.0,0.0,0.0,15.0,78.0
8068,127.0,7.58,7.58,,50000000.0,4.4,38.0,38.0,4.4,5.0,4.0,4.0,16.0,71.0
8069,,18.95,18.95,,,4.1,5.0,,,,0.0,0.0,0.0,77.0
8070,,,29.97,,,,,,,0.0,0.0,0.0,0.0,
8071,53.0,31.66,31.66,,200000000.0,4.4,1275.0,,,,,,,
8072,,16.99,16.99,,,,,,,,,,,
8073,188.0,23.21,23.21,,50000000.0,4.5,92.0,92.0,4.5,4.0,3.0,7.0,13.0,73.0
8074,26.0,,,,,4.6,1346.0,1346.0,4.6,3.0,1.0,6.0,14.0,76.0
8075,86.0,7.99,7.99,8.99,100000000.0,4.5,24.0,24.0,4.5,6.0,6.0,0.0,6.0,82.0
8076,240.0,13.49,13.49,18.79,,4.0,113.0,113.0,4.0,8.0,,8.0,12.0,61.0
8077,,14.99,14.99,,,3.9,62.0,,,,,,,
8078,1676.0,,16.49,,,4.5,9.0,,,8.0,0.0,0.0,13.0,79.0
8079,36.0,6.99,6.99,9.99,100000000.0,4.0,1462.0,1462.0,4.0,13.0,5.0,10.0,14.0,58.0
8081,170.0,,,,,4.4,,,4.4,4.0,1.0,7.0,24.0,64.0
8082,27.0,136.99,136.99,150.0,200000000.0,4.7,1978.0,1978.0,4.7,3.0,0.0,2.0,8.0,87.0
8083,112.0,6.09,6.09,,,4.4,45.0,,,,,,,
8084,495.0,40.48,40.48,44.53,,4.8,7.0,,,,,,,
8085,98.0,,,,100000000.0,,,,,,,,,
8086,104.0,,16.69,,,4.2,3.0,,,0.0,0.0,,0.0,62.0
8087,,19.99,19.99,,,4.9,13.0,,,0.0,0.0,0.0,13.0,87.0
8088,126.0,6.99,6.99,,100000000.0,4.7,37.0,37.0,4.7,0.0,5.0,4.0,7.0,84.0
8090,64.0,7.99,7.99,9.99,200000000.0,4.5,62.0,,,,,,,
8091,199.0,5.99,5.99,,50000000.0,4.3,58.0,58.0,4.3,7.0,3.0,7.0,20.0,63.0
8092,,,18.0,,,,,,,,,,,
8093,10.0,37.75,37.75,,400000000.0,4.6,1939.0,,,,,,,
8094,146.0,16.19,16.19,17.99,50000000.0,4.6,796.0,,,,,,,
8095,133.0,,,,50000000.0,,,,,,,,,
8096,107.0,183.99,183.99,,100000000.0,4.4,1734.0,1734.0,4.4,8.0,2.0,3.0,10.0,77.0
8097,23.0,9.99,9.99,,100000000.0,4.6,422.0,,,,,,,
8098,55.0,,,,100000000.0,,,,,,,,,
8099,59.0,,,,200000000.0,,,,,,,,,
8100,27.0,69.99,69.99,120.0,100000000.0,4.4,180.0,180.0,4.4,9.0,2.0,2.0,11.0,76.0
8101,1966.0,,12.63,,,4.2,41.0,,,,,,,
8102,60.0,,6.95,,,4.4,116.0,,,4.0,5.0,7.0,10.0,74.0
8103,,18.95,18.95,,,5.0,3.0,,,0.0,0.0,0.0,0.0,100.0
8104,441.0,,,,,4.5,1767.0,1767.0,4.5,3.0,2.0,7.0,14.0,74.0
8105,283.0,26.09,26.09,,,4.7,55.0,55.0,4.7,0.0,4.0,2.0,15.0,79.0
8107,347.0,3.99,3.99,,,4.5,1428.0,,,3.0,1.0,6.0,16.0,74.0
8108,,74.99,74.99,89.95,,4.8,2114.0,2114.0,4.8,2.0,0.0,1.0,7.0,90.0
8109,17.0,54.99,54.99,,,4.6,2697.0,,,,,,,
8110,136.0,,28.68,,,4.1,67.0,,,8.0,2.0,17.0,17.0,56.0
8111,35.0,6.99,6.99,,,4.5,436.0,436.0,4.5,5.0,0.0,4.0,15.0,76.0
8112,10.0,39.99,39.99,,1000000.0,4.3,,,4.3,6.0,3.0,7.0,16.0,68.0
8113,22.0,,,,50000000.0,,,,,,,,,
8114,132.0,5.12,5.12,,,4.4,54.0,54.0,4.4,2.0,10.0,9.0,5.0,74.0
8115,13.0,15.99,15.99,16.99,,4.6,941.0,,,,,,,
8116,8.0,15.99,15.99,15.99,2000000.0,4.8,,,4.8,1.0,0.0,3.0,12.0,84.0
8117,454.0,13.99,13.99,15.99,,5.0,6.0,6.0,5.0,0.0,0.0,0.0,0.0,100.0
8120,,35.99,35.99,,,,,,,,,,,
8122,51.0,31.99,31.99,,200000000.0,,169.0,169.0,,,7.0,11.0,10.0,43.0
8123,96.0,9.99,9.99,,,4.6,47.0,,,,,,,
8124,172.0,,,,,4.4,33.0,,,9.0,0.0,9.0,8.0,74.0
8125,,5.95,5.95,,,5.0,1.0,,,0.0,0.0,0.0,0.0,100.0
8126,60.0,,14.16,,,4.8,8.0,,,0.0,0.0,0.0,23.0,77.0
8128,38.0,78.18,78.18,,100000000.0,4.5,2551.0,,,,,,,
8129,23.0,34.99,34.99,,,4.6,121.0,,,,,,,
8130,234.0,29.99,29.99,,,4.4,68.0,68.0,4.4,10.0,0.0,3.0,8.0,79.0
8131,111.0,,,,,4.6,205.0,205.0,4.6,2.0,0.0,7.0,10.0,81.0
8132,56.0,8.98,8.98,9.99,400000000.0,4.5,134.0,134.0,4.5,3.0,5.0,5.0,14.0,73.0
8133,68.0,12.99,12.99,,100000000.0,4.5,1782.0,1782.0,4.5,4.0,2.0,7.0,13.0,74.0
8134,14.0,,,,400000000.0,,,,,,,,,
8135,290.0,12.99,12.99,,,4.8,24.0,24.0,4.8,0.0,0.0,7.0,10.0,83.0
8136,135.0,14.99,14.99,,50000000.0,4.1,649.0,649.0,4.1,9.0,4.0,13.0,14.0,60.0
8137,333.0,4.99,4.99,,,3.5,2.0,2.0,3.5,0.0,0.0,,,
8138,28.0,,,,,4.4,1959.0,,,,,,,
8139,99.0,19.99,19.99,,100000000.0,4.5,189.0,189.0,4.5,4.0,2.0,8.0,8.0,78.0
8140,214.0,5.29,5.29,,50000000.0,3.9,76.0,76.0,3.9,15.0,3.0,14.0,9.0,59.0
8141,72.0,14.95,14.95,,50000000.0,4.6,2152.0,2152.0,4.6,2.0,2.0,6.0,16.0,74.0
8142,138.0,11.99,11.99,,50000000.0,4.6,,,4.6,2.0,1.0,5.0,13.0,79.0
8143,104.0,8.5,8.5,8.95,100000000.0,4.2,52.0,52.0,4.2,11.0,3.0,8.0,11.0,67.0
8144,7.0,35.9,35.9,,400000000.0,4.5,127.0,127.0,4.5,7.0,2.0,2.0,8.0,81.0
8145,8.0,99.99,99.99,,2000000.0,4.7,,,4.7,2.0,0.0,3.0,9.0,86.0
8146,51.0,7.99,7.99,9.99,200000000.0,4.8,9.0,9.0,4.8,0.0,0.0,0.0,14.0,86.0
8147,31.0,23.55,23.55,36.02,,4.4,323.0,,,,,,,
8148,66.0,157.56,157.56,,,4.6,473.0,473.0,4.6,3.0,1.0,7.0,12.0,77.0
8149,1064.0,,5.99,,,4.5,16.0,,,0.0,8.0,8.0,8.0,76.0
8150,249.0,6.99,6.99,,,4.3,35.0,,,,,,,
8151,36.0,8.99,8.99,,,4.5,183.0,183.0,4.5,2.0,2.0,6.0,17.0,73.0
8152,105.0,,,,50000000.0,,,,,,,,,
8153,47.0,10.99,10.99,,50000000.0,4.0,258.0,,,,,,,
8154,56.0,58.01,58.01,58.01,,4.2,154.0,154.0,4.2,10.0,7.0,7.0,7.0,69.0
8155,323.0,14.39,14.39,17.99,,4.4,35.0,35.0,4.4,10.0,0.0,4.0,5.0,81.0
8156,61.0,7.89,7.89,,50000000.0,4.5,446.0,,,,,,,
8157,172.0,30.99,30.99,,100000000.0,4.1,62.0,,,,,,,
8158,108.0,6.99,6.99,7.99,,4.6,233.0,233.0,4.6,2.0,2.0,7.0,13.0,76.0
8159,17.0,15.95,15.95,19.95,,4.6,233.0,,,,,,,
8160,20.0,77.79,77.79,,100000000.0,4.6,510.0,510.0,4.6,2.0,2.0,7.0,10.0,79.0
8164,,13.68,13.68,,,4.6,34.0,,,0.0,0.0,15.0,8.0,77.0
8165,32.0,17.99,17.99,,100000000.0,4.4,214.0,214.0,4.4,5.0,3.0,9.0,12.0,71.0
8166,93.0,139.99,139.99,,,4.4,92.0,92.0,4.4,5.0,3.0,10.0,8.0,74.0
8167,173.0,,,,50000000.0,,,,,,,,,
8168,21.0,118.77,118.77,,400000000.0,4.4,488.0,,,8.0,1.0,5.0,10.0,76.0
8169,5.0,37.24,37.24,,,4.7,1318.0,1318.0,4.7,2.0,1.0,4.0,9.0,84.0
8170,46.0,,226.99,,,4.6,1001.0,1001.0,4.6,6.0,2.0,1.0,9.0,82.0
8171,213.0,,,,,,,,,,,,,
8172,148.0,,,,50000000.0,,,,,,,,,
8173,61.0,,,,200000000.0,,,,,,,,,
8174,25.0,9.72,9.72,,,4.7,,,4.7,1.0,1.0,4.0,12.0,82.0
8175,455.0,32.4,32.4,,50000000.0,4.6,551.0,,,,,,,
8176,265.0,8.99,8.99,,,4.6,109.0,109.0,4.6,2.0,2.0,7.0,11.0,78.0
8177,103.0,,,,100000000.0,,,,,,,,,
8178,,13.09,13.09,,,,,,,0.0,0.0,0.0,0.0,
8179,356.0,,22.29,,,4.6,198.0,,,,,,,
8180,98.0,,,,,4.7,29.0,29.0,4.7,4.0,0.0,3.0,9.0,84.0
8181,89.0,9.99,9.99,10.99,200000000.0,4.6,53.0,53.0,4.6,4.0,0.0,5.0,15.0,76.0
8182,256.0,5.46,5.46,6.4,,3.9,18.0,,,,,,,
8183,160.0,28.95,28.95,,50000000.0,4.3,30.0,30.0,4.3,8.0,5.0,5.0,11.0,71.0
8184,,27.98,27.98,32.4,,5.0,1.0,,,0.0,0.0,0.0,0.0,100.0
8185,9.0,88.88,88.88,104.99,,4.6,1319.0,1319.0,4.6,3.0,1.0,5.0,9.0,82.0
8186,342.0,,,,,4.7,66.0,66.0,4.7,3.0,0.0,6.0,8.0,83.0
8187,11.0,37.99,37.99,,200000000.0,4.6,2308.0,2308.0,4.6,2.0,1.0,3.0,15.0,79.0
8188,35.0,24.78,24.78,24.78,400000000.0,4.7,498.0,,,2.0,0.0,1.0,14.0,83.0
8189,252.0,11.99,11.99,,,4.0,8.0,8.0,4.0,14.0,0.0,16.0,15.0,55.0
8190,55.0,8.99,8.99,,100000000.0,4.4,785.0,,,,,,,
8191,69.0,24.99,24.99,,100000000.0,4.4,166.0,166.0,4.4,3.0,4.0,9.0,11.0,73.0
8192,113.0,13.83,13.83,,,4.2,270.0,,,,,,,
8193,13.0,,,,300000000.0,,,,,,,,,
8194,82.0,12.99,12.99,,,4.3,973.0,,,,,,,
8195,907.0,,10.0,,,4.3,3.0,,,,,,,
8196,68.0,217.53,217.53,,,4.6,,,4.6,4.0,1.0,2.0,10.0,83.0
8197,60.0,21.99,21.99,,100000000.0,4.3,178.0,178.0,4.3,9.0,4.0,6.0,11.0,70.0
8198,,,,,,4.3,5.0,,,0.0,0.0,,20.0,54.0
8199,900.0,11.89,11.89,,,,,,,0.0,0.0,0.0,0.0,
8200,50.0,188.0,188.0,,,4.8,1573.0,1573.0,4.8,1.0,1.0,3.0,9.0,86.0
8201,,13.99,13.99,,,,,,,,,,,
8202,66.0,14.99,14.99,,200000000.0,4.7,412.0,412.0,4.7,2.0,1.0,3.0,7.0,87.0
8203,37.0,39.99,39.99,,300000000.0,4.3,,,4.3,8.0,3.0,4.0,14.0,71.0
8204,,,10.99,,,,2.0,,,,0.0,0.0,0.0,51.0
8205,149.0,,,,50000000.0,,,,,,,,,
8206,29.0,38.99,38.99,43.99,400000000.0,4.7,165.0,,,,,,,
8207,78.0,165.95,165.95,,100000000.0,4.2,84.0,84.0,4.2,10.0,4.0,7.0,9.0,70.0
8208,46.0,,,,,4.5,243.0,243.0,4.5,6.0,1.0,7.0,6.0,80.0
8209,590.0,11.51,11.51,13.04,,,3.0,3.0,,0.0,,0.0,,
8210,85.0,19.99,19.99,,100000000.0,4.8,8.0,8.0,4.8,0.0,0.0,0.0,17.0,83.0
8211,68.0,14.99,14.99,,,4.7,131.0,,,3.0,0.0,4.0,8.0,85.0
8212,30.0,145.99,145.99,145.99,200000000.0,4.8,1896.0,1896.0,4.8,1.0,1.0,2.0,8.0,88.0
8213,73.0,9.99,9.99,,200000000.0,4.4,18.0,18.0,4.4,8.0,0.0,9.0,9.0,74.0
8214,186.0,,,,50000000.0,,,,,,,,,
8215,431.0,5.99,5.99,,,,18.0,,,,,,,
8216,453.0,,,,,3.7,22.0,22.0,3.7,7.0,,,20.0,38.0
8217,92.0,,,,,4.5,757.0,757.0,4.5,4.0,2.0,4.0,14.0,76.0
8218,70.0,219.99,219.99,,50000000.0,4.5,1976.0,1976.0,4.5,5.0,1.0,7.0,11.0,76.0
8219,24.0,,,,300000000.0,,,,,,,,,
8220,38.0,39.99,39.99,,300000000.0,4.9,73.0,73.0,4.9,0.0,0.0,0.0,12.0,88.0
8221,,9.99,9.99,,,5.0,1.0,,,0.0,0.0,0.0,0.0,100.0
8222,40.0,12.99,12.99,,200000000.0,4.6,162.0,162.0,4.6,2.0,1.0,7.0,7.0,83.0
8223,147.0,7.99,7.99,,50000000.0,4.1,21.0,21.0,4.1,11.0,6.0,7.0,11.0,65.0
8224,,35.98,35.98,35.98,200000000.0,4.5,127.0,127.0,4.5,2.0,3.0,8.0,10.0,77.0
8225,56.0,,,,200000000.0,,,,,,,,,
8226,100.0,27.8,27.8,,100000000.0,4.2,45.0,45.0,4.2,5.0,5.0,13.0,16.0,61.0
8227,51.0,118.0,118.0,,,4.5,836.0,836.0,4.5,5.0,1.0,6.0,12.0,76.0
8228,,14.44,14.44,16.99,,,,,,,,,,
8229,150.0,,,,,,,,,,,,,
8230,53.0,74.59,74.59,74.59,50000000.0,4.5,676.0,676.0,4.5,5.0,1.0,4.0,14.0,76.0
8231,28.0,82.49,82.49,108.88,100000000.0,4.4,196.0,196.0,4.4,7.0,5.0,2.0,8.0,78.0
8232,,,,,,3.5,5.0,,,,0.0,,0.0,54.0
8233,18.0,60.6,60.6,,200000000.0,4.5,502.0,,,,,,,
8234,285.0,19.89,19.89,,,4.8,16.0,16.0,4.8,0.0,0.0,0.0,22.0,78.0
8235,550.0,13.94,13.94,,,4.3,145.0,,,,,,,
8236,298.0,40.0,40.0,,,4.9,15.0,15.0,4.9,0.0,0.0,0.0,11.0,89.0
8237,1148.0,,24.95,,,4.3,9.0,,,6.0,0.0,0.0,,47.0
8238,24.0,122.22,122.22,,300000000.0,4.7,2361.0,2361.0,4.7,5.0,0.0,2.0,8.0,85.0
8239,255.0,,,,,4.4,234.0,,,,,,,
8240,186.0,,,,,4.8,86.0,86.0,4.8,2.0,0.0,0.0,6.0,92.0
8241,,17.99,17.99,,,,,,,0.0,0.0,0.0,0.0,
8242,15.0,41.5,41.5,,200000000.0,4.6,87.0,,,,,,,
8243,74.0,26.99,26.99,,200000000.0,4.5,8.0,8.0,4.5,0.0,0.0,15.0,16.0,69.0
8245,42.0,59.0,59.0,,50000000.0,4.4,1398.0,1398.0,4.4,7.0,3.0,6.0,13.0,71.0
8246,177.0,36.99,36.99,,,4.4,21.0,21.0,4.4,0.0,,8.0,13.0,68.0
8247,,8.99,,,,4.4,32.0,,,,,,,
8248,201.0,39.99,39.99,,,4.5,59.0,59.0,4.5,4.0,4.0,4.0,11.0,77.0
8249,38.0,12.99,12.99,20.99,200000000.0,4.6,1417.0,1417.0,4.6,5.0,2.0,3.0,10.0,80.0
8250,142.0,15.99,15.99,16.99,50000000.0,4.3,234.0,,,,,,,
8251,25.0,20.99,20.99,22.69,,4.8,144.0,144.0,4.8,1.0,1.0,0.0,9.0,89.0
8252,164.0,16.99,16.99,,100000000.0,4.5,50.0,50.0,4.5,5.0,3.0,0.0,16.0,76.0
8253,23.0,,138.45,,,4.3,53.0,,,5.0,2.0,12.0,14.0,67.0
8254,,13.95,13.95,,,,,,,0.0,0.0,0.0,0.0,
8257,640.0,,,,,5.0,7.0,,,,,,,
8258,35.0,109.0,109.0,,100000000.0,4.7,2350.0,2350.0,4.7,4.0,0.0,2.0,9.0,85.0
8259,156.0,,7.99,,,4.1,63.0,,,7.0,2.0,15.0,19.0,57.0
8260,143.0,82.49,82.49,101.0,100000000.0,4.5,47.0,47.0,4.5,6.0,0.0,0.0,22.0,72.0
8261,78.0,,,,,,,,,,,,,
8263,61.0,3.88,3.88,,3000000.0,4.5,1800.0,1800.0,4.5,5.0,2.0,5.0,10.0,78.0
8264,30.0,11.99,11.99,,,4.1,234.0,,,,,,,
8265,48.0,9.99,9.99,,100000000.0,4.7,999.0,999.0,4.7,3.0,1.0,4.0,10.0,82.0
8267,202.0,4.59,4.59,,,,,,,,,,,
8268,,15.99,15.99,,,4.8,16.0,,,,,,,
8269,437.0,7.95,7.95,,,4.1,106.0,106.0,4.1,12.0,5.0,5.0,16.0,62.0
8270,464.0,14.53,14.53,,,4.6,1008.0,1008.0,4.6,2.0,1.0,4.0,18.0,75.0
8271,12.0,62.99,62.99,169.99,100000000.0,3.9,131.0,,,,,,,
8272,14.0,,,,200000000.0,,,,,,,,,
8273,,,14.0,,,4.4,55.0,,,6.0,4.0,5.0,16.0,69.0
8275,186.0,13.99,13.99,,,4.5,39.0,,,,,,,
8276,263.0,,,,,,,,,0.0,0.0,0.0,0.0,
8277,72.0,9.99,9.99,14.99,,4.9,20.0,,,,,,,
8278,597.0,,,,,,,,,,,,,
8280,,,17.95,,,3.8,13.0,,,13.0,0.0,12.0,,38.0
8282,42.0,17.99,17.99,19.99,200000000.0,4.6,44.0,,,,,,,
8283,19.0,54.95,54.95,,50000000.0,4.7,929.0,929.0,4.7,1.0,1.0,5.0,13.0,80.0
8284,1859.0,,12.95,,,3.9,12.0,,,12.0,0.0,,17.0,52.0
8286,41.0,10.99,10.99,,400000000.0,4.4,151.0,,,,,,,
8287,339.0,6.99,6.99,,,4.4,99.0,99.0,4.4,2.0,4.0,8.0,17.0,69.0
8288,15.0,,,,1000000.0,,,,,,,,,
8289,,15.99,15.99,,,,,,,,,,,
8290,,,21.25,,,4.0,10.0,,,13.0,0.0,12.0,23.0,52.0
8291,,14.99,14.99,,,4.0,1.0,,,0.0,0.0,0.0,,
8292,429.0,5.99,5.99,,,3.9,64.0,64.0,3.9,13.0,5.0,16.0,7.0,59.0
8293,13.0,37.99,37.99,49.99,,4.4,343.0,343.0,4.4,3.0,2.0,12.0,17.0,66.0
8294,,6.99,,,,5.0,3.0,,,0.0,0.0,0.0,0.0,100.0
8295,24.0,93.57,93.57,136.49,100000000.0,4.5,285.0,285.0,4.5,6.0,3.0,3.0,9.0,79.0
8296,136.0,35.99,35.99,,50000000.0,4.6,31.0,31.0,4.6,0.0,0.0,15.0,11.0,74.0
8297,94.0,13.9,13.9,,100000000.0,4.7,484.0,484.0,4.7,1.0,1.0,5.0,11.0,82.0
8298,92.0,9.99,9.99,,50000000.0,4.0,73.0,73.0,4.0,15.0,3.0,7.0,11.0,64.0
8299,21.0,45.0,45.0,69.99,200000000.0,4.4,630.0,630.0,4.4,5.0,4.0,5.0,12.0,74.0
8300,28.0,129.0,129.0,,400000000.0,4.5,354.0,354.0,4.5,9.0,0.0,3.0,9.0,79.0
8302,41.0,109.99,109.99,109.98,100000000.0,4.0,103.0,,,,,,,
8303,205.0,21.5,21.5,22.85,,4.5,65.0,,,,,,,
8304,123.0,6.99,6.99,7.95,100000000.0,4.4,34.0,34.0,4.4,4.0,4.0,10.0,13.0,69.0
8306,146.0,19.99,19.99,,,4.2,16.0,16.0,4.2,11.0,6.0,0.0,13.0,70.0
8307,194.0,,,,,,,,,,,,,
8308,47.0,,92.78,,,4.4,58.0,,,5.0,5.0,6.0,10.0,74.0
8309,261.0,,,,,,,,,,,,,
8310,107.0,30.0,30.0,,,4.6,1467.0,1467.0,4.6,2.0,2.0,4.0,16.0,76.0
8311,440.0,5.99,5.99,,,3.7,7.0,7.0,3.7,,0.0,0.0,,43.0
8312,20.0,,,,,,,,,,,,,
8313,,49.99,49.99,,,4.4,1448.0,,,5.0,4.0,6.0,12.0,73.0
8314,435.0,8.99,8.99,,,5.0,1.0,1.0,5.0,0.0,0.0,0.0,0.0,100.0
8315,67.0,23.57,23.57,26.19,100000000.0,4.6,207.0,207.0,4.6,4.0,2.0,5.0,10.0,79.0
8316,36.0,,,,50000000.0,,,,,,,,,
8317,153.0,12.99,12.99,,,4.2,44.0,,,,,,,
8318,42.0,91.01,91.01,109.99,50000000.0,4.2,60.0,60.0,4.2,8.0,1.0,11.0,16.0,64.0
8319,,3.89,3.89,,,,,,,0.0,0.0,0.0,0.0,
8320,344.0,,,,,4.6,128.0,128.0,4.6,0.0,0.0,12.0,16.0,72.0
8321,11.0,9.99,9.99,14.99,1000000.0,4.8,385.0,385.0,4.8,1.0,0.0,3.0,12.0,84.0
8322,223.0,24.99,24.99,34.99,,4.4,321.0,321.0,4.4,7.0,3.0,6.0,11.0,73.0
8323,,,6.0,,,3.9,9.0,,,,0.0,0.0,0.0,74.0
8324,158.0,19.62,19.62,,100000000.0,4.6,283.0,283.0,4.6,2.0,2.0,5.0,11.0,80.0
8325,689.0,,62.95,,,4.0,29.0,,,,,,,
8328,54.0,112.99,112.99,112.99,50000000.0,4.2,113.0,,,,,,,
8329,131.0,9.99,9.99,,50000000.0,4.5,250.0,250.0,4.5,4.0,2.0,5.0,10.0,79.0
8330,8.0,8.99,8.99,,1000000.0,4.7,650.0,650.0,4.7,2.0,0.0,5.0,11.0,82.0
8332,183.0,38.99,38.99,,,3.5,5.0,,,,,,,
8333,60.0,,,,,,,,,,,,,
8334,225.0,7.99,7.99,,,4.7,18.0,18.0,4.7,0.0,8.0,0.0,0.0,92.0
8335,22.0,29.99,29.99,37.99,,4.5,88.0,88.0,4.5,2.0,4.0,9.0,11.0,74.0
8336,169.0,4.99,4.99,6.99,,4.4,9.0,9.0,4.4,0.0,0.0,13.0,,53.0
8337,265.0,42.19,,,,4.5,27.0,,,0.0,5.0,16.0,0.0,79.0
8338,31.0,,,,50000000.0,,,,,,,,,
8339,,35.99,35.99,,,,,,,0.0,0.0,0.0,0.0,
8340,32.0,34.02,34.02,39.99,50000000.0,4.5,402.0,402.0,4.5,7.0,1.0,4.0,11.0,77.0
8341,29.0,13.95,13.95,,300000000.0,4.5,107.0,107.0,4.5,4.0,1.0,4.0,16.0,75.0
8342,86.0,12.99,12.99,,,4.6,105.0,,,,,,,
8343,141.0,,,,,4.7,1521.0,,,,,,,
8344,13.0,,14.95,,,4.5,22.0,,,0.0,,0.0,11.0,77.0
8345,233.0,,,,,4.4,2740.0,2740.0,4.4,5.0,3.0,6.0,14.0,72.0
8346,91.0,28.99,28.99,,,3.8,4.0,4.0,3.8,,0.0,0.0,0.0,71.0
8347,124.0,7.99,7.99,,50000000.0,4.1,126.0,126.0,4.1,7.0,9.0,9.0,15.0,60.0
8348,130.0,13.99,13.99,,,4.1,128.0,128.0,4.1,9.0,6.0,11.0,12.0,62.0
8349,,21.99,21.99,,,5.0,1.0,,,,,,,
8350,398.0,12.99,12.99,,,,,,,0.0,0.0,0.0,0.0,
8351,125.0,9.99,9.99,13.98,50000000.0,4.3,113.0,113.0,4.3,13.0,2.0,4.0,4.0,77.0
8352,361.0,,,,,4.8,8.0,8.0,4.8,0.0,0.0,0.0,21.0,79.0
8353,523.0,5.11,5.11,,,4.2,88.0,88.0,4.2,6.0,8.0,6.0,12.0,68.0
8355,30.0,15.99,15.99,19.99,300000000.0,4.7,238.0,238.0,4.7,2.0,1.0,3.0,8.0,86.0
8356,373.0,,13.59,,,4.3,106.0,,,6.0,3.0,11.0,13.0,67.0
8357,34.0,89.86,89.86,99.95,,4.6,56.0,56.0,4.6,3.0,3.0,4.0,6.0,84.0
8358,271.0,9.88,9.88,,,4.4,1369.0,1369.0,4.4,5.0,3.0,5.0,15.0,72.0
8359,,15.9,15.9,,,,,,,0.0,0.0,0.0,0.0,
8360,170.0,15.95,15.95,19.69,50000000.0,4.4,161.0,161.0,4.4,4.0,4.0,10.0,9.0,73.0
8361,692.0,7.21,7.21,,,,18.0,18.0,,,9.0,,10.0,
8362,25.0,8.99,8.99,9.99,300000000.0,4.7,264.0,264.0,4.7,3.0,0.0,4.0,8.0,85.0
8363,56.0,134.49,134.49,,,4.5,77.0,77.0,4.5,5.0,2.0,5.0,11.0,77.0
8364,732.0,69.99,69.99,,,4.3,2590.0,2590.0,4.3,7.0,2.0,6.0,17.0,68.0
8365,104.0,,,,,4.7,392.0,,,,,,,
8367,12.0,14.05,14.05,,100000000.0,,,,,,,,,
8368,,,24.95,,,,22.0,,,21.0,,15.0,0.0,48.0
8369,157.0,11.99,11.99,,,4.4,,,,,,,,
8370,81.0,,16.99,,,5.0,2.0,,,0.0,0.0,0.0,0.0,100.0
8372,532.0,,,,,4.5,105.0,105.0,4.5,3.0,4.0,4.0,14.0,75.0
8373,166.0,,,,,4.6,19.0,19.0,4.6,0.0,8.0,0.0,18.0,74.0
8374,151.0,9.99,9.99,,50000000.0,4.0,221.0,,,,,,,
8375,194.0,9.99,9.99,,,4.6,8.0,8.0,4.6,0.0,0.0,0.0,,59.0
8376,,5.49,5.49,,,5.0,1.0,,,,,,,
8377,129.0,18.99,18.99,19.99,,5.0,3.0,3.0,5.0,0.0,0.0,0.0,0.0,100.0
8379,147.0,20.22,20.22,,,4.1,10.0,,,,,,,
8380,3.0,7.95,7.95,,1000000.0,4.5,1390.0,1390.0,4.5,5.0,1.0,6.0,11.0,77.0
8381,,39.99,,,,4.5,4.0,,,0.0,0.0,0.0,,48.0
8382,171.0,13.99,13.99,,,4.6,340.0,340.0,4.6,3.0,1.0,4.0,15.0,77.0
8383,111.0,,,,,5.0,8.0,8.0,5.0,0.0,0.0,0.0,0.0,100.0
8384,75.0,84.99,84.99,194.98,,4.5,61.0,61.0,4.5,4.0,4.0,3.0,14.0,75.0
8385,174.0,,,,100000000.0,,,,,,,,,
8386,312.0,27.44,27.44,,,4.6,808.0,808.0,4.6,2.0,1.0,5.0,15.0,77.0
8387,278.0,,,,,4.2,57.0,,,,,,,
8388,291.0,4.99,4.99,,,,15.0,15.0,,21.0,,,14.0,35.0
8389,197.0,27.99,27.99,,,4.9,32.0,32.0,4.9,0.0,0.0,0.0,11.0,89.0
8390,139.0,29.19,29.19,,,4.3,82.0,82.0,4.3,4.0,3.0,14.0,15.0,64.0
8391,314.0,19.8,19.8,,,4.3,516.0,516.0,4.3,2.0,3.0,17.0,20.0,58.0
8392,,14.95,14.95,,,4.5,304.0,304.0,4.5,3.0,2.0,5.0,16.0,74.0
8393,196.0,11.59,11.59,,50000000.0,4.7,38.0,38.0,4.7,0.0,4.0,5.0,10.0,81.0
8394,290.0,7.74,,,,4.5,18.0,,,0.0,0.0,9.0,,59.0
8395,1637.0,14.95,14.95,,,4.6,2.0,,,,,,,
8396,267.0,52.48,52.48,,,5.0,6.0,6.0,5.0,0.0,0.0,0.0,0.0,100.0
8397,334.0,6.99,6.99,,,4.5,2.0,2.0,4.5,0.0,0.0,0.0,,53.0
8398,107.0,99.99,99.99,,,4.0,125.0,125.0,4.0,11.0,5.0,7.0,22.0,55.0
8399,17.0,59.99,59.99,69.99,200000000.0,4.4,68.0,68.0,4.4,6.0,7.0,2.0,9.0,76.0
8400,61.0,,,,1000000.0,,,,,,,,,
8401,83.0,24.95,24.95,,100000000.0,4.3,445.0,445.0,4.3,9.0,3.0,6.0,8.0,74.0
8402,114.0,,,,100000000.0,,,,,,,,,
8403,,15.97,15.97,,,,,,,,,,,
8404,24.0,119.99,119.99,217.53,100000000.0,4.1,76.0,76.0,4.1,16.0,2.0,3.0,11.0,68.0
8405,253.0,19.99,19.99,,,,,,,0.0,0.0,0.0,0.0,
8406,155.0,24.95,24.95,,50000000.0,4.6,135.0,135.0,4.6,5.0,1.0,4.0,5.0,85.0
8407,292.0,66.0,66.0,,,3.9,133.0,,,,,,,
8408,195.0,8.99,8.99,14.99,,4.1,12.0,12.0,4.1,13.0,0.0,0.0,,55.0
8409,354.0,,,,,,,,,,,,,
8410,434.0,,,,,,,,,,,,,
8411,327.0,24.99,24.99,,,4.6,798.0,798.0,4.6,3.0,1.0,3.0,12.0,81.0
8412,902.0,5.72,5.72,,,4.0,5.0,5.0,4.0,19.0,0.0,0.0,20.0,61.0
8413,122.0,152.98,152.98,,,4.5,163.0,163.0,4.5,4.0,0.0,8.0,11.0,77.0
8414,165.0,,24.74,,50000000.0,4.4,679.0,,,6.0,3.0,5.0,12.0,74.0
8415,250.0,12.99,12.99,,,4.3,158.0,158.0,4.3,8.0,6.0,4.0,13.0,69.0
8416,18.0,8.99,8.99,,,4.7,199.0,199.0,4.7,0.0,2.0,4.0,11.0,83.0
8417,823.0,12.69,12.69,,,,,,,0.0,0.0,0.0,0.0,
8418,83.0,50.99,50.99,,50000000.0,4.8,8.0,8.0,4.8,0.0,0.0,0.0,20.0,80.0
8419,,,16.0,,,4.8,4.0,,,0.0,0.0,0.0,23.0,77.0
8420,439.0,17.95,17.95,,,4.0,55.0,55.0,4.0,6.0,7.0,12.0,,47.0
8421,,9.99,9.99,,,,,,,0.0,0.0,0.0,0.0,
8422,46.0,15.99,15.99,,200000000.0,4.6,30.0,,,,,,,
8423,57.0,,,,50000000.0,,,,,,,,,
8424,9.0,12.74,12.74,,1000000.0,,,,,,,,,
8425,87.0,40.96,40.96,,,4.4,127.0,,,,,,,
8426,45.0,,,,100000000.0,,,,,,,,,
8427,1862.0,,,,,4.3,189.0,,,,,,,
8428,284.0,20.18,20.18,22.4,,5.0,2.0,2.0,5.0,0.0,0.0,0.0,0.0,100.0
8429,80.0,14.99,14.99,17.99,,4.2,238.0,,,,,,,
8431,176.0,55.98,55.98,,50000000.0,4.0,35.0,35.0,4.0,9.0,9.0,7.0,19.0,56.0
8432,69.0,,,,,,,,,,,,,
8433,241.0,21.8,21.8,26.62,,4.8,80.0,80.0,4.8,0.0,0.0,4.0,14.0,82.0
8435,2.0,,6.95,,,4.6,535.0,,,3.0,3.0,5.0,11.0,78.0
8436,,10.39,10.39,,,,34.0,34.0,,,,6.0,13.0,37.0
8438,219.0,10.33,10.33,,,4.3,8.0,,,,,,,
8439,31.0,11.99,11.99,15.99,50000000.0,4.6,89.0,,,,,,,
8440,103.0,92.95,92.95,92.95,,4.5,562.0,,,,,,,
8441,39.0,115.79,115.79,,50000000.0,4.4,131.0,131.0,4.4,8.0,2.0,8.0,6.0,76.0
8442,308.0,59.99,59.99,,,4.2,35.0,35.0,4.2,6.0,4.0,17.0,9.0,64.0
8443,,9.54,,,,3.8,7.0,,,,,,,
8444,2122.0,9.5,9.5,,,,,,,,,,,
8445,62.0,149.88,149.88,,,4.7,314.0,314.0,4.7,3.0,0.0,3.0,10.0,84.0
8446,652.0,14.69,14.69,,,5.0,1.0,1.0,5.0,0.0,0.0,0.0,0.0,100.0
8447,,12.89,,,,4.8,2.0,,,0.0,0.0,0.0,25.0,75.0
8448,152.0,16.99,16.99,,,4.6,116.0,,,,,,,
8449,88.0,54.95,54.95,,,4.5,349.0,349.0,4.5,6.0,2.0,5.0,12.0,75.0
8450,407.0,20.95,20.95,,,4.4,160.0,160.0,4.4,6.0,2.0,8.0,16.0,68.0
8451,33.0,39.99,39.99,,100000000.0,4.3,408.0,408.0,4.3,5.0,3.0,10.0,16.0,66.0
8452,37.0,100.49,100.49,,,4.4,135.0,135.0,4.4,3.0,2.0,13.0,7.0,75.0
8453,,,5.95,,,4.6,15.0,,,,,,,
8454,16.0,11.99,11.99,,,4.6,368.0,368.0,4.6,4.0,0.0,4.0,12.0,80.0
8455,17.0,11.99,11.99,,200000000.0,4.6,216.0,,,,,,,
8456,134.0,76.5,76.5,,,4.5,356.0,356.0,4.5,6.0,2.0,5.0,6.0,81.0
8457,347.0,7.89,7.89,,,4.5,51.0,51.0,4.5,5.0,3.0,3.0,8.0,81.0
8458,849.0,,,,,,,,,0.0,0.0,0.0,0.0,
8459,96.0,8.99,8.99,,,4.0,4.0,4.0,4.0,0.0,0.0,,,
8460,43.0,116.59,116.59,,,4.4,94.0,94.0,4.4,5.0,4.0,4.0,17.0,70.0
8461,84.0,,,,,,,,,,,,,
8462,74.0,32.99,32.99,,50000000.0,3.9,24.0,,,,,,,
8463,349.0,21.8,21.8,23.0,,4.4,19.0,19.0,4.4,0.0,,0.0,12.0,72.0
8464,1717.0,,4.99,,,,,,,0.0,0.0,0.0,0.0,
8465,215.0,9.9,9.9,,,4.8,1144.0,,,,,,,
8466,110.0,40.89,40.89,44.04,,4.5,171.0,171.0,4.5,4.0,4.0,5.0,7.0,80.0
8467,127.0,73.86,73.86,,,3.6,122.0,122.0,3.6,,4.0,8.0,18.0,48.0
8468,71.0,,,,,4.7,1498.0,1498.0,4.7,3.0,0.0,3.0,11.0,83.0
8469,485.0,12.82,12.82,,,5.0,1.0,1.0,5.0,0.0,0.0,0.0,0.0,100.0
8470,,14.39,14.39,,,,,,,,,,,
8471,255.0,8.99,8.99,,,4.3,62.0,62.0,4.3,8.0,3.0,7.0,13.0,69.0
8473,2334.0,3.89,3.89,,,4.4,162.0,,,4.0,1.0,14.0,11.0,70.0
8474,48.0,69.99,69.99,75.99,100000000.0,4.8,10.0,10.0,4.8,0.0,0.0,0.0,22.0,78.0
8475,424.0,14.95,14.95,,,4.4,46.0,46.0,4.4,6.0,4.0,4.0,13.0,73.0
8476,34.0,144.99,144.99,,100000000.0,4.9,49.0,,,,,,,
8477,55.0,61.16,61.16,74.59,50000000.0,4.1,67.0,67.0,4.1,14.0,3.0,8.0,6.0,69.0
8478,24.0,28.45,28.45,,,4.7,533.0,,,,,,,
8479,99.0,54.06,54.06,,,4.6,326.0,326.0,4.6,2.0,1.0,7.0,6.0,84.0
8480,313.0,28.99,28.99,,,4.2,5.0,,,,,,,
8481,116.0,26.09,26.09,35.56,,5.0,5.0,,,0.0,0.0,0.0,0.0,100.0
8482,13.0,15.99,15.99,19.99,50000000.0,4.7,96.0,96.0,4.7,1.0,1.0,3.0,11.0,84.0
8483,122.0,,,,,,,,,,,,,
8484,,,76.9,,,4.3,7.0,,,0.0,0.0,,0.0,66.0
8486,139.0,55.93,55.93,,,5.0,1.0,,,,,,,
8487,16.0,13.99,13.99,18.99,100000000.0,4.9,89.0,,,,,,,
8488,,18.99,18.99,,,,,,,,,,,
8489,98.0,9.69,,,,,4.0,,,,0.0,0.0,,36.0
8490,459.0,4.99,4.99,6.99,,4.2,3.0,3.0,4.2,0.0,0.0,,,45.0
8491,270.0,9.99,9.99,,,4.2,111.0,,,,,,,
8492,533.0,,,,,4.4,24.0,,,7.0,8.0,0.0,10.0,75.0
8493,183.0,9.99,,,,5.0,2.0,,,0.0,0.0,0.0,0.0,100.0
8494,54.0,44.74,44.74,,,4.3,133.0,133.0,4.3,8.0,2.0,5.0,19.0,66.0
8495,850.0,7.99,7.99,,,4.2,9.0,,,,,,,
8496,58.0,,,,400000000.0,,,,,,,,,
8497,359.0,,,,,4.7,284.0,,,,,,,
8499,11.0,12.99,12.99,,200000000.0,4.6,965.0,,,,,,,
8500,594.0,,,,,5.0,1.0,,,,,,,
8501,125.0,,24.95,,,4.1,11.0,,,,,,,
8502,97.0,22.97,22.97,,,3.7,144.0,144.0,3.7,17.0,7.0,10.0,13.0,53.0
8503,328.0,11.99,11.99,,,4.5,19.0,19.0,4.5,7.0,0.0,8.0,0.0,85.0
8504,158.0,8.99,8.99,,,4.5,652.0,652.0,4.5,3.0,2.0,7.0,13.0,75.0
8505,113.0,22.99,22.99,,100000000.0,4.4,301.0,,,8.0,2.0,5.0,14.0,71.0
8506,264.0,9.99,9.99,11.23,,3.6,23.0,23.0,3.6,16.0,9.0,16.0,15.0,44.0
8507,77.0,44.98,44.98,79.89,,4.7,25.0,25.0,4.7,0.0,0.0,16.0,0.0,84.0
8508,414.0,10.99,10.99,,,4.2,27.0,27.0,4.2,13.0,0.0,6.0,15.0,66.0
8509,126.0,122.22,122.22,,,5.0,1.0,1.0,5.0,0.0,0.0,0.0,0.0,100.0
8510,1499.0,30.29,30.29,,,4.3,925.0,925.0,4.3,5.0,3.0,11.0,17.0,64.0
8511,158.0,,14.98,,,4.0,45.0,,,7.0,3.0,,22.0,50.0
8512,337.0,11.59,11.59,,,4.5,22.0,22.0,4.5,0.0,5.0,11.0,15.0,69.0
8513,518.0,40.49,40.49,,,4.6,3.0,3.0,4.6,0.0,0.0,0.0,,64.0
8514,551.0,28.98,28.98,,,4.3,212.0,,,,,,,
8515,,,13.95,,,,,,,0.0,0.0,0.0,0.0,
8517,38.0,,,,,,,,,,,,,
8518,267.0,11.79,,,,4.7,22.0,,,,,,,
8519,280.0,52.99,52.99,,,4.0,38.0,38.0,4.0,9.0,9.0,9.0,17.0,56.0
8520,78.0,,,,50000000.0,,,,,,,,,
8521,111.0,189.0,189.0,,,3.9,16.0,16.0,3.9,0.0,,12.0,,36.0
8522,136.0,,48.0,,,4.3,57.0,,,11.0,3.0,8.0,3.0,75.0
8524,36.0,,,,400000000.0,4.4,1455.0,1455.0,4.4,7.0,4.0,5.0,12.0,72.0
8525,45.0,,,,50000000.0,,,,,,,,,
8526,30.0,139.99,139.99,,,4.4,271.0,,,,,,,
8527,,4.0,4.0,,,,,,,0.0,0.0,0.0,0.0,
8528,618.0,159.99,159.99,,100000000.0,4.1,33.0,,,,,,,
8529,48.0,,,249.99,200000000.0,4.5,872.0,872.0,4.5,5.0,4.0,4.0,9.0,78.0
8530,133.0,18.99,18.99,22.58,,4.3,31.0,31.0,4.3,0.0,9.0,,0.0,69.0
8531,601.0,,,,100000000.0,3.6,15.0,15.0,3.6,21.0,0.0,16.0,22.0,41.0
8532,44.0,,,,,4.5,334.0,334.0,4.5,5.0,2.0,5.0,12.0,76.0
8534,31.0,159.99,159.99,,,4.4,332.0,,,,,,,
8535,45.0,139.99,139.99,,100000000.0,4.5,1269.0,1269.0,4.5,4.0,4.0,4.0,12.0,76.0
8536,189.0,,,,,,,,,,,,,
8537,160.0,99.0,99.0,,,,7.0,7.0,,,,15.0,17.0,
8538,89.0,139.0,139.0,,,4.1,180.0,180.0,4.1,13.0,3.0,6.0,11.0,67.0
8539,79.0,159.99,159.99,159.99,,4.4,1179.0,1179.0,4.4,6.0,3.0,4.0,12.0,75.0
8540,176.0,199.0,199.0,,,3.9,115.0,115.0,3.9,14.0,4.0,14.0,16.0,52.0
8541,156.0,,,,,,,,,,,,,
8542,235.0,95.5,95.5,,,,2.0,,,,,,,
8543,262.0,59.99,59.99,,,,102.0,102.0,,,8.0,12.0,12.0,
8544,112.0,86.76,86.76,,,4.3,49.0,49.0,4.3,9.0,3.0,6.0,8.0,74.0
8545,92.0,189.0,189.0,,50000000.0,4.2,174.0,174.0,4.2,8.0,5.0,7.0,13.0,67.0
8546,35.0,,,,400000000.0,4.3,129.0,129.0,4.3,8.0,4.0,5.0,12.0,71.0
8547,140.0,,,,,4.2,332.0,332.0,4.2,8.0,5.0,9.0,15.0,63.0
8548,263.0,70.96,70.96,,,,,,,0.0,0.0,0.0,0.0,
8550,84.0,119.0,119.0,,50000000.0,4.0,348.0,348.0,4.0,13.0,8.0,4.0,18.0,57.0
8551,173.0,185.0,185.0,,,3.9,169.0,169.0,3.9,12.0,7.0,8.0,19.0,54.0
8552,81.0,,,,50000000.0,4.1,46.0,46.0,4.1,10.0,6.0,8.0,10.0,66.0
8555,459.0,93.31,93.31,,,,,,,0.0,0.0,0.0,0.0,
8557,96.0,,,,,,,,,,,,,
8559,112.0,,,,50000000.0,4.5,32.0,,,,,,,
8560,153.0,,,,,,,,,,,,,
8562,78.0,104.99,104.99,,100000000.0,3.9,65.0,65.0,3.9,17.0,5.0,5.0,17.0,56.0
8563,314.0,,,,,,,,,,,,,
8564,302.0,28.98,28.98,,,5.0,3.0,3.0,5.0,0.0,0.0,0.0,0.0,100.0
8565,331.0,69.0,69.0,,,4.6,8.0,8.0,4.6,0.0,0.0,,0.0,80.0
8566,184.0,169.0,169.0,,,3.5,2.0,,,,,,,
8567,118.0,,,,,,,,,,,,,
8568,772.0,10.49,10.49,,,,,,,0.0,0.0,0.0,0.0,
8569,130.0,,,,,4.1,1157.0,,,,,,,
8570,31.0,23.66,23.66,24.95,,4.6,,,4.6,1.0,2.0,6.0,14.0,77.0
8571,51.0,24.99,24.99,29.99,400000000.0,4.7,16.0,16.0,4.7,0.0,8.0,0.0,0.0,92.0
8572,302.0,187.5,187.5,,,3.4,35.0,35.0,3.4,,4.0,10.0,9.0,48.0
8573,144.0,,,,,,,,,,,,,
8575,53.0,87.99,87.99,,100000000.0,4.3,175.0,175.0,4.3,8.0,3.0,6.0,11.0,72.0
8576,5.0,19.99,19.99,,7000000.0,4.7,,,,,,,,
8577,126.0,,,,,,,,,,,,,
8578,521.0,125.0,125.0,,,4.3,10.0,,,,,,,
8579,224.0,,,,,4.8,39.0,39.0,4.8,0.0,4.0,0.0,9.0,87.0
8581,152.0,,,,,3.8,88.0,88.0,3.8,9.0,9.0,16.0,25.0,41.0
8582,41.0,4.19,4.19,,200000000.0,3.4,13.0,,,,,,,
8583,231.0,169.98,169.98,,,3.9,10.0,10.0,3.9,15.0,0.0,13.0,20.0,52.0
8584,,,,,,3.4,33.0,33.0,3.4,13.0,10.0,,,
8585,132.0,,,,,4.4,,,4.4,6.0,3.0,4.0,12.0,75.0
8586,125.0,,,,,,,,,,,,,
8587,261.0,,,,,,34.0,,,,,,,
8588,,,,,,3.9,31.0,31.0,3.9,12.0,7.0,10.0,17.0,54.0
8589,318.0,,,,,,,,,,,,,
8590,381.0,178.99,178.99,,,,9.0,,,,,,,
8591,,18.99,18.99,,,5.0,3.0,,,,,,,
8592,142.0,,,,,,,,,,,,,
8593,1352.0,,,,,3.8,7.0,,,,,,,
8594,38.0,,,,2000000.0,4.2,1137.0,1137.0,4.2,11.0,4.0,5.0,12.0,68.0
8595,158.0,12.99,12.99,,300000000.0,4.4,24.0,,,,,,,
8596,322.0,,,,,4.1,17.0,,,,,,,
8597,313.0,60.79,60.79,,,,5.0,5.0,,,0.0,0.0,16.0,34.0
8598,280.0,,,,,3.6,82.0,,,,,,,
8599,246.0,73.96,73.96,,,,6.0,6.0,,,,0.0,0.0,39.0
8600,,16.99,16.99,,,3.9,248.0,,,,,,,
8602,169.0,,,,,,,,,,,,,
8603,115.0,,,,,,,,,,,,,
8604,809.0,4.99,4.99,,,4.6,119.0,,,,,,,
8605,802.0,14.43,14.43,15.19,,4.8,273.0,273.0,4.8,1.0,0.0,3.0,6.0,90.0
8606,248.0,19.99,19.99,24.99,100000000.0,4.6,210.0,210.0,4.6,3.0,1.0,5.0,11.0,80.0
8607,793.0,9.99,9.99,11.99,,5.0,1.0,,,0.0,0.0,0.0,0.0,100.0
8608,859.0,19.95,19.95,,,4.6,10.0,10.0,4.6,0.0,0.0,0.0,,65.0
8609,641.0,,,,100000000.0,4.0,50.0,,,,,,,
8610,233.0,3.99,3.99,,50000000.0,4.3,17.0,,,0.0,8.0,12.0,24.0,56.0
8611,3.0,15.99,15.99,19.99,300000000.0,4.6,261.0,261.0,4.6,3.0,2.0,2.0,13.0,80.0
8612,1422.0,19.99,19.99,,,3.6,5.0,5.0,3.6,,0.0,0.0,,38.0
8613,151.0,,,,,3.9,147.0,147.0,3.9,13.0,7.0,9.0,14.0,57.0
8614,630.0,22.99,22.99,,50000000.0,4.8,659.0,,,,,,,
8615,7.0,16.99,16.99,19.99,200000000.0,4.6,243.0,243.0,4.6,0.0,2.0,7.0,12.0,79.0
8616,2.0,,,,200000000.0,,,,,,,,,
8617,62.0,9.99,9.99,,50000000.0,4.3,815.0,815.0,4.3,8.0,4.0,5.0,14.0,69.0
8618,113.0,18.19,18.19,19.75,,4.6,296.0,296.0,4.6,2.0,4.0,5.0,10.0,79.0
8619,52.0,7.99,7.99,9.99,,4.4,13.0,,,11.0,0.0,9.0,0.0,80.0
8620,22.0,8.99,8.99,15.99,,4.8,70.0,,,,,,,
8622,,37.45,37.45,,,,,,,0.0,0.0,0.0,0.0,
8623,101.0,9.99,9.99,9.99,,4.0,186.0,186.0,4.0,20.0,2.0,1.0,12.0,65.0
8624,975.0,13.99,13.99,,,4.7,2151.0,,,,,,,
8627,,25.5,25.5,,,,,,,0.0,0.0,0.0,0.0,
8628,86.0,25.99,25.99,,,4.5,309.0,309.0,4.5,4.0,2.0,6.0,14.0,74.0
8629,20.0,12.99,12.99,,50000000.0,4.6,31.0,,,5.0,0.0,0.0,23.0,72.0
8630,2.0,,,,,4.2,685.0,685.0,4.2,12.0,3.0,5.0,12.0,68.0
8632,1056.0,21.99,21.99,25.99,,,,,,0.0,0.0,0.0,0.0,
8633,199.0,9.99,9.99,,,,5.0,,,,,0.0,0.0,39.0
8634,2240.0,19.95,19.95,,,4.6,434.0,434.0,4.6,3.0,2.0,6.0,10.0,79.0
8635,101.0,13.99,13.99,,,4.9,15.0,15.0,4.9,0.0,0.0,0.0,13.0,87.0
8636,3.0,14.99,14.99,19.99,1000000.0,4.8,,,4.8,0.0,0.0,3.0,9.0,88.0
8637,54.0,15.99,15.99,32.99,300000000.0,4.7,2940.0,,,,,,,
8638,43.0,,,,100000000.0,,,,,,,,,
8639,788.0,15.97,15.97,19.99,100000000.0,4.5,2271.0,2271.0,4.5,6.0,2.0,5.0,9.0,78.0
8640,699.0,,,,,4.5,768.0,768.0,4.5,3.0,2.0,7.0,14.0,74.0
8641,441.0,6.99,6.99,25.99,,4.6,528.0,528.0,4.6,3.0,2.0,5.0,12.0,78.0
8642,,6.96,6.96,,,4.4,179.0,179.0,4.4,6.0,3.0,7.0,11.0,73.0
8643,55.0,,,,,,,,,,,,,
8644,758.0,6.99,6.99,,50000000.0,4.4,701.0,701.0,4.4,6.0,2.0,5.0,16.0,71.0
8645,120.0,14.99,14.99,39.99,100000000.0,4.6,,,,4.0,1.0,5.0,10.0,80.0
8646,1214.0,20.99,20.99,,,4.6,625.0,625.0,4.6,2.0,3.0,6.0,11.0,78.0
8647,615.0,6.99,6.99,,50000000.0,4.6,329.0,329.0,4.6,3.0,1.0,6.0,11.0,79.0
8648,389.0,9.99,9.99,,,4.8,244.0,,,,,,,
8649,1291.0,,,,200000000.0,,,,,,,,,
8650,1396.0,16.98,16.98,16.98,,4.5,805.0,,,,,,,
8651,21.0,11.99,11.99,,50000000.0,4.0,744.0,744.0,4.0,15.0,4.0,6.0,15.0,60.0
8652,,33.56,33.56,37.95,,4.3,102.0,,,,,,,
8653,859.0,12.95,12.95,,,,,,,0.0,0.0,0.0,0.0,
8654,181.0,14.99,14.99,,100000000.0,4.2,117.0,117.0,4.2,10.0,5.0,5.0,13.0,67.0
8655,1240.0,9.15,9.15,,,4.3,33.0,33.0,4.3,8.0,0.0,7.0,20.0,65.0
8656,217.0,9.53,9.53,,,4.4,40.0,40.0,4.4,4.0,4.0,6.0,15.0,71.0
8657,160.0,15.19,15.19,15.99,,4.3,217.0,217.0,4.3,9.0,1.0,6.0,16.0,68.0
8658,,24.95,24.95,29.95,,4.2,21.0,21.0,4.2,15.0,0.0,6.0,9.0,70.0
8659,1342.0,19.99,19.99,23.99,,4.0,103.0,103.0,4.0,13.0,4.0,7.0,20.0,56.0
8660,18.0,8.99,8.99,,100000000.0,4.5,24.0,,,6.0,0.0,6.0,17.0,71.0
8661,1414.0,17.09,17.09,18.99,50000000.0,4.6,,,4.6,3.0,1.0,4.0,11.0,81.0
8662,301.0,7.99,7.99,15.99,,4.7,71.0,,,,,,,
8663,420.0,9.99,9.99,,50000000.0,4.5,403.0,403.0,4.5,2.0,3.0,7.0,17.0,71.0
8665,115.0,22.99,22.99,25.99,300000000.0,4.5,,,4.5,4.0,2.0,6.0,16.0,72.0
8666,1140.0,25.98,25.98,37.95,,4.4,220.0,,,8.0,2.0,2.0,15.0,73.0
8667,,33.99,33.99,,,4.4,1195.0,1195.0,4.4,7.0,4.0,5.0,10.0,74.0
8670,,8.99,8.99,,,4.4,505.0,,,,,,,
8671,,14.95,14.95,,,,,,,,,,,
8672,1931.0,22.99,22.99,,,4.5,95.0,95.0,4.5,3.0,1.0,10.0,12.0,74.0
8673,,9.99,9.99,,,,62.0,62.0,,,,10.0,10.0,33.0
8674,1448.0,13.99,13.99,13.99,,4.2,392.0,392.0,4.2,7.0,6.0,6.0,19.0,62.0
8675,1610.0,33.56,33.56,37.95,,4.3,257.0,,,,,,,
8676,387.0,6.99,6.99,,,,,,,0.0,0.0,0.0,0.0,
8677,,18.39,18.39,19.39,,3.8,8.0,8.0,3.8,20.0,0.0,0.0,,46.0
8678,894.0,20.99,20.99,21.99,,4.4,707.0,,,,,,,
8679,121.0,11.99,11.99,,,4.4,1294.0,1294.0,4.4,5.0,4.0,5.0,15.0,71.0
8681,1241.0,21.84,21.84,22.99,,4.8,521.0,,,,,,,
8682,83.0,7.97,7.97,,300000000.0,4.5,609.0,609.0,4.5,4.0,1.0,7.0,18.0,70.0
8683,1599.0,24.95,24.95,,,4.5,225.0,225.0,4.5,4.0,4.0,6.0,11.0,75.0
8684,2011.0,12.99,12.99,,,4.6,205.0,205.0,4.6,1.0,2.0,5.0,15.0,77.0
8685,,28.9,28.9,,,3.9,75.0,75.0,3.9,11.0,10.0,11.0,14.0,54.0
8686,,7.99,7.99,,,4.3,9.0,9.0,4.3,0.0,0.0,,0.0,65.0
8687,1117.0,5.99,5.99,,,4.2,62.0,62.0,4.2,7.0,4.0,7.0,22.0,60.0
8688,,14.99,14.99,25.99,,4.5,67.0,,,,,,,
8689,,14.9,14.9,,,3.8,8.0,8.0,3.8,17.0,,0.0,18.0,54.0
8690,321.0,14.99,14.99,,50000000.0,4.5,1071.0,1071.0,4.5,4.0,2.0,6.0,13.0,75.0
8691,235.0,8.99,8.99,,50000000.0,4.4,322.0,322.0,4.4,4.0,0.0,10.0,21.0,65.0
8692,539.0,12.49,12.49,,,4.1,6.0,,,,,,,
8693,1111.0,13.99,13.99,14.99,,4.6,127.0,,,,,,,
8694,,25.92,25.92,,,4.4,166.0,166.0,4.4,3.0,6.0,12.0,8.0,71.0
8695,4.0,11.99,11.99,,100000000.0,4.5,777.0,777.0,4.5,5.0,1.0,5.0,14.0,75.0
8696,,11.39,11.39,,,3.7,7.0,7.0,3.7,18.0,0.0,15.0,,39.0
8697,2082.0,7.99,7.99,,,4.6,2947.0,,,,,,,
8698,,16.99,16.99,26.99,,4.7,1788.0,1788.0,4.7,2.0,2.0,3.0,12.0,81.0
8699,1238.0,9.99,9.99,,,4.3,267.0,267.0,4.3,6.0,5.0,7.0,13.0,69.0
8700,,6.99,6.99,,50000000.0,4.5,1211.0,,,,,,,
8701,,11.99,11.99,,,3.9,26.0,,,,,,,
8702,,9.99,9.99,11.99,,4.2,48.0,48.0,4.2,6.0,7.0,10.0,11.0,66.0
8703,352.0,9.99,9.99,,50000000.0,4.7,352.0,352.0,4.7,1.0,1.0,4.0,12.0,82.0
8704,405.0,,,,,4.6,,,4.6,2.0,2.0,4.0,12.0,80.0
8705,1735.0,17.99,17.99,,,4.3,1486.0,1486.0,4.3,5.0,4.0,10.0,16.0,65.0
8706,921.0,,,,,,,,,,,,,
8708,1966.0,9.99,9.99,,,4.8,19.0,19.0,4.8,0.0,0.0,0.0,20.0,80.0
8709,300.0,9.99,9.99,,,4.5,107.0,107.0,4.5,1.0,5.0,9.0,15.0,70.0
8710,1984.0,9.98,9.98,,,4.6,1355.0,1355.0,4.6,3.0,2.0,7.0,11.0,77.0
8711,164.0,8.99,8.99,15.99,100000000.0,4.6,323.0,323.0,4.6,3.0,0.0,4.0,13.0,80.0
8712,387.0,19.99,19.99,,,4.5,127.0,127.0,4.5,2.0,4.0,7.0,15.0,72.0
8713,,6.99,6.99,,,4.2,52.0,,,8.0,4.0,9.0,17.0,62.0
8714,,19.99,19.99,,,5.0,4.0,4.0,5.0,0.0,0.0,0.0,0.0,100.0
8715,29.0,10.99,10.99,,,4.6,125.0,,,,,,,
8716,843.0,9.2,9.2,,,4.7,175.0,,,,,,,
8717,2307.0,12.99,12.99,,,4.5,2552.0,2552.0,4.5,5.0,3.0,4.0,12.0,76.0
8719,2436.0,24.95,24.95,27.95,,4.4,2268.0,2268.0,4.4,4.0,4.0,7.0,11.0,74.0
8720,1387.0,12.99,12.99,18.99,,,,,,,,,,
8722,2101.0,9.99,9.99,20.99,,4.6,311.0,311.0,4.6,3.0,1.0,4.0,8.0,84.0
8723,2391.0,8.99,8.99,,,4.5,219.0,219.0,4.5,4.0,2.0,6.0,17.0,71.0
8724,1131.0,9.99,9.99,,,4.4,284.0,284.0,4.4,6.0,2.0,7.0,9.0,76.0
8725,557.0,15.99,15.99,,50000000.0,4.5,2523.0,,,,,,,
8726,1784.0,16.95,16.95,,,4.7,2741.0,2741.0,4.7,2.0,1.0,3.0,11.0,83.0
8727,68.0,19.94,19.94,23.99,,4.8,1593.0,,,0.0,1.0,2.0,8.0,89.0
8728,,13.99,13.99,,,4.7,2151.0,2151.0,4.7,2.0,1.0,3.0,8.0,86.0
8729,89.0,11.99,11.99,,50000000.0,4.4,,3075.0,4.4,6.0,3.0,6.0,14.0,71.0
8730,119.0,,,,,4.9,92.0,92.0,4.9,0.0,0.0,0.0,9.0,91.0
8731,1628.0,15.99,15.99,,,4.7,87.0,87.0,4.7,1.0,0.0,8.0,11.0,80.0
8733,2176.0,22.99,22.99,39.99,,4.4,672.0,,,3.0,3.0,8.0,17.0,69.0
8734,,15.99,15.99,,,4.9,46.0,46.0,4.9,0.0,0.0,0.0,10.0,90.0
8735,514.0,12.99,12.99,13.99,50000000.0,4.7,177.0,177.0,4.7,1.0,1.0,4.0,14.0,80.0
8736,,14.99,14.99,18.99,,4.8,2167.0,,,,,,,
8737,2347.0,12.33,12.33,12.98,,4.4,1182.0,1182.0,4.4,6.0,2.0,7.0,16.0,69.0
8738,2435.0,15.99,15.99,39.99,,4.7,,,,,,,,
8739,,13.09,13.09,17.19,,4.3,134.0,134.0,4.3,6.0,3.0,9.0,14.0,68.0
8740,207.0,12.74,12.74,13.49,,4.7,,,4.7,1.0,1.0,3.0,12.0,83.0
8741,891.0,20.99,20.99,,,4.8,,,4.8,1.0,0.0,3.0,10.0,86.0
8742,76.0,11.39,11.39,11.99,,4.9,22.0,,,,,,,
8743,,16.59,16.59,,,4.6,146.0,146.0,4.6,1.0,3.0,8.0,9.0,79.0
8744,136.0,19.99,19.99,24.99,,4.0,82.0,,,,,,,
8745,194.0,11.49,11.49,22.99,,4.8,713.0,,,,,,,
8746,1148.0,,,,,,,,,,,,,
8748,1294.0,15.99,15.99,,,4.4,,,4.4,6.0,2.0,5.0,11.0,76.0
8749,835.0,,,,,,,,,,,,,
8750,2096.0,,,,,5.0,1.0,1.0,5.0,0.0,0.0,0.0,0.0,100.0
8751,,23.92,23.92,,,4.2,138.0,138.0,4.2,7.0,4.0,9.0,14.0,66.0
8752,766.0,12.66,12.66,,,4.7,208.0,,,,,,,
8753,448.0,,,,50000000.0,,,,,,,,,
8754,24.0,5.99,5.99,6.99,50000000.0,4.3,33.0,33.0,4.3,4.0,4.0,13.0,16.0,63.0
8755,176.0,7.99,7.99,8.49,,4.8,489.0,489.0,4.8,1.0,0.0,2.0,10.0,87.0
8756,,23.74,23.74,30.99,,4.3,38.0,38.0,4.3,6.0,3.0,13.0,6.0,72.0
8757,205.0,,,,,4.3,642.0,642.0,4.3,10.0,3.0,4.0,12.0,71.0
8758,614.0,129.9,129.9,,,,,,,0.0,0.0,0.0,0.0,
8759,53.0,6.99,6.99,9.99,,4.5,19.0,,,0.0,0.0,13.0,22.0,65.0
8760,354.0,9.99,9.99,,50000000.0,4.3,379.0,379.0,4.3,8.0,4.0,6.0,14.0,68.0
8761,1978.0,,,,,,,,,,,,,
8762,2291.0,6.74,6.74,,,4.5,39.0,39.0,4.5,4.0,0.0,11.0,9.0,76.0
8763,2424.0,8.9,8.9,9.9,,4.3,1465.0,,,,,,,
8764,85.0,,,,400000000.0,,,,,,,,,
8765,154.0,9.99,9.99,,,4.0,9.0,,,13.0,0.0,14.0,23.0,50.0
8766,104.0,9.99,9.99,,100000000.0,4.6,44.0,44.0,4.6,3.0,3.0,3.0,11.0,80.0
8767,1766.0,9.99,9.99,,,4.4,1319.0,1319.0,4.4,4.0,4.0,8.0,19.0,65.0
8768,298.0,14.1,14.1,,,,,,,0.0,0.0,0.0,0.0,
8769,439.0,15.17,15.17,,,,,,,0.0,0.0,0.0,0.0,
8770,1572.0,24.02,24.02,,,4.6,131.0,,,,,,,
8771,2237.0,13.99,13.99,13.99,,4.7,78.0,78.0,4.7,3.0,0.0,4.0,10.0,83.0
8772,518.0,13.6,13.6,,,,,,,0.0,0.0,0.0,0.0,
8773,2222.0,14.99,14.99,,,4.6,122.0,122.0,4.6,4.0,2.0,3.0,12.0,79.0
8774,1411.0,9.59,9.59,20.99,,4.4,2386.0,2386.0,4.4,5.0,4.0,4.0,12.0,75.0
8775,,11.99,11.99,,,4.6,1317.0,,,,,,,
8776,177.0,9.95,9.95,,50000000.0,4.5,152.0,152.0,4.5,5.0,2.0,6.0,10.0,77.0
8777,436.0,98.55,98.55,,,,,,,,,,,
8778,63.0,10.99,10.99,15.99,100000000.0,4.3,396.0,396.0,4.3,8.0,4.0,5.0,14.0,69.0
8779,38.0,16.99,16.99,18.99,,4.6,37.0,37.0,4.6,4.0,0.0,5.0,9.0,82.0
8780,959.0,12.99,12.99,,400000000.0,4.5,49.0,,,7.0,0.0,5.0,11.0,77.0
8781,871.0,,,,50000000.0,3.8,134.0,,,,,,,
8782,246.0,13.99,13.99,,,,,,,0.0,0.0,0.0,0.0,
8783,1562.0,,,,,4.0,17.0,17.0,4.0,0.0,,14.0,20.0,48.0
8784,1523.0,16.98,16.98,,,4.8,152.0,152.0,4.8,0.0,2.0,2.0,7.0,89.0
8785,164.0,41.36,41.36,,,,,,,0.0,0.0,0.0,0.0,
8786,308.0,15.99,15.99,,,4.6,57.0,57.0,4.6,0.0,3.0,7.0,15.0,75.0
8787,,149.0,149.0,,,,,,,0.0,0.0,0.0,0.0,
8788,,7.99,7.99,9.99,,4.0,68.0,68.0,4.0,6.0,9.0,15.0,21.0,49.0
8789,,24.95,24.95,29.95,,5.0,4.0,4.0,5.0,0.0,0.0,0.0,0.0,100.0
8790,688.0,8.99,8.99,,50000000.0,4.5,4.0,,,,,,,
8791,1174.0,9.99,9.99,11.99,,4.3,231.0,231.0,4.3,6.0,3.0,7.0,17.0,67.0
8792,272.0,9.99,9.99,11.99,,4.8,8.0,8.0,4.8,0.0,0.0,0.0,16.0,84.0
8793,99.0,11.99,11.99,,,5.0,5.0,,,0.0,0.0,0.0,0.0,100.0
8794,,11.9,11.9,,,,,,,0.0,0.0,0.0,0.0,
8795,141.0,9.99,9.99,,50000000.0,4.7,1180.0,1180.0,4.7,1.0,0.0,4.0,11.0,84.0
8796,1033.0,11.19,11.19,,100000000.0,4.2,172.0,172.0,4.2,12.0,2.0,3.0,12.0,71.0
8797,30.0,22.99,22.99,,,4.7,,,4.7,1.0,2.0,4.0,10.0,83.0
8798,100.0,6.99,6.99,8.99,,4.6,3.0,,,,,,,
8799,,19.99,19.99,,,5.0,7.0,7.0,5.0,0.0,0.0,0.0,0.0,100.0
8800,,7.99,7.99,,,4.4,104.0,,,8.0,3.0,3.0,8.0,78.0
8801,,12.88,12.88,18.0,,4.4,39.0,39.0,4.4,5.0,4.0,0.0,24.0,67.0
8802,37.0,23.9,23.9,23.9,,4.3,41.0,41.0,4.3,6.0,0.0,8.0,23.0,63.0
8803,34.0,7.95,7.95,8.54,,,2.0,2.0,,,0.0,0.0,0.0,49.0
8804,760.0,17.99,17.99,19.49,50000000.0,4.2,767.0,767.0,4.2,8.0,4.0,9.0,13.0,66.0
8805,,3.49,3.49,9.63,,4.1,7.0,7.0,4.1,21.0,0.0,0.0,0.0,79.0
8806,,6.99,6.99,,,4.7,101.0,,,,,,,
8807,8.0,15.99,15.99,,50000000.0,4.4,100.0,,,,,,,
8808,,9.99,9.99,,,4.6,137.0,,,,,,,
8809,142.0,23.99,23.99,23.99,,4.7,100.0,100.0,4.7,2.0,1.0,2.0,8.0,87.0
8810,192.0,22.99,22.99,34.99,200000000.0,4.3,379.0,,,,,,,
8811,,15.99,15.99,,,4.4,33.0,33.0,4.4,12.0,0.0,0.0,15.0,73.0
8812,,22.99,22.99,28.99,,4.5,6.0,,,,,,,
8813,1154.0,39.99,39.99,,,,,,,0.0,0.0,0.0,0.0,
8814,255.0,90.7,90.7,,,,,,,0.0,0.0,0.0,0.0,
8815,147.0,44.99,44.99,,,4.1,12.0,12.0,4.1,0.0,,,13.0,53.0
8817,,17.31,17.31,,,3.6,5.0,5.0,3.6,,0.0,,0.0,54.0
8818,,18.99,18.99,,,5.0,1.0,1.0,5.0,0.0,0.0,0.0,0.0,100.0
8819,400.0,13.39,13.39,,,4.3,23.0,23.0,4.3,7.0,6.0,0.0,25.0,62.0
8820,,6.98,6.98,,,,,,,0.0,0.0,0.0,0.0,
8821,2543.0,9.99,9.99,,50000000.0,4.1,1835.0,,,,,,,
8822,1056.0,15.98,15.98,25.99,,4.2,627.0,627.0,4.2,7.0,7.0,9.0,14.0,63.0
8823,2032.0,16.99,16.99,,,5.0,24.0,24.0,5.0,0.0,0.0,0.0,0.0,100.0
8824,,15.99,15.99,,,4.6,234.0,,,,,,,
8825,,18.99,18.99,,,5.0,3.0,3.0,5.0,0.0,0.0,0.0,0.0,100.0
8826,1471.0,14.99,14.99,,,4.7,,,4.7,2.0,1.0,2.0,11.0,84.0
8827,,,,,,4.2,116.0,116.0,4.2,8.0,6.0,10.0,13.0,63.0
8828,,29.0,29.0,,,4.5,12.0,12.0,4.5,0.0,0.0,15.0,16.0,69.0
8829,474.0,,,,,4.1,5.0,5.0,4.1,0.0,0.0,,,35.0
8830,,13.99,13.99,13.99,,4.4,643.0,643.0,4.4,4.0,4.0,10.0,13.0,69.0
8831,688.0,62.0,62.0,,,,,,,0.0,0.0,0.0,0.0,
8832,483.0,,,,,5.0,1.0,,,,,,,
8833,551.0,7.6,7.6,,,4.7,1509.0,1509.0,4.7,1.0,1.0,3.0,13.0,82.0
8834,,16.99,16.99,,,,,,,0.0,0.0,0.0,0.0,
8835,2540.0,5.99,5.99,7.99,,,,,,0.0,0.0,0.0,0.0,
8836,188.0,9.99,9.99,,,,1.0,,,,,,,
8838,350.0,,,,,,,,,,,,,
8839,,15.99,15.99,,,,6.0,6.0,,0.0,,0.0,,
8840,606.0,8.99,8.99,14.99,50000000.0,4.4,72.0,72.0,4.4,7.0,3.0,6.0,9.0,75.0
8841,,17.69,17.69,,,4.6,36.0,36.0,4.6,0.0,0.0,7.0,21.0,72.0
8842,,12.99,12.99,15.99,,,,,,0.0,0.0,0.0,0.0,
8845,2284.0,8.99,8.99,9.99,,4.8,15.0,15.0,4.8,0.0,0.0,0.0,20.0,80.0
8846,421.0,18.99,18.99,29.89,100000000.0,4.2,105.0,105.0,4.2,5.0,5.0,12.0,14.0,64.0
8847,393.0,9.99,9.99,,,3.6,3.0,,,0.0,0.0,,,
8848,1609.0,19.99,19.99,35.99,,4.6,669.0,669.0,4.6,2.0,1.0,6.0,13.0,78.0
8849,140.0,8.99,8.99,,,,3.0,3.0,,,0.0,0.0,,
8850,,17.29,17.29,,,4.4,329.0,329.0,4.4,6.0,2.0,3.0,22.0,67.0
8851,,4.99,4.99,9.99,100000000.0,4.4,193.0,193.0,4.4,6.0,2.0,5.0,12.0,75.0
8852,,9.99,9.99,,,4.0,186.0,186.0,4.0,12.0,2.0,8.0,21.0,57.0
8854,145.0,,,,,4.2,152.0,152.0,4.2,9.0,6.0,6.0,12.0,67.0
8855,,,,,,4.4,10.0,,,,,,,
8856,642.0,112.41,112.41,,,,,,,0.0,0.0,0.0,0.0,
8857,,13.95,13.95,13.95,,4.0,36.0,36.0,4.0,10.0,5.0,17.0,15.0,53.0
8858,394.0,,,,50000000.0,,,,,,,,,
8859,194.0,14.99,14.99,,,4.1,175.0,175.0,4.1,15.0,4.0,3.0,11.0,67.0
8860,342.0,59.99,59.99,,,,1.0,1.0,,,0.0,0.0,0.0,
8862,8.0,9.9,9.9,,50000000.0,4.0,34.0,34.0,4.0,10.0,0.0,12.0,,49.0
8863,589.0,,,,,,,,,,,,,
8864,,14.52,14.52,,,4.0,1.0,1.0,4.0,0.0,0.0,0.0,,
8865,372.0,5.99,5.99,6.99,,,3.0,,,,,0.0,0.0,33.0
8866,,13.99,13.99,,,4.4,12.0,12.0,4.4,12.0,0.0,0.0,16.0,72.0
8867,,,,,,4.7,4.0,4.0,4.7,0.0,0.0,0.0,,72.0
8868,581.0,,,,,,,,,,,,,
8869,305.0,6.69,6.69,,,,,,,,,,,
8870,227.0,8.99,8.99,9.99,,3.6,16.0,,,9.0,,,14.0,42.0
8871,,11.39,11.39,11.99,,4.4,75.0,75.0,4.4,3.0,2.0,8.0,23.0,64.0
8872,137.0,9.99,9.99,,,,5.0,,,,,0.0,22.0,
8873,263.0,9.98,9.98,,,,2.0,,,,,,,
8874,,7.99,7.99,,,4.1,14.0,14.0,4.1,11.0,0.0,12.0,25.0,52.0
8875,26.0,7.99,7.99,,,4.3,111.0,111.0,4.3,9.0,2.0,7.0,11.0,71.0
8876,815.0,91.69,91.69,,,,,,,,,,,
8878,1992.0,16.95,16.95,20.93,,4.4,1322.0,1322.0,4.4,7.0,3.0,5.0,10.0,75.0
8879,72.0,5.69,5.69,9.99,100000000.0,4.4,5.0,5.0,4.4,0.0,0.0,,0.0,70.0
8880,1437.0,9.99,9.99,,,4.6,33.0,,,,,,,
8881,86.0,4.99,4.99,,50000000.0,4.4,13.0,,,0.0,0.0,,18.0,63.0
8882,723.0,,,,,4.6,2.0,,,,,,,
8883,,5.99,5.99,,,4.3,159.0,159.0,4.3,5.0,3.0,9.0,19.0,64.0
8884,51.0,11.39,11.39,,,4.5,125.0,,,,,,,
8885,,13.99,13.99,,,5.0,2.0,2.0,5.0,0.0,0.0,0.0,0.0,100.0
8886,,3.83,3.83,,,5.0,3.0,,,0.0,0.0,0.0,0.0,100.0
8887,,3.99,3.99,7.99,,3.9,177.0,177.0,3.9,14.0,6.0,7.0,20.0,53.0
8888,,9.99,9.99,12.99,,5.0,1.0,1.0,5.0,0.0,0.0,0.0,0.0,100.0
8889,,18.99,18.99,,,4.4,670.0,670.0,4.4,5.0,3.0,8.0,15.0,69.0
8890,,7.99,7.99,,100000000.0,4.5,,,4.5,3.0,2.0,5.0,14.0,76.0
8891,299.0,,,,,5.0,2.0,2.0,5.0,0.0,0.0,0.0,0.0,100.0
8892,343.0,12.19,12.19,,100000000.0,4.0,584.0,584.0,4.0,11.0,5.0,12.0,17.0,55.0
8893,479.0,82.91,82.91,,,,6.0,,,,,,,
8894,,7.99,7.99,,,4.3,282.0,282.0,4.3,7.0,3.0,8.0,15.0,67.0
8895,1538.0,33.99,33.99,49.99,,4.4,194.0,194.0,4.4,4.0,6.0,6.0,15.0,69.0
8896,,19.98,19.98,22.98,,4.6,18.0,,,,,,,
8897,228.0,15.99,15.99,17.99,,4.7,71.0,71.0,4.7,0.0,3.0,4.0,12.0,81.0
8898,222.0,,,,,,5.0,,,,,,,
8899,,27.98,27.98,35.0,,4.5,717.0,717.0,4.5,3.0,3.0,6.0,16.0,72.0
8901,,12.89,12.89,,,,,,,0.0,0.0,0.0,0.0,
8902,994.0,9.99,9.99,,,5.0,2.0,2.0,5.0,0.0,0.0,0.0,0.0,100.0
8903,1491.0,14.99,14.99,,,4.4,82.0,82.0,4.4,2.0,5.0,8.0,16.0,69.0
8905,203.0,12.99,12.99,,,3.6,3.0,,,0.0,,0.0,,33.0
8906,2134.0,6.97,6.97,,,4.0,2250.0,2250.0,4.0,10.0,5.0,11.0,16.0,58.0
8908,1508.0,9.96,9.96,,,4.2,241.0,241.0,4.2,11.0,3.0,6.0,13.0,67.0
8909,230.0,,,,,4.0,1.0,1.0,4.0,0.0,0.0,0.0,,
8910,,22.99,22.99,,,,1.0,1.0,,,0.0,0.0,0.0,
8911,537.0,22.99,22.99,22.99,50000000.0,4.1,47.0,47.0,4.1,11.0,0.0,10.0,21.0,58.0
8912,1423.0,42.99,42.99,,,4.7,4.0,,,,,,,
8913,6.0,9.99,9.99,,,4.3,9.0,,,0.0,9.0,14.0,10.0,67.0
8914,401.0,98.93,98.93,,,,,,,0.0,0.0,0.0,0.0,
8915,2225.0,16.99,16.99,18.99,,4.5,170.0,,,,,,,
8916,,15.59,15.59,,,4.6,757.0,757.0,4.6,4.0,2.0,4.0,12.0,78.0
8917,230.0,,,,,4.3,154.0,154.0,4.3,12.0,1.0,3.0,11.0,73.0
8918,1198.0,12.99,12.99,13.99,,4.3,2641.0,2641.0,4.3,9.0,4.0,6.0,12.0,69.0
8919,379.0,86.29,86.29,99.99,,,,,,0.0,0.0,0.0,0.0,
8920,,19.95,19.95,,,4.6,158.0,158.0,4.6,4.0,2.0,4.0,10.0,80.0
8921,2073.0,9.98,9.98,,,4.5,2310.0,2310.0,4.5,5.0,3.0,5.0,12.0,75.0
8922,896.0,9.99,9.99,,,4.4,60.0,60.0,4.4,9.0,0.0,4.0,12.0,75.0
8923,150.0,9.99,9.99,,50000000.0,4.5,75.0,75.0,4.5,6.0,0.0,5.0,16.0,73.0
8924,,39.99,39.99,45.55,,,4.0,4.0,,,,0.0,,
8925,565.0,16.98,16.98,29.99,50000000.0,4.3,235.0,235.0,4.3,7.0,3.0,10.0,12.0,68.0
8926,,4.97,4.97,,,4.3,270.0,,,8.0,4.0,5.0,14.0,69.0
8927,270.0,41.31,41.31,,,,,,,0.0,0.0,0.0,0.0,
8928,,5.99,5.99,,100000000.0,4.6,1147.0,,,,,,,
8929,1487.0,,,,,,,,,,,,,
8930,,13.99,13.99,,,5.0,1.0,1.0,5.0,0.0,0.0,0.0,0.0,100.0
8931,659.0,85.67,85.67,,,,1.0,,,,,,,
8932,202.0,7.99,7.99,8.99,,4.4,9.0,9.0,4.4,0.0,0.0,0.0,,43.0
8933,,15.99,15.99,25.99,,4.7,133.0,,,,,,,
8934,227.0,89.05,89.05,,,,,,,0.0,0.0,0.0,0.0,
8935,,13.91,13.91,,,,,,,0.0,0.0,0.0,0.0,
8936,400.0,19.9,19.9,28.9,,3.7,4.0,4.0,3.7,,0.0,0.0,0.0,67.0
8937,495.0,19.98,19.98,,50000000.0,4.0,17.0,17.0,4.0,9.0,3.0,,0.0,62.0
8938,151.0,8.99,8.99,,,4.8,87.0,,,,,,,
8939,,31.39,31.39,,,4.6,201.0,201.0,4.6,5.0,1.0,3.0,11.0,80.0
8940,255.0,14.99,14.99,,,5.0,1.0,1.0,5.0,0.0,0.0,0.0,0.0,100.0
8941,,25.99,25.99,,,5.0,7.0,7.0,5.0,0.0,0.0,0.0,0.0,100.0
8942,,23.99,23.99,42.99,,4.6,315.0,315.0,4.6,3.0,2.0,3.0,10.0,82.0
8943,149.0,21.99,21.99,,,5.0,5.0,5.0,5.0,0.0,0.0,0.0,0.0,100.0
8944,130.0,17.8,17.8,,,4.4,311.0,,,,,,,
8945,196.0,13.99,13.99,,,5.0,3.0,,,0.0,0.0,0.0,0.0,100.0
8946,,13.09,13.09,,,4.4,10.0,10.0,4.4,0.0,,0.0,21.0,65.0
8947,,18.99,18.99,18.99,,5.0,2.0,2.0,5.0,0.0,0.0,0.0,0.0,100.0
8948,,,,,,4.6,83.0,83.0,4.6,0.0,2.0,4.0,19.0,75.0
8949,1799.0,4.49,4.49,4.99,,4.0,1.0,1.0,4.0,0.0,0.0,0.0,,
8951,54.0,17.99,17.99,18.99,,4.5,134.0,134.0,4.5,4.0,1.0,5.0,14.0,76.0
8952,1216.0,28.99,28.99,,,4.6,,,4.6,3.0,1.0,6.0,14.0,76.0
8955,,16.99,16.99,,,,1.0,,,,,,,
8957,,9.99,9.99,,,4.0,8.0,8.0,4.0,0.0,,14.0,25.0,47.0
8959,193.0,,,,,4.3,83.0,83.0,4.3,7.0,4.0,8.0,9.0,72.0
8960,,6.95,6.95,,,3.9,12.0,12.0,3.9,18.0,0.0,17.0,0.0,65.0
8961,1624.0,6.99,6.99,,,,1.0,1.0,,,0.0,0.0,0.0,
8962,382.0,13.99,13.99,,,4.4,425.0,425.0,4.4,6.0,2.0,5.0,13.0,74.0
8963,594.0,70.95,70.95,,,,,,,0.0,0.0,0.0,0.0,
8964,,7.19,7.19,7.99,,4.1,12.0,,,12.0,0.0,12.0,12.0,64.0
8965,338.0,,,,,,3.0,3.0,,,,0.0,,
8966,362.0,9.99,9.99,,,3.9,3.0,3.0,3.9,0.0,,0.0,0.0,64.0
8967,295.0,6.99,6.99,,,5.0,3.0,,,0.0,0.0,0.0,0.0,100.0
8968,457.0,80.23,80.23,,,,,,,0.0,0.0,0.0,0.0,
8969,,24.99,24.99,,,4.2,59.0,59.0,4.2,8.0,4.0,7.0,15.0,66.0
8970,,10.99,10.99,,,3.7,13.0,13.0,3.7,9.0,,13.0,12.0,48.0
8971,475.0,6.99,6.99,7.99,,5.0,2.0,,,0.0,0.0,0.0,0.0,100.0
8974,,,,,,4.5,95.0,95.0,4.5,5.0,6.0,3.0,6.0,80.0
8976,,11.89,11.89,,,,,,,0.0,0.0,0.0,0.0,
8977,,9.99,9.99,,,5.0,2.0,2.0,5.0,0.0,0.0,0.0,0.0,100.0
8978,,7.99,7.99,,,4.6,46.0,,,,,,,
8979,926.0,9.89,9.89,,,4.4,3.0,,,,,,,
8980,941.0,,,,,4.3,508.0,508.0,4.3,9.0,3.0,7.0,10.0,71.0
8982,95.0,22.99,22.99,26.99,50000000.0,4.3,48.0,48.0,4.3,2.0,,9.0,11.0,67.0
8984,276.0,5.99,5.99,9.99,,4.5,,,4.5,4.0,2.0,5.0,12.0,77.0
8985,,12.79,12.79,,,4.3,33.0,,,7.0,5.0,11.0,0.0,77.0
8986,1914.0,20.59,20.59,20.59,,4.5,33.0,33.0,4.5,0.0,7.0,6.0,13.0,74.0
8987,,128.62,128.62,,,5.0,1.0,,,,,,,
8988,176.0,6.99,6.99,9.99,,3.7,15.0,,,14.0,9.0,15.0,10.0,52.0
8989,,7.99,7.99,,,3.6,51.0,,,,,,,
8990,2445.0,9.99,9.99,,,4.6,14.0,,,,,,,
8991,,18.95,18.95,,,4.6,,,4.6,2.0,1.0,5.0,11.0,81.0
8992,,12.99,12.99,,,5.0,2.0,,,,,,,
8993,2168.0,15.99,15.99,,,3.6,7.0,,,,,,,
8994,374.0,18.99,18.99,24.99,,4.1,33.0,33.0,4.1,,0.0,0.0,0.0,77.0
8995,,25.01,25.01,,,4.0,39.0,,,13.0,7.0,4.0,22.0,54.0
8996,2064.0,21.99,21.99,,,5.0,4.0,4.0,5.0,0.0,0.0,0.0,0.0,100.0
8997,,,,,,4.0,29.0,29.0,4.0,12.0,8.0,5.0,12.0,63.0
8998,97.0,65.99,65.99,,,4.3,66.0,66.0,4.3,7.0,0.0,12.0,18.0,63.0
8999,1321.0,15.99,15.99,,,4.3,62.0,62.0,4.3,7.0,0.0,9.0,20.0,64.0
9000,,14.99,14.99,20.99,,3.6,3.0,,,,,,,
9001,,9.99,9.99,,,4.2,630.0,630.0,4.2,10.0,3.0,6.0,15.0,66.0
9002,498.0,12.79,12.79,,,4.2,58.0,58.0,4.2,9.0,4.0,5.0,15.0,67.0
9003,,34.99,34.99,,,3.7,5.0,5.0,3.7,,0.0,0.0,17.0,55.0
9004,797.0,92.54,92.54,,,,1.0,1.0,,,0.0,0.0,0.0,
9005,86.0,8.99,8.99,,200000000.0,4.1,14.0,14.0,4.1,9.0,0.0,16.0,20.0,55.0
9007,,14.48,14.48,,,,,,,,,,,
9008,2432.0,16.99,16.99,,,4.4,20.0,,,,,,,
9009,126.0,12.99,12.99,,100000000.0,4.1,62.0,62.0,4.1,9.0,5.0,9.0,14.0,63.0
9010,,12.99,12.99,,,4.1,82.0,82.0,4.1,9.0,4.0,9.0,22.0,56.0
9011,,7.99,7.99,,,4.5,468.0,468.0,4.5,4.0,1.0,6.0,12.0,77.0
9012,,18.95,18.95,,,,,,,0.0,0.0,0.0,0.0,
9013,,26.45,26.45,,,3.6,7.0,,,,,,,
9014,,19.89,19.89,,,4.1,32.0,32.0,4.1,12.0,0.0,12.0,16.0,60.0
9015,141.0,19.99,19.99,,,4.3,5.0,5.0,4.3,0.0,0.0,,24.0,54.0
9016,450.0,16.39,16.39,,,4.5,26.0,26.0,4.5,6.0,0.0,0.0,,68.0
9017,,30.99,30.99,,,4.6,27.0,27.0,4.6,8.0,0.0,0.0,7.0,85.0
9018,350.0,19.99,19.99,,,3.9,24.0,24.0,3.9,14.0,6.0,7.0,19.0,54.0
9019,181.0,8.99,8.99,,,3.8,7.0,,,0.0,,,,35.0
9020,363.0,,,,,,,,,,,,,
9021,,15.99,15.99,,,4.4,2671.0,2671.0,4.4,7.0,2.0,5.0,12.0,74.0
9022,833.0,6.99,6.99,9.99,50000000.0,4.7,32.0,,,,,,,
9023,1539.0,9.99,9.99,,,4.9,24.0,24.0,4.9,0.0,0.0,0.0,13.0,87.0
9024,1992.0,14.99,14.99,,,3.4,7.0,,,,,,,
9025,,14.79,14.79,,,4.5,17.0,17.0,4.5,0.0,9.0,0.0,20.0,71.0
9026,,17.98,17.98,39.99,,,,,,0.0,0.0,0.0,0.0,
9027,,19.99,19.99,,,,1.0,1.0,,,0.0,0.0,0.0,
9028,,20.31,20.31,,,4.0,160.0,160.0,4.0,6.0,10.0,14.0,19.0,51.0
9029,,18.99,18.99,,,5.0,2.0,2.0,5.0,0.0,0.0,0.0,0.0,100.0
9030,,32.99,32.99,,,4.4,4.0,4.0,4.4,0.0,0.0,,0.0,71.0
9032,2218.0,9.99,9.99,,,4.5,881.0,881.0,4.5,3.0,2.0,7.0,14.0,74.0
9034,,,,,,,6.0,,,,,0.0,0.0,33.0
9036,,20.24,20.24,,,,,,,0.0,0.0,0.0,0.0,
9038,541.0,15.99,15.99,,,,,,,0.0,0.0,0.0,0.0,
9040,,19.59,19.59,,,5.0,4.0,4.0,5.0,0.0,0.0,0.0,0.0,100.0
9042,,24.99,24.99,,,4.6,68.0,68.0,4.6,2.0,0.0,5.0,18.0,75.0
9043,,30.99,30.99,,,4.2,,,4.2,9.0,5.0,8.0,8.0,70.0
9044,,15.99,15.99,16.99,,4.7,5.0,5.0,4.7,0.0,0.0,0.0,,73.0
9045,,15.08,15.08,,,,2.0,2.0,,,0.0,0.0,0.0,48.0
9046,,,,,,4.3,86.0,86.0,4.3,6.0,2.0,11.0,14.0,67.0
9047,,27.99,27.99,,,4.1,18.0,18.0,4.1,7.0,,9.0,0.0,69.0
9048,,16.99,16.99,,,5.0,2.0,2.0,5.0,0.0,0.0,0.0,0.0,100.0
9049,,12.59,12.59,,,4.5,89.0,89.0,4.5,3.0,0.0,10.0,13.0,74.0
9050,,33.99,33.99,,,3.9,563.0,,,,,,,
9051,356.0,116.53,116.53,,,,,,,0.0,0.0,0.0,0.0,
9052,,26.39,26.39,,,4.6,325.0,325.0,4.6,5.0,1.0,1.0,8.0,85.0
9053,1392.0,26.99,26.99,,,4.7,302.0,,,,,,,
9055,,22.99,22.99,,,,,,,0.0,0.0,0.0,0.0,
9056,,22.79,22.79,,,5.0,2.0,2.0,5.0,0.0,0.0,0.0,0.0,100.0
9057,10.0,19.99,19.99,,,4.6,919.0,,,2.0,0.0,6.0,11.0,81.0
9058,,64.03,64.03,,,,,,,0.0,0.0,0.0,0.0,
9059,2179.0,22.99,22.99,,,4.4,14.0,14.0,4.4,10.0,0.0,0.0,22.0,68.0
9060,332.0,70.84,70.84,,,,1.0,1.0,,,0.0,0.0,0.0,
9061,228.0,10.59,10.59,,,4.3,2771.0,2771.0,4.3,8.0,2.0,6.0,13.0,71.0
9062,931.0,9.99,9.99,,,4.6,28.0,28.0,4.6,0.0,8.0,0.0,12.0,80.0
9063,497.0,15.19,15.19,,,,1.0,1.0,,,0.0,0.0,0.0,
9064,,9.83,9.83,,,4.6,123.0,123.0,4.6,2.0,2.0,6.0,15.0,75.0
9065,,,,,,4.5,142.0,142.0,4.5,3.0,3.0,7.0,11.0,76.0
9066,,14.69,14.69,,,4.7,55.0,,,,,,,
9067,,8.98,8.98,,,,,,,0.0,0.0,0.0,0.0,
9068,333.0,21.99,21.99,25.99,,4.5,34.0,34.0,4.5,0.0,5.0,7.0,16.0,72.0
9069,60.0,159.99,159.99,,,4.0,1.0,1.0,4.0,0.0,0.0,0.0,,
9070,,14.99,14.99,,,4.4,75.0,75.0,4.4,3.0,5.0,11.0,13.0,68.0
9071,,23.99,23.99,,,4.3,25.0,25.0,4.3,6.0,5.0,7.0,13.0,69.0
9072,192.0,39.99,39.99,,,3.8,4.0,4.0,3.8,0.0,0.0,,,
9073,128.0,34.99,34.99,,50000000.0,4.6,78.0,78.0,4.6,2.0,1.0,8.0,8.0,81.0
9074,,11.99,11.99,,,3.5,3.0,3.0,3.5,,0.0,0.0,0.0,62.0
9075,,15.99,15.99,,,4.8,60.0,60.0,4.8,0.0,2.0,0.0,8.0,90.0
9076,1742.0,3.78,3.78,,,,,,,,,,,
9078,381.0,,,,,4.1,5.0,,,,,,,
9079,,14.99,14.99,,,4.5,2.0,,,,,,,
9080,,,,,,3.7,5.0,5.0,3.7,0.0,,,21.0,37.0
9081,257.0,124.91,124.91,131.59,,,,,,,,,,
9082,,12.99,12.99,,,4.0,1.0,1.0,4.0,0.0,0.0,0.0,,
9083,,14.79,14.79,15.79,,4.0,62.0,,,,,,,
9084,1139.0,9.99,9.99,,,,2.0,,,,0.0,,0.0,
9085,,16.14,16.14,,,,,,,0.0,0.0,0.0,0.0,
9086,188.0,,,,,,1.0,1.0,,0.0,0.0,,0.0,
9087,,16.99,16.99,19.99,,4.6,,,,,,,,
9089,,13.7,13.7,,,,,,,0.0,0.0,0.0,0.0,
9090,,,,,,,2.0,,,,,,,
9091,55.0,7.91,7.91,12.99,,4.6,48.0,48.0,4.6,4.0,0.0,3.0,12.0,81.0
9093,,3.98,3.98,19.98,,5.0,3.0,3.0,5.0,0.0,0.0,0.0,0.0,100.0
9094,,18.99,18.99,,,3.5,3.0,3.0,3.5,,0.0,0.0,0.0,64.0
9095,,14.99,14.99,,,4.3,955.0,,,,,,,
9096,315.0,7.91,7.91,,,,,,,,,,,
9097,,22.99,22.99,,,5.0,2.0,2.0,5.0,0.0,0.0,0.0,0.0,100.0
9098,,9.99,9.99,,,4.5,87.0,87.0,4.5,4.0,6.0,4.0,10.0,76.0
9101,,7.99,7.99,,,4.1,53.0,,,,,,,
9104,,22.69,22.69,,,4.3,16.0,16.0,4.3,8.0,8.0,0.0,9.0,75.0
9105,,7.99,7.99,9.49,,4.5,2.0,2.0,4.5,0.0,0.0,0.0,,52.0
9106,,18.0,18.0,,,4.3,770.0,,,,,,,
9107,1926.0,7.99,7.99,,,4.3,47.0,47.0,4.3,4.0,3.0,14.0,12.0,67.0
9108,601.0,,,,,,13.0,13.0,,,,,11.0,
9109,110.0,9.99,9.99,,,,14.0,,,20.0,9.0,,22.0,
9111,636.0,29.99,29.99,,,,,,,0.0,0.0,0.0,0.0,
9112,,31.99,31.99,,,4.7,10.0,10.0,4.7,0.0,0.0,0.0,,69.0
9113,236.0,7.99,7.99,,,4.4,8.0,,,,,,,
9115,,25.59,25.59,,,4.6,1489.0,1489.0,4.6,4.0,2.0,2.0,10.0,82.0
9118,,13.64,13.64,,,,2.0,2.0,,,0.0,0.0,,
9119,,,,,,4.2,93.0,93.0,4.2,4.0,6.0,12.0,21.0,57.0
9120,,6.39,6.39,19.99,,4.1,51.0,51.0,4.1,13.0,3.0,7.0,11.0,66.0
9121,,30.99,30.99,,,4.3,34.0,34.0,4.3,9.0,0.0,9.0,11.0,71.0
9122,,18.99,18.99,,,,1.0,1.0,,0.0,0.0,,0.0,
9123,,19.99,19.99,,,,2.0,2.0,,0.0,,0.0,,
9125,504.0,12.29,12.29,,,4.6,42.0,42.0,4.6,3.0,0.0,6.0,16.0,75.0
9126,605.0,5.99,5.99,9.99,,4.0,1.0,,,0.0,0.0,0.0,,
9127,,9.99,9.99,,,4.5,253.0,253.0,4.5,3.0,3.0,6.0,13.0,75.0
9128,424.0,6.83,6.83,,,,,,,0.0,0.0,0.0,0.0,
9129,1260.0,,,,,,,,,0.0,0.0,0.0,0.0,
9130,2194.0,17.98,17.98,34.99,,4.5,506.0,506.0,4.5,2.0,3.0,7.0,17.0,71.0
9131,2155.0,26.02,26.02,27.39,,4.3,141.0,141.0,4.3,3.0,5.0,11.0,15.0,66.0
9132,,11.3,11.3,19.9,,4.5,345.0,345.0,4.5,3.0,3.0,6.0,16.0,72.0
9133,2116.0,9.99,9.99,,,4.4,42.0,,,,,,,
9134,,,,,,4.1,25.0,25.0,4.1,9.0,5.0,12.0,17.0,57.0
9135,,17.79,17.79,,,4.9,18.0,,,,,,,
9137,593.0,9.99,9.99,,,,,,,0.0,0.0,0.0,0.0,
9138,,15.19,15.19,18.99,,4.6,3.0,3.0,4.6,0.0,0.0,0.0,,64.0
9139,738.0,5.34,5.34,5.99,,,3.0,,,,,,,
9140,2477.0,19.99,19.99,,,3.6,6.0,6.0,3.6,19.0,0.0,,16.0,44.0
9141,,13.49,13.49,,,4.4,1267.0,,,,,,,
9145,,,,,,4.5,410.0,410.0,4.5,5.0,2.0,7.0,8.0,78.0
9146,,8.88,8.88,,,4.5,3.0,3.0,4.5,0.0,0.0,0.0,,53.0
9147,,18.85,18.85,,,,,,,0.0,0.0,0.0,0.0,
9148,,15.19,15.19,18.89,,4.4,244.0,244.0,4.4,3.0,3.0,8.0,20.0,66.0
9150,703.0,119.37,119.37,,,,1.0,,,,,,,
9153,1340.0,5.99,5.99,,,5.0,1.0,,,0.0,0.0,0.0,0.0,100.0
9154,,24.22,24.22,,,4.5,19.0,19.0,4.5,0.0,0.0,8.0,,61.0
9156,,15.19,15.19,,,4.5,31.0,,,,,,,
9157,,16.59,16.59,,,3.6,8.0,8.0,3.6,,0.0,0.0,,41.0
9158,2050.0,6.95,6.95,,,4.8,482.0,482.0,4.8,0.0,1.0,3.0,11.0,85.0
9159,599.0,,,,,,,,,0.0,0.0,0.0,0.0,
9161,581.0,17.99,17.99,,,5.0,2.0,2.0,5.0,0.0,0.0,0.0,0.0,100.0
9162,,15.99,15.99,,,4.3,1089.0,,,9.0,2.0,4.0,13.0,72.0
9163,185.0,7.19,7.19,,,3.8,74.0,74.0,3.8,17.0,5.0,10.0,13.0,55.0
9165,997.0,9.98,9.98,,,3.9,4.0,4.0,3.9,,0.0,0.0,0.0,73.0
9167,,,,,,4.0,2.0,,,,,,,
9168,,36.99,36.99,,,4.8,7.0,7.0,4.8,0.0,0.0,0.0,18.0,82.0
9170,,18.59,18.59,,,4.4,277.0,277.0,4.4,4.0,3.0,7.0,20.0,66.0
9171,,9.99,9.99,,,4.4,18.0,18.0,4.4,0.0,7.0,10.0,18.0,65.0
9172,,12.99,12.99,,,5.0,1.0,1.0,5.0,0.0,0.0,0.0,0.0,100.0
9173,249.0,,,,,4.8,54.0,54.0,4.8,2.0,0.0,0.0,6.0,92.0
9176,,15.99,15.99,,,4.6,352.0,352.0,4.6,3.0,2.0,3.0,9.0,83.0
9177,,19.99,19.99,,,4.4,220.0,220.0,4.4,6.0,3.0,4.0,12.0,75.0
9178,,27.99,27.99,,,5.0,1.0,1.0,5.0,0.0,0.0,0.0,0.0,100.0
9179,506.0,16.59,16.59,,,4.6,71.0,71.0,4.6,3.0,2.0,4.0,14.0,77.0
9180,1886.0,33.99,33.99,37.99,,4.4,503.0,,,,,,,
9181,,16.99,16.99,,,3.8,113.0,113.0,3.8,20.0,6.0,5.0,14.0,55.0
9182,,12.99,12.99,,,,,,,,,,,
9183,,9.99,9.99,12.99,,4.6,2009.0,,,3.0,1.0,5.0,11.0,80.0
9184,,,,,,4.5,20.0,20.0,4.5,0.0,,0.0,18.0,71.0
9185,,9.99,9.99,29.99,,4.7,630.0,630.0,4.7,1.0,0.0,5.0,13.0,81.0
9186,277.0,62.73,62.73,,,,1.0,1.0,,0.0,,0.0,0.0,
9188,2119.0,,,,,4.1,20.0,20.0,4.1,13.0,0.0,8.0,16.0,63.0
9189,446.0,18.79,18.79,,,4.6,39.0,39.0,4.6,6.0,0.0,5.0,7.0,82.0
9191,2057.0,15.32,15.32,,,,,,,0.0,0.0,0.0,0.0,
9192,,12.89,12.89,,,4.5,190.0,,,,,,,
9193,444.0,8.99,8.99,,,4.0,1.0,,,0.0,0.0,0.0,,
9194,453.0,,,,,4.2,1172.0,1172.0,4.2,10.0,3.0,7.0,14.0,66.0
9196,134.0,18.89,18.89,,,4.6,3.0,,,,,,,
9197,,23.09,23.09,,,,12.0,12.0,,18.0,,17.0,16.0,30.0
9198,210.0,,,,,4.2,223.0,223.0,4.2,11.0,2.0,4.0,14.0,69.0
9199,749.0,77.75,77.75,,,,,,,0.0,0.0,0.0,0.0,
9200,,15.79,15.79,,,,1.0,1.0,,0.0,,0.0,0.0,
9201,,,,,,,6.0,6.0,,,,0.0,13.0,38.0
9203,,3.99,3.99,,,4.0,21.0,21.0,4.0,20.0,0.0,7.0,6.0,67.0
9204,,22.99,22.99,,,4.8,659.0,659.0,4.8,1.0,1.0,3.0,10.0,85.0
9205,,18.99,18.99,,,4.5,2.0,2.0,4.5,0.0,0.0,0.0,,51.0
9206,2211.0,4.98,4.98,,2000000.0,4.8,1344.0,1344.0,4.8,1.0,0.0,3.0,11.0,85.0
9209,,16.22,16.22,,,4.3,27.0,27.0,4.3,6.0,0.0,11.0,20.0,63.0
9210,,12.99,12.99,,,5.0,2.0,2.0,5.0,0.0,0.0,0.0,0.0,100.0
9211,84.0,2.99,2.99,,,3.5,26.0,,,19.0,8.0,13.0,21.0,39.0
9212,525.0,16.95,16.95,,,,3.0,3.0,,,0.0,0.0,,34.0
9215,2185.0,16.99,16.99,17.99,,4.5,21.0,,,,,,,
9219,,4.89,4.89,5.59,,4.0,1.0,1.0,4.0,0.0,0.0,0.0,,
9220,2030.0,19.84,19.84,,,4.3,622.0,622.0,4.3,7.0,4.0,7.0,15.0,67.0
9221,,8.91,8.91,,,4.6,17.0,17.0,4.6,0.0,0.0,15.0,12.0,73.0
9223,,22.98,22.98,,,3.7,7.0,7.0,3.7,15.0,,0.0,0.0,63.0
9227,,,,,,4.6,32.0,32.0,4.6,4.0,0.0,6.0,12.0,78.0
9228,,29.45,29.45,,,,,,,0.0,0.0,0.0,0.0,
9229,,14.99,14.99,,,4.6,3.0,,,,,,,
9230,452.0,74.86,74.86,,,,11.0,11.0,,,0.0,0.0,22.0,36.0
9233,235.0,7.99,7.99,,,4.4,456.0,456.0,4.4,3.0,5.0,5.0,18.0,69.0
9236,,,,,,4.3,10.0,,,,,,,
9237,2171.0,,,,,4.4,33.0,33.0,4.4,0.0,8.0,10.0,15.0,67.0
9238,66.0,9.99,9.99,,,3.5,17.0,,,,,,,
9240,,21.99,21.99,,,5.0,4.0,4.0,5.0,0.0,0.0,0.0,0.0,100.0
9241,1383.0,29.99,29.99,37.95,,4.3,237.0,,,6.0,5.0,8.0,9.0,72.0
9242,1895.0,10.09,10.09,,,,,,,0.0,0.0,0.0,0.0,
9243,,13.99,13.99,,,,1.0,,,0.0,0.0,,0.0,
9244,,,,,,4.4,2840.0,2840.0,4.4,4.0,3.0,6.0,15.0,72.0
9245,1423.0,7.99,7.99,,,4.8,57.0,57.0,4.8,0.0,0.0,0.0,22.0,78.0
9246,,12.99,12.99,,,4.0,4.0,,,,,,,
9247,2463.0,12.58,12.58,,,,,,,,,,,
9248,1005.0,84.99,84.99,89.99,,3.9,118.0,118.0,3.9,14.0,7.0,4.0,19.0,56.0
9249,1057.0,89.13,89.13,,,,,,,0.0,0.0,0.0,0.0,
9250,436.0,34.95,34.95,,100000000.0,4.2,46.0,,,,,,,
9251,,32.99,32.99,,,,,,,,,,,
9252,608.0,17.99,17.99,,,5.0,3.0,3.0,5.0,0.0,0.0,0.0,0.0,100.0
9254,59.0,6.99,6.99,9.99,100000000.0,3.8,949.0,949.0,3.8,19.0,6.0,6.0,11.0,58.0
9258,,12.99,12.99,18.95,,5.0,1.0,1.0,5.0,0.0,0.0,0.0,0.0,100.0
9260,,,,,,4.5,2.0,2.0,4.5,0.0,0.0,0.0,,50.0
9261,,18.49,18.49,,,3.7,8.0,8.0,3.7,16.0,0.0,14.0,,31.0
9263,424.0,39.99,39.99,,,4.4,32.0,32.0,4.4,5.0,0.0,13.0,12.0,70.0
9265,2320.0,18.33,18.33,,,4.5,707.0,,,,,,,
9266,,9.9,9.9,,,,1.0,1.0,,0.0,0.0,,0.0,
9267,315.0,9.99,9.99,,,,,,,0.0,0.0,0.0,0.0,
9268,1185.0,6.99,6.99,,,4.0,2.0,,,0.0,0.0,0.0,,
9269,,29.99,29.99,,,5.0,2.0,,,0.0,0.0,0.0,0.0,100.0
9271,1686.0,36.36,36.36,45.99,,4.1,99.0,,,8.0,9.0,7.0,15.0,61.0
9274,242.0,39.99,39.99,,,,,,,0.0,0.0,0.0,0.0,
9275,16.0,9.99,9.99,15.99,50000000.0,4.7,23.0,23.0,4.7,0.0,0.0,0.0,,70.0
9276,136.0,7.99,7.99,,,3.5,279.0,279.0,3.5,19.0,,10.0,8.0,49.0
9277,,,,,,4.1,5.0,,,,,,,
9278,,12.99,12.99,,,5.0,3.0,3.0,5.0,0.0,0.0,0.0,0.0,100.0
9281,,23.99,23.99,,,4.0,388.0,388.0,4.0,10.0,6.0,8.0,18.0,58.0
9282,702.0,149.9,149.9,,,,2.0,,,,,,,
9284,,21.99,21.99,39.99,,4.7,758.0,758.0,4.7,2.0,1.0,3.0,12.0,82.0
9285,,16.95,16.95,,,,,,,0.0,0.0,0.0,0.0,
9287,180.0,109.99,109.99,,,,,,,0.0,0.0,0.0,0.0,
9288,395.0,18.99,18.99,,,4.7,7.0,,,,,,,
9289,2091.0,,,,,4.6,244.0,244.0,4.6,3.0,1.0,3.0,12.0,81.0
9290,180.0,8.99,8.99,9.99,,4.2,10.0,,,0.0,,14.0,16.0,57.0
9291,,18.99,18.99,18.99,,,,,,0.0,0.0,0.0,0.0,
9292,,27.29,27.29,,,,3.0,3.0,,,0.0,,0.0,36.0
9293,,34.45,34.45,,,4.4,6.0,6.0,4.4,0.0,0.0,,0.0,68.0
9294,,15.99,15.99,,,,1.0,1.0,,0.0,0.0,,0.0,
9295,,18.99,18.99,18.99,,4.5,2.0,2.0,4.5,0.0,0.0,0.0,,51.0
9296,,29.89,29.89,,,4.2,37.0,37.0,4.2,11.0,7.0,0.0,14.0,68.0
9297,,6.7,6.7,,,,,,,0.0,0.0,0.0,0.0,
9299,,21.99,21.99,,,4.0,157.0,,,7.0,7.0,17.0,17.0,52.0
9300,2358.0,,,,,3.8,72.0,72.0,3.8,17.0,7.0,7.0,12.0,57.0
9301,,15.39,15.39,,,4.4,19.0,19.0,4.4,8.0,0.0,8.0,8.0,76.0
9302,1560.0,14.57,14.57,,,,,,,0.0,0.0,0.0,0.0,
9304,943.0,,,,50000000.0,,,,,,,,,
9308,285.0,,,,,4.0,20.0,,,,,,,
9309,65.0,13.99,13.99,,,4.7,7.0,7.0,4.7,0.0,0.0,0.0,,70.0
9310,,20.99,20.99,,,4.2,6.0,,,,,,,
9311,1100.0,,,,,5.0,2.0,,,0.0,0.0,0.0,0.0,100.0
9312,,21.99,21.99,25.99,,4.6,6.0,6.0,4.6,0.0,0.0,0.0,,66.0
9313,393.0,17.97,17.97,,,4.9,102.0,102.0,4.9,2.0,0.0,0.0,4.0,94.0
9315,2008.0,29.99,29.99,,,4.8,68.0,68.0,4.8,0.0,0.0,2.0,17.0,81.0
9316,,28.69,28.69,,,3.8,6.0,6.0,3.8,18.0,0.0,,0.0,59.0
9317,2203.0,5.99,5.99,9.89,,5.0,2.0,2.0,5.0,0.0,0.0,0.0,0.0,100.0
9318,,18.99,18.99,,,5.0,1.0,,,,,,,
9319,2294.0,14.99,14.99,,,4.3,222.0,222.0,4.3,3.0,6.0,12.0,16.0,63.0
9320,,12.99,12.99,,,4.5,2.0,2.0,4.5,0.0,0.0,0.0,,50.0
9321,,23.98,23.98,,,4.3,10.0,10.0,4.3,0.0,0.0,0.0,,34.0
9323,,15.99,15.99,,,4.3,18.0,18.0,4.3,0.0,,7.0,17.0,64.0
9324,525.0,6.29,6.29,6.99,,5.0,1.0,,,,,,,
9325,,1.99,1.99,,,,2.0,,,,,,,
9326,,26.99,26.99,,,5.0,6.0,6.0,5.0,0.0,0.0,0.0,0.0,100.0
9327,,14.04,14.04,,,,,,,0.0,0.0,0.0,0.0,
9329,,,,,,4.3,82.0,,,,,,,
9331,,22.99,22.99,,,4.7,383.0,383.0,4.7,2.0,1.0,3.0,8.0,86.0
9332,,12.99,12.99,,,5.0,1.0,,,,,,,
9333,577.0,87.12,87.12,,,,7.0,,,,,,,
9334,,,,,,3.5,2.0,2.0,3.5,0.0,,0.0,0.0,50.0
9335,,8.99,8.99,,,,2.0,,,,,,,
9337,776.0,9.99,9.99,13.99,,4.3,26.0,26.0,4.3,0.0,6.0,9.0,,54.0
9338,,8.99,8.99,22.99,,4.8,324.0,324.0,4.8,1.0,0.0,2.0,9.0,88.0
9342,,18.59,18.59,28.99,,4.2,71.0,,,,,,,
9344,,12.89,12.89,,,5.0,2.0,2.0,5.0,0.0,0.0,0.0,0.0,100.0
9345,,,,,,3.4,10.0,10.0,3.4,,0.0,11.0,24.0,38.0
9346,908.0,24.45,24.45,,,,,,,0.0,0.0,0.0,0.0,
9347,,14.43,14.43,,,,3.0,3.0,,,0.0,0.0,,
9348,,5.88,5.88,,,,,,,,,,,
9349,,6.95,6.95,,,4.2,43.0,,,,,,,
9351,,28.09,28.09,,,4.5,257.0,257.0,4.5,4.0,3.0,7.0,10.0,76.0
9352,,15.99,15.99,,,3.8,17.0,17.0,3.8,,0.0,10.0,12.0,56.0
9353,324.0,32.99,32.99,,,4.4,41.0,41.0,4.4,9.0,0.0,8.0,12.0,71.0
9355,,,,,,4.8,11.0,11.0,4.8,6.0,0.0,0.0,0.0,94.0
9356,251.0,,,,,3.8,116.0,116.0,3.8,19.0,6.0,5.0,18.0,52.0
9357,,11.39,11.39,,,3.5,3.0,,,,,,,
9359,,16.99,16.99,29.99,,4.7,1819.0,1819.0,4.7,2.0,1.0,4.0,10.0,83.0
9360,745.0,89.2,89.2,,,,,,,0.0,0.0,0.0,0.0,
9361,56.0,8.66,8.66,,,,,,,,,,,
9363,,24.99,24.99,,,4.0,2.0,2.0,4.0,0.0,0.0,,0.0,49.0
9364,1211.0,35.99,35.99,39.99,,4.6,225.0,225.0,4.6,2.0,0.0,8.0,16.0,74.0
9365,365.0,,,,,3.5,32.0,,,,,,,
9368,,24.69,24.69,30.99,,4.6,24.0,,,,,,,
9369,,18.95,18.95,29.99,,4.4,119.0,119.0,4.4,7.0,3.0,5.0,10.0,75.0
9370,,33.99,33.99,,,,,,,0.0,0.0,0.0,0.0,
9371,,29.99,29.99,,,4.3,6.0,6.0,4.3,0.0,,0.0,0.0,79.0
9374,,18.99,18.99,,,,1.0,1.0,,,0.0,0.0,0.0,
9376,915.0,11.96,11.96,,,4.4,14.0,14.0,4.4,10.0,0.0,11.0,0.0,79.0
9377,372.0,,,,,4.2,93.0,93.0,4.2,13.0,5.0,2.0,13.0,67.0
9378,,13.89,13.89,,,4.1,199.0,199.0,4.1,12.0,5.0,4.0,13.0,66.0
9379,670.0,76.32,76.32,,,,,,,0.0,0.0,0.0,0.0,
9381,237.0,8.99,8.99,,,3.6,23.0,,,,,,,
9382,2318.0,29.99,29.99,,,4.2,11.0,11.0,4.2,0.0,9.0,12.0,,52.0
9384,205.0,57.23,57.23,,,3.6,6.0,6.0,3.6,14.0,0.0,,,
9385,,22.76,22.76,,,5.0,1.0,,,,,,,
9386,303.0,18.99,18.99,,,4.6,9.0,9.0,4.6,0.0,0.0,14.0,15.0,71.0
9387,,19.99,19.99,19.99,,4.3,6.0,6.0,4.3,0.0,,0.0,0.0,76.0
9388,,19.99,19.99,,,4.4,184.0,184.0,4.4,2.0,5.0,8.0,14.0,71.0
9389,806.0,27.45,27.45,,,5.0,1.0,1.0,5.0,0.0,0.0,0.0,0.0,100.0
9390,,14.57,14.57,,,,,,,,,,,
9392,,12.79,12.79,,,4.8,7.0,,,,,,,
9394,,14.99,14.99,,,4.4,35.0,,,,,,,
9395,226.0,9.99,9.99,,,,,,,0.0,0.0,0.0,0.0,
9396,1954.0,9.99,9.99,,,,11.0,11.0,,12.0,9.0,,,
9397,417.0,15.99,15.99,,,4.1,81.0,,,,,,,
9398,,24.69,24.69,28.99,,4.3,23.0,23.0,4.3,7.0,10.0,6.0,0.0,77.0
9399,1248.0,,,,,,,,,0.0,0.0,0.0,0.0,
9400,,22.99,22.99,,,5.0,1.0,1.0,5.0,0.0,0.0,0.0,0.0,100.0
9401,1126.0,13.99,13.99,,,5.0,2.0,,,0.0,0.0,0.0,0.0,100.0
9404,2303.0,7.99,7.99,,,4.5,2.0,,,0.0,0.0,0.0,,51.0
9405,567.0,,,,200000000.0,,,,,,,,,
9407,1218.0,,,,,,,,,,,,,
9408,464.0,19.99,19.99,,,3.6,61.0,61.0,3.6,,3.0,10.0,10.0,52.0
9409,1545.0,,,,,5.0,4.0,4.0,5.0,0.0,0.0,0.0,0.0,100.0
9411,2200.0,2.88,2.88,,,,,,,,,,,
9412,,14.99,14.99,,,5.0,4.0,4.0,5.0,0.0,0.0,0.0,0.0,100.0
9413,892.0,32.99,32.99,,,5.0,5.0,5.0,5.0,0.0,0.0,0.0,0.0,100.0
9414,,16.99,16.99,20.99,,4.6,486.0,486.0,4.6,4.0,1.0,4.0,11.0,80.0
9416,,129.99,129.99,,,,,,,0.0,0.0,0.0,0.0,
9417,,,,,,4.5,7.0,7.0,4.5,0.0,0.0,14.0,25.0,61.0
9418,,38.99,38.99,,,4.2,26.0,,,,,,,
9419,557.0,,,,,4.2,526.0,526.0,4.2,9.0,4.0,7.0,14.0,66.0
9420,,6.99,6.99,,,4.0,44.0,44.0,4.0,14.0,6.0,4.0,15.0,61.0
9423,,116.62,116.62,,,,,,,0.0,0.0,0.0,0.0,
9424,,12.99,12.99,,,4.5,21.0,,,,,,,
9425,,24.79,24.79,,,4.3,1482.0,1482.0,4.3,7.0,5.0,6.0,15.0,67.0
9426,,29.99,29.99,,,4.0,1.0,,,,,,,
9427,341.0,21.99,21.99,,,,2.0,2.0,,,0.0,0.0,0.0,50.0
9428,,8.99,8.99,,,4.6,87.0,,,,,,,
9429,,21.19,21.19,,,4.3,9.0,9.0,4.3,15.0,0.0,0.0,12.0,73.0
9430,,,,,,4.3,849.0,849.0,4.3,8.0,5.0,5.0,9.0,73.0
9431,985.0,9.98,9.98,,,,10.0,10.0,,,0.0,0.0,0.0,59.0
9432,,12.99,12.99,13.99,,5.0,3.0,3.0,5.0,0.0,0.0,0.0,0.0,100.0
9433,682.0,6.59,6.59,9.59,,,,,,0.0,0.0,0.0,0.0,
9437,717.0,11.99,11.99,,,4.9,7.0,,,0.0,0.0,0.0,14.0,86.0
9439,,37.39,37.39,,,4.8,10.0,10.0,4.8,0.0,0.0,0.0,24.0,76.0
9440,,32.0,32.0,,,5.0,1.0,,,,,,,
9442,,12.95,12.95,,,5.0,1.0,,,,,,,
9443,,,,,,,5.0,5.0,,0.0,,0.0,,
9444,,,,,,4.4,31.0,,,,,,,
9445,271.0,145.0,145.0,,,4.3,743.0,743.0,4.3,7.0,4.0,7.0,18.0,64.0
9446,,18.99,18.99,,,4.1,291.0,291.0,4.1,9.0,6.0,9.0,19.0,57.0
9449,18.0,7.99,7.99,19.99,2000000.0,4.7,2741.0,2741.0,4.7,2.0,1.0,3.0,11.0,83.0
9450,442.0,,,,,4.7,101.0,,,,,,,
9451,274.0,,,,1000000.0,,,,,,,,,
9452,405.0,32.99,32.99,,,5.0,6.0,6.0,5.0,0.0,0.0,0.0,0.0,100.0
9453,8.0,,,,4000000.0,,,,,,,,,
9454,,15.99,15.99,,,4.8,19.0,,,,,,,
9456,6.0,,,,4000000.0,,,,,,,,,
9457,50.0,49.99,49.99,49.99,50000000.0,4.6,2898.0,,,5.0,1.0,4.0,10.0,80.0
9458,12.0,16.99,16.99,,3000000.0,4.6,418.0,,,3.0,1.0,7.0,13.0,76.0
9459,45.0,9.99,9.99,28.99,,4.7,1325.0,,,,,,,
9460,,,,,,4.4,56.0,56.0,4.4,6.0,0.0,9.0,12.0,73.0
9461,2.0,5.59,5.59,6.99,2000000.0,4.4,610.0,610.0,4.4,7.0,3.0,6.0,10.0,74.0
9462,29.0,,,,,,,,,,,,,
9463,30.0,9.95,9.95,39.99,,4.6,1778.0,,,2.0,2.0,4.0,10.0,82.0
9464,,31.99,31.99,31.99,,4.7,,,,,,,,
9465,7.0,12.95,12.95,36.99,3000000.0,4.7,2539.0,2539.0,4.7,1.0,1.0,4.0,13.0,81.0
9468,10.0,28.49,28.49,45.99,1000000.0,4.3,519.0,,,,,,,
9469,3.0,79.99,79.99,,,4.4,323.0,,,6.0,5.0,3.0,10.0,76.0
9470,6.0,42.99,42.99,,2000000.0,4.6,,,,3.0,2.0,4.0,11.0,80.0
9473,14.0,12.95,12.95,,1000000.0,4.6,,,,3.0,1.0,5.0,12.0,79.0
9474,17.0,,,,,4.6,,,,,,,,
9475,19.0,6.99,6.99,9.99,1000000.0,4.5,1998.0,1998.0,4.5,3.0,2.0,5.0,14.0,76.0
9477,1736.0,,,,,,,,,,,,,
9478,53.0,39.99,39.99,,100000000.0,4.6,,,,4.0,2.0,5.0,10.0,79.0
9479,1585.0,21.99,21.99,28.99,,4.7,,,4.7,1.0,1.0,3.0,12.0,83.0
9480,2.0,,,,6000000.0,,,,,,,,,
9482,20.0,,,,,4.7,,,,2.0,1.0,3.0,11.0,83.0
9483,37.0,9.98,9.98,29.99,,4.7,,,,2.0,1.0,3.0,10.0,84.0
9484,,15.55,15.55,,,3.8,11.0,,,,,,,
9485,9.0,8.99,8.99,13.99,2000000.0,4.8,2167.0,2167.0,4.8,2.0,0.0,2.0,8.0,88.0
9486,60.0,,,,,4.6,,,,7.0,1.0,2.0,4.0,86.0
9487,4.0,5.59,5.59,10.99,1000000.0,4.4,1093.0,,,8.0,3.0,4.0,9.0,76.0
9489,141.0,9.99,9.99,11.99,,4.5,2113.0,2113.0,4.5,5.0,2.0,5.0,11.0,77.0
9490,23.0,5.98,5.98,15.99,1000000.0,4.8,544.0,544.0,4.8,1.0,0.0,2.0,8.0,89.0
9491,33.0,9.49,9.49,28.99,1000000.0,4.6,2340.0,2340.0,4.6,2.0,2.0,6.0,12.0,78.0
9493,61.0,14.99,14.99,26.99,400000000.0,4.7,972.0,,,,,,,
9494,19.0,4.99,4.99,6.99,300000000.0,3.7,153.0,153.0,3.7,12.0,9.0,,13.0,48.0
9496,5.0,5.99,5.99,6.99,1000000.0,4.4,72.0,72.0,4.4,6.0,2.0,9.0,7.0,76.0
9497,10.0,79.99,79.99,79.99,,4.4,733.0,,,5.0,3.0,6.0,14.0,72.0
9498,44.0,13.27,13.27,18.95,,4.8,659.0,659.0,4.8,1.0,1.0,3.0,10.0,85.0
9499,64.0,14.24,14.24,39.99,400000000.0,4.6,557.0,,,,,,,
9501,18.0,7.99,7.99,9.99,,4.3,51.0,,,4.0,3.0,8.0,24.0,61.0
9502,26.0,8.16,8.16,29.99,1000000.0,4.8,1379.0,,,1.0,0.0,2.0,8.0,89.0
9503,20.0,,,,1000000.0,,,,,,,,,
9504,52.0,,,,400000000.0,,,,,,,,,
9506,80.0,6.29,6.29,6.99,400000000.0,4.4,362.0,362.0,4.4,4.0,3.0,7.0,15.0,71.0
9507,195.0,,,,200000000.0,,,,,,,,,
9508,9.0,6.99,6.99,,200000000.0,4.4,2151.0,,,6.0,3.0,5.0,10.0,76.0
9509,,14.99,14.99,,,5.0,1.0,1.0,5.0,0.0,0.0,0.0,0.0,100.0
9510,162.0,19.99,19.99,,100000000.0,4.7,,,,1.0,1.0,3.0,11.0,84.0
9511,96.0,25.99,25.99,38.99,200000000.0,4.4,1133.0,,,,,,,
9512,56.0,,,,400000000.0,,,,,,,,,
9513,108.0,9.99,9.99,,50000000.0,4.0,30.0,30.0,4.0,8.0,9.0,10.0,17.0,56.0
9514,97.0,22.99,22.99,,100000000.0,4.6,2514.0,2514.0,4.6,3.0,2.0,4.0,11.0,80.0
9515,53.0,8.99,8.99,20.99,300000000.0,4.6,2009.0,,,,,,,
9517,7.0,6.29,6.29,8.99,400000000.0,4.2,2090.0,2090.0,4.2,9.0,4.0,7.0,12.0,68.0
9518,,18.99,18.99,18.99,,4.6,2534.0,2534.0,4.6,4.0,1.0,3.0,14.0,78.0
9519,3.0,9.99,9.99,,,4.5,,,,,,,,
9520,57.0,15.99,15.99,,,4.6,2957.0,,,,,,,
9521,49.0,9.98,9.98,13.99,,4.6,625.0,625.0,4.6,2.0,3.0,6.0,11.0,78.0
9522,67.0,,,,,4.6,537.0,,,,,,,
9523,234.0,9.99,9.99,12.99,100000000.0,4.5,847.0,847.0,4.5,3.0,2.0,8.0,13.0,74.0
9524,1.0,,,,,4.8,1609.0,,,1.0,0.0,3.0,13.0,83.0
9525,6.0,9.99,9.99,12.99,,4.1,880.0,880.0,4.1,12.0,4.0,8.0,15.0,61.0
9526,144.0,,,,100000000.0,,,,,,,,,
9528,729.0,16.95,16.95,18.22,50000000.0,3.7,107.0,107.0,3.7,17.0,,4.0,16.0,52.0
9529,32.0,,,,,,,,,,,,,
9530,46.0,8.96,8.96,21.99,,4.6,234.0,234.0,4.6,4.0,2.0,4.0,10.0,80.0
9531,154.0,,,,,4.7,2505.0,,,,,,,
9532,306.0,,,,50000000.0,,,,,,,,,
9533,51.0,,,,300000000.0,,,,,,,,,
9534,103.0,9.49,9.49,26.99,200000000.0,4.7,1788.0,1788.0,4.7,2.0,2.0,3.0,12.0,81.0
9536,181.0,12.99,12.99,39.99,100000000.0,4.7,137.0,,,,,,,
9537,99.0,,,,200000000.0,,,,,,,,,
9538,658.0,32.99,32.99,,50000000.0,4.8,41.0,41.0,4.8,0.0,0.0,4.0,12.0,84.0
9539,93.0,12.95,12.95,28.99,100000000.0,4.7,,,,,,,,
9540,16.0,5.65,5.65,,2000000.0,4.8,1527.0,1527.0,4.8,1.0,1.0,3.0,8.0,87.0
9541,70.0,16.95,16.95,20.95,300000000.0,4.4,939.0,939.0,4.4,6.0,4.0,6.0,12.0,72.0
9542,73.0,44.88,44.88,,,4.6,,,,2.0,2.0,5.0,12.0,79.0
9543,108.0,14.24,14.24,15.99,,4.3,217.0,,,,,,,
9544,,19.99,19.99,29.99,50000000.0,4.6,,,4.6,2.0,2.0,6.0,14.0,76.0
9545,106.0,,,,100000000.0,,,,,,,,,
9546,,,,,,4.8,,,,1.0,0.0,3.0,9.0,87.0
9547,152.0,,,,200000000.0,,,,,,,,,
9548,40.0,37.99,37.99,47.99,,4.5,271.0,271.0,4.5,3.0,3.0,7.0,12.0,75.0
9549,139.0,9.49,9.49,25.99,100000000.0,4.6,,,,,,,,
9550,302.0,,,,200000000.0,,,,,,,,,
9551,65.0,,,,7000000.0,,,,,,,,,
9552,764.0,,,,,,,,,,,,,
9553,34.0,5.99,5.99,7.99,1000000.0,4.8,986.0,986.0,4.8,0.0,0.0,3.0,9.0,88.0
9554,14.0,8.99,8.99,9.99,100000000.0,4.2,138.0,,,,,,,
9555,649.0,5.98,5.98,,,4.6,2947.0,2947.0,4.6,1.0,1.0,8.0,14.0,76.0
9556,15.0,6.95,6.95,16.99,100000000.0,4.3,59.0,59.0,4.3,9.0,3.0,5.0,12.0,71.0
9557,36.0,,,,,3.9,433.0,,,,,,,
9558,371.0,9.99,9.99,18.95,,4.6,776.0,776.0,4.6,3.0,2.0,3.0,11.0,81.0
9559,275.0,,,,,,,,,,,,,
9560,402.0,13.99,13.99,,50000000.0,4.6,24.0,24.0,4.6,0.0,6.0,0.0,15.0,79.0
9561,162.0,,,,100000000.0,,,,,,,,,
9562,199.0,8.95,8.95,,100000000.0,4.7,,,,,,,,
9563,17.0,59.99,59.99,,50000000.0,4.3,,,,6.0,5.0,7.0,14.0,68.0
9564,415.0,14.99,14.99,15.99,,4.6,1141.0,,,5.0,1.0,3.0,10.0,81.0
9565,2.0,16.14,16.14,22.99,100000000.0,4.8,1593.0,,,0.0,1.0,2.0,8.0,89.0
9566,535.0,,,,50000000.0,,,,,,,,,
9568,266.0,12.99,12.99,29.99,50000000.0,4.4,1030.0,1030.0,4.4,4.0,3.0,8.0,13.0,72.0
9569,436.0,9.99,9.99,,50000000.0,4.0,293.0,293.0,4.0,16.0,2.0,6.0,14.0,62.0
9570,592.0,17.99,17.99,20.99,50000000.0,4.3,2527.0,,,,,,,
9571,18.0,9.99,9.99,,2000000.0,4.8,983.0,983.0,4.8,1.0,1.0,2.0,7.0,89.0
9572,121.0,21.95,21.95,29.99,200000000.0,4.4,1434.0,1434.0,4.4,3.0,4.0,7.0,14.0,72.0
9573,261.0,13.99,13.99,28.99,100000000.0,4.6,259.0,259.0,4.6,4.0,1.0,4.0,14.0,77.0
9574,91.0,6.64,6.64,7.99,,4.0,210.0,210.0,4.0,7.0,5.0,11.0,,50.0
9575,1110.0,15.99,15.99,24.99,,4.5,576.0,576.0,4.5,5.0,2.0,3.0,17.0,73.0
9576,,25.99,25.99,,,,,,,0.0,0.0,0.0,0.0,
9577,226.0,8.99,8.99,11.99,50000000.0,4.7,392.0,392.0,4.7,1.0,1.0,3.0,13.0,82.0
9578,435.0,5.98,5.98,19.99,50000000.0,4.6,283.0,283.0,4.6,3.0,1.0,5.0,11.0,80.0
9579,27.0,9.99,9.99,,1000000.0,4.3,,,4.3,10.0,2.0,5.0,14.0,69.0
9580,291.0,12.99,12.99,22.99,100000000.0,4.6,100.0,100.0,4.6,5.0,0.0,2.0,13.0,80.0
9581,883.0,,,,400000000.0,,,,,,,,,
9582,364.0,21.95,21.95,29.99,50000000.0,4.5,227.0,227.0,4.5,3.0,3.0,6.0,11.0,77.0
9583,680.0,7.99,7.99,,50000000.0,4.6,166.0,166.0,4.6,2.0,2.0,6.0,15.0,75.0
9584,302.0,21.99,21.99,39.99,100000000.0,4.7,107.0,107.0,4.7,0.0,4.0,2.0,14.0,80.0
9585,179.0,25.99,25.99,33.99,100000000.0,4.4,170.0,170.0,4.4,3.0,3.0,6.0,18.0,70.0
9586,490.0,21.99,21.99,,,4.5,1911.0,1911.0,4.5,4.0,2.0,5.0,13.0,76.0
9587,64.0,89.99,89.99,89.99,,4.4,658.0,,,7.0,2.0,8.0,11.0,72.0
9588,17.0,9.99,9.99,11.99,100000000.0,4.4,,,4.4,6.0,2.0,6.0,13.0,73.0
9589,4.0,25.99,25.99,,100000000.0,4.6,28.0,28.0,4.6,0.0,0.0,12.0,15.0,73.0
9590,12.0,9.99,9.99,24.99,100000000.0,4.4,948.0,948.0,4.4,5.0,3.0,6.0,16.0,70.0
9591,237.0,19.99,19.99,21.99,100000000.0,4.3,2440.0,,,,,,,
9593,239.0,8.99,8.99,15.99,,4.6,2807.0,2807.0,4.6,2.0,2.0,4.0,14.0,78.0
9594,3.0,16.14,16.14,22.99,100000000.0,4.8,713.0,713.0,4.8,1.0,1.0,2.0,9.0,87.0
9595,,7.99,7.99,,100000000.0,4.7,101.0,101.0,4.7,2.0,1.0,4.0,9.0,84.0
9596,245.0,33.99,33.99,33.99,100000000.0,4.4,,,4.4,7.0,3.0,6.0,13.0,71.0
9598,380.0,18.99,18.99,28.99,50000000.0,4.4,149.0,149.0,4.4,3.0,4.0,10.0,11.0,72.0
9599,149.0,15.97,15.97,24.99,,4.5,2271.0,,,,,,,
9601,641.0,,,,,4.5,1397.0,,,4.0,3.0,4.0,13.0,76.0
9602,507.0,21.99,21.99,,,4.6,1358.0,1358.0,4.6,2.0,1.0,6.0,10.0,81.0
9603,152.0,3.59,3.59,4.99,,4.8,273.0,273.0,4.8,0.0,1.0,2.0,10.0,87.0
9604,73.0,7.99,7.99,8.99,,4.8,828.0,,,,,,,
9605,39.0,5.99,5.99,7.99,,4.8,1400.0,1400.0,4.8,1.0,0.0,2.0,8.0,89.0
9606,573.0,,,,50000000.0,,,,,,,,,
9607,1658.0,14.79,14.79,,,4.6,1489.0,1489.0,4.6,4.0,2.0,2.0,10.0,82.0
9608,4.0,,,,300000000.0,,,,,,,,,
9609,72.0,15.99,15.99,21.99,,4.3,575.0,575.0,4.3,9.0,3.0,6.0,9.0,73.0
9610,218.0,12.99,12.99,,,4.7,1559.0,,,1.0,1.0,4.0,14.0,80.0
9612,57.0,,,,200000000.0,,,,,,,,,
9613,70.0,5.99,5.99,,,4.7,98.0,98.0,4.7,1.0,1.0,4.0,14.0,80.0
9614,708.0,17.99,17.99,,,4.5,2032.0,2032.0,4.5,4.0,3.0,6.0,13.0,74.0
9615,11.0,9.99,9.99,,400000000.0,4.2,11.0,11.0,4.2,12.0,0.0,0.0,,60.0
9616,70.0,32.37,32.37,44.42,,4.8,265.0,265.0,4.8,2.0,0.0,3.0,4.0,91.0
9617,501.0,15.99,15.99,19.99,,4.4,2150.0,2150.0,4.4,5.0,4.0,5.0,12.0,74.0
9618,7.0,15.99,15.99,19.99,1000000.0,4.6,243.0,243.0,4.6,0.0,2.0,7.0,12.0,79.0
9619,78.0,,,,200000000.0,,,,,,,,,
9620,271.0,69.99,69.99,,50000000.0,4.6,24.0,24.0,4.6,6.0,0.0,0.0,8.0,86.0
9621,1.0,6.99,6.99,,1000000.0,4.5,,,4.5,5.0,1.0,4.0,12.0,78.0
9622,75.0,29.99,29.99,,,4.7,,,,,,,,
9623,16.0,99.99,99.99,99.99,100000000.0,4.4,1987.0,,,5.0,4.0,8.0,12.0,71.0
9624,71.0,,,,300000000.0,,,,,,,,,
9625,616.0,,,,,,,,,,,,,
9626,,12.99,12.99,29.99,,4.3,941.0,,,,,,,
9627,172.0,,,,,,,,,,,,,
9628,920.0,24.99,24.99,,100000000.0,4.5,36.0,36.0,4.5,0.0,3.0,10.0,19.0,68.0
9629,936.0,16.99,16.99,39.99,200000000.0,4.4,,,,5.0,3.0,5.0,14.0,73.0
9630,240.0,18.99,18.99,28.99,50000000.0,4.7,339.0,339.0,4.7,2.0,1.0,2.0,9.0,86.0
9631,19.0,4.98,4.98,,2000000.0,4.8,1344.0,1344.0,4.8,1.0,0.0,3.0,11.0,85.0
9632,32.0,7.95,7.95,8.95,,4.3,165.0,,,7.0,4.0,6.0,14.0,69.0
9633,779.0,19.99,19.99,32.99,,4.5,177.0,177.0,4.5,2.0,2.0,7.0,19.0,70.0
9634,229.0,9.99,9.99,25.99,100000000.0,4.6,337.0,337.0,4.6,3.0,1.0,5.0,9.0,82.0
9635,730.0,5.99,5.99,,100000000.0,4.8,190.0,190.0,4.8,1.0,0.0,3.0,9.0,87.0
9637,281.0,,,,,,,,,,,,,
9639,1458.0,16.99,16.99,28.99,,4.6,118.0,118.0,4.6,3.0,2.0,5.0,12.0,78.0
9641,,18.99,18.99,29.99,,4.6,150.0,150.0,4.6,0.0,3.0,8.0,13.0,76.0
9642,17.0,6.99,6.99,,100000000.0,4.5,33.0,,,,,,,
9643,2063.0,26.99,26.99,,,4.4,6.0,6.0,4.4,0.0,0.0,,20.0,61.0
9645,,12.59,12.59,13.99,,4.6,352.0,,,,,,,
9646,18.0,12.74,12.74,21.99,,4.2,725.0,,,6.0,5.0,7.0,22.0,60.0
9647,6.0,14.99,14.99,17.99,50000000.0,4.5,,,4.5,3.0,2.0,7.0,14.0,74.0
9648,335.0,,,,50000000.0,,,,,,,,,
9649,826.0,16.99,16.99,28.99,,4.3,449.0,449.0,4.3,5.0,6.0,9.0,15.0,65.0
9650,1454.0,27.99,27.99,,,4.4,672.0,,,,,,,
9651,84.0,,,,300000000.0,,,,,,,,,
9652,1.0,,,,5000000.0,,,,,,,,,
9653,,18.99,18.99,35.99,,4.6,1816.0,,,,,,,
9654,52.0,8.99,8.99,9.99,50000000.0,4.4,13.0,,,11.0,0.0,9.0,0.0,80.0
9655,60.0,,,,,4.6,350.0,350.0,4.6,3.0,0.0,6.0,11.0,80.0
9656,2.0,25.99,25.99,,1000000.0,3.6,9.0,,,,,,,
9657,300.0,26.99,26.99,,,4.6,,,,4.0,3.0,4.0,10.0,79.0
9658,388.0,,,,200000000.0,,,,,,,,,
9659,126.0,69.99,69.99,89.99,,4.3,835.0,,,,,,,
9660,104.0,37.99,37.99,49.99,50000000.0,4.3,134.0,134.0,4.3,5.0,2.0,10.0,20.0,63.0
9662,710.0,5.99,5.99,,100000000.0,4.7,52.0,52.0,4.7,3.0,0.0,5.0,7.0,85.0
9663,3.0,11.59,11.59,,200000000.0,4.6,575.0,575.0,4.6,5.0,1.0,2.0,12.0,80.0
9664,136.0,,,,,,,,,,,,,
9665,24.0,5.99,5.99,9.99,,4.4,67.0,,,8.0,2.0,4.0,11.0,75.0
9668,6.0,59.99,59.99,79.99,2000000.0,4.3,2148.0,2148.0,4.3,8.0,4.0,6.0,10.0,72.0
9670,1.0,39.99,39.99,49.99,8000000.0,4.1,,,,,,,,
9671,19.0,,,,,,15.0,15.0,,,,0.0,0.0,38.0
9672,8.0,49.99,49.99,64.99,2000000.0,4.4,1366.0,1366.0,4.4,7.0,3.0,6.0,10.0,74.0
9673,5.0,139.99,139.99,159.99,3000000.0,4.4,,,4.4,7.0,2.0,5.0,11.0,75.0
9674,15.0,59.99,59.99,89.99,1000000.0,4.6,469.0,,,,,,,
9675,7.0,119.99,119.99,129.99,2000000.0,4.2,,,,,,,,
9679,14.0,129.99,129.99,159.99,2000000.0,4.7,212.0,212.0,4.7,4.0,3.0,2.0,2.0,89.0
9680,29.0,59.99,59.99,79.99,,4.4,1023.0,1023.0,4.4,8.0,2.0,6.0,4.0,80.0
9681,45.0,29.99,29.99,39.99,,4.4,245.0,245.0,4.4,6.0,3.0,5.0,11.0,75.0
9682,118.0,29.99,29.99,39.99,100000000.0,4.4,80.0,80.0,4.4,8.0,3.0,5.0,5.0,79.0
9683,31.0,129.99,129.99,159.99,,4.7,176.0,176.0,4.7,3.0,2.0,2.0,2.0,91.0
9684,53.0,129.99,129.99,,200000000.0,4.2,6.0,6.0,4.2,0.0,,0.0,0.0,73.0
9685,27.0,,,,,4.3,108.0,108.0,4.3,9.0,5.0,5.0,4.0,77.0
9686,119.0,,,,,5.0,32.0,32.0,5.0,0.0,0.0,0.0,0.0,100.0
9687,17.0,39.98,39.98,49.99,,4.4,2565.0,2565.0,4.4,7.0,3.0,6.0,13.0,71.0
9688,306.0,,,,50000000.0,3.6,64.0,64.0,3.6,19.0,8.0,10.0,12.0,51.0
9689,44.0,49.99,49.99,62.99,1000000.0,5.0,147.0,,,,,,,
9690,75.0,199.95,199.95,,200000000.0,4.1,1238.0,,,,,,,
9691,142.0,,,,100000000.0,4.2,66.0,66.0,4.2,8.0,9.0,7.0,9.0,67.0
9692,15.0,,,,300000000.0,4.4,2251.0,,,,,,,
9693,170.0,,,,100000000.0,4.2,1593.0,1593.0,4.2,12.0,2.0,5.0,12.0,69.0
9694,108.0,,,,100000000.0,4.5,1390.0,1390.0,4.5,4.0,3.0,6.0,11.0,76.0
9695,278.0,,,,50000000.0,,,,,,,,,
9696,129.0,37.99,37.99,,100000000.0,4.9,78.0,78.0,4.9,0.0,0.0,1.0,5.0,94.0
9697,38.0,29.99,29.99,,1000000.0,4.5,402.0,,,,,,,
9698,40.0,38.59,38.59,,400000000.0,4.1,1044.0,1044.0,4.1,11.0,5.0,10.0,12.0,62.0
9699,41.0,99.99,99.99,,,4.6,326.0,,,,,,,
9700,37.0,59.98,59.98,79.99,,4.0,813.0,813.0,4.0,12.0,4.0,10.0,15.0,59.0
9702,66.0,49.99,49.99,62.99,300000000.0,4.4,35.0,,,,,,,
9703,1.0,69.99,69.99,79.99,5000000.0,4.4,,,4.4,6.0,3.0,7.0,14.0,70.0
9704,32.0,,,,100000000.0,4.2,44.0,44.0,4.2,15.0,0.0,0.0,14.0,71.0
9705,99.0,79.99,79.99,99.99,100000000.0,4.7,21.0,,,,,,,
9706,587.0,,,,,4.2,2058.0,2058.0,4.2,7.0,4.0,8.0,17.0,64.0
9707,92.0,,,,,4.6,1094.0,1094.0,4.6,3.0,2.0,2.0,10.0,83.0
9708,220.0,49.99,49.99,64.99,,5.0,51.0,51.0,5.0,0.0,0.0,0.0,0.0,100.0
9709,853.0,,,,,,,,,,,,,
9710,58.0,110.22,110.22,119.99,400000000.0,4.1,176.0,176.0,4.1,6.0,7.0,9.0,,51.0
9711,28.0,59.99,59.99,99.99,1000000.0,4.4,155.0,155.0,4.4,11.0,3.0,1.0,3.0,82.0
9712,7.0,,,,200000000.0,4.5,254.0,254.0,4.5,5.0,0.0,5.0,14.0,76.0
9713,25.0,29.99,29.99,39.99,1000000.0,3.6,165.0,,,,,,,
9714,86.0,16.99,16.99,17.99,200000000.0,4.2,589.0,589.0,4.2,9.0,5.0,8.0,6.0,72.0
9715,233.0,219.95,219.95,,50000000.0,4.0,461.0,461.0,4.0,10.0,3.0,14.0,19.0,54.0
9716,82.0,,,,200000000.0,,,,,,,,,
9717,76.0,49.99,49.99,54.99,300000000.0,4.2,112.0,112.0,4.2,10.0,3.0,8.0,12.0,67.0
9718,23.0,59.99,59.99,79.99,,4.4,1147.0,,,,,,,
9719,34.0,59.99,59.99,89.99,,4.7,523.0,,,,,,,
9720,200.0,149.95,149.95,159.7,50000000.0,4.1,16.0,16.0,4.1,19.0,0.0,0.0,9.0,72.0
9721,63.0,,,,300000000.0,,,,,,,,,
9723,285.0,,,,,5.0,1.0,,,,,,,
9724,364.0,219.0,219.0,,,4.1,347.0,347.0,4.1,10.0,7.0,6.0,16.0,61.0
9725,46.0,,,,100000000.0,4.1,34.0,34.0,4.1,18.0,0.0,5.0,8.0,69.0
9726,422.0,148.99,148.99,148.99,,3.7,32.0,32.0,3.7,,0.0,5.0,11.0,57.0
9727,57.0,139.0,139.0,149.0,,3.6,12.0,12.0,3.6,11.0,,0.0,,32.0
9728,102.0,39.99,39.99,59.99,100000000.0,4.2,124.0,124.0,4.2,11.0,1.0,10.0,5.0,73.0
9729,168.0,154.95,154.95,,50000000.0,4.2,121.0,121.0,4.2,11.0,4.0,8.0,7.0,70.0
9730,3.0,35.99,35.99,,2000000.0,4.7,,,4.7,4.0,1.0,3.0,7.0,85.0
9731,159.0,,,,100000000.0,,,,,,,,,
9733,686.0,,,,,,,,,,,,,
9734,986.0,212.46,212.46,,,3.9,374.0,374.0,3.9,14.0,7.0,7.0,14.0,58.0
9735,436.0,154.99,154.99,,,4.2,,,4.2,8.0,4.0,8.0,18.0,62.0
9736,79.0,19.98,19.98,29.99,200000000.0,4.4,162.0,162.0,4.4,6.0,2.0,7.0,14.0,71.0
9737,60.0,119.99,119.99,149.99,200000000.0,4.0,2370.0,,,,,,,
9738,42.0,159.95,159.95,,,4.2,848.0,848.0,4.2,9.0,4.0,6.0,14.0,67.0
9739,169.0,49.99,49.99,,100000000.0,5.0,93.0,93.0,5.0,0.0,0.0,0.0,0.0,100.0
9740,49.0,79.99,79.99,99.99,,4.5,179.0,179.0,4.5,9.0,1.0,4.0,6.0,80.0
9741,94.0,139.99,139.99,,300000000.0,4.5,126.0,126.0,4.5,3.0,3.0,6.0,15.0,73.0
9742,50.0,37.99,37.99,39.99,,4.0,132.0,132.0,4.0,13.0,10.0,7.0,5.0,65.0
9743,80.0,,,,300000000.0,,,,,,,,,
9744,38.0,,,,,4.5,1484.0,1484.0,4.5,3.0,1.0,5.0,17.0,74.0
9745,148.0,118.99,118.99,,50000000.0,4.1,,,,,,,,
9746,51.0,36.79,36.79,45.99,200000000.0,4.7,471.0,471.0,4.7,3.0,1.0,3.0,5.0,88.0
9747,358.0,40.05,40.05,104.0,,3.6,342.0,342.0,3.6,17.0,,13.0,13.0,46.0
9748,1175.0,,,,,,,,,,,,,
9749,1925.0,129.0,129.0,,,,159.0,159.0,,,6.0,14.0,13.0,38.0
9750,96.0,129.99,129.99,169.99,100000000.0,4.0,226.0,226.0,4.0,17.0,2.0,6.0,8.0,67.0
9751,859.0,159.99,159.99,,,3.9,132.0,132.0,3.9,16.0,5.0,11.0,6.0,62.0
9752,93.0,199.95,199.95,,100000000.0,4.6,86.0,86.0,4.6,4.0,0.0,5.0,10.0,81.0
9753,308.0,169.99,169.99,,50000000.0,4.0,731.0,731.0,4.0,12.0,6.0,8.0,12.0,62.0
9754,426.0,,,,,4.3,2070.0,,,,,,,
9755,22.0,,,,100000000.0,4.6,72.0,,,,,,,
9756,383.0,,,,50000000.0,3.8,930.0,930.0,3.8,20.0,3.0,11.0,11.0,55.0
9757,12.0,,,,100000000.0,4.3,1017.0,1017.0,4.3,9.0,2.0,7.0,9.0,73.0
9758,84.0,,,,200000000.0,,,,,,,,,
9759,97.0,,,,400000000.0,,,,,,,,,
9760,1810.0,,,,,5.0,1.0,1.0,5.0,0.0,0.0,0.0,0.0,100.0
9761,124.0,199.99,199.99,,100000000.0,4.6,77.0,77.0,4.6,1.0,0.0,10.0,9.0,80.0
9762,81.0,,,,300000000.0,,,,,,,,,
9763,231.0,59.98,59.98,,100000000.0,4.2,287.0,287.0,4.2,11.0,4.0,4.0,9.0,72.0
9764,1903.0,205.0,205.0,,,3.8,488.0,,,,,,,
9765,1635.0,99.99,99.99,111.41,,3.6,10.0,10.0,3.6,,0.0,0.0,15.0,54.0
9766,178.0,,,,100000000.0,,,,,,,,,
9767,,115.81,115.81,,,4.2,252.0,252.0,4.2,7.0,8.0,8.0,12.0,65.0
9768,165.0,149.95,149.95,,100000000.0,4.4,145.0,145.0,4.4,7.0,1.0,6.0,12.0,74.0
9769,103.0,144.99,144.99,144.99,100000000.0,4.5,32.0,32.0,4.5,5.0,0.0,4.0,18.0,73.0
9770,83.0,37.0,37.0,37.0,200000000.0,4.1,553.0,553.0,4.1,10.0,7.0,7.0,10.0,66.0
9771,1369.0,,,,,4.4,131.0,131.0,4.4,6.0,6.0,6.0,8.0,74.0
9772,753.0,152.15,152.15,179.0,,,14.0,14.0,,,,,10.0,
9773,1.0,49.99,49.99,,300000000.0,4.2,,,4.2,9.0,4.0,6.0,13.0,68.0
9774,838.0,154.92,154.92,,,3.6,207.0,207.0,3.6,,6.0,4.0,11.0,54.0
9775,57.0,129.99,129.99,189.99,300000000.0,4.2,287.0,287.0,4.2,11.0,4.0,4.0,9.0,72.0
9776,2493.0,,,,,,,,,,,,,
9777,701.0,,,,,4.0,788.0,788.0,4.0,16.0,4.0,4.0,14.0,62.0
9778,747.0,139.0,139.0,,,3.4,140.0,140.0,3.4,19.0,10.0,17.0,14.0,40.0
9779,55.0,79.99,79.99,99.99,400000000.0,4.5,129.0,129.0,4.5,8.0,0.0,3.0,4.0,85.0
9780,657.0,163.35,163.35,,,3.8,340.0,340.0,3.8,18.0,5.0,5.0,16.0,56.0
9781,1267.0,129.0,129.0,,,5.0,2.0,2.0,5.0,0.0,0.0,0.0,0.0,100.0
9782,,,,,,3.7,235.0,235.0,3.7,21.0,6.0,7.0,11.0,55.0
9784,884.0,,,,,4.4,11.0,11.0,4.4,0.0,0.0,,18.0,62.0
9786,405.0,79.12,79.12,104.0,,5.0,1.0,1.0,5.0,0.0,0.0,0.0,0.0,100.0
9788,2.0,109.98,109.98,159.99,,4.4,,,4.4,5.0,3.0,7.0,15.0,70.0
9789,146.0,149.99,149.99,,100000000.0,4.4,26.0,26.0,4.4,10.0,0.0,6.0,10.0,74.0
9790,68.0,,,,300000000.0,,,,,,,,,
9791,,161.0,161.0,,,4.1,179.0,179.0,4.1,9.0,4.0,11.0,17.0,59.0
9792,666.0,,,,,,,,,0.0,0.0,0.0,0.0,
9793,61.0,55.23,55.23,79.98,300000000.0,4.1,231.0,231.0,4.1,12.0,3.0,10.0,15.0,60.0
9794,506.0,,,,,3.7,1606.0,1606.0,3.7,21.0,5.0,8.0,11.0,55.0
9795,197.0,73.35,73.35,,50000000.0,4.2,775.0,775.0,4.2,11.0,3.0,7.0,5.0,74.0
9796,223.0,89.98,89.98,,50000000.0,5.0,17.0,17.0,5.0,0.0,0.0,0.0,0.0,100.0
9797,460.0,,,,,4.1,,,,,,,,
9798,234.0,,,,50000000.0,4.3,65.0,,,,,,,
9800,348.0,18.97,18.97,,50000000.0,4.0,137.0,,,,,,,
9801,70.0,109.98,109.98,149.99,300000000.0,4.7,107.0,107.0,4.7,4.0,3.0,0.0,6.0,87.0
9802,45.0,129.99,129.99,,100000000.0,3.6,1214.0,1214.0,3.6,,2.0,8.0,11.0,53.0
9803,127.0,46.51,46.51,46.51,100000000.0,4.5,277.0,277.0,4.5,5.0,5.0,3.0,6.0,81.0
9804,253.0,129.99,129.99,,50000000.0,4.4,42.0,42.0,4.4,13.0,0.0,0.0,6.0,81.0
9805,203.0,59.99,59.99,89.99,100000000.0,4.7,75.0,75.0,4.7,4.0,0.0,0.0,12.0,84.0
9806,1295.0,,,,,3.6,12.0,12.0,3.6,17.0,,0.0,18.0,49.0
9807,,144.94,144.94,,,4.1,27.0,,,,,,,
9808,140.0,,,,50000000.0,4.3,100.0,100.0,4.3,6.0,3.0,9.0,18.0,64.0
9809,240.0,69.99,69.99,89.99,50000000.0,4.3,111.0,,,,,,,
9810,268.0,129.99,129.99,,50000000.0,4.1,9.0,9.0,4.1,0.0,,,18.0,52.0
9811,463.0,137.47,137.47,,,4.3,79.0,79.0,4.3,9.0,4.0,5.0,7.0,75.0
9812,2210.0,,,,,,,,,0.0,0.0,0.0,0.0,
9813,1375.0,,,,,3.8,18.0,18.0,3.8,18.0,0.0,10.0,23.0,49.0
9814,114.0,89.99,89.99,119.99,200000000.0,4.5,1417.0,,,,,,,
9815,131.0,49.99,49.99,,50000000.0,4.3,201.0,201.0,4.3,11.0,2.0,4.0,4.0,79.0
9816,177.0,19.99,19.99,29.99,100000000.0,4.5,27.0,27.0,4.5,3.0,0.0,14.0,9.0,74.0
9817,143.0,23.6,23.6,34.58,200000000.0,4.0,132.0,,,,,,,
9818,936.0,129.0,129.0,129.0,,,3.0,3.0,,,,0.0,0.0,32.0
9819,113.0,49.99,49.99,69.99,100000000.0,4.2,235.0,235.0,4.2,10.0,2.0,8.0,12.0,68.0
9820,604.0,153.0,153.0,,,,571.0,571.0,,,5.0,7.0,10.0,42.0
9821,347.0,44.25,44.25,44.25,50000000.0,4.2,142.0,142.0,4.2,7.0,10.0,8.0,5.0,70.0
9822,289.0,19.98,19.98,,,5.0,3.0,3.0,5.0,0.0,0.0,0.0,0.0,100.0
9824,811.0,35.99,35.99,39.99,,4.3,11.0,11.0,4.3,0.0,0.0,14.0,,49.0
9825,,154.1,154.1,,,4.2,533.0,,,,,,,
9826,536.0,15.77,15.77,16.61,,4.4,65.0,65.0,4.4,6.0,6.0,4.0,4.0,80.0
9828,1011.0,39.99,39.99,,,,,,,0.0,0.0,0.0,0.0,
9829,1222.0,149.99,149.99,,,4.1,13.0,13.0,4.1,16.0,0.0,0.0,23.0,61.0
9830,1002.0,,,,,,,,,,,,,
9831,1173.0,26.99,26.99,,,4.3,9.0,,,,,,,
9832,317.0,199.95,199.95,218.65,,4.4,38.0,38.0,4.4,4.0,5.0,9.0,5.0,77.0
9833,973.0,,,,,4.2,72.0,72.0,4.2,5.0,10.0,13.0,6.0,66.0
9834,582.0,,,,,3.9,1244.0,1244.0,3.9,15.0,4.0,9.0,16.0,56.0
9835,362.0,129.99,129.99,139.99,,4.4,74.0,74.0,4.4,8.0,4.0,4.0,11.0,73.0
9836,279.0,35.99,35.99,39.99,100000000.0,4.0,424.0,424.0,4.0,11.0,7.0,10.0,13.0,59.0
9837,1964.0,,,,,3.9,67.0,67.0,3.9,7.0,7.0,,14.0,51.0
9838,1189.0,,,,,4.4,833.0,,,,,,,
9839,23.0,18.99,18.99,29.99,1000000.0,4.2,2448.0,2448.0,4.2,9.0,3.0,7.0,14.0,67.0
9840,493.0,,,,,,,,,,,,,
9841,223.0,49.31,49.31,49.31,50000000.0,3.6,1703.0,1703.0,3.6,21.0,7.0,11.0,12.0,49.0
9842,1071.0,,,,,5.0,1.0,1.0,5.0,0.0,0.0,0.0,0.0,100.0
9843,424.0,,,,,,,,,,,,,
9844,296.0,199.99,199.99,,50000000.0,4.4,55.0,55.0,4.4,6.0,3.0,7.0,11.0,73.0
9845,2275.0,,,,,,,,,,,,,
9846,878.0,95.08,95.08,,,4.2,479.0,479.0,4.2,8.0,2.0,16.0,9.0,65.0
9847,73.0,19.99,19.99,24.98,200000000.0,3.9,601.0,601.0,3.9,13.0,6.0,9.0,16.0,56.0
9848,117.0,,,,200000000.0,,,,,,,,,
9849,272.0,,,,,3.4,212.0,,,,,,,
9850,339.0,39.98,39.98,49.99,300000000.0,4.4,2565.0,2565.0,4.4,7.0,3.0,6.0,13.0,71.0
9851,378.0,18.99,18.99,21.99,50000000.0,4.2,94.0,94.0,4.2,7.0,2.0,12.0,14.0,65.0
9852,1214.0,186.0,186.0,,,3.6,243.0,243.0,3.6,,4.0,10.0,21.0,43.0
9853,14.0,,,,,4.4,,,,,,,,
9854,53.0,157.98,157.98,,50000000.0,3.9,14.0,,,,,,,
9855,104.0,59.98,59.98,79.99,200000000.0,4.0,172.0,172.0,4.0,16.0,6.0,6.0,9.0,63.0
9856,24.0,,,,,4.2,10.0,10.0,4.2,0.0,,0.0,13.0,66.0
9859,726.0,11.93,11.93,,,5.0,1.0,1.0,5.0,0.0,0.0,0.0,0.0,100.0
9860,845.0,,,,,4.2,70.0,70.0,4.2,4.0,8.0,12.0,14.0,62.0
9861,647.0,,,,,4.7,21.0,,,,,,,
9862,385.0,16.9,16.9,23.9,,4.1,16.0,16.0,4.1,11.0,0.0,9.0,,54.0
9863,1127.0,,,,,,,,,,,,,
9864,416.0,25.64,25.64,26.99,50000000.0,4.4,31.0,31.0,4.4,0.0,0.0,15.0,24.0,61.0
9865,419.0,18.9,18.9,19.9,,4.2,34.0,,,,,,,
9866,239.0,,,,50000000.0,,,,,,,,,
9867,256.0,,,,50000000.0,,,,,,,,,
9868,,49.99,49.99,,,4.4,2.0,2.0,4.4,0.0,0.0,0.0,,45.0
9869,442.0,,,,,4.0,15.0,15.0,4.0,9.0,10.0,10.0,7.0,64.0
9870,808.0,210.5,210.5,,,4.2,431.0,431.0,4.2,6.0,4.0,10.0,21.0,59.0
9871,1314.0,177.86,177.86,,,4.1,334.0,334.0,4.1,8.0,10.0,3.0,14.0,65.0
9872,233.0,,,,,,152.0,152.0,,,8.0,6.0,7.0,49.0
9873,962.0,,,,,3.7,1399.0,1399.0,3.7,21.0,6.0,9.0,11.0,53.0
9874,1732.0,21.59,21.59,,,,,,,0.0,0.0,0.0,0.0,
9875,216.0,203.95,203.95,,50000000.0,4.2,198.0,198.0,4.2,8.0,5.0,7.0,15.0,65.0
9876,,,,,,3.6,7.0,7.0,3.6,0.0,,,24.0,
9877,1612.0,,,,,,,,,,,,,
9878,420.0,154.95,154.95,,,4.3,73.0,73.0,4.3,8.0,3.0,3.0,18.0,68.0
9879,1935.0,181.02,181.02,,,4.1,239.0,239.0,4.1,6.0,6.0,12.0,19.0,57.0
9880,1886.0,167.0,167.0,,,4.0,286.0,286.0,4.0,11.0,7.0,8.0,11.0,63.0
9881,700.0,173.0,173.0,,,3.6,162.0,162.0,3.6,17.0,,3.0,11.0,53.0
9882,1519.0,23.99,23.99,,,,15.0,15.0,,14.0,7.0,,21.0,
9883,690.0,,,,,3.8,309.0,309.0,3.8,14.0,,6.0,16.0,53.0
9884,670.0,106.01,106.01,,,4.3,394.0,394.0,4.3,9.0,4.0,6.0,11.0,70.0
9885,577.0,22.8,22.8,,,,,,,0.0,0.0,0.0,0.0,
9886,652.0,,,,,3.9,654.0,654.0,3.9,15.0,6.0,8.0,16.0,55.0
9887,770.0,179.99,179.99,,,4.0,509.0,,,,,,,
9889,735.0,,,,,,,,,,,,,
9890,1383.0,163.91,163.91,,,4.3,2722.0,2722.0,4.3,6.0,3.0,10.0,15.0,66.0
9891,122.0,25.99,25.99,,300000000.0,4.5,74.0,74.0,4.5,2.0,4.0,3.0,23.0,68.0
9892,663.0,27.54,27.54,28.99,,4.0,130.0,130.0,4.0,13.0,7.0,7.0,6.0,67.0
9893,1461.0,52.84,52.84,,,3.6,11.0,11.0,3.6,17.0,0.0,,0.0,51.0
9894,1700.0,,,,,,,,,,,,,
9895,864.0,,,,,,,,,,,,,
9896,479.0,,,,50000000.0,,,,,,,,,
9897,2008.0,13.99,13.99,,,3.6,9.0,9.0,3.6,,0.0,13.0,24.0,41.0
9898,913.0,26.86,26.86,,,3.7,348.0,348.0,3.7,15.0,10.0,11.0,11.0,53.0
9899,1553.0,,,,,3.6,15.0,,,,,,,
9901,1534.0,,,,,,3.0,3.0,,,0.0,0.0,0.0,50.0
9902,,,,,,3.7,80.0,80.0,3.7,10.0,9.0,15.0,,39.0
9903,,154.31,154.31,,,4.1,120.0,120.0,4.1,7.0,7.0,7.0,24.0,55.0
9904,767.0,,,,,,7.0,7.0,,,,0.0,18.0,37.0
9905,,,,,,4.0,217.0,217.0,4.0,9.0,9.0,9.0,14.0,59.0
9906,126.0,7.99,7.99,,300000000.0,4.4,126.0,126.0,4.4,10.0,1.0,2.0,9.0,78.0
9908,4.0,,,,200000000.0,,,,,,,,,
9909,,18.99,18.99,,,4.2,2.0,2.0,4.2,0.0,0.0,0.0,,
9910,540.0,13.31,13.31,,,,13.0,13.0,,,10.0,17.0,10.0,
9911,991.0,94.48,94.48,,,3.7,456.0,456.0,3.7,14.0,7.0,13.0,19.0,47.0
9912,1077.0,,,,,3.8,25.0,25.0,3.8,20.0,6.0,7.0,7.0,60.0
9913,,219.95,219.95,,,4.8,7.0,7.0,4.8,0.0,0.0,0.0,19.0,81.0
9914,,205.8,205.8,,,3.8,940.0,940.0,3.8,18.0,5.0,6.0,15.0,56.0
9915,588.0,,,,,,,,,,,,,
9916,92.0,,,,200000000.0,,,,,,,,,
9917,423.0,,,,,4.6,3.0,3.0,4.6,0.0,0.0,0.0,,64.0
9919,,89.84,89.84,,,4.1,148.0,148.0,4.1,7.0,8.0,14.0,11.0,60.0
9920,1525.0,28.99,28.99,,,4.2,178.0,178.0,4.2,6.0,8.0,6.0,19.0,61.0
9921,155.0,59.99,59.99,79.99,50000000.0,4.6,168.0,168.0,4.6,5.0,3.0,2.0,5.0,85.0
9922,1390.0,,,,,,,,,,,,,
9923,560.0,35.99,35.99,,,4.0,96.0,,,,,,,
9924,365.0,,,,,3.5,669.0,669.0,3.5,,5.0,5.0,16.0,49.0
9925,1253.0,221.01,221.01,,,4.2,306.0,306.0,4.2,12.0,3.0,7.0,6.0,72.0
9926,14.0,11.99,11.99,12.99,,4.6,169.0,169.0,4.6,3.0,2.0,3.0,10.0,82.0
9927,1391.0,134.99,134.99,134.99,,,,,,0.0,0.0,0.0,0.0,
9928,53.0,99.99,99.99,,50000000.0,4.0,198.0,,,,,,,
9930,1929.0,188.69,188.69,,,4.1,82.0,82.0,4.1,13.0,5.0,7.0,8.0,67.0
9932,3.0,54.99,54.99,97.99,2000000.0,4.5,,,,,,,,
9933,556.0,,,,,,,,,,,,,
9934,301.0,154.95,154.95,,,4.5,97.0,,,,,,,
9935,276.0,49.99,49.99,64.99,,4.4,446.0,446.0,4.4,6.0,5.0,6.0,10.0,73.0
9936,321.0,,,,50000000.0,4.0,790.0,790.0,4.0,12.0,6.0,9.0,17.0,56.0
9937,394.0,,,,,3.8,8.0,8.0,3.8,15.0,,0.0,16.0,54.0
9938,25.0,,,,,3.8,45.0,45.0,3.8,18.0,0.0,11.0,19.0,52.0
9939,789.0,,,,,,,,,,,,,
9940,,186.62,186.62,,,,98.0,98.0,,,,17.0,13.0,36.0
9941,681.0,129.0,129.0,,,,5.0,5.0,,,,0.0,0.0,39.0
9942,304.0,,,,50000000.0,,,,,,,,,
9943,1743.0,,,,,4.0,595.0,,,,,,,
9944,2024.0,,,,,,,,,,,,,
9945,1161.0,178.7,178.7,,,4.1,178.0,178.0,4.1,9.0,7.0,5.0,15.0,64.0
9946,1048.0,,,,,3.8,370.0,370.0,3.8,13.0,,6.0,23.0,47.0
9947,,110.0,110.0,,,4.0,98.0,,,,,,,
9948,184.0,27.75,27.75,34.69,50000000.0,4.1,95.0,95.0,4.1,11.0,3.0,12.0,10.0,64.0
9949,1890.0,12.53,12.53,13.19,,4.0,1.0,1.0,4.0,0.0,0.0,0.0,,
9950,616.0,25.99,25.99,27.99,,4.4,96.0,96.0,4.4,6.0,2.0,11.0,11.0,70.0
9951,43.0,14.99,14.99,15.7,,4.8,76.0,76.0,4.8,0.0,0.0,3.0,12.0,85.0
9952,798.0,,,,,4.0,299.0,299.0,4.0,8.0,6.0,,8.0,59.0
9953,2261.0,,,,,4.5,425.0,425.0,4.5,5.0,4.0,5.0,7.0,79.0
9954,778.0,24.99,24.99,,,3.9,612.0,612.0,3.9,18.0,5.0,5.0,10.0,62.0
9955,43.0,,,,,4.5,693.0,693.0,4.5,4.0,4.0,5.0,10.0,77.0
9956,62.0,,,,300000000.0,,,,,,,,,
9957,297.0,,,,,3.4,4.0,,,,,,,
9958,371.0,,,,50000000.0,,,,,,,,,
9959,427.0,49.99,49.99,69.99,,4.4,325.0,325.0,4.4,5.0,5.0,5.0,14.0,71.0
9960,534.0,,,,,5.0,1.0,1.0,5.0,0.0,0.0,0.0,0.0,100.0
9962,182.0,39.99,39.99,49.99,100000000.0,4.9,21.0,,,,,,,
9963,1312.0,139.99,139.99,,,4.4,17.0,17.0,4.4,10.0,8.0,0.0,0.0,82.0
9964,885.0,189.88,189.88,,,3.9,68.0,68.0,3.9,13.0,6.0,6.0,21.0,54.0
9965,711.0,129.99,129.99,,,4.1,8.0,,,,,,,
9966,1784.0,116.27,116.27,,,3.9,484.0,484.0,3.9,13.0,6.0,8.0,22.0,51.0
9967,1863.0,17.99,17.99,19.99,,3.9,83.0,83.0,3.9,12.0,,9.0,10.0,58.0
9968,,219.95,219.95,,,4.1,7.0,7.0,4.1,0.0,,,0.0,64.0
9969,,,,,,3.5,196.0,196.0,3.5,21.0,5.0,13.0,,35.0
9970,14.0,,,,100000000.0,4.5,678.0,678.0,4.5,6.0,0.0,5.0,12.0,77.0
9971,571.0,29.99,29.99,41.99,,,41.0,41.0,,,7.0,4.0,15.0,41.0
9972,955.0,,,,,4.1,924.0,924.0,4.1,10.0,4.0,10.0,13.0,63.0
9973,942.0,,,,,,,,,,,,,
9974,987.0,164.98,164.98,,,3.6,183.0,183.0,3.6,,5.0,3.0,9.0,55.0
9975,821.0,,,,,4.1,311.0,311.0,4.1,9.0,6.0,10.0,14.0,61.0
9976,126.0,59.99,59.99,79.99,200000000.0,4.2,115.0,115.0,4.2,9.0,4.0,6.0,17.0,64.0
9977,26.0,,,,,5.0,3.0,3.0,5.0,0.0,0.0,0.0,0.0,100.0
9978,518.0,,,,,4.4,1698.0,,,,,,,
9979,1651.0,,,,,4.3,7.0,7.0,4.3,0.0,0.0,17.0,,49.0
9980,619.0,,,,,,,,,,,,,
9981,6.0,63.99,63.99,,1000000.0,3.9,,,3.9,15.0,6.0,10.0,12.0,57.0
9982,374.0,59.99,59.99,,,4.8,43.0,43.0,4.8,0.0,0.0,7.0,0.0,93.0
9983,694.0,,,239.99,,5.0,2.0,2.0,5.0,0.0,0.0,0.0,0.0,100.0
9984,2187.0,114.99,114.99,,,4.3,179.0,179.0,4.3,5.0,5.0,9.0,15.0,66.0
9985,696.0,37.99,37.99,,,3.8,262.0,262.0,3.8,18.0,8.0,5.0,8.0,61.0
9986,15.0,66.99,66.99,79.99,,4.4,,,4.4,7.0,2.0,5.0,13.0,73.0
9988,26.0,,,,3000000.0,,,,,,,,,
9989,95.0,,,,,4.5,671.0,671.0,4.5,4.0,2.0,3.0,16.0,75.0
9990,1187.0,,,,,4.8,14.0,14.0,4.8,0.0,0.0,0.0,17.0,83.0
9991,123.0,,,,,4.3,109.0,,,,,,,
9992,1773.0,,,,,3.7,420.0,420.0,3.7,15.0,,10.0,16.0,48.0
9993,1.0,67.95,67.95,79.99,1000000.0,4.3,863.0,863.0,4.3,9.0,3.0,5.0,9.0,74.0
9994,407.0,,,,50000000.0,,,,,,,,,
9995,1408.0,,,,,4.0,310.0,,,,,,,
9996,2417.0,130.94,130.94,,,4.1,558.0,558.0,4.1,8.0,3.0,13.0,17.0,59.0
9997,154.0,,,,100000000.0,4.2,484.0,484.0,4.2,8.0,5.0,5.0,18.0,64.0
9998,743.0,199.98,199.98,,,4.2,342.0,342.0,4.2,6.0,7.0,10.0,16.0,61.0
9999,1082.0,149.0,149.0,,,,3.0,3.0,,,0.0,0.0,0.0,41.0
10000,928.0,199.99,199.99,,,3.5,248.0,248.0,3.5,,7.0,6.0,9.0,51.0
10001,1965.0,,,,,,,,,,,,,
10002,173.0,35.99,35.99,,100000000.0,4.3,145.0,145.0,4.3,8.0,4.0,10.0,8.0,70.0
10003,122.0,,,,,4.5,1704.0,1704.0,4.5,6.0,2.0,5.0,10.0,77.0
10004,526.0,,,,,,15.0,,,,,,,
10005,377.0,156.95,156.95,,,4.4,55.0,55.0,4.4,8.0,6.0,2.0,9.0,75.0
10006,1033.0,223.45,223.45,,,3.9,180.0,180.0,3.9,16.0,6.0,6.0,15.0,57.0
10007,52.0,85.93,85.93,85.93,,3.7,431.0,431.0,3.7,18.0,5.0,11.0,16.0,50.0
10008,267.0,109.98,109.98,129.99,50000000.0,4.7,29.0,29.0,4.7,7.0,0.0,0.0,0.0,93.0
10009,2455.0,137.28,137.28,,,3.4,190.0,190.0,3.4,,7.0,10.0,12.0,46.0
10010,702.0,128.0,128.0,,,4.2,804.0,,,,,,,
10011,190.0,49.99,49.99,69.99,200000000.0,4.6,127.0,127.0,4.6,5.0,1.0,5.0,8.0,81.0
10013,958.0,15.99,15.99,,,,,,,0.0,0.0,0.0,0.0,
10014,106.0,49.99,49.99,64.99,200000000.0,4.4,109.0,109.0,4.4,2.0,1.0,14.0,18.0,65.0
10015,24.0,,,,50000000.0,4.3,165.0,165.0,4.3,3.0,,4.0,6.0,73.0
10016,2122.0,202.69,202.69,,,4.3,455.0,,,,,,,
10017,519.0,,,,,4.4,7.0,,,,,,,
10020,1882.0,26.99,26.99,29.99,,5.0,2.0,2.0,5.0,0.0,0.0,0.0,0.0,100.0
10021,307.0,32.99,32.99,,,3.5,3.0,3.0,3.5,0.0,,0.0,0.0,51.0
10022,244.0,,,,,3.7,5.0,5.0,3.7,21.0,0.0,0.0,,31.0
10023,654.0,,,,,3.8,31.0,31.0,3.8,15.0,8.0,11.0,15.0,51.0
10024,2387.0,,,,,3.5,235.0,235.0,3.5,,8.0,8.0,11.0,49.0
10025,138.0,54.95,54.95,,100000000.0,4.6,100.0,100.0,4.6,2.0,1.0,4.0,14.0,79.0
10027,496.0,,,,,4.5,8.0,8.0,4.5,0.0,,0.0,0.0,85.0
10028,11.0,14.49,14.49,16.99,200000000.0,4.5,377.0,377.0,4.5,3.0,3.0,6.0,11.0,77.0
10029,,,,,,4.9,14.0,14.0,4.9,0.0,0.0,0.0,9.0,91.0
10030,1311.0,,,,,,,,,,,,,
10031,1216.0,138.0,138.0,,,4.3,1046.0,1046.0,4.3,6.0,5.0,8.0,10.0,71.0
10032,550.0,,,,,4.3,1182.0,1182.0,4.3,10.0,2.0,5.0,13.0,70.0
10034,,149.17,149.17,,,4.1,179.0,179.0,4.1,8.0,6.0,6.0,24.0,56.0
10035,153.0,99.99,99.99,,100000000.0,4.4,22.0,22.0,4.4,7.0,0.0,8.0,8.0,77.0
10037,787.0,159.0,159.0,,,4.6,51.0,51.0,4.6,4.0,2.0,7.0,6.0,81.0
10038,228.0,49.99,49.99,69.99,,3.9,261.0,,,,,,,
10039,259.0,37.99,37.99,39.99,,4.1,186.0,186.0,4.1,10.0,6.0,10.0,10.0,64.0
10040,,189.91,189.91,,,4.4,1029.0,,,,,,,
10041,2129.0,208.98,208.98,,,4.0,105.0,105.0,4.0,8.0,8.0,9.0,,48.0
10042,,19.77,19.77,,,,,,,0.0,0.0,0.0,0.0,
10043,545.0,,226.95,,,3.4,48.0,48.0,3.4,,5.0,8.0,21.0,41.0
10044,470.0,,,,,,2.0,,,,,,,
10045,76.0,,,,50000000.0,4.5,2011.0,2011.0,4.5,5.0,3.0,2.0,12.0,78.0
10046,40.0,197.9,197.9,,,3.5,18.0,18.0,3.5,,0.0,0.0,24.0,44.0
10047,1393.0,219.99,219.99,,,3.8,1270.0,1270.0,3.8,15.0,8.0,10.0,10.0,57.0
10048,,174.12,174.12,,,4.3,317.0,317.0,4.3,4.0,4.0,,6.0,68.0
10049,713.0,132.03,132.03,,,4.0,506.0,506.0,4.0,11.0,5.0,9.0,15.0,60.0
10050,727.0,,,,,4.7,6.0,,,,,,,
10051,71.0,,,,,,,,,,,,,
10052,,,,,,4.2,355.0,,,,,,,
10053,5.0,18.99,18.99,24.99,400000000.0,4.3,,,4.3,6.0,3.0,8.0,16.0,67.0
10054,110.0,59.97,59.97,89.99,100000000.0,4.1,795.0,,,,,,,
10055,27.0,,,,50000000.0,4.2,65.0,,,,,,,
10056,713.0,49.99,49.99,,,3.5,29.0,29.0,3.5,,8.0,5.0,11.0,51.0
10057,669.0,165.21,165.21,,,4.0,213.0,,,,,,,
10058,45.0,,,,,4.6,295.0,,,,,,,
10059,197.0,19.99,19.99,,50000000.0,3.4,50.0,50.0,3.4,16.0,10.0,,12.0,39.0
10060,338.0,189.95,189.95,,50000000.0,3.9,5.0,5.0,3.9,0.0,,0.0,,38.0
10061,1156.0,,,,,5.0,1.0,,,,,,,
10062,772.0,,,,,4.1,281.0,281.0,4.1,9.0,7.0,8.0,19.0,57.0
10063,343.0,,,,50000000.0,,,,,,,,,
10064,915.0,,,,,5.0,2.0,,,,,,,
10065,89.0,218.47,218.47,209.99,,,16.0,,,,,,,
10066,929.0,,,,,,,,,,,,,
10067,304.0,223.59,223.59,211.99,,,8.0,8.0,,,0.0,,,
10068,893.0,,,,,3.5,220.0,220.0,3.5,17.0,,12.0,9.0,47.0
10069,1260.0,,,,,,,,,,,,,
10070,19.0,,,,,4.5,587.0,587.0,4.5,4.0,2.0,6.0,11.0,77.0
10071,1893.0,128.0,128.0,,,3.9,76.0,,,,,,,
10072,1319.0,,,,,4.2,639.0,639.0,4.2,11.0,2.0,11.0,9.0,67.0
10073,1549.0,193.8,193.8,,,4.2,418.0,,,,,,,
10074,,179.99,179.99,,,3.7,9.0,9.0,3.7,,0.0,0.0,25.0,48.0
10075,475.0,219.99,219.99,,,4.0,556.0,556.0,4.0,7.0,4.0,,10.0,57.0
10076,,44.91,44.91,49.99,,4.6,1916.0,1916.0,4.6,3.0,2.0,4.0,11.0,80.0
10077,111.0,196.9,196.9,,,,9.0,9.0,,,,0.0,0.0,36.0
10078,1070.0,29.03,29.03,,,3.8,462.0,462.0,3.8,15.0,9.0,7.0,15.0,54.0
10079,47.0,39.99,39.99,39.99,,4.3,604.0,604.0,4.3,8.0,1.0,10.0,17.0,64.0
10080,8.0,,,,100000000.0,4.5,187.0,187.0,4.5,5.0,3.0,3.0,13.0,76.0
10081,,114.99,114.99,,,3.6,124.0,124.0,3.6,,5.0,5.0,13.0,52.0
10082,1368.0,18.49,18.49,19.49,,4.0,1.0,1.0,4.0,0.0,0.0,0.0,,
10083,1000.0,158.0,158.0,,,4.1,188.0,188.0,4.1,9.0,7.0,11.0,9.0,64.0
10084,,22.0,22.0,,,,10.0,10.0,,,,14.0,0.0,
10085,1715.0,,,,,4.2,5.0,5.0,4.2,0.0,0.0,,0.0,62.0
10086,2161.0,,,,,,,,,,,,,
10087,1315.0,,,,,3.7,17.0,,,,,,,
10088,61.0,27.99,27.99,,100000000.0,4.3,24.0,24.0,4.3,6.0,5.0,6.0,20.0,63.0
10089,1711.0,,,,,,14.0,,,,,,,
10090,1207.0,,,,,,,,,,,,,
10091,2221.0,159.99,159.99,,,4.4,338.0,338.0,4.4,4.0,4.0,5.0,15.0,72.0
10092,1933.0,218.82,218.82,,,,52.0,52.0,,20.0,9.0,,20.0,
10093,1888.0,110.03,110.03,,,4.4,968.0,968.0,4.4,2.0,7.0,10.0,12.0,69.0
10094,1137.0,,,,,,,,,,,,,
10095,494.0,79.99,79.99,99.99,,4.2,857.0,857.0,4.2,10.0,3.0,8.0,13.0,66.0
10096,1307.0,,,,,4.3,,,4.3,6.0,4.0,9.0,17.0,64.0
10097,841.0,,,,,4.4,734.0,,,,,,,
10098,75.0,24.99,24.99,29.99,100000000.0,4.2,35.0,35.0,4.2,5.0,2.0,11.0,22.0,60.0
10099,601.0,,,,,4.0,6.0,,,,,,,
10100,19.0,129.99,129.99,159.99,100000000.0,4.3,89.0,,,,,,,
10101,1692.0,,,,,3.8,1270.0,1270.0,3.8,15.0,8.0,10.0,10.0,57.0
10102,1591.0,149.99,149.99,,,,11.0,11.0,,,0.0,11.0,19.0,
10103,9.0,20.77,20.77,28.59,1000000.0,4.6,1006.0,1006.0,4.6,3.0,1.0,4.0,9.0,83.0
10104,180.0,207.75,207.75,199.0,,4.0,772.0,772.0,4.0,12.0,3.0,12.0,14.0,59.0
10105,285.0,,,,50000000.0,,,,,,,,,
10106,,182.32,182.32,,,4.1,42.0,42.0,4.1,12.0,5.0,8.0,6.0,69.0
10107,1313.0,,,,,,,,,,,,,
10108,1377.0,89.99,89.99,,,4.5,397.0,,,,,,,
10109,16.0,25.99,25.99,,,4.5,,,,,,,,
10110,1394.0,166.34,166.34,,,4.3,859.0,859.0,4.3,8.0,3.0,7.0,16.0,66.0
10111,315.0,,,,50000000.0,,,,,,,,,
10112,1658.0,,,,,4.0,616.0,616.0,4.0,12.0,6.0,9.0,11.0,62.0
10113,,,,,,4.0,145.0,145.0,4.0,7.0,10.0,9.0,19.0,55.0
10114,185.0,159.99,159.99,189.99,50000000.0,3.8,830.0,830.0,3.8,18.0,6.0,8.0,14.0,54.0
10115,2521.0,169.99,169.99,,,4.2,190.0,190.0,4.2,4.0,9.0,8.0,22.0,57.0
10116,382.0,59.99,59.99,,,5.0,12.0,12.0,5.0,0.0,0.0,0.0,0.0,100.0
10117,,115.9,115.9,,,3.4,272.0,272.0,3.4,,5.0,8.0,,35.0
10118,1721.0,158.03,158.03,,,4.3,69.0,,,,,,,
10119,1255.0,,,,,,,,,,,,,
10120,869.0,15.99,15.99,19.99,,,3.0,3.0,,,0.0,0.0,0.0,37.0
10121,,14.3,14.3,,,,,,,0.0,0.0,0.0,0.0,
10122,396.0,,,,,4.8,7.0,7.0,4.8,0.0,0.0,0.0,25.0,75.0
10123,1565.0,191.98,191.98,,,3.9,296.0,296.0,3.9,15.0,6.0,7.0,18.0,54.0
10124,2154.0,171.02,171.02,,,4.2,43.0,43.0,4.2,6.0,6.0,7.0,24.0,57.0
10125,1289.0,178.9,178.9,,,4.1,1400.0,1400.0,4.1,11.0,4.0,9.0,16.0,60.0
10126,1649.0,,,,,3.4,5.0,5.0,3.4,,0.0,0.0,0.0,61.0
10127,,83.9,83.9,,,3.4,80.0,80.0,3.4,11.0,,12.0,13.0,38.0
10129,1.0,21.99,21.99,24.99,10000000.0,4.8,,,,,,,,
10130,1852.0,,,,,,,,,,,,,
10131,2076.0,41.49,41.49,,,3.9,13.0,,,,,,,
10132,2140.0,164.88,164.88,,,3.8,125.0,125.0,3.8,10.0,,10.0,13.0,54.0
10133,275.0,119.99,119.99,,50000000.0,5.0,9.0,9.0,5.0,0.0,0.0,0.0,0.0,100.0
10134,1200.0,198.94,198.94,,,4.0,502.0,502.0,4.0,16.0,3.0,5.0,12.0,64.0
10135,779.0,169.0,169.0,,,,12.0,12.0,,,,0.0,12.0,36.0
10136,113.0,,,,,4.3,64.0,64.0,4.3,6.0,5.0,6.0,13.0,70.0
10137,,,,,,4.0,349.0,349.0,4.0,12.0,8.0,5.0,18.0,57.0
10138,6.0,189.99,189.99,239.99,300000000.0,4.3,438.0,438.0,4.3,8.0,4.0,5.0,12.0,71.0
10139,240.0,,,,,4.3,486.0,,,,,,,
10140,201.0,39.99,39.99,99.99,100000000.0,4.9,18.0,18.0,4.9,0.0,0.0,0.0,9.0,91.0
10141,353.0,154.95,154.95,,50000000.0,4.2,67.0,67.0,4.2,12.0,3.0,6.0,6.0,73.0
10142,2484.0,,,,,,,,,,,,,
10143,,149.95,149.95,,,5.0,1.0,,,,,,,
10144,,69.0,69.0,,,4.1,245.0,245.0,4.1,9.0,3.0,10.0,19.0,59.0
10145,684.0,,,,,,17.0,17.0,,,,,15.0,
10146,468.0,33.99,33.99,,,4.0,119.0,119.0,4.0,12.0,3.0,12.0,13.0,60.0
10147,64.0,,,,200000000.0,4.3,400.0,,,,,,,
10149,418.0,59.99,59.99,89.99,,5.0,58.0,,,,,,,
10150,276.0,,,,,3.7,3.0,,,,,,,
10151,2274.0,149.0,149.0,149.0,,,30.0,30.0,,,4.0,,9.0,
10152,1221.0,39.99,39.99,,,4.1,128.0,128.0,4.1,11.0,2.0,10.0,13.0,64.0
10153,706.0,148.0,148.0,,,3.8,74.0,74.0,3.8,15.0,10.0,8.0,13.0,54.0
10154,13.0,,,,,4.4,118.0,118.0,4.4,4.0,1.0,9.0,14.0,72.0
10155,680.0,,,,,4.4,1857.0,1857.0,4.4,6.0,1.0,6.0,14.0,73.0
10156,369.0,149.95,149.95,,50000000.0,4.2,103.0,103.0,4.2,12.0,2.0,7.0,7.0,72.0
10157,925.0,198.99,198.99,,,3.7,277.0,,,,,,,
10158,440.0,,,,,4.0,518.0,518.0,4.0,15.0,4.0,5.0,14.0,62.0
10159,1568.0,,,,,,,,,,,,,
10160,9.0,10.99,10.99,,3000000.0,4.7,,,4.7,2.0,1.0,3.0,12.0,82.0
10161,1425.0,199.99,199.99,,,3.7,430.0,,,,,,,
10162,1183.0,,,,,4.3,507.0,,,,,,,
10163,1645.0,212.0,212.0,,,4.0,692.0,692.0,4.0,11.0,4.0,11.0,17.0,57.0
10164,,176.04,176.04,,,3.9,40.0,40.0,3.9,8.0,8.0,,20.0,46.0
10165,757.0,167.0,167.0,,,4.4,739.0,739.0,4.4,5.0,1.0,8.0,18.0,68.0
10166,219.0,149.95,149.95,,50000000.0,4.3,50.0,50.0,4.3,9.0,5.0,2.0,10.0,74.0
10167,709.0,129.99,129.99,,,4.2,2345.0,2345.0,4.2,10.0,3.0,8.0,17.0,62.0
10168,476.0,,,,,,,,,,,,,
10169,514.0,,,,,4.2,43.0,,,,,,,
10170,1556.0,,,,,,,,,,,,,
10171,291.0,,,,,,1.0,1.0,,,0.0,0.0,0.0,
10172,784.0,27.77,27.77,,,4.3,9.0,9.0,4.3,0.0,0.0,10.0,,42.0
10173,1384.0,,,,,4.8,7.0,7.0,4.8,0.0,0.0,0.0,22.0,78.0
10174,,,,,,,155.0,155.0,,,9.0,12.0,12.0,
10175,565.0,,,,,,,,,,,,,
10176,425.0,179.99,179.99,,,4.3,168.0,168.0,4.3,7.0,5.0,6.0,19.0,63.0
10178,,159.99,159.99,,,4.1,272.0,272.0,4.1,10.0,6.0,8.0,16.0,60.0
10179,,212.45,212.45,,,3.9,251.0,,,,,,,
10180,614.0,25.99,25.99,,,4.3,14.0,14.0,4.3,0.0,10.0,,0.0,71.0
10181,1901.0,109.95,109.95,,,4.9,12.0,12.0,4.9,0.0,0.0,0.0,10.0,90.0
10182,,99.94,99.94,,,3.4,21.0,21.0,3.4,,9.0,9.0,9.0,48.0
10183,5.0,,,,200000000.0,4.8,6.0,6.0,4.8,0.0,0.0,0.0,20.0,80.0
10184,2110.0,155.0,155.0,,,4.1,775.0,775.0,4.1,10.0,3.0,10.0,15.0,62.0
10185,91.0,9.4,9.4,,100000000.0,4.3,,,,,,,,
10186,62.0,,,,50000000.0,4.6,754.0,,,,,,,
10187,2353.0,119.99,119.99,129.99,,3.8,59.0,59.0,3.8,19.0,0.0,14.0,9.0,58.0
10189,185.0,202.69,202.69,249.0,50000000.0,5.0,1.0,1.0,5.0,0.0,0.0,0.0,0.0,100.0
10190,1949.0,,,,,,,,,,,,,
10191,387.0,144.99,144.99,,,3.7,31.0,31.0,3.7,10.0,10.0,10.0,,35.0
10192,23.0,63.99,63.99,79.99,50000000.0,4.3,84.0,,,,,,,
10193,,9.99,9.99,,,4.4,24.0,,,,,,,
10194,2128.0,,,,,,,,,0.0,0.0,0.0,0.0,
10195,2503.0,,,,,,,,,0.0,0.0,0.0,0.0,
10196,88.0,103.68,103.68,121.99,200000000.0,4.2,209.0,209.0,4.2,11.0,5.0,5.0,4.0,75.0
10197,128.0,,,,,5.0,1.0,,,,,,,
10198,549.0,,,,,4.2,52.0,52.0,4.2,11.0,5.0,6.0,12.0,66.0
10199,800.0,125.0,125.0,,,3.8,99.0,,,,,,,
10201,,,,,,4.0,20.0,20.0,4.0,0.0,,11.0,,30.0
10202,589.0,,,,50000000.0,,,,,,,,,
10203,1667.0,158.39,158.39,,,4.4,284.0,,,,,,,
10204,20.0,,,,,4.7,1651.0,,,,,,,
10205,,,,,,3.7,18.0,18.0,3.7,20.0,0.0,16.0,17.0,47.0
10206,238.0,119.83,119.83,,,4.3,656.0,656.0,4.3,9.0,3.0,7.0,7.0,74.0
10207,615.0,,,,,5.0,1.0,,,,,,,
10209,95.0,134.99,134.99,159.99,300000000.0,4.3,95.0,95.0,4.3,11.0,4.0,2.0,6.0,77.0
10210,2309.0,183.91,183.91,,,4.1,101.0,101.0,4.1,11.0,6.0,6.0,15.0,62.0
10211,,124.99,124.99,,,4.1,890.0,890.0,4.1,8.0,5.0,10.0,15.0,62.0
10212,,,,,,4.2,1196.0,1196.0,4.2,8.0,4.0,12.0,10.0,66.0
10213,1506.0,,,,,3.7,34.0,34.0,3.7,19.0,0.0,0.0,,
10214,398.0,,,,50000000.0,,,,,,,,,
10216,824.0,,,,,,,,,,,,,
10217,339.0,,,,,4.6,14.0,14.0,4.6,0.0,10.0,0.0,10.0,80.0
10218,461.0,,,,,3.8,215.0,215.0,3.8,18.0,5.0,6.0,14.0,57.0
10219,2072.0,28.98,28.98,69.99,,4.6,27.0,27.0,4.6,0.0,0.0,10.0,19.0,71.0
10220,,139.91,139.91,,,4.2,209.0,209.0,4.2,9.0,5.0,6.0,19.0,61.0
10221,836.0,,,,,4.2,83.0,83.0,4.2,8.0,2.0,15.0,7.0,68.0
10222,755.0,,,,,,,,,,,,,
10223,111.0,,,,,3.9,30.0,,,,,,,
10225,14.0,26.59,26.59,27.99,100000000.0,4.6,597.0,597.0,4.6,1.0,1.0,6.0,13.0,79.0
10226,12.0,,,,200000000.0,4.5,931.0,,,,,,,
10227,30.0,,,,50000000.0,4.4,130.0,130.0,4.4,2.0,4.0,11.0,15.0,68.0
10228,1052.0,,,,,4.3,221.0,,,,,,,
10229,1445.0,,,,,4.0,135.0,135.0,4.0,7.0,5.0,15.0,23.0,50.0
10230,579.0,37.69,37.69,,,3.8,25.0,25.0,3.8,,0.0,9.0,9.0,59.0
10231,1277.0,169.99,169.99,,,4.4,780.0,780.0,4.4,6.0,2.0,6.0,11.0,75.0
10232,,113.9,113.9,,,4.2,181.0,181.0,4.2,8.0,8.0,8.0,10.0,66.0
10233,,,,,,3.9,4.0,4.0,3.9,19.0,0.0,0.0,,49.0
10234,1902.0,,,,,,,,,,,,,
10235,,106.91,106.91,,,,35.0,,,,,,,
10236,909.0,,,,,,,,,,,,,
10237,347.0,178.98,178.98,,,4.1,88.0,88.0,4.1,12.0,3.0,5.0,22.0,58.0
10238,197.0,169.99,169.99,199.99,,3.5,51.0,51.0,3.5,19.0,,0.0,14.0,48.0
10239,,167.71,167.71,,,4.2,133.0,133.0,4.2,11.0,5.0,5.0,7.0,72.0
10240,2004.0,,,,,,,,,,,,,
10241,18.0,,,,100000000.0,4.6,315.0,315.0,4.6,3.0,2.0,5.0,9.0,81.0
10242,1673.0,,,,,3.7,133.0,,,,,,,
10243,563.0,,,,,,,,,,,,,
10244,627.0,,,,,,33.0,33.0,,,10.0,15.0,23.0,
10245,1916.0,,,,,3.9,421.0,,,,,,,
10247,330.0,39.99,39.99,54.99,50000000.0,4.0,45.0,45.0,4.0,8.0,4.0,8.0,,47.0
10248,1071.0,114.83,114.83,,,3.7,187.0,187.0,3.7,,4.0,7.0,8.0,58.0
10249,,123.26,123.26,,,3.8,59.0,59.0,3.8,12.0,,12.0,14.0,50.0
10250,,123.7,123.7,,,3.8,41.0,41.0,3.8,10.0,10.0,11.0,22.0,47.0
10251,,131.29,131.29,,,4.2,200.0,200.0,4.2,5.0,7.0,9.0,14.0,65.0
10252,,215.9,215.9,,,4.2,333.0,,,,,,,
10254,576.0,,,,,4.2,588.0,588.0,4.2,7.0,4.0,10.0,20.0,59.0
10255,46.0,,,,,4.4,186.0,186.0,4.4,5.0,4.0,5.0,19.0,67.0
10256,232.0,,,,,4.5,441.0,441.0,4.5,3.0,2.0,8.0,18.0,69.0
10258,744.0,,,,,5.0,1.0,1.0,5.0,0.0,0.0,0.0,0.0,100.0
10259,407.0,168.97,168.97,181.0,,4.5,10.0,10.0,4.5,0.0,0.0,16.0,16.0,68.0
10260,408.0,,,,50000000.0,,,,,,,,,
10261,1023.0,,,,,,,,,0.0,0.0,0.0,0.0,
10262,683.0,19.99,19.99,,,,649.0,649.0,,,,9.0,11.0,37.0
10263,1.0,18.99,18.99,24.99,10000000.0,4.4,,,4.4,7.0,2.0,6.0,11.0,74.0
10264,16.0,94.99,94.99,99.99,50000000.0,4.4,48.0,48.0,4.4,7.0,0.0,12.0,10.0,71.0
10265,,199.99,199.99,,,4.2,1892.0,1892.0,4.2,7.0,4.0,10.0,15.0,64.0
10266,1024.0,,,,,,,,,,,,,
10267,1193.0,,,,,3.8,388.0,388.0,3.8,21.0,4.0,6.0,10.0,59.0
10268,235.0,36.99,36.99,69.99,50000000.0,4.4,81.0,81.0,4.4,0.0,0.0,11.0,,50.0
10270,507.0,199.95,199.95,,50000000.0,4.6,51.0,51.0,4.6,4.0,1.0,4.0,12.0,79.0
10271,,,,,,3.7,69.0,,,,,,,
10272,1039.0,175.0,175.0,,,3.7,107.0,,,,,,,
10273,103.0,84.99,84.99,,50000000.0,4.0,,3039.0,4.0,14.0,5.0,8.0,12.0,61.0
10274,617.0,,,,,4.3,410.0,,,,,,,
10275,,,,,,4.0,85.0,85.0,4.0,9.0,8.0,9.0,13.0,61.0
10276,728.0,101.24,101.24,,,3.7,456.0,456.0,3.7,18.0,9.0,8.0,11.0,54.0
10277,1317.0,39.99,39.99,,,4.0,58.0,58.0,4.0,10.0,6.0,9.0,21.0,54.0
10278,,,,,,,5.0,5.0,,,0.0,0.0,18.0,
10279,248.0,99.99,99.99,119.99,50000000.0,4.5,27.0,27.0,4.5,0.0,6.0,9.0,15.0,70.0
10280,4.0,11.99,11.99,14.99,,4.5,,,4.5,5.0,2.0,5.0,12.0,76.0
10281,131.0,9.99,9.99,,200000000.0,4.5,160.0,160.0,4.5,6.0,4.0,4.0,8.0,78.0
10282,679.0,,,,,4.5,,2981.0,4.5,5.0,1.0,5.0,13.0,76.0
10283,177.0,,,,,4.6,,,4.6,3.0,1.0,4.0,9.0,83.0
10284,21.0,16.85,16.85,22.99,2000000.0,4.7,,,4.7,2.0,1.0,3.0,12.0,82.0
10285,1756.0,170.52,170.52,,,3.9,989.0,,,,,,,
10287,287.0,,,,,4.4,772.0,772.0,4.4,7.0,3.0,5.0,9.0,76.0
10288,17.0,,,,100000000.0,,,,,,,,,
10289,504.0,,,,,3.4,6.0,,,,,,,
10290,666.0,196.95,196.95,,,4.7,78.0,78.0,4.7,1.0,0.0,3.0,16.0,80.0
10291,253.0,,,,,4.4,633.0,633.0,4.4,5.0,5.0,2.0,14.0,74.0
10292,313.0,32.99,32.99,59.99,,4.7,15.0,15.0,4.7,0.0,0.0,9.0,15.0,76.0
10293,646.0,25.99,25.99,,,3.8,25.0,25.0,3.8,9.0,,9.0,20.0,49.0
10294,31.0,159.99,159.99,,50000000.0,4.0,,,4.0,13.0,4.0,8.0,13.0,62.0
10295,26.0,11.59,11.59,,2000000.0,4.4,,,,,,,,
10296,2084.0,,,,,4.2,1303.0,1303.0,4.2,8.0,3.0,8.0,18.0,63.0
10297,339.0,11.99,11.99,,,4.8,13.0,13.0,4.8,0.0,0.0,0.0,17.0,83.0
10298,,,,,,4.0,212.0,212.0,4.0,17.0,3.0,8.0,9.0,63.0
10299,130.0,15.99,15.99,,50000000.0,4.2,813.0,813.0,4.2,5.0,6.0,13.0,16.0,60.0
10300,,215.26,215.26,,,3.9,198.0,198.0,3.9,17.0,3.0,12.0,8.0,60.0
10301,311.0,99.99,99.99,119.99,50000000.0,4.3,60.0,,,,,,,
10304,631.0,,,,,,,,,,,,,
10305,924.0,,,,,,14.0,14.0,,14.0,,10.0,17.0,32.0
10306,832.0,,,,,,,,,,,,,
10307,,108.36,108.36,,,3.9,188.0,188.0,3.9,10.0,10.0,10.0,21.0,49.0
10308,,,,,,3.9,175.0,175.0,3.9,5.0,6.0,,,34.0
10309,1015.0,146.01,146.01,,,3.7,177.0,177.0,3.7,17.0,8.0,11.0,13.0,51.0
10310,913.0,115.0,115.0,,,4.0,67.0,67.0,4.0,9.0,10.0,9.0,12.0,60.0
10311,63.0,,,,,4.5,93.0,93.0,4.5,5.0,3.0,3.0,8.0,81.0
10312,435.0,79.99,79.99,99.99,,4.0,1466.0,1466.0,4.0,13.0,5.0,10.0,12.0,60.0
10314,1722.0,,,,,4.6,2.0,2.0,4.6,0.0,0.0,0.0,,55.0
10315,454.0,195.95,195.95,,,3.6,15.0,15.0,3.6,17.0,,8.0,15.0,48.0
10316,,117.0,117.0,,,3.9,244.0,244.0,3.9,8.0,8.0,,12.0,53.0
10317,,,,,,,121.0,121.0,,18.0,,11.0,,
10318,28.0,,,,400000000.0,,,,,,,,,
10319,2030.0,,,,,4.0,49.0,,,,,,,
10320,,125.65,125.65,,,4.2,651.0,,,,,,,
10321,512.0,181.26,181.26,,,4.2,1967.0,1967.0,4.2,9.0,2.0,7.0,15.0,67.0
10323,723.0,,,,,3.8,26.0,,,,,,,
10324,,14.95,14.95,,,,4.0,,,,,,,
10325,1775.0,,,,,,,,,0.0,0.0,0.0,0.0,
10326,211.0,109.99,109.99,129.99,100000000.0,5.0,131.0,131.0,5.0,0.0,0.0,0.0,0.0,100.0
10327,17.0,,,,,4.4,,,4.4,6.0,3.0,5.0,11.0,75.0
10328,401.0,49.99,49.99,,,4.1,102.0,,,,,,,
10329,,,,,,3.9,25.0,25.0,3.9,8.0,,0.0,,40.0
10330,298.0,,,,100000000.0,4.0,5.0,5.0,4.0,,0.0,0.0,0.0,75.0
10331,125.0,,,,200000000.0,,,,,,,,,
10332,1437.0,219.95,219.95,,,5.0,1.0,,,,,,,
10333,553.0,,,,,,,,,,,,,
10334,1969.0,159.99,159.99,,,4.0,29.0,29.0,4.0,17.0,5.0,6.0,7.0,65.0
10335,,219.99,219.99,,,4.8,8.0,8.0,4.8,0.0,0.0,0.0,16.0,84.0
10336,777.0,146.98,146.98,,,4.1,1355.0,1355.0,4.1,9.0,4.0,10.0,17.0,60.0
10337,856.0,149.0,149.0,,,4.0,237.0,237.0,4.0,10.0,5.0,11.0,25.0,49.0
10338,1139.0,,,,,,,,,0.0,0.0,0.0,0.0,
10339,,,,,,4.2,127.0,127.0,4.2,7.0,7.0,9.0,10.0,67.0
10340,1352.0,149.95,149.95,,,,,,,0.0,0.0,0.0,0.0,
10341,647.0,,,,,4.4,1311.0,1311.0,4.4,8.0,2.0,3.0,9.0,78.0
10342,54.0,,,,,4.6,69.0,69.0,4.6,0.0,4.0,8.0,14.0,74.0
10343,98.0,,,,200000000.0,4.2,474.0,474.0,4.2,8.0,4.0,7.0,14.0,67.0
10344,946.0,,,,,5.0,3.0,3.0,5.0,0.0,0.0,0.0,0.0,100.0
10345,94.0,,,,,4.1,175.0,,,,,,,
10346,,164.99,164.99,,,3.9,368.0,368.0,3.9,14.0,7.0,6.0,22.0,51.0
10347,1076.0,,,,,4.7,561.0,561.0,4.7,3.0,1.0,2.0,10.0,84.0
10348,,125.0,125.0,,,3.8,109.0,109.0,3.8,6.0,8.0,,14.0,44.0
10349,,139.99,139.99,,,3.9,270.0,270.0,3.9,8.0,,12.0,18.0,50.0
10350,258.0,17.99,17.99,,,4.5,173.0,,,,,,,
10351,143.0,,,,,4.3,1194.0,1194.0,4.3,7.0,3.0,7.0,15.0,68.0
10352,1589.0,169.0,169.0,,,3.8,418.0,418.0,3.8,15.0,7.0,11.0,15.0,52.0
10353,,129.95,129.95,,,,2.0,2.0,,0.0,,0.0,,
10354,,,,,,,1.0,1.0,,,0.0,0.0,0.0,
10355,365.0,,,,,4.3,570.0,570.0,4.3,6.0,3.0,5.0,19.0,67.0
10357,,193.98,193.98,,,4.0,320.0,320.0,4.0,8.0,6.0,12.0,22.0,52.0
10358,1270.0,,,,,3.4,150.0,150.0,3.4,14.0,,13.0,9.0,41.0
10359,,99.0,99.0,,,4.0,172.0,,,,,,,
10360,2108.0,,,,,,,,,,,,,
10362,219.0,109.95,109.95,,,4.5,12.0,,,,,,,
10363,4.0,31.99,31.99,39.99,1000000.0,4.6,958.0,958.0,4.6,4.0,2.0,3.0,7.0,84.0
10364,574.0,179.99,179.99,,,4.3,116.0,116.0,4.3,7.0,4.0,6.0,15.0,68.0
10366,342.0,219.95,219.95,,50000000.0,5.0,5.0,5.0,5.0,0.0,0.0,0.0,0.0,100.0
10367,2273.0,163.0,163.0,,,4.1,126.0,126.0,4.1,6.0,5.0,16.0,16.0,57.0
10368,1.0,89.99,89.99,99.99,1000000.0,4.4,,,4.4,6.0,3.0,6.0,16.0,69.0
10369,72.0,,,,50000000.0,4.7,227.0,,,,,,,
10370,154.0,87.91,87.91,,,5.0,2.0,2.0,5.0,0.0,0.0,0.0,0.0,100.0
10371,498.0,209.37,209.37,,,5.0,4.0,,,,,,,
10372,914.0,37.99,37.99,39.99,,3.7,33.0,,,,,,,
10373,645.0,89.99,89.99,99.99,,4.0,39.0,39.0,4.0,20.0,5.0,0.0,7.0,68.0
10374,6.0,12.99,12.99,,,4.6,603.0,603.0,4.6,2.0,2.0,5.0,12.0,79.0
10375,926.0,,,,,3.6,240.0,240.0,3.6,,4.0,6.0,9.0,54.0
10376,14.0,,,,200000000.0,4.5,93.0,93.0,4.5,5.0,0.0,6.0,13.0,76.0
10377,1583.0,174.99,174.99,,,3.8,761.0,761.0,3.8,19.0,3.0,9.0,13.0,56.0
10378,,210.07,210.07,,,,2.0,2.0,,,0.0,0.0,0.0,44.0
10379,56.0,,,,,4.4,275.0,275.0,4.4,6.0,1.0,7.0,15.0,71.0
10380,,158.0,158.0,,,3.9,93.0,93.0,3.9,10.0,9.0,12.0,12.0,57.0
10381,2280.0,148.09,148.09,,,4.0,534.0,534.0,4.0,10.0,4.0,,9.0,58.0
10382,39.0,,,,,4.4,7.0,7.0,4.4,0.0,0.0,,0.0,68.0
10383,2031.0,63.24,63.24,,,3.8,72.0,72.0,3.8,15.0,9.0,9.0,11.0,56.0
10384,769.0,27.99,27.99,,,,,,,0.0,0.0,0.0,0.0,
10385,,119.99,119.99,,,3.9,1133.0,1133.0,3.9,14.0,5.0,11.0,13.0,57.0
10386,755.0,138.0,138.0,,,,813.0,813.0,,,6.0,7.0,11.0,46.0
10387,195.0,,,,50000000.0,,,,,,,,,
10388,,94.13,94.13,,,3.8,64.0,64.0,3.8,10.0,9.0,,11.0,51.0
10389,640.0,140.0,140.0,,,3.8,650.0,650.0,3.8,15.0,10.0,7.0,10.0,58.0
10390,552.0,179.99,179.99,189.99,,5.0,3.0,3.0,5.0,0.0,0.0,0.0,0.0,100.0
10391,610.0,,,,,,,,,,,,,
10392,1547.0,,,,,,,,,,,,,
10393,674.0,99.0,99.0,,,3.8,38.0,38.0,3.8,18.0,7.0,9.0,12.0,54.0
10395,1577.0,214.69,214.69,,,4.0,310.0,310.0,4.0,11.0,5.0,11.0,13.0,60.0
10396,35.0,,,,,4.5,61.0,61.0,4.5,7.0,0.0,3.0,15.0,75.0
10397,410.0,9.28,9.28,9.99,,4.6,105.0,105.0,4.6,2.0,2.0,4.0,10.0,82.0
10398,29.0,17.98,17.98,22.99,100000000.0,4.2,2509.0,2509.0,4.2,8.0,3.0,9.0,14.0,66.0
10399,1144.0,219.99,219.99,,,4.9,18.0,,,,,,,
10400,,93.51,93.51,,,3.8,47.0,,,,,,,
10401,44.0,21.59,21.59,,100000000.0,4.2,54.0,54.0,4.2,12.0,0.0,9.0,13.0,66.0
10402,1963.0,,,,,3.8,28.0,28.0,3.8,14.0,7.0,12.0,17.0,50.0
10403,33.0,14.99,14.99,15.99,1000000.0,3.9,269.0,269.0,3.9,20.0,3.0,5.0,5.0,67.0
10404,,,,,,3.9,147.0,,,,,,,
10405,685.0,129.99,129.99,,,3.4,3.0,,,,,,,
10406,300.0,,,,50000000.0,,,,,,,,,
10407,2482.0,140.11,140.11,,,4.3,34.0,34.0,4.3,10.0,0.0,9.0,11.0,70.0
10408,,103.22,103.22,,,3.8,71.0,71.0,3.8,7.0,8.0,,15.0,48.0
10410,,218.0,218.0,,,4.4,269.0,,,,,,,
10411,1213.0,154.28,154.28,,,4.2,634.0,,,,,,,
10412,1419.0,29.41,29.41,,,5.0,1.0,,,,,,,
10413,1400.0,138.0,138.0,,,4.0,191.0,191.0,4.0,10.0,9.0,8.0,12.0,61.0
10414,404.0,169.99,169.99,180.0,,,,,,0.0,0.0,0.0,0.0,
10416,46.0,23.99,23.99,29.99,400000000.0,4.6,353.0,353.0,4.6,2.0,2.0,6.0,10.0,80.0
10417,1388.0,189.99,189.99,,,4.0,47.0,47.0,4.0,12.0,0.0,15.0,16.0,57.0
10418,303.0,149.99,149.99,,,4.8,31.0,31.0,4.8,0.0,0.0,8.0,0.0,92.0
10419,35.0,,,,,4.7,2104.0,2104.0,4.7,3.0,1.0,2.0,8.0,86.0
10420,,19.99,19.99,,,3.7,8.0,8.0,3.7,7.0,,17.0,19.0,41.0
10421,,,,,,4.4,8.0,8.0,4.4,0.0,0.0,,20.0,61.0
10422,,,,,,4.3,201.0,,,,,,,
10423,1727.0,152.8,152.8,,,4.0,398.0,398.0,4.0,11.0,4.0,9.0,20.0,56.0
10425,,81.53,81.53,,,3.8,221.0,221.0,3.8,18.0,5.0,9.0,10.0,58.0
10426,1259.0,69.99,69.99,,,4.0,128.0,128.0,4.0,12.0,5.0,9.0,12.0,62.0
10427,181.0,,,,,4.6,100.0,,,,,,,
10429,,62.95,62.95,,,4.0,110.0,,,,,,,
10431,1124.0,14.14,14.14,,,4.5,2.0,2.0,4.5,0.0,0.0,0.0,,53.0
10432,74.0,,,,300000000.0,,,,,,,,,
10433,39.0,99.99,99.99,119.99,100000000.0,3.8,14.0,14.0,3.8,16.0,,0.0,0.0,68.0
10434,,54.95,54.95,,,4.5,,,,,,,,
10435,1395.0,,,,,,,,,,,,,
10436,397.0,,,,50000000.0,,,,,,,,,
10437,201.0,29.99,29.99,,,4.7,9.0,,,,,,,
10438,22.0,,,,,4.4,1149.0,,,,,,,
10439,52.0,24.99,24.99,,200000000.0,4.2,51.0,51.0,4.2,8.0,7.0,6.0,11.0,68.0
10440,,179.0,179.0,,,4.3,106.0,,,,,,,
10441,438.0,,,,50000000.0,,,,,,,,,
10442,109.0,25.49,25.49,29.99,200000000.0,4.0,111.0,,,,,,,
10443,,162.0,162.0,,,3.9,54.0,54.0,3.9,14.0,6.0,7.0,22.0,51.0
10444,649.0,15.95,15.95,,,,1.0,1.0,,0.0,0.0,,0.0,
10445,1.0,119.99,119.99,,3000000.0,4.3,,,4.3,7.0,3.0,7.0,14.0,69.0
10446,,12.99,12.99,,,,22.0,22.0,,,,12.0,6.0,
10447,463.0,6.99,6.99,,50000000.0,4.4,97.0,97.0,4.4,6.0,3.0,5.0,14.0,72.0
10448,,168.99,168.99,,,4.4,8.0,8.0,4.4,0.0,0.0,,22.0,57.0
10449,1960.0,139.0,139.0,,,4.2,1041.0,,,,,,,
10450,1485.0,79.99,79.99,89.99,,,2.0,2.0,,0.0,,0.0,,
10451,19.0,54.99,54.99,57.99,1000000.0,4.2,,,4.2,9.0,3.0,7.0,15.0,66.0
10452,871.0,,,,,4.4,1002.0,1002.0,4.4,5.0,2.0,5.0,21.0,67.0
10453,28.0,,,,,4.6,204.0,204.0,4.6,3.0,3.0,4.0,9.0,81.0
10454,70.0,,,,100000000.0,4.5,193.0,193.0,4.5,6.0,1.0,4.0,11.0,78.0
10455,37.0,7.99,7.99,,,4.8,96.0,96.0,4.8,0.0,0.0,3.0,14.0,83.0
10456,835.0,,,,,3.6,13.0,13.0,3.6,,0.0,11.0,10.0,54.0
10457,,96.01,96.01,,,4.0,116.0,116.0,4.0,11.0,7.0,9.0,15.0,58.0
10458,,161.81,161.81,,,3.7,140.0,140.0,3.7,19.0,7.0,11.0,13.0,50.0
10459,1182.0,,,,,4.2,705.0,705.0,4.2,5.0,6.0,9.0,17.0,63.0
10460,1057.0,117.88,117.88,,,3.9,348.0,,,,,,,
10461,,,,,,4.3,388.0,388.0,4.3,7.0,3.0,4.0,19.0,67.0
10462,36.0,15.99,15.99,,50000000.0,4.6,118.0,,,,,,,
10463,144.0,69.98,69.98,94.99,,5.0,52.0,52.0,5.0,0.0,0.0,0.0,0.0,100.0
10464,2525.0,77.51,77.51,,,3.5,317.0,317.0,3.5,,8.0,9.0,13.0,47.0
10465,726.0,,,,,,,,,0.0,0.0,0.0,0.0,
10466,34.0,,,,1000000.0,,,,,,,,,
10467,1952.0,,,,,,,,,,,,,
10468,5.0,19.78,19.78,27.49,2000000.0,4.5,2388.0,2388.0,4.5,5.0,2.0,5.0,9.0,79.0
10469,768.0,99.4,99.4,,,4.0,223.0,223.0,4.0,8.0,6.0,12.0,,47.0
10470,903.0,,,,,4.3,444.0,444.0,4.3,5.0,4.0,9.0,15.0,67.0
10471,59.0,,,,,4.4,904.0,904.0,4.4,7.0,4.0,5.0,9.0,75.0
10472,36.0,,,,,4.4,152.0,152.0,4.4,6.0,3.0,5.0,18.0,68.0
10473,132.0,18.95,18.95,,,4.7,1375.0,1375.0,4.7,2.0,1.0,4.0,12.0,81.0
10474,465.0,199.0,199.0,,,3.9,68.0,68.0,3.9,14.0,5.0,6.0,25.0,50.0
10475,162.0,,,,50000000.0,4.4,188.0,188.0,4.4,6.0,3.0,8.0,10.0,73.0
10476,11.0,,,,200000000.0,4.7,1026.0,1026.0,4.7,5.0,1.0,1.0,6.0,87.0
10477,164.0,41.9,41.9,49.0,100000000.0,4.7,,,4.7,2.0,1.0,4.0,10.0,83.0
10478,196.0,,,,50000000.0,,,,,,,,,
10479,270.0,,,,,4.6,357.0,357.0,4.6,6.0,0.0,5.0,8.0,81.0
10480,160.0,74.99,74.99,,100000000.0,4.1,661.0,661.0,4.1,14.0,4.0,5.0,13.0,64.0
10481,915.0,24.65,24.65,,,5.0,1.0,1.0,5.0,0.0,0.0,0.0,0.0,100.0
10482,213.0,,,,100000000.0,,,,,,,,,
10483,,63.0,63.0,,,,58.0,58.0,,,9.0,8.0,11.0,38.0
10484,1268.0,,,,,,,,,0.0,0.0,0.0,0.0,
10485,759.0,,,,,4.1,661.0,661.0,4.1,13.0,5.0,5.0,10.0,67.0
10486,7.0,,,,4000000.0,,,,,,,,,
10487,78.0,,,,,4.1,139.0,139.0,4.1,9.0,2.0,11.0,20.0,58.0
10488,2532.0,,,,,3.6,253.0,253.0,3.6,20.0,4.0,13.0,17.0,46.0
10489,136.0,,,,,3.9,289.0,289.0,3.9,18.0,3.0,8.0,13.0,58.0
10490,66.0,39.95,39.95,,,4.1,26.0,26.0,4.1,9.0,,0.0,21.0,59.0
10491,1310.0,,,,,4.1,353.0,353.0,4.1,8.0,6.0,5.0,,51.0
10492,1276.0,,,,,4.5,352.0,352.0,4.5,6.0,3.0,3.0,13.0,75.0
10493,833.0,25.93,25.93,,,3.8,5.0,5.0,3.8,,0.0,0.0,24.0,53.0
10494,28.0,,,,50000000.0,4.5,701.0,701.0,4.5,5.0,2.0,4.0,10.0,79.0
10495,,,,,,4.6,33.0,33.0,4.6,0.0,0.0,7.0,23.0,70.0
10496,7.0,33.99,33.99,39.99,4000000.0,4.4,,,4.4,7.0,2.0,5.0,11.0,75.0
10497,1728.0,,,,,,,,,0.0,0.0,0.0,0.0,
10498,,,,,,3.9,209.0,209.0,3.9,10.0,10.0,15.0,7.0,58.0
10499,23.0,,,,50000000.0,4.5,29.0,29.0,4.5,6.0,0.0,10.0,7.0,77.0
10500,1978.0,,,,,3.5,225.0,225.0,3.5,19.0,7.0,8.0,,31.0
10501,141.0,194.99,194.99,204.99,200000000.0,4.4,77.0,,,,,,,
10502,348.0,,,,,,,,,,,,,
10503,376.0,149.0,149.0,159.0,,4.2,11.0,11.0,4.2,11.0,0.0,13.0,12.0,64.0
10504,61.0,,,,200000000.0,4.7,194.0,,,,,,,
10505,782.0,3.99,3.99,,,4.3,164.0,,,5.0,8.0,8.0,8.0,71.0
10506,1007.0,,,,,4.1,14.0,14.0,4.1,18.0,0.0,7.0,0.0,75.0
10507,586.0,,,,,,,,,,,,,
10508,198.0,,,,200000000.0,,,,,,,,,
10509,,108.0,108.0,,,3.9,278.0,278.0,3.9,7.0,8.0,17.0,16.0,52.0
10510,752.0,,,,,,,,,,,,,
10511,25.0,172.95,172.95,,,4.5,1780.0,,,,,,,
10512,,119.99,119.99,,,4.0,511.0,511.0,4.0,13.0,5.0,7.0,13.0,62.0
10513,44.0,,,,,4.4,90.0,,,,,,,
10514,2524.0,80.0,80.0,,,4.0,113.0,,,,,,,
10515,67.0,10.9,10.9,,300000000.0,4.5,50.0,50.0,4.5,3.0,3.0,3.0,20.0,71.0
10516,,142.66,142.66,,,5.0,1.0,1.0,5.0,0.0,0.0,0.0,0.0,100.0
10517,1569.0,,,,,4.0,89.0,89.0,4.0,14.0,0.0,13.0,12.0,61.0
10518,58.0,,,,100000000.0,,2.0,2.0,,,0.0,0.0,0.0,51.0
10519,445.0,,,,,,,,,,,,,
10520,782.0,179.99,179.99,,,4.6,52.0,52.0,4.6,3.0,5.0,0.0,10.0,82.0
10521,471.0,,,,,4.5,104.0,104.0,4.5,6.0,1.0,4.0,14.0,75.0
10523,,157.25,157.25,,,3.9,27.0,27.0,3.9,11.0,,10.0,12.0,56.0
10524,32.0,159.99,159.99,179.99,100000000.0,4.3,187.0,187.0,4.3,10.0,2.0,5.0,11.0,72.0
10525,59.0,24.99,24.99,,400000000.0,4.4,241.0,241.0,4.4,6.0,2.0,8.0,10.0,74.0
10526,1170.0,49.99,49.99,89.99,,4.8,103.0,103.0,4.8,3.0,3.0,0.0,0.0,94.0
10527,410.0,195.0,195.0,,,3.9,142.0,142.0,3.9,17.0,5.0,9.0,10.0,59.0
10528,,178.0,178.0,,,4.3,185.0,185.0,4.3,6.0,6.0,7.0,12.0,69.0
10529,,104.98,104.98,,,3.7,75.0,75.0,3.7,10.0,10.0,13.0,,36.0
10530,64.0,7.99,7.99,,200000000.0,4.4,140.0,140.0,4.4,5.0,1.0,6.0,18.0,70.0
10531,813.0,19.99,19.99,,50000000.0,4.2,916.0,916.0,4.2,10.0,4.0,4.0,14.0,68.0
10533,,,,,,4.0,266.0,,,,,,,
10534,,,,,,4.2,98.0,,,,,,,
10535,37.0,,,,100000000.0,,,,,,,,,
10536,899.0,14.59,14.59,,,3.8,11.0,11.0,3.8,15.0,0.0,,12.0,52.0
10537,21.0,21.59,21.59,23.99,50000000.0,4.6,,,,,,,,
10538,299.0,,,,,4.4,1102.0,1102.0,4.4,8.0,1.0,4.0,15.0,72.0
10539,528.0,99.99,99.99,,,4.6,6.0,,,,,,,
10540,2071.0,181.43,181.43,,,4.1,75.0,75.0,4.1,8.0,,8.0,10.0,63.0
10541,30.0,6.96,6.96,,4000000.0,4.5,91.0,91.0,4.5,4.0,1.0,6.0,15.0,74.0
10542,484.0,,,,,4.2,549.0,,,,,,,
10544,137.0,19.64,19.64,29.99,,4.4,70.0,70.0,4.4,7.0,0.0,10.0,11.0,72.0
10545,1829.0,81.55,81.55,,,,28.0,28.0,,,,12.0,12.0,
10546,15.0,,,,100000000.0,4.5,133.0,133.0,4.5,4.0,6.0,1.0,7.0,82.0
10547,2397.0,,,,,,,,,0.0,0.0,0.0,0.0,
10548,110.0,,,,100000000.0,,,,,,,,,
10549,1206.0,33.87,33.87,,,,79.0,79.0,,12.0,,,15.0,
10550,1448.0,29.99,29.99,,,3.6,50.0,,,,,,,
10551,228.0,,,,,5.0,1.0,,,,,,,
10552,200.0,47.5,47.5,51.0,50000000.0,5.0,2.0,2.0,5.0,0.0,0.0,0.0,0.0,100.0
10553,62.0,143.47,143.47,,,4.3,1005.0,,,,,,,
10554,2238.0,,,,,4.4,4.0,4.0,4.4,0.0,0.0,,20.0,59.0
10555,,,,,,3.7,19.0,,,,,,,
10556,102.0,19.95,19.95,19.95,50000000.0,4.2,478.0,478.0,4.2,7.0,4.0,9.0,15.0,65.0
10557,1198.0,,,,,,,,,,,,,
10558,9.0,71.99,71.99,94.99,1000000.0,4.2,,,4.2,7.0,4.0,8.0,17.0,64.0
10559,18.0,,,,100000000.0,4.9,13.0,13.0,4.9,0.0,0.0,0.0,12.0,88.0
10560,74.0,26.95,26.95,,,4.1,1717.0,1717.0,4.1,13.0,4.0,6.0,15.0,62.0
10561,593.0,,,,,4.9,15.0,15.0,4.9,0.0,0.0,0.0,14.0,86.0
10563,4.0,22.99,22.99,39.99,10000000.0,4.3,,,4.3,7.0,3.0,7.0,17.0,66.0
10564,214.0,33.99,33.99,51.99,100000000.0,4.1,79.0,79.0,4.1,12.0,1.0,8.0,17.0,62.0
10565,1822.0,,,,,,,,,0.0,0.0,0.0,0.0,
10566,776.0,,,,,3.9,194.0,194.0,3.9,5.0,,14.0,19.0,49.0
10569,32.0,12.99,12.99,,100000000.0,4.0,84.0,84.0,4.0,5.0,6.0,,18.0,50.0
10570,1518.0,88.99,88.99,98.99,,4.7,23.0,23.0,4.7,0.0,0.0,8.0,14.0,78.0
10571,202.0,199.95,199.95,,50000000.0,4.5,52.0,,,,,,,
10572,284.0,,,,50000000.0,4.1,41.0,41.0,4.1,17.0,4.0,3.0,4.0,72.0
10573,123.0,,,,,4.5,553.0,,,,,,,
10574,342.0,189.95,189.95,199.95,50000000.0,4.4,54.0,54.0,4.4,10.0,0.0,3.0,11.0,76.0
10575,870.0,13.95,13.95,,,4.5,227.0,227.0,4.5,6.0,3.0,2.0,9.0,80.0
10576,,163.89,163.89,,,4.2,108.0,,,,,,,
10577,31.0,,,,,4.4,156.0,156.0,4.4,7.0,3.0,4.0,11.0,75.0
10578,,,,,,3.7,268.0,268.0,3.7,14.0,9.0,10.0,24.0,43.0
10579,2095.0,156.01,156.01,,,3.5,37.0,37.0,3.5,20.0,0.0,17.0,,34.0
10580,,14.9,14.9,,,,,,,0.0,0.0,0.0,0.0,
10582,34.0,,,,,4.5,18.0,18.0,4.5,7.0,0.0,0.0,17.0,76.0
10583,,26.96,26.96,,,,195.0,195.0,,,10.0,14.0,15.0,30.0
10584,2465.0,,,,,,63.0,63.0,,,8.0,5.0,9.0,33.0
10585,1865.0,,,,,4.2,277.0,277.0,4.2,5.0,2.0,11.0,25.0,57.0
10586,223.0,9.45,9.45,,,4.6,248.0,248.0,4.6,2.0,3.0,6.0,13.0,76.0
10587,,85.0,85.0,,,4.2,623.0,623.0,4.2,6.0,5.0,14.0,9.0,66.0
10588,1296.0,79.99,79.99,99.99,,4.0,9.0,9.0,4.0,0.0,,0.0,0.0,65.0
10589,2362.0,,,,,4.2,9.0,9.0,4.2,0.0,,13.0,15.0,59.0
10590,766.0,49.99,49.99,79.99,,4.2,83.0,83.0,4.2,9.0,3.0,8.0,15.0,65.0
10591,373.0,8.4,8.4,9.03,,4.6,1014.0,1014.0,4.6,3.0,2.0,5.0,12.0,78.0
10592,,19.99,19.99,,,,3.0,3.0,,,0.0,0.0,,
10593,454.0,,,229.0,,,23.0,23.0,,,,7.0,12.0,36.0
10594,110.0,9.99,9.99,,,4.7,1282.0,,,,,,,
10595,,92.33,92.33,,,4.1,404.0,,,,,,,
10596,,14.95,14.95,21.29,,,4.0,4.0,,,0.0,,0.0,32.0
10597,65.0,24.99,24.99,29.99,200000000.0,4.4,272.0,272.0,4.4,5.0,4.0,8.0,13.0,70.0
10598,698.0,164.98,164.98,,,3.4,140.0,140.0,3.4,,5.0,5.0,,37.0
10599,580.0,,,,100000000.0,,,,,,,,,
10600,42.0,,,,,4.2,137.0,,,,,,,
10601,89.0,,,,,,34.0,34.0,,,7.0,13.0,12.0,41.0
10602,729.0,12.99,12.99,,,,,,,,,,,
10603,812.0,152.98,152.98,,,4.1,495.0,495.0,4.1,8.0,5.0,10.0,18.0,59.0
10604,423.0,98.99,98.99,,,4.0,117.0,117.0,4.0,13.0,6.0,4.0,13.0,64.0
10605,,,,,300000000.0,4.3,20.0,20.0,4.3,7.0,6.0,7.0,12.0,68.0
10607,322.0,,,,,4.1,54.0,54.0,4.1,12.0,6.0,4.0,9.0,69.0
10608,1589.0,13.95,13.95,,,4.4,375.0,375.0,4.4,7.0,3.0,6.0,10.0,74.0
10609,,99.99,99.99,,,4.1,491.0,491.0,4.1,10.0,7.0,5.0,17.0,61.0
10610,,12.45,12.45,,,,1.0,1.0,,,0.0,0.0,0.0,
10611,152.0,,,,,4.3,109.0,109.0,4.3,7.0,6.0,6.0,10.0,71.0
10612,1157.0,149.95,149.95,,,3.6,9.0,9.0,3.6,,0.0,0.0,0.0,67.0
10613,,22.73,22.73,28.29,,,,,,0.0,0.0,0.0,0.0,
10614,982.0,130.04,130.04,,,3.8,232.0,232.0,3.8,17.0,8.0,8.0,12.0,55.0
10615,,59.96,59.96,,,4.0,177.0,177.0,4.0,8.0,8.0,12.0,13.0,59.0
10616,120.0,154.82,154.82,,,4.3,356.0,356.0,4.3,9.0,2.0,6.0,10.0,73.0
10617,2105.0,,,,,,60.0,60.0,,,9.0,10.0,19.0,34.0
10618,577.0,,,,,4.0,377.0,,,,,,,
10619,1171.0,14.95,14.95,,,,2.0,2.0,,0.0,,0.0,,
10620,10.0,,,,200000000.0,,,,,,,,,
10621,998.0,145.0,145.0,,,,160.0,160.0,,,,5.0,,
10623,21.0,16.13,16.13,24.99,1000000.0,4.3,,,4.3,8.0,3.0,7.0,14.0,68.0
10624,16.0,,,,50000000.0,,,,,,,,,
10625,251.0,,,,50000000.0,,,,,,,,,
10626,2.0,,,,,4.5,701.0,701.0,4.5,5.0,2.0,4.0,10.0,79.0
10627,2284.0,29.99,29.99,,,4.3,7.0,7.0,4.3,0.0,,0.0,0.0,78.0
10628,35.0,,,,,4.5,1390.0,1390.0,4.5,4.0,3.0,6.0,11.0,76.0
10630,183.0,,,,,,,,,,,,,
10631,64.0,,,,,4.7,56.0,56.0,4.7,3.0,0.0,2.0,12.0,83.0
10632,1.0,,,,100000000.0,,,,,,,,,
10633,951.0,,,,,4.2,272.0,272.0,4.2,7.0,10.0,7.0,7.0,69.0
10634,286.0,178.7,178.7,179.98,,,3.0,3.0,,,0.0,0.0,0.0,39.0
10635,186.0,,,,,,,,,,,,,
10637,424.0,124.29,124.29,,,4.3,1005.0,1005.0,4.3,9.0,2.0,6.0,14.0,69.0
10638,182.0,78.9,78.9,,,,,,,0.0,0.0,0.0,0.0,
10640,80.0,179.0,179.0,,,4.5,1232.0,,,,,,,
10642,9.0,,,,200000000.0,4.4,137.0,137.0,4.4,7.0,3.0,6.0,8.0,76.0
10643,100.0,,,,,4.4,55.0,55.0,4.4,5.0,2.0,6.0,18.0,69.0
10644,1.0,,,,3000000.0,,,,,,,,,
10646,3.0,59.99,59.99,74.99,1000000.0,4.3,416.0,416.0,4.3,7.0,4.0,9.0,9.0,71.0
10647,46.0,,,,50000000.0,4.8,588.0,588.0,4.8,2.0,0.0,2.0,8.0,88.0
10649,191.0,,,,,4.4,650.0,650.0,4.4,6.0,5.0,4.0,7.0,78.0
10650,304.0,,,,,4.0,14.0,14.0,4.0,18.0,0.0,10.0,10.0,62.0
10651,145.0,,,,,4.7,1025.0,1025.0,4.7,3.0,2.0,1.0,7.0,87.0
10652,,71.76,71.76,,,4.1,216.0,216.0,4.1,9.0,9.0,9.0,9.0,64.0
10653,758.0,,,,,,4.0,4.0,,,,0.0,0.0,
10654,21.0,,,,,4.6,127.0,,,,,,,
10656,339.0,,,,,,,,,0.0,0.0,0.0,0.0,
10658,137.0,,,,,5.0,7.0,7.0,5.0,0.0,0.0,0.0,0.0,100.0
10659,249.0,,,,,5.0,8.0,8.0,5.0,0.0,0.0,0.0,0.0,100.0
10662,120.0,,,,200000000.0,4.3,,,4.3,6.0,4.0,9.0,17.0,64.0
10663,252.0,,,,,4.7,311.0,311.0,4.7,1.0,1.0,4.0,6.0,88.0
10664,273.0,,,,,4.4,130.0,130.0,4.4,4.0,3.0,7.0,16.0,70.0
10666,372.0,,,,50000000.0,4.0,790.0,790.0,4.0,12.0,6.0,9.0,17.0,56.0
10667,209.0,,,,,4.7,5.0,,,,,,,
10668,25.0,,,,,4.4,262.0,262.0,4.4,4.0,6.0,6.0,14.0,70.0
10669,58.0,,,,,,,,,0.0,0.0,0.0,0.0,
10670,334.0,,,,,,6.0,6.0,,,10.0,0.0,0.0,35.0
10671,318.0,,,,,3.6,6.0,,,,,,,
10673,446.0,,,,,4.1,51.0,51.0,4.1,9.0,5.0,5.0,21.0,60.0
10674,86.0,29.59,29.59,32.99,1000000.0,4.0,386.0,386.0,4.0,11.0,4.0,14.0,12.0,59.0
10675,329.0,,,,,,,,,,,,,
10677,449.0,,,,,4.6,1979.0,1979.0,4.6,4.0,1.0,2.0,14.0,79.0
10679,76.0,,,,,4.3,234.0,234.0,4.3,10.0,1.0,5.0,8.0,76.0
10680,316.0,116.01,116.01,,,4.5,124.0,124.0,4.5,7.0,3.0,4.0,6.0,80.0
10681,321.0,,,,,,,,,0.0,0.0,0.0,0.0,
10682,306.0,,,,,,,,,,,,,
10683,185.0,,,,,4.3,1257.0,1257.0,4.3,9.0,2.0,5.0,12.0,72.0
10684,33.0,,,,,4.2,10.0,10.0,4.2,0.0,9.0,15.0,19.0,57.0
10685,57.0,,,,,4.2,37.0,37.0,4.2,18.0,0.0,0.0,0.0,82.0
10686,623.0,,,,,4.3,1030.0,,,,,,,
10687,56.0,,,,,4.8,12.0,12.0,4.8,0.0,0.0,0.0,19.0,81.0
10688,532.0,112.77,112.77,,,4.1,1021.0,1021.0,4.1,11.0,5.0,7.0,11.0,66.0
10689,666.0,,,,,4.0,43.0,43.0,4.0,9.0,,9.0,12.0,58.0
10690,229.0,,,,,4.1,15.0,15.0,4.1,15.0,0.0,13.0,0.0,72.0
10691,365.0,138.99,138.99,,,3.9,243.0,243.0,3.9,15.0,3.0,10.0,21.0,51.0
10692,338.0,,,,,4.5,425.0,425.0,4.5,4.0,2.0,5.0,14.0,75.0
10693,1.0,,,237.0,1000000.0,4.4,2482.0,2482.0,4.4,9.0,2.0,5.0,9.0,75.0
10694,4.0,49.99,49.99,59.99,3000000.0,4.7,,3141.0,4.7,1.0,1.0,5.0,15.0,78.0
10695,393.0,,,,,4.6,1705.0,,,,,,,
10696,167.0,,,,,4.4,46.0,46.0,4.4,7.0,0.0,7.0,15.0,71.0
10697,4.0,19.95,19.95,,2000000.0,4.7,2823.0,2823.0,4.7,2.0,1.0,2.0,14.0,81.0
10698,2.0,32.99,32.99,35.99,2000000.0,4.6,,,4.6,2.0,1.0,4.0,13.0,80.0
10700,3.0,33.99,33.99,38.99,4000000.0,4.6,,3106.0,4.6,3.0,1.0,5.0,13.0,78.0
10704,6.0,109.99,109.99,,200000000.0,4.1,137.0,137.0,4.1,11.0,6.0,6.0,15.0,62.0
10705,4.0,15.11,15.11,24.99,1000000.0,4.7,,,4.7,1.0,1.0,5.0,16.0,77.0
10706,4.0,109.99,109.99,109.99,200000000.0,4.3,102.0,102.0,4.3,6.0,8.0,5.0,8.0,73.0
10708,772.0,,,,,,,,,0.0,0.0,0.0,0.0,
10709,73.0,,,,,4.7,208.0,208.0,4.7,2.0,0.0,4.0,10.0,84.0
10710,31.0,40.95,40.95,,200000000.0,4.6,2109.0,2109.0,4.6,4.0,1.0,5.0,11.0,79.0
10711,220.0,,,,,5.0,1.0,,,,,,,
10713,9.0,39.99,39.99,,400000000.0,4.6,1719.0,,,1.0,3.0,5.0,17.0,74.0
10715,96.0,,,,,4.6,14.0,14.0,4.6,0.0,0.0,8.0,24.0,68.0
10716,21.0,47.99,47.99,59.99,,4.6,,,4.6,2.0,2.0,5.0,11.0,80.0
10718,582.0,116.0,116.0,,,4.0,6.0,6.0,4.0,19.0,0.0,0.0,19.0,62.0
10719,5.0,16.99,16.99,,,4.4,,,4.4,3.0,2.0,9.0,17.0,69.0
10720,2.0,99.99,99.99,99.99,,4.5,675.0,675.0,4.5,4.0,2.0,5.0,14.0,75.0
10721,2.0,16.79,16.79,18.04,8000000.0,4.5,,,4.5,3.0,2.0,7.0,15.0,73.0
10722,41.0,35.99,35.99,,,4.5,400.0,400.0,4.5,3.0,2.0,6.0,17.0,72.0
10723,509.0,53.99,53.99,59.95,100000000.0,4.7,52.0,,,,,,,
10724,14.0,79.95,79.95,,200000000.0,4.6,,,4.6,3.0,1.0,4.0,11.0,81.0
10725,28.0,10.99,10.99,,100000000.0,4.5,233.0,233.0,4.5,2.0,1.0,6.0,22.0,69.0
10726,105.0,,,,300000000.0,,,,,,,,,
10727,40.0,59.99,59.99,,400000000.0,4.5,313.0,313.0,4.5,2.0,2.0,6.0,18.0,72.0
10728,84.0,,,,,4.6,57.0,57.0,4.6,0.0,0.0,9.0,19.0,72.0
10729,2.0,74.99,74.99,99.99,300000000.0,4.2,1258.0,,,,,,,
10730,40.0,23.99,23.99,27.99,,4.7,346.0,346.0,4.7,1.0,2.0,4.0,10.0,83.0
10733,19.0,56.99,56.99,66.99,,4.7,304.0,304.0,4.7,2.0,0.0,3.0,11.0,84.0
10734,15.0,109.0,109.0,169.0,,4.4,1017.0,,,,,,,
10735,26.0,24.99,24.99,,400000000.0,4.6,1544.0,1544.0,4.6,2.0,1.0,6.0,12.0,79.0
10736,378.0,,,,,4.4,1102.0,1102.0,4.4,8.0,1.0,4.0,15.0,72.0
10737,247.0,26.9,26.9,,,,6.0,6.0,,,0.0,0.0,16.0,46.0
10738,,56.99,56.99,,,4.2,71.0,71.0,4.2,8.0,4.0,8.0,15.0,65.0
10739,62.0,,,,100000000.0,,,,,,,,,
10740,15.0,19.99,19.99,21.99,,4.6,165.0,165.0,4.6,1.0,0.0,4.0,22.0,73.0
10741,5.0,21.99,21.99,,,4.5,1544.0,1544.0,4.5,5.0,3.0,4.0,13.0,75.0
10742,63.0,,,,100000000.0,,,,,,,,,
10743,7.0,,,,400000000.0,,,,,,,,,
10744,3.0,26.9,26.9,42.29,1000000.0,4.6,1086.0,1086.0,4.6,2.0,2.0,5.0,12.0,79.0
10745,3.0,24.99,24.99,,,4.1,103.0,103.0,4.1,9.0,4.0,11.0,16.0,60.0
10746,143.0,,,,,4.4,113.0,,,,,,,
10747,90.0,9.09,9.09,,,5.0,4.0,,,,,,,
10748,977.0,,,,,4.7,538.0,,,,,,,
10749,26.0,19.9,19.9,31.95,,4.7,,,4.7,2.0,1.0,2.0,11.0,84.0
10750,16.0,7.99,7.99,,50000000.0,4.6,1524.0,1524.0,4.6,2.0,2.0,7.0,10.0,79.0
10751,262.0,74.09,74.09,77.99,100000000.0,4.6,657.0,,,,,,,
10752,79.0,,,,100000000.0,,,,,,,,,
10754,20.0,36.99,36.99,39.99,300000000.0,4.6,,,,,,,,
10755,49.0,,,,300000000.0,,,,,,,,,
10756,212.0,,,,,,,,,,,,,
10758,518.0,,,,50000000.0,,,,,,,,,
10759,27.0,33.49,33.49,52.99,,4.6,2490.0,2490.0,4.6,2.0,2.0,4.0,13.0,79.0
10760,58.0,22.99,22.99,31.99,,4.8,818.0,818.0,4.8,1.0,1.0,3.0,9.0,86.0
10761,26.0,31.49,31.49,,,4.6,,,4.6,2.0,2.0,5.0,14.0,77.0
10762,56.0,52.99,52.99,52.99,300000000.0,4.8,260.0,,,,,,,
10763,35.0,,,,400000000.0,,,,,,,,,
10764,46.0,25.99,25.99,35.99,50000000.0,4.7,2578.0,2578.0,4.7,2.0,1.0,3.0,11.0,83.0
10765,38.0,26.99,26.99,26.99,200000000.0,4.6,119.0,,,,,,,
10766,352.0,62.99,62.99,,50000000.0,4.7,627.0,,,,,,,
10767,723.0,17.99,17.99,,,4.4,92.0,,,,,,,
10768,324.0,27.99,27.99,,50000000.0,4.6,1682.0,1682.0,4.6,1.0,2.0,6.0,16.0,75.0
10769,2.0,39.95,39.95,39.95,1000000.0,4.2,,,4.2,8.0,4.0,8.0,15.0,65.0
10770,112.0,109.99,109.99,,100000000.0,4.7,1292.0,1292.0,4.7,2.0,1.0,3.0,11.0,83.0
10771,1832.0,9.99,9.99,,,4.7,1150.0,1150.0,4.7,2.0,1.0,4.0,12.0,81.0
10772,696.0,19.99,19.99,,,4.4,875.0,875.0,4.4,4.0,3.0,7.0,16.0,70.0
10773,7.0,10.11,10.11,25.49,300000000.0,4.4,205.0,205.0,4.4,6.0,1.0,6.0,14.0,73.0
10775,5.0,,,,,4.5,688.0,,,,,,,
10776,85.0,39.99,39.99,49.99,50000000.0,4.8,2661.0,2661.0,4.8,1.0,1.0,3.0,9.0,86.0
10777,4.0,25.62,25.62,,200000000.0,4.6,,,4.6,2.0,1.0,5.0,15.0,77.0
10778,8.0,66.99,66.99,,,4.7,,,4.7,2.0,1.0,4.0,11.0,82.0
10779,129.0,34.95,34.95,34.95,,4.2,3.0,3.0,4.2,0.0,0.0,,0.0,59.0
10780,163.0,,,,,,,,,,,,,
10782,988.0,49.99,49.99,,,4.4,16.0,,,,,,,
10783,1990.0,160.95,160.95,179.95,,4.5,859.0,859.0,4.5,2.0,3.0,8.0,17.0,70.0
10784,871.0,,,,50000000.0,,,,,,,,,
10785,100.0,28.34,28.34,31.49,,4.6,509.0,509.0,4.6,2.0,1.0,7.0,11.0,79.0
10786,30.0,24.73,24.73,,50000000.0,4.5,458.0,458.0,4.5,2.0,2.0,6.0,19.0,71.0
10787,396.0,29.99,29.99,,,4.6,98.0,98.0,4.6,3.0,3.0,3.0,11.0,80.0
10789,7.0,19.94,19.94,,1000000.0,4.6,,,4.6,3.0,2.0,5.0,13.0,77.0
10791,81.0,,,,,4.9,27.0,27.0,4.9,0.0,0.0,5.0,0.0,95.0
10792,2.0,24.98,24.98,29.99,400000000.0,4.7,,,4.7,2.0,1.0,3.0,11.0,83.0
10793,247.0,64.99,64.99,64.99,,4.6,1745.0,1745.0,4.6,2.0,0.0,5.0,13.0,80.0
10794,8.0,25.99,25.99,,100000000.0,4.6,1714.0,1714.0,4.6,3.0,1.0,5.0,12.0,79.0
10795,6.0,,,,,4.8,2164.0,2164.0,4.8,1.0,0.0,2.0,8.0,89.0
10796,201.0,,,,,4.4,1204.0,1204.0,4.4,6.0,3.0,3.0,21.0,67.0
10797,303.0,138.0,138.0,,,3.8,89.0,89.0,3.8,7.0,,11.0,21.0,46.0
10798,1693.0,59.99,59.99,,,4.7,793.0,793.0,4.7,1.0,1.0,5.0,11.0,82.0
10799,144.0,,,,,4.6,1137.0,1137.0,4.6,5.0,1.0,2.0,9.0,83.0
10800,215.0,,,,,4.6,78.0,78.0,4.6,5.0,0.0,0.0,18.0,77.0
10802,16.0,19.99,19.99,,,4.6,,,4.6,2.0,1.0,4.0,14.0,79.0
10803,267.0,,,,50000000.0,,,,,,,,,
10804,296.0,189.99,189.99,,50000000.0,4.6,,,,3.0,1.0,4.0,13.0,79.0
10805,350.0,26.59,26.59,29.99,100000000.0,4.7,47.0,47.0,4.7,0.0,0.0,6.0,14.0,80.0
10806,654.0,,,,,,,,,,,,,
10807,113.0,18.99,18.99,,100000000.0,4.7,150.0,,,0.0,0.0,6.0,17.0,77.0
10808,565.0,,,,,3.8,244.0,244.0,3.8,14.0,,7.0,8.0,58.0
10809,109.0,,,,,,,,,0.0,0.0,0.0,0.0,
10811,15.0,39.59,39.59,49.99,,4.6,374.0,374.0,4.6,5.0,1.0,5.0,8.0,81.0
10812,41.0,,,,,4.9,128.0,128.0,4.9,0.0,1.0,1.0,6.0,92.0
10815,351.0,,,,,4.6,24.0,,,0.0,,0.0,5.0,84.0
10816,249.0,39.99,39.99,42.49,50000000.0,4.6,,,4.6,1.0,2.0,5.0,16.0,76.0
10817,226.0,,,,,5.0,1.0,1.0,5.0,0.0,0.0,0.0,0.0,100.0
10818,722.0,38.99,38.99,,,4.4,133.0,133.0,4.4,2.0,4.0,6.0,19.0,69.0
10819,,26.99,26.99,,,4.1,25.0,25.0,4.1,6.0,0.0,,5.0,61.0
10822,19.0,9.99,9.99,,50000000.0,4.5,881.0,881.0,4.5,4.0,2.0,5.0,15.0,74.0
10823,433.0,,,,,4.3,561.0,561.0,4.3,7.0,4.0,11.0,7.0,71.0
10824,183.0,69.99,69.99,89.99,,4.7,144.0,144.0,4.7,0.0,3.0,5.0,9.0,83.0
10825,24.0,45.95,45.95,55.95,100000000.0,4.6,918.0,918.0,4.6,3.0,2.0,4.0,12.0,79.0
10826,88.0,13.99,13.99,,100000000.0,4.6,722.0,,,,,,,
10827,175.0,168.0,168.0,,,3.8,22.0,,,,,,,
10828,128.0,54.99,54.99,59.99,100000000.0,4.6,107.0,107.0,4.6,0.0,4.0,4.0,15.0,77.0
10830,173.0,52.99,52.99,59.99,,4.6,,,,,,,,
10831,190.0,29.99,29.99,,100000000.0,4.7,142.0,142.0,4.7,1.0,2.0,5.0,12.0,80.0
10833,458.0,49.95,49.95,54.95,,4.6,172.0,172.0,4.6,3.0,2.0,3.0,12.0,80.0
10834,255.0,,,,,4.7,136.0,,,3.0,0.0,4.0,8.0,85.0
10835,61.0,,,,50000000.0,,,,,,,,,
10838,157.0,,,,200000000.0,,,,,,,,,
10839,54.0,31.99,31.99,36.99,300000000.0,4.6,689.0,689.0,4.6,2.0,1.0,5.0,16.0,76.0
10840,1250.0,,,,,5.0,3.0,3.0,5.0,0.0,0.0,0.0,0.0,100.0
10841,288.0,,,,,,,,,0.0,0.0,0.0,0.0,
10842,6.0,,,,50000000.0,4.1,518.0,518.0,4.1,11.0,8.0,5.0,10.0,66.0
10843,70.0,82.54,82.54,,50000000.0,4.7,1225.0,1225.0,4.7,1.0,1.0,4.0,10.0,84.0
10844,449.0,39.26,39.26,,100000000.0,4.3,31.0,31.0,4.3,5.0,6.0,7.0,13.0,69.0
10845,18.0,99.99,99.99,99.99,50000000.0,4.0,232.0,,,,,,,
10846,415.0,,,,,4.5,22.0,,,,,,,
10847,11.0,12.99,12.99,,1000000.0,4.6,2219.0,2219.0,4.6,1.0,1.0,7.0,14.0,77.0
10848,227.0,,,,,4.1,960.0,,,,,,,
10849,8.0,119.99,119.99,119.99,100000000.0,4.3,2811.0,2811.0,4.3,7.0,4.0,8.0,14.0,67.0
10850,108.0,,,,,4.3,67.0,67.0,4.3,10.0,0.0,10.0,9.0,71.0
10851,36.0,42.29,42.29,46.29,100000000.0,4.4,1546.0,,,,,,,
10852,89.0,35.99,35.99,49.99,,4.8,37.0,,,,,,,
10853,15.0,69.95,69.95,69.95,300000000.0,4.5,201.0,201.0,4.5,3.0,1.0,8.0,17.0,71.0
10855,36.0,28.99,28.99,28.99,50000000.0,4.7,,3103.0,4.7,1.0,0.0,3.0,13.0,83.0
10856,1264.0,,,,,4.4,137.0,137.0,4.4,5.0,2.0,6.0,15.0,72.0
10857,291.0,,,,,,,,,,,,,
10858,123.0,,,,100000000.0,,,,,,,,,
10859,1294.0,,,,,4.3,243.0,243.0,4.3,9.0,3.0,5.0,14.0,69.0
10860,45.0,9.99,9.99,,100000000.0,4.6,189.0,,,0.0,1.0,9.0,13.0,77.0
10862,91.0,,,,,,,,,0.0,0.0,0.0,0.0,
10863,197.0,36.92,36.92,,,3.8,15.0,,,,,,,
10864,2165.0,199.99,199.99,,,4.8,19.0,19.0,4.8,0.0,0.0,0.0,16.0,84.0
10865,184.0,,,,,4.8,10.0,10.0,4.8,0.0,0.0,11.0,0.0,89.0
10867,1281.0,189.89,189.89,,,,,,,0.0,0.0,0.0,0.0,
10868,44.0,23.0,23.0,29.89,100000000.0,4.3,,,,,,,,
10869,57.0,,,,,4.3,566.0,566.0,4.3,8.0,4.0,7.0,9.0,72.0
10870,2172.0,33.99,33.99,,,4.5,45.0,45.0,4.5,6.0,0.0,4.0,11.0,79.0
10871,197.0,36.99,36.99,,,4.6,776.0,776.0,4.6,1.0,3.0,5.0,14.0,77.0
10872,174.0,,,,,4.0,142.0,142.0,4.0,8.0,8.0,11.0,16.0,57.0
10874,4.0,19.95,19.95,,1000000.0,4.6,,,4.6,4.0,2.0,4.0,12.0,78.0
10875,21.0,19.99,19.99,,200000000.0,4.7,208.0,,,,,,,
10876,204.0,187.95,187.95,,,4.6,1175.0,1175.0,4.6,4.0,1.0,5.0,12.0,78.0
10877,357.0,,,,,,,,,0.0,0.0,0.0,0.0,
10879,218.0,,,,,4.4,464.0,464.0,4.4,5.0,6.0,3.0,12.0,74.0
10880,530.0,,,,,4.6,2.0,,,,,,,
10881,60.0,179.0,179.0,,,4.8,26.0,,,,,,,
10882,207.0,8.99,8.99,,100000000.0,4.7,922.0,,,,,,,
10883,,36.29,36.29,,,4.4,1388.0,1388.0,4.4,3.0,5.0,7.0,15.0,70.0
10884,,24.99,24.99,,,4.4,275.0,275.0,4.4,7.0,3.0,5.0,16.0,69.0
10885,,18.99,18.99,19.99,,4.2,31.0,,,,,,,
10886,1138.0,,,,,,,,,0.0,0.0,0.0,0.0,
10887,,42.74,42.74,44.99,,3.9,20.0,20.0,3.9,13.0,5.0,10.0,15.0,57.0
10888,67.0,,,,,4.7,1965.0,1965.0,4.7,3.0,1.0,4.0,9.0,83.0
10889,17.0,39.99,39.99,49.99,50000000.0,4.3,88.0,88.0,4.3,3.0,2.0,14.0,18.0,63.0
10890,9.0,19.95,19.95,23.9,1000000.0,4.2,1776.0,1776.0,4.2,10.0,3.0,5.0,15.0,67.0
10891,12.0,14.95,14.95,14.95,50000000.0,4.0,158.0,158.0,4.0,11.0,3.0,14.0,11.0,61.0
10892,575.0,76.8,76.8,,,,5.0,,,,,,,
10893,63.0,7.99,7.99,,,4.2,93.0,93.0,4.2,8.0,3.0,7.0,22.0,60.0
10894,730.0,22.99,22.99,,100000000.0,4.6,164.0,164.0,4.6,2.0,2.0,7.0,13.0,76.0
10895,435.0,96.01,96.01,,,4.2,355.0,,,,,,,
10896,89.0,39.99,39.99,,,4.5,1087.0,,,,,,,
10897,712.0,,,,,5.0,2.0,2.0,5.0,0.0,0.0,0.0,0.0,100.0
10898,34.0,27.95,27.95,,50000000.0,4.7,1270.0,1270.0,4.7,2.0,1.0,4.0,13.0,80.0
10899,31.0,36.0,36.0,,,4.0,25.0,25.0,4.0,15.0,0.0,13.0,17.0,55.0
10900,635.0,179.95,179.95,,,4.1,66.0,,,,,,,
10901,52.0,,,,,4.4,1043.0,1043.0,4.4,7.0,2.0,6.0,15.0,70.0
10902,243.0,,,,,,,,,0.0,0.0,0.0,0.0,
10903,104.0,44.99,44.99,,50000000.0,4.3,,3070.0,4.3,9.0,3.0,7.0,12.0,69.0
10904,68.0,,,,,4.6,179.0,179.0,4.6,2.0,2.0,7.0,9.0,80.0
10905,125.0,44.99,44.99,,200000000.0,4.2,101.0,,,,,,,
10906,7.0,19.79,19.79,21.99,400000000.0,4.4,,,4.4,3.0,2.0,8.0,17.0,70.0
10907,345.0,109.99,109.99,,,3.9,135.0,135.0,3.9,16.0,5.0,7.0,13.0,59.0
10908,38.0,,,,100000000.0,,,,,,,,,
10909,130.0,,,,,4.7,49.0,49.0,4.7,0.0,0.0,4.0,16.0,80.0
10910,1.0,,,,,4.3,217.0,217.0,4.3,4.0,2.0,13.0,21.0,60.0
10911,318.0,28.99,28.99,,,4.4,97.0,97.0,4.4,6.0,2.0,4.0,15.0,73.0
10913,721.0,,,,50000000.0,,,,,,,,,
10914,543.0,15.99,15.99,,,4.6,69.0,69.0,4.6,4.0,0.0,5.0,9.0,82.0
10915,73.0,16.99,16.99,,,4.4,565.0,565.0,4.4,7.0,2.0,5.0,11.0,75.0
10916,162.0,51.9,51.9,54.9,100000000.0,4.8,329.0,329.0,4.8,0.0,0.0,2.0,14.0,84.0
10917,135.0,,,,,3.9,9.0,9.0,3.9,0.0,,0.0,,34.0
10918,72.0,15.99,15.99,,50000000.0,4.5,347.0,,,,,,,
10919,146.0,56.99,56.99,59.99,200000000.0,4.3,1419.0,1419.0,4.3,6.0,3.0,11.0,17.0,63.0
10920,23.0,74.99,74.99,79.99,50000000.0,4.2,133.0,133.0,4.2,9.0,3.0,9.0,19.0,60.0
10921,38.0,199.0,199.0,,,3.9,211.0,211.0,3.9,16.0,6.0,6.0,12.0,60.0
10922,31.0,139.99,139.99,139.99,50000000.0,4.3,21.0,,,,,,,
10923,84.0,49.0,49.0,,,4.0,11.0,,,,,,,
10924,24.0,72.75,72.75,,50000000.0,4.4,184.0,184.0,4.4,5.0,2.0,7.0,12.0,74.0
10925,37.0,24.95,24.95,29.95,200000000.0,4.7,106.0,106.0,4.7,1.0,1.0,5.0,9.0,84.0
10926,72.0,,,,,4.5,9.0,9.0,4.5,0.0,0.0,12.0,,61.0
10928,38.0,,,,50000000.0,,,,,,,,,
10929,486.0,,,,,,,,,,,,,
10930,12.0,16.95,16.95,19.95,,4.8,455.0,455.0,4.8,0.0,1.0,2.0,12.0,85.0
10931,2.0,,,,,4.0,16.0,16.0,4.0,,0.0,0.0,0.0,76.0
10932,134.0,,,,,,,,,0.0,0.0,0.0,0.0,
10933,692.0,35.99,35.99,,,4.5,123.0,123.0,4.5,4.0,3.0,5.0,10.0,78.0
10934,376.0,179.95,179.95,,,3.9,239.0,239.0,3.9,12.0,6.0,6.0,24.0,52.0
10935,70.0,,,,,4.4,77.0,77.0,4.4,9.0,0.0,6.0,9.0,76.0
10937,996.0,59.95,59.95,59.95,,4.1,22.0,22.0,4.1,13.0,7.0,8.0,0.0,72.0
10938,932.0,23.99,23.99,26.99,50000000.0,4.6,23.0,23.0,4.6,2.0,0.0,6.0,23.0,69.0
10939,340.0,109.95,109.95,,50000000.0,4.8,50.0,50.0,4.8,0.0,0.0,6.0,6.0,88.0
10940,336.0,,,,,,,,,0.0,0.0,0.0,0.0,
10941,196.0,,,,,,,,,,,,,
10942,1125.0,201.63,201.63,201.63,,4.5,464.0,464.0,4.5,3.0,3.0,5.0,20.0,69.0
10943,20.0,24.99,24.99,,100000000.0,4.6,63.0,,,,,,,
10944,1428.0,99.0,99.0,,,4.8,12.0,12.0,4.8,0.0,0.0,0.0,20.0,80.0
10945,140.0,69.99,69.99,79.99,100000000.0,4.6,,,4.6,2.0,1.0,3.0,14.0,80.0
10946,198.0,79.99,79.99,,50000000.0,4.5,,,4.5,4.0,2.0,5.0,15.0,74.0
10947,4.0,123.49,123.49,161.99,100000000.0,4.5,983.0,983.0,4.5,3.0,3.0,6.0,14.0,74.0
10949,20.0,,,,,4.0,735.0,735.0,4.0,6.0,10.0,14.0,19.0,51.0
10950,69.0,,,,,4.7,1295.0,1295.0,4.7,4.0,2.0,2.0,6.0,86.0
10951,613.0,34.0,34.0,,,3.6,39.0,39.0,3.6,15.0,6.0,17.0,21.0,41.0
10952,71.0,109.99,109.99,,,4.7,4.0,4.0,4.7,0.0,0.0,0.0,25.0,75.0
10953,377.0,39.95,39.95,,100000000.0,4.1,44.0,44.0,4.1,6.0,,5.0,22.0,56.0
10954,695.0,,,,,3.9,464.0,464.0,3.9,19.0,4.0,5.0,11.0,61.0
10955,164.0,,,,100000000.0,,,,,,,,,
10956,123.0,37.04,37.04,38.99,,4.8,18.0,,,,,,,
10957,71.0,,,,,4.6,55.0,55.0,4.6,3.0,0.0,9.0,9.0,79.0
10958,431.0,,,,,,,,,,,,,
10959,1.0,40.49,40.49,49.99,300000000.0,4.5,99.0,99.0,4.5,2.0,3.0,4.0,18.0,73.0
10960,145.0,30.49,30.49,,,4.7,230.0,,,,,,,
10961,37.0,,,,,,,,,,,,,
10962,281.0,,,,,3.9,28.0,28.0,3.9,0.0,,,9.0,51.0
10963,41.0,199.0,199.0,,50000000.0,4.2,424.0,424.0,4.2,7.0,3.0,11.0,14.0,65.0
10964,5.0,49.95,49.95,,400000000.0,4.6,117.0,117.0,4.6,4.0,2.0,2.0,7.0,85.0
10965,182.0,82.49,82.49,109.99,50000000.0,4.2,127.0,127.0,4.2,8.0,7.0,1.0,20.0,64.0
10966,88.0,,,,,,,,,,,,,
10967,105.0,,,,,4.6,20.0,20.0,4.6,0.0,6.0,6.0,7.0,81.0
10968,976.0,,,,,4.8,4.0,4.0,4.8,0.0,0.0,0.0,22.0,78.0
10969,87.0,80.49,80.49,,,4.5,256.0,256.0,4.5,2.0,2.0,9.0,15.0,72.0
10970,1089.0,,,,,4.0,144.0,144.0,4.0,5.0,5.0,,13.0,51.0
10971,8.0,13.99,13.99,,,4.6,45.0,45.0,4.6,4.0,3.0,0.0,16.0,77.0
10972,1123.0,29.99,29.99,31.99,50000000.0,4.8,8.0,8.0,4.8,0.0,0.0,0.0,19.0,81.0
10973,166.0,,,,,4.2,654.0,,,,,,,
10974,157.0,36.39,36.39,45.49,50000000.0,4.6,720.0,720.0,4.6,3.0,1.0,6.0,12.0,78.0
10975,34.0,,,,50000000.0,4.7,89.0,89.0,4.7,2.0,2.0,4.0,2.0,90.0
10976,21.0,,,,50000000.0,,,,,,,,,
10977,97.0,,,,,4.4,54.0,,,,,,,
10979,94.0,,,,,4.4,40.0,40.0,4.4,7.0,6.0,0.0,6.0,81.0
10980,,12.78,12.78,19.99,,4.2,930.0,930.0,4.2,7.0,4.0,9.0,25.0,55.0
10981,56.0,,,257.0,50000000.0,4.4,1592.0,,,,,,,
10982,305.0,52.99,52.99,58.99,50000000.0,4.6,431.0,431.0,4.6,3.0,2.0,6.0,10.0,79.0
10983,667.0,55.99,55.99,61.99,,4.4,58.0,58.0,4.4,4.0,4.0,7.0,11.0,74.0
10984,301.0,,,,,4.6,685.0,685.0,4.6,1.0,2.0,5.0,10.0,82.0
10985,11.0,28.99,28.99,,50000000.0,4.2,1660.0,1660.0,4.2,8.0,5.0,7.0,14.0,66.0
10986,33.0,39.99,39.99,39.99,100000000.0,4.2,270.0,270.0,4.2,9.0,5.0,5.0,17.0,64.0
10987,30.0,19.95,19.95,19.95,50000000.0,4.4,184.0,184.0,4.4,4.0,8.0,5.0,9.0,74.0
10988,205.0,,,,,3.8,9.0,9.0,3.8,15.0,,0.0,15.0,57.0
10989,1185.0,45.99,45.99,,,4.6,67.0,67.0,4.6,0.0,5.0,3.0,15.0,77.0
10990,419.0,116.0,116.0,,,4.7,137.0,137.0,4.7,1.0,2.0,5.0,9.0,83.0
10991,462.0,,,,,,,,,0.0,0.0,0.0,0.0,
10992,250.0,69.99,69.99,,50000000.0,4.6,421.0,421.0,4.6,1.0,2.0,5.0,14.0,78.0
10993,13.0,71.99,71.99,89.99,400000000.0,4.3,858.0,858.0,4.3,7.0,4.0,7.0,14.0,68.0
10995,21.0,27.35,27.35,28.79,400000000.0,4.5,2717.0,,,,,,,
10996,75.0,15.99,15.99,,,4.7,3.0,3.0,4.7,0.0,0.0,0.0,,73.0
10997,134.0,74.99,74.99,,,4.3,8.0,8.0,4.3,14.0,0.0,0.0,14.0,72.0
10998,9.0,,,,,,,,,,,,,
10999,221.0,129.99,129.99,,50000000.0,4.5,1488.0,1488.0,4.5,6.0,3.0,2.0,13.0,76.0
11000,94.0,19.99,19.99,,,4.0,85.0,85.0,4.0,9.0,6.0,11.0,21.0,53.0
11001,1808.0,,,,,4.1,62.0,62.0,4.1,13.0,4.0,6.0,16.0,61.0
11002,,30.99,30.99,,,4.6,15.0,,,,,,,
11003,98.0,,,,,4.5,132.0,,,,,,,
11004,381.0,21.46,21.46,,,4.2,255.0,255.0,4.2,8.0,5.0,10.0,15.0,62.0
11005,300.0,210.99,210.99,,50000000.0,4.7,840.0,840.0,4.7,3.0,1.0,2.0,7.0,87.0
11006,82.0,16.99,16.99,17.99,200000000.0,4.5,1667.0,,,,,,,
11008,325.0,,,,,5.0,1.0,1.0,5.0,0.0,0.0,0.0,0.0,100.0
11009,3.0,,,,400000000.0,,,,,,,,,
11010,82.0,,,,100000000.0,,,,,,,,,
11011,359.0,178.0,178.0,,,4.3,13.0,13.0,4.3,14.0,0.0,0.0,15.0,71.0
11014,20.0,198.0,198.0,,,4.3,152.0,152.0,4.3,5.0,3.0,13.0,13.0,66.0
11015,191.0,24.99,24.99,,200000000.0,4.5,634.0,,,4.0,3.0,5.0,15.0,73.0
11016,267.0,9.99,9.99,,50000000.0,4.8,1422.0,1422.0,4.8,0.0,1.0,3.0,10.0,86.0
11017,783.0,,,,,,,,,,,,,
11019,,9.59,9.59,,,4.5,113.0,113.0,4.5,3.0,4.0,5.0,13.0,75.0
11021,66.0,60.89,60.89,67.89,,4.5,93.0,93.0,4.5,4.0,0.0,9.0,17.0,70.0
11022,325.0,,,,,4.4,1857.0,1857.0,4.4,6.0,1.0,6.0,14.0,73.0
11023,839.0,,,,,,,,,0.0,0.0,0.0,0.0,
11024,,13.99,13.99,,,4.7,186.0,,,3.0,0.0,2.0,13.0,82.0
11026,115.0,,,,,3.8,180.0,180.0,3.8,16.0,6.0,6.0,20.0,52.0
11027,117.0,,,,,4.6,1094.0,1094.0,4.6,3.0,2.0,2.0,10.0,83.0
11028,11.0,28.99,28.99,,,4.2,158.0,158.0,4.2,6.0,6.0,10.0,20.0,58.0
11030,752.0,128.99,128.99,,,4.7,6.0,6.0,4.7,0.0,0.0,0.0,,74.0
11031,412.0,,,,,,,,,0.0,0.0,0.0,0.0,
11033,10.0,,,,300000000.0,,,,,,,,,
11036,,44.99,44.99,,,4.8,16.0,,,,,,,
11038,1132.0,66.49,66.49,69.99,,4.8,529.0,529.0,4.8,0.0,0.0,4.0,7.0,89.0
11039,39.0,,,,50000000.0,4.8,28.0,28.0,4.8,0.0,0.0,0.0,21.0,79.0
11040,66.0,,,,300000000.0,,,,,,,,,
11041,,49.99,49.99,,,5.0,2.0,,,,,,,
11042,434.0,159.95,159.95,,100000000.0,4.7,193.0,193.0,4.7,1.0,1.0,5.0,12.0,81.0
11043,17.0,15.79,15.79,,400000000.0,4.6,,,,,,,,
11045,128.0,7.99,7.99,,,4.6,67.0,67.0,4.6,0.0,2.0,3.0,21.0,74.0
11046,1034.0,,,,,5.0,2.0,2.0,5.0,0.0,0.0,0.0,0.0,100.0
11047,20.0,49.95,49.95,49.95,100000000.0,4.3,2167.0,2167.0,4.3,7.0,3.0,8.0,17.0,65.0
11048,639.0,43.15,43.15,,,4.4,260.0,,,3.0,2.0,9.0,18.0,68.0
11049,228.0,33.31,33.31,,,4.3,661.0,661.0,4.3,6.0,2.0,12.0,16.0,64.0
11051,555.0,,,,,,,,,,,,,
11052,690.0,66.49,66.49,69.99,50000000.0,4.5,215.0,215.0,4.5,2.0,2.0,9.0,17.0,70.0
11053,45.0,169.99,169.99,,,4.3,109.0,109.0,4.3,7.0,3.0,8.0,8.0,74.0
11054,52.0,28.99,28.99,31.89,,4.6,,3060.0,4.6,2.0,1.0,5.0,14.0,78.0
11057,4.0,7.99,7.99,,300000000.0,4.2,408.0,,,,,,,
11058,161.0,40.99,40.99,,400000000.0,4.5,8.0,8.0,4.5,0.0,,0.0,0.0,84.0
11059,353.0,109.95,109.95,109.95,100000000.0,4.6,217.0,217.0,4.6,3.0,1.0,6.0,14.0,76.0
11060,639.0,111.01,111.01,,,4.0,7.0,7.0,4.0,,0.0,0.0,0.0,75.0
11061,300.0,,,,,,,,,0.0,0.0,0.0,0.0,
11062,,35.99,35.99,,,5.0,7.0,7.0,5.0,0.0,0.0,0.0,0.0,100.0
11063,66.0,,,,50000000.0,,,,,,,,,
11064,491.0,,,,,,,,,,,,,
11066,1348.0,,,,,4.6,419.0,419.0,4.6,4.0,3.0,3.0,10.0,80.0
11067,93.0,7.89,7.89,,50000000.0,4.3,73.0,,,6.0,5.0,10.0,11.0,68.0
11068,52.0,39.95,39.95,39.95,50000000.0,4.2,2143.0,2143.0,4.2,10.0,2.0,7.0,14.0,67.0
11069,32.0,23.99,23.99,23.99,50000000.0,4.3,1435.0,1435.0,4.3,5.0,4.0,11.0,15.0,65.0
11070,30.0,19.99,19.99,,,4.8,135.0,135.0,4.8,0.0,0.0,3.0,10.0,87.0
11071,185.0,99.99,99.99,99.99,,4.6,461.0,461.0,4.6,2.0,3.0,6.0,11.0,78.0
11073,59.0,,,,50000000.0,,,,,,,,,
11074,266.0,17.99,17.99,19.99,50000000.0,4.7,1226.0,1226.0,4.7,3.0,0.0,4.0,10.0,83.0
11075,920.0,49.99,49.99,49.99,50000000.0,4.4,41.0,,,,,,,
11077,5.0,16.94,16.94,24.99,1000000.0,4.3,2225.0,2225.0,4.3,6.0,3.0,9.0,15.0,67.0
11078,,9.95,9.95,,,4.3,57.0,57.0,4.3,9.0,3.0,5.0,13.0,70.0
11079,7.0,90.49,90.49,99.99,,4.4,1335.0,1335.0,4.4,4.0,5.0,8.0,15.0,68.0
11080,698.0,,,,,,,,,0.0,0.0,0.0,0.0,
11081,305.0,,,,,4.0,73.0,73.0,4.0,12.0,0.0,,16.0,53.0
11082,86.0,,,,50000000.0,,,,,,,,,
11083,1058.0,,,,,,,,,,,,,
11084,1983.0,,,,,,,,,,,,,
11085,787.0,,,,,,,,,,,,,
11086,95.0,,,,300000000.0,,,,,,,,,
11087,66.0,,,,,4.6,2204.0,2204.0,4.6,5.0,0.0,3.0,12.0,80.0
11088,982.0,,,,,,,,,0.0,0.0,0.0,0.0,
11089,9.0,12.8,12.8,,,3.9,86.0,,,,,,,
11090,5.0,,,,,,,,,,,,,
11091,59.0,,,,300000000.0,,,,,,,,,
11092,31.0,14.99,14.99,22.99,,4.6,572.0,572.0,4.6,2.0,3.0,4.0,13.0,78.0
11093,375.0,54.99,54.99,,200000000.0,4.5,271.0,271.0,4.5,4.0,4.0,4.0,14.0,74.0
11094,398.0,,,,,,,,,,,,,
11095,324.0,49.95,49.95,,,,,,,0.0,0.0,0.0,0.0,
11096,,11.97,11.97,,50000000.0,4.4,83.0,83.0,4.4,4.0,2.0,12.0,13.0,69.0
11097,87.0,,,,,3.9,36.0,,,,,,,
11098,54.0,199.99,199.99,,50000000.0,4.3,18.0,,,,,,,
11099,127.0,,,,,4.5,56.0,56.0,4.5,9.0,0.0,0.0,12.0,79.0
11100,254.0,15.99,15.99,22.99,100000000.0,4.4,802.0,802.0,4.4,4.0,2.0,7.0,18.0,69.0
11101,15.0,25.64,25.64,26.99,,4.5,,,4.5,3.0,3.0,7.0,14.0,73.0
11102,8.0,31.99,31.99,37.99,1000000.0,4.5,,,4.5,4.0,2.0,5.0,14.0,75.0
11103,,36.1,36.1,,,,,,,0.0,0.0,0.0,0.0,
11104,46.0,,,,,,,,,,,,,
11105,437.0,,,,,,,,,0.0,0.0,0.0,0.0,
11106,279.0,13.99,13.99,13.99,400000000.0,4.6,339.0,,,2.0,3.0,4.0,12.0,79.0
11107,37.0,70.99,70.99,,,4.0,59.0,59.0,4.0,13.0,3.0,7.0,22.0,55.0
11108,19.0,119.0,119.0,129.99,50000000.0,4.2,665.0,,,,,,,
11109,178.0,15.99,15.99,,50000000.0,4.7,222.0,,,,,,,
11110,468.0,63.9,63.9,,,4.7,673.0,,,,,,,
11111,21.0,103.99,103.99,109.99,,4.5,94.0,94.0,4.5,2.0,1.0,5.0,23.0,69.0
11112,250.0,43.19,43.19,47.99,,4.6,39.0,39.0,4.6,0.0,0.0,12.0,18.0,70.0
11113,,35.59,35.59,,,3.5,11.0,11.0,3.5,21.0,,0.0,20.0,45.0
11115,,8.55,8.55,,100000000.0,4.6,2077.0,2077.0,4.6,4.0,1.0,5.0,11.0,79.0
11116,309.0,49.49,49.49,,50000000.0,4.4,65.0,,,,,,,
11117,118.0,13.79,13.79,,,4.3,25.0,25.0,4.3,6.0,10.0,0.0,14.0,70.0
11118,15.0,21.99,21.99,,,4.6,169.0,169.0,4.6,3.0,1.0,4.0,10.0,82.0
11119,217.0,7.79,7.79,,50000000.0,3.7,,,3.7,16.0,8.0,11.0,15.0,50.0
11120,3.0,97.0,97.0,,,4.5,,,4.5,5.0,2.0,4.0,12.0,77.0
11121,183.0,6.95,6.95,,,4.3,29.0,29.0,4.3,14.0,0.0,0.0,14.0,72.0
11122,332.0,14.72,14.72,15.49,,4.9,10.0,,,0.0,0.0,0.0,13.0,87.0
11123,546.0,,,,,4.5,,,4.5,4.0,2.0,4.0,14.0,76.0
11124,8.0,15.09,15.09,15.88,,4.5,1640.0,1640.0,4.5,3.0,3.0,5.0,16.0,73.0
11125,897.0,24.99,24.99,,50000000.0,4.7,509.0,509.0,4.7,1.0,1.0,3.0,12.0,83.0
11127,340.0,49.95,49.95,,,4.5,92.0,92.0,4.5,3.0,4.0,5.0,12.0,76.0
11128,542.0,145.0,145.0,191.95,,4.3,713.0,713.0,4.3,8.0,4.0,5.0,11.0,72.0
11129,,29.99,29.99,,,5.0,9.0,9.0,5.0,0.0,0.0,0.0,0.0,100.0
11130,573.0,109.99,109.99,,,4.4,2020.0,2020.0,4.4,5.0,3.0,5.0,16.0,71.0
11132,323.0,,,,,,,,,,,,,
11133,743.0,,,,,4.7,5.0,,,,,,,
11134,61.0,49.99,49.99,,100000000.0,4.6,92.0,92.0,4.6,3.0,1.0,2.0,13.0,81.0
11135,256.0,,,,,,,,,,,,,
11136,102.0,,,,,4.4,399.0,399.0,4.4,5.0,3.0,6.0,11.0,75.0
11137,4.0,19.98,19.98,29.99,,4.4,,,4.4,2.0,2.0,10.0,20.0,66.0
11138,22.0,7.99,7.99,12.99,1000000.0,4.6,2255.0,2255.0,4.6,2.0,1.0,7.0,13.0,77.0
11139,272.0,49.99,49.99,58.99,,4.6,175.0,,,,,,,
11140,101.0,24.95,24.95,29.95,100000000.0,4.6,1283.0,,,,,,,
11141,8.0,27.87,27.87,29.34,50000000.0,4.5,,3050.0,4.5,2.0,2.0,5.0,19.0,72.0
11142,59.0,109.99,109.99,,,4.3,50.0,50.0,4.3,7.0,4.0,5.0,13.0,71.0
11143,449.0,17.9,17.9,,,4.0,96.0,96.0,4.0,8.0,5.0,13.0,18.0,56.0
11144,1122.0,8.37,8.37,,,,,,,0.0,0.0,0.0,0.0,
11145,143.0,19.95,19.95,19.95,,4.2,24.0,24.0,4.2,5.0,6.0,11.0,19.0,59.0
11146,47.0,43.7,43.7,46.0,,3.4,11.0,11.0,3.4,21.0,,14.0,0.0,50.0
11147,541.0,7.95,7.95,7.95,,3.5,762.0,762.0,3.5,21.0,7.0,14.0,13.0,45.0
11149,1138.0,70.99,70.99,70.99,,4.7,15.0,15.0,4.7,0.0,0.0,0.0,,70.0
11150,23.0,31.49,31.49,39.49,,4.5,145.0,145.0,4.5,3.0,1.0,6.0,20.0,70.0
11151,164.0,,,,,4.5,32.0,32.0,4.5,10.0,0.0,0.0,11.0,79.0
11152,50.0,19.95,19.95,,,4.3,161.0,161.0,4.3,5.0,4.0,13.0,14.0,64.0
11153,16.0,,,,,,,,,,,,,
11154,764.0,179.99,179.99,,,4.6,1740.0,1740.0,4.6,3.0,3.0,3.0,14.0,77.0
11155,428.0,,,,,,,,,0.0,0.0,0.0,0.0,
11156,591.0,6.99,6.99,,,4.6,72.0,72.0,4.6,3.0,0.0,6.0,12.0,79.0
11157,11.0,41.99,41.99,,,4.2,236.0,236.0,4.2,7.0,2.0,11.0,16.0,64.0
11158,260.0,,,,,4.3,4.0,4.0,4.3,0.0,0.0,,0.0,66.0
11159,11.0,36.91,36.91,47.91,200000000.0,4.3,2587.0,,,,,,,
11160,242.0,9.99,9.99,,,4.4,151.0,151.0,4.4,2.0,3.0,8.0,,61.0
11161,213.0,17.5,17.5,,,4.2,225.0,225.0,4.2,6.0,5.0,8.0,19.0,62.0
11162,665.0,9.95,9.95,,,4.7,71.0,71.0,4.7,2.0,3.0,0.0,13.0,82.0
11163,433.0,59.0,59.0,,,4.6,620.0,620.0,4.6,3.0,3.0,4.0,10.0,80.0
11164,34.0,,,,100000000.0,,,,,,,,,
11166,159.0,14.83,14.83,16.48,,4.5,598.0,598.0,4.5,2.0,2.0,7.0,21.0,68.0
11167,293.0,6.98,6.98,,,4.5,11.0,11.0,4.5,0.0,0.0,,0.0,78.0
11168,120.0,119.99,119.99,,,4.3,46.0,46.0,4.3,11.0,0.0,3.0,16.0,70.0
11169,279.0,,,,,,,,,0.0,0.0,0.0,0.0,
11170,118.0,39.9,39.9,,,5.0,2.0,,,0.0,0.0,0.0,0.0,100.0
11172,71.0,,,,,4.4,269.0,269.0,4.4,2.0,3.0,12.0,15.0,68.0
11173,1059.0,37.99,37.99,41.99,,4.6,504.0,504.0,4.6,1.0,2.0,7.0,13.0,77.0
11174,213.0,,,,,4.4,31.0,31.0,4.4,8.0,0.0,6.0,11.0,75.0
11175,44.0,,,,,,,,,,,,,
11176,,,,,,4.3,21.0,,,,,,,
11177,1000.0,,,,50000000.0,,,,,,,,,
11178,90.0,43.99,43.99,,,4.2,1588.0,1588.0,4.2,6.0,3.0,10.0,18.0,63.0
11179,22.0,19.99,19.99,25.99,,4.6,1997.0,,,,,,,
11180,6.0,9.99,9.99,,1000000.0,4.7,561.0,561.0,4.7,1.0,1.0,5.0,12.0,81.0
11181,2499.0,,,,,4.4,5.0,5.0,4.4,0.0,0.0,,0.0,72.0
11182,1518.0,29.99,29.99,32.99,,4.6,291.0,291.0,4.6,2.0,1.0,4.0,14.0,79.0
11183,821.0,12.99,12.99,,50000000.0,4.6,276.0,276.0,4.6,4.0,2.0,4.0,13.0,77.0
11184,2220.0,59.95,59.95,,,4.0,12.0,,,,,,,
11186,7.0,40.49,40.49,68.99,100000000.0,4.7,,,4.7,2.0,1.0,4.0,12.0,81.0
11187,169.0,,,,,4.5,381.0,381.0,4.5,4.0,2.0,6.0,11.0,77.0
11188,170.0,,,,,,,,,,,,,
11190,510.0,,,,,,6.0,6.0,,21.0,,0.0,0.0,49.0
11192,665.0,,,,,,,,,0.0,0.0,0.0,0.0,
11194,12.0,169.99,169.99,169.99,200000000.0,4.4,132.0,132.0,4.4,6.0,4.0,5.0,12.0,73.0
11195,60.0,,,,,4.2,99.0,99.0,4.2,14.0,2.0,2.0,12.0,70.0
11196,103.0,168.0,168.0,,,4.4,174.0,174.0,4.4,6.0,1.0,10.0,15.0,68.0
11198,1821.0,,,,,,,,,,,,,
11199,1334.0,,,,,3.8,38.0,,,,,,,
11200,391.0,,,,100000000.0,,,,,,,,,
11201,737.0,,,,50000000.0,,,,,,,,,
11203,148.0,15.99,15.99,26.99,100000000.0,4.7,741.0,741.0,4.7,2.0,1.0,1.0,13.0,83.0
11204,909.0,99.95,99.95,99.95,,3.7,16.0,16.0,3.7,19.0,0.0,8.0,,41.0
11205,42.0,21.99,21.99,,100000000.0,4.6,2743.0,2743.0,4.6,3.0,1.0,6.0,16.0,74.0
11206,482.0,,,,,4.2,152.0,,,,,,,
11207,124.0,129.99,129.99,,,5.0,3.0,3.0,5.0,0.0,0.0,0.0,0.0,100.0
11208,6.0,15.89,15.89,17.99,,4.3,84.0,84.0,4.3,6.0,6.0,3.0,17.0,68.0
11209,115.0,,,,,4.3,63.0,63.0,4.3,4.0,5.0,6.0,22.0,63.0
11210,367.0,,,,,4.5,19.0,,,,,,,
11212,66.0,39.95,39.95,,200000000.0,4.4,1631.0,1631.0,4.4,5.0,3.0,6.0,18.0,68.0
11214,50.0,51.99,51.99,,,4.2,,,,,,,,
11215,80.0,,,,,4.2,194.0,194.0,4.2,11.0,3.0,7.0,9.0,70.0
11216,197.0,105.99,105.99,199.99,50000000.0,4.6,36.0,,,,,,,
11217,102.0,39.99,39.99,,50000000.0,5.0,3.0,,,0.0,0.0,0.0,0.0,100.0
11218,987.0,178.98,178.98,,,5.0,3.0,,,,,,,
11219,,,,,,3.9,17.0,,,,,,,
11220,1545.0,70.99,70.99,,,4.4,18.0,18.0,4.4,10.0,0.0,11.0,0.0,79.0
11221,96.0,179.95,179.95,259.95,100000000.0,4.5,781.0,781.0,4.5,7.0,1.0,4.0,12.0,76.0
11223,1.0,135.0,135.0,,2000000.0,4.8,,,4.8,1.0,0.0,3.0,8.0,88.0
11224,38.0,32.99,32.99,32.99,,4.6,282.0,282.0,4.6,1.0,0.0,8.0,17.0,74.0
11225,161.0,79.99,79.99,99.99,50000000.0,4.2,857.0,857.0,4.2,10.0,3.0,8.0,13.0,66.0
11226,294.0,5.97,5.97,,,4.3,4.0,,,,,,,
11227,1.0,18.99,18.99,,3000000.0,4.6,1134.0,1134.0,4.6,4.0,1.0,4.0,12.0,79.0
11228,48.0,22.99,22.99,26.99,300000000.0,4.6,387.0,387.0,4.6,3.0,2.0,5.0,15.0,75.0
11229,12.0,70.0,70.0,70.0,300000000.0,4.5,1315.0,1315.0,4.5,5.0,2.0,4.0,14.0,75.0
11230,180.0,,,,,,,,,,,,,
11231,6.0,6.47,6.47,,1000000.0,4.6,1251.0,1251.0,4.6,3.0,0.0,4.0,12.0,81.0
11232,401.0,,,,,4.2,20.0,20.0,4.2,11.0,0.0,13.0,10.0,66.0
11233,738.0,18.99,18.99,18.99,,4.4,156.0,156.0,4.4,6.0,3.0,4.0,19.0,68.0
11236,474.0,129.99,129.99,,,4.6,125.0,125.0,4.6,3.0,0.0,3.0,13.0,81.0
11238,1618.0,79.0,79.0,79.0,,4.3,122.0,,,4.0,7.0,9.0,17.0,63.0
11239,2022.0,168.98,168.98,,,4.1,22.0,22.0,4.1,15.0,0.0,7.0,16.0,62.0
11240,1494.0,,,,,,,,,,,,,
11241,515.0,,,,,,,,,,,,,
11242,68.0,201.98,201.98,,100000000.0,4.6,865.0,865.0,4.6,4.0,0.0,3.0,10.0,83.0
11243,297.0,11.99,11.99,,200000000.0,4.7,284.0,284.0,4.7,3.0,0.0,5.0,8.0,84.0
11244,59.0,,,,400000000.0,,,,,,,,,
11245,48.0,,,,50000000.0,,,,,,,,,
11246,254.0,7.39,7.39,9.69,,4.0,1.0,,,0.0,0.0,0.0,,
11247,84.0,,,,,4.4,1237.0,1237.0,4.4,6.0,5.0,5.0,9.0,75.0
11248,13.0,24.99,24.99,29.99,,4.4,,,4.4,5.0,2.0,7.0,14.0,72.0
11249,439.0,,,,,5.0,7.0,7.0,5.0,0.0,0.0,0.0,0.0,100.0
11250,15.0,23.69,23.69,29.99,,4.5,892.0,892.0,4.5,3.0,3.0,4.0,16.0,74.0
11251,1495.0,29.0,29.0,,,4.4,53.0,53.0,4.4,5.0,0.0,9.0,18.0,68.0
11252,404.0,27.15,27.15,,,5.0,1.0,1.0,5.0,0.0,0.0,0.0,0.0,100.0
11253,207.0,,,,,,,,,,,,,
11254,463.0,,,,,,,,,,,,,
11255,151.0,,,,,4.3,21.0,21.0,4.3,0.0,7.0,11.0,22.0,60.0
11256,798.0,61.26,61.26,,,3.5,4.0,4.0,3.5,,0.0,0.0,,38.0
11257,183.0,29.99,29.99,,,3.7,14.0,14.0,3.7,12.0,,0.0,,35.0
11258,470.0,,,,,,,,,,,,,
11259,475.0,91.2,91.2,99.99,,4.7,2488.0,2488.0,4.7,2.0,0.0,3.0,9.0,86.0
11260,255.0,,,,,4.7,82.0,82.0,4.7,1.0,2.0,3.0,15.0,79.0
11261,44.0,,,,400000000.0,,,,,,,,,
11262,230.0,,,,200000000.0,,,,,,,,,
11263,2079.0,21.99,21.99,,,4.5,903.0,903.0,4.5,2.0,3.0,7.0,13.0,75.0
11264,426.0,25.99,25.99,27.99,,4.6,1428.0,,,,,,,
11265,49.0,23.99,23.99,28.99,100000000.0,4.6,327.0,327.0,4.6,2.0,3.0,4.0,13.0,78.0
11266,48.0,,,,100000000.0,,,,,,,,,
11267,13.0,,,,200000000.0,,,,,,,,,
11269,25.0,47.49,47.49,54.99,300000000.0,4.6,637.0,,,,,,,
11270,131.0,68.99,68.99,,,4.7,102.0,,,,,,,
11271,17.0,24.9,24.9,,,4.4,152.0,152.0,4.4,3.0,3.0,11.0,18.0,65.0
11272,95.0,84.99,84.99,,,3.9,2.0,,,,,,,
11273,4.0,,,,,4.4,,,4.4,4.0,2.0,9.0,17.0,68.0
11274,230.0,23.99,23.99,,,4.5,946.0,946.0,4.5,3.0,3.0,4.0,14.0,76.0
11275,34.0,5.99,5.99,,,4.7,2112.0,2112.0,4.7,1.0,1.0,4.0,11.0,83.0
11276,220.0,66.45,66.45,69.95,100000000.0,4.3,193.0,193.0,4.3,3.0,3.0,11.0,21.0,62.0
11277,128.0,15.99,15.99,,50000000.0,4.6,662.0,662.0,4.6,1.0,2.0,6.0,16.0,75.0
11279,2000.0,,,,,,,,,0.0,0.0,0.0,0.0,
11280,551.0,,,,,4.2,226.0,226.0,4.2,10.0,4.0,9.0,13.0,64.0
11281,18.0,19.99,19.99,,,4.6,99.0,99.0,4.6,4.0,0.0,6.0,15.0,75.0
11282,116.0,38.69,38.69,,,4.7,34.0,34.0,4.7,0.0,0.0,8.0,11.0,81.0
11283,498.0,39.99,39.99,39.99,,3.7,510.0,,,13.0,,13.0,15.0,47.0
11284,58.0,7.99,7.99,,1000000.0,4.6,504.0,504.0,4.6,2.0,0.0,6.0,13.0,79.0
11286,185.0,,,,,4.6,42.0,42.0,4.6,6.0,3.0,0.0,10.0,81.0
11287,331.0,,,,,4.0,23.0,,,,,,,
11288,,42.99,42.99,,,4.0,16.0,16.0,4.0,0.0,,8.0,13.0,57.0
11289,315.0,30.64,30.64,,50000000.0,4.6,509.0,509.0,4.6,1.0,2.0,6.0,10.0,81.0
11291,53.0,,,,,,,,,,,,,
11292,379.0,,,,,4.2,5.0,5.0,4.2,0.0,0.0,,17.0,51.0
11294,2037.0,,,,,,,,,,,,,
11295,80.0,17.99,17.99,,100000000.0,4.8,45.0,,,0.0,0.0,6.0,10.0,84.0
11296,137.0,89.99,89.99,89.99,100000000.0,4.5,,,,,,,,
11297,116.0,,,,,,,,,,,,,
11298,884.0,23.99,23.99,,,4.4,33.0,33.0,4.4,4.0,4.0,6.0,19.0,67.0
11299,155.0,20.99,20.99,26.99,50000000.0,4.5,1969.0,1969.0,4.5,3.0,3.0,6.0,17.0,71.0
11300,69.0,129.95,129.95,,,3.9,63.0,63.0,3.9,11.0,10.0,11.0,13.0,55.0
11301,184.0,,,,,4.3,456.0,456.0,4.3,5.0,4.0,14.0,12.0,65.0
11302,9.0,,,,300000000.0,,,,,,,,,
11303,17.0,206.99,206.99,,100000000.0,4.7,,,4.7,2.0,1.0,3.0,10.0,84.0
11304,32.0,24.99,24.99,29.99,,4.4,,,,5.0,4.0,7.0,17.0,67.0
11305,31.0,17.98,17.98,,50000000.0,4.7,960.0,960.0,4.7,2.0,0.0,3.0,13.0,82.0
11306,3.0,11.65,11.65,,50000000.0,4.2,414.0,414.0,4.2,6.0,4.0,10.0,18.0,62.0
11308,2336.0,89.99,89.99,,,4.4,145.0,,,,,,,
11309,44.0,12.91,12.91,,100000000.0,4.5,1349.0,1349.0,4.5,3.0,3.0,4.0,15.0,75.0
11311,61.0,,,,,4.8,15.0,15.0,4.8,0.0,0.0,0.0,16.0,84.0
11312,253.0,79.8,79.8,,,3.6,12.0,12.0,3.6,,0.0,11.0,23.0,42.0
11313,268.0,43.69,43.69,45.99,100000000.0,4.6,986.0,986.0,4.6,1.0,1.0,6.0,16.0,76.0
11314,221.0,45.0,45.0,,50000000.0,3.8,53.0,,,7.0,,12.0,,37.0
11315,1677.0,124.97,124.97,,,4.2,145.0,145.0,4.2,7.0,8.0,7.0,16.0,62.0
11316,10.0,6.61,6.61,,,4.7,,,4.7,1.0,1.0,4.0,9.0,85.0
11317,527.0,163.9,163.9,,,3.6,180.0,,,,,,,
11318,259.0,,,,200000000.0,,,,,,,,,
11319,47.0,16.99,16.99,,100000000.0,4.7,,,4.7,1.0,1.0,5.0,13.0,80.0
11320,709.0,,,,,4.0,26.0,26.0,4.0,14.0,0.0,8.0,25.0,53.0
11321,32.0,,,,,4.5,331.0,,,,,,,
11322,2.0,15.99,15.99,17.99,400000000.0,4.4,635.0,635.0,4.4,3.0,2.0,9.0,20.0,66.0
11323,207.0,,,,200000000.0,,,,,,,,,
11324,53.0,31.34,31.34,35.99,400000000.0,4.6,2185.0,2185.0,4.6,2.0,1.0,5.0,12.0,80.0
11325,711.0,36.99,36.99,,,4.5,121.0,,,,,,,
11326,53.0,18.97,18.97,19.97,,4.7,46.0,46.0,4.7,0.0,6.0,0.0,8.0,86.0
11327,18.0,,,,,,,,,,,,,
11328,1.0,7.99,7.99,,1000000.0,4.6,,,,,,,,
11329,162.0,,,,,4.3,57.0,57.0,4.3,4.0,7.0,6.0,20.0,63.0
11331,606.0,,,,,5.0,2.0,,,,,,,
11332,659.0,46.99,46.99,,,4.6,,,4.6,2.0,2.0,5.0,15.0,76.0
11333,507.0,,,,,,2.0,2.0,,,0.0,0.0,0.0,49.0
11334,488.0,,,,,,,,,,,,,
11335,334.0,94.05,94.05,99.0,,4.5,140.0,,,,,,,
11336,701.0,,,,,4.0,5.0,5.0,4.0,,0.0,0.0,0.0,76.0
11337,78.0,139.99,139.99,139.99,,4.3,475.0,475.0,4.3,7.0,2.0,9.0,16.0,66.0
11338,241.0,13.99,13.99,,,4.2,10.0,10.0,4.2,0.0,0.0,,20.0,48.0
11339,107.0,14.99,14.99,,100000000.0,4.5,320.0,320.0,4.5,3.0,1.0,5.0,21.0,70.0
11340,580.0,,,,,5.0,2.0,2.0,5.0,0.0,0.0,0.0,0.0,100.0
11342,248.0,39.99,39.99,,50000000.0,4.1,202.0,202.0,4.1,7.0,5.0,10.0,21.0,57.0
11343,232.0,20.89,20.89,25.2,50000000.0,4.4,65.0,,,,,,,
11344,192.0,,,,50000000.0,,,,,,,,,
11345,70.0,32.99,32.99,53.99,300000000.0,4.6,294.0,,,,,,,
11346,1680.0,,,,,,,,,,,,,
11347,214.0,,,,,3.9,15.0,15.0,3.9,,0.0,0.0,17.0,60.0
11348,22.0,42.99,42.99,,,4.6,,,4.6,3.0,2.0,4.0,14.0,77.0
11349,275.0,32.99,32.99,37.99,,4.7,57.0,,,,,,,
11350,198.0,84.45,84.45,84.45,100000000.0,4.5,,,4.5,5.0,1.0,7.0,10.0,77.0
11351,1510.0,18.9,18.9,,,4.4,259.0,259.0,4.4,6.0,2.0,4.0,13.0,75.0
11352,1290.0,16.9,16.9,,,4.4,497.0,497.0,4.4,4.0,4.0,6.0,18.0,68.0
11353,87.0,62.99,62.99,79.99,100000000.0,4.5,1339.0,1339.0,4.5,5.0,2.0,4.0,13.0,76.0
11354,57.0,24.95,24.95,,,4.2,1271.0,1271.0,4.2,9.0,4.0,8.0,14.0,65.0
11356,10.0,2.0,2.0,7.99,,4.4,1662.0,1662.0,4.4,4.0,3.0,6.0,16.0,71.0
11357,205.0,8.99,8.99,,,4.5,159.0,159.0,4.5,4.0,4.0,3.0,16.0,73.0
11358,,21.84,21.84,22.99,,4.3,20.0,,,,,,,
11359,788.0,,,,50000000.0,4.4,585.0,,,,,,,
11360,310.0,179.0,179.0,,200000000.0,4.3,1849.0,1849.0,4.3,10.0,2.0,5.0,10.0,73.0
11361,456.0,,,,,,,,,,,,,
11362,380.0,,,,,4.4,562.0,562.0,4.4,5.0,3.0,6.0,12.0,74.0
11363,485.0,,,,,,,,,,,,,
11364,253.0,15.9,15.9,,,4.1,216.0,216.0,4.1,5.0,5.0,15.0,18.0,57.0
11365,18.0,37.99,37.99,53.99,100000000.0,4.5,775.0,775.0,4.5,4.0,2.0,8.0,13.0,73.0
11366,534.0,35.99,35.99,,,,,,,,,,,
11367,72.0,13.25,13.25,13.95,100000000.0,4.3,572.0,,,,,,,
11368,1311.0,15.45,15.45,,,5.0,2.0,2.0,5.0,0.0,0.0,0.0,0.0,100.0
11369,1330.0,14.95,14.95,,,4.7,85.0,85.0,4.7,1.0,0.0,3.0,14.0,82.0
11370,44.0,,,,,4.6,226.0,,,,,,,
11371,122.0,,,,,4.0,32.0,32.0,4.0,16.0,0.0,15.0,7.0,62.0
11372,6.0,23.99,23.99,35.99,,4.6,266.0,,,,,,,
11373,124.0,,,,100000000.0,,,,,,,,,
11374,8.0,5.69,5.69,,200000000.0,4.6,2428.0,,,,,,,
11375,201.0,66.99,66.99,,,4.6,133.0,,,,,,,
11376,108.0,9.9,9.9,,100000000.0,4.6,145.0,,,,,,,
11378,906.0,21.2,21.2,,,4.5,9.0,9.0,4.5,0.0,0.0,,14.0,68.0
11379,4.0,10.99,10.99,12.99,400000000.0,4.5,57.0,57.0,4.5,2.0,2.0,8.0,12.0,76.0
11380,821.0,,,,,4.3,11.0,11.0,4.3,0.0,0.0,,0.0,67.0
11382,173.0,,,,,4.2,4.0,4.0,4.2,0.0,0.0,,,40.0
11383,699.0,,,,,3.8,153.0,,,,,,,
11384,261.0,,,,,4.4,541.0,541.0,4.4,2.0,4.0,8.0,19.0,67.0
11385,123.0,,,,300000000.0,,,,,,,,,
11386,83.0,,,,50000000.0,4.7,,,4.7,2.0,1.0,2.0,10.0,85.0
11387,193.0,14.95,14.95,14.95,,4.4,13.0,13.0,4.4,0.0,,0.0,,63.0
11388,851.0,,,,,5.0,1.0,,,,,,,
11389,149.0,,,,,4.3,13.0,13.0,4.3,11.0,0.0,0.0,,61.0
11390,177.0,,,,,4.5,19.0,19.0,4.5,7.0,0.0,8.0,0.0,85.0
11391,231.0,29.99,29.99,,,,53.0,53.0,,,8.0,7.0,13.0,40.0
11392,67.0,,,,,4.2,60.0,60.0,4.2,8.0,6.0,6.0,21.0,59.0
11393,428.0,,,,,4.3,114.0,114.0,4.3,11.0,0.0,5.0,16.0,68.0
11394,292.0,73.99,73.99,89.99,100000000.0,4.4,228.0,228.0,4.4,6.0,2.0,8.0,11.0,73.0
11395,47.0,,,,100000000.0,4.8,,,,,,,,
11396,127.0,,,,,,,,,,,,,
11399,833.0,,,,,,2.0,2.0,,,0.0,0.0,,
11400,,8.26,8.26,16.95,100000000.0,4.6,1972.0,1972.0,4.6,4.0,1.0,3.0,11.0,81.0
11401,487.0,183.03,183.03,,,,5.0,5.0,,21.0,,0.0,23.0,33.0
11402,2.0,69.99,69.99,,200000000.0,4.7,1093.0,1093.0,4.7,1.0,2.0,4.0,9.0,84.0
11403,50.0,84.0,84.0,105.0,100000000.0,4.5,488.0,,,,,,,
11404,281.0,,,,200000000.0,,,,,,,,,
11405,8.0,14.61,14.61,18.99,1000000.0,4.7,1776.0,1776.0,4.7,1.0,2.0,5.0,10.0,82.0
11406,344.0,9.99,9.99,11.99,50000000.0,4.5,100.0,100.0,4.5,3.0,2.0,2.0,20.0,73.0
11407,788.0,,,,50000000.0,4.7,426.0,426.0,4.7,3.0,1.0,3.0,8.0,85.0
11408,636.0,15.99,15.99,,,4.2,206.0,206.0,4.2,6.0,5.0,9.0,21.0,59.0
11409,290.0,,,,,3.7,150.0,150.0,3.7,7.0,,13.0,11.0,48.0
11410,1.0,9.95,9.95,,,4.6,814.0,814.0,4.6,2.0,2.0,3.0,15.0,78.0
11411,104.0,24.99,24.99,,,4.4,1373.0,1373.0,4.4,4.0,2.0,7.0,16.0,71.0
11412,1466.0,,,,,,,,,0.0,0.0,0.0,0.0,
11413,400.0,,,,,4.1,175.0,175.0,4.1,8.0,8.0,4.0,20.0,60.0
11414,1557.0,74.95,74.95,,,3.8,18.0,18.0,3.8,14.0,,0.0,15.0,55.0
11415,269.0,,,,,4.1,6.0,6.0,4.1,17.0,0.0,0.0,18.0,65.0
11416,1590.0,99.0,99.0,,,4.0,54.0,54.0,4.0,8.0,,9.0,10.0,60.0
11417,320.0,,,,,5.0,4.0,4.0,5.0,0.0,0.0,0.0,0.0,100.0
11419,,25.95,25.95,,,,,,,0.0,0.0,0.0,0.0,
11420,2019.0,45.99,45.99,,,3.8,66.0,66.0,3.8,13.0,7.0,11.0,17.0,52.0
11421,578.0,,,,,5.0,2.0,2.0,5.0,0.0,0.0,0.0,0.0,100.0
11422,205.0,158.0,158.0,,,4.0,2.0,2.0,4.0,0.0,0.0,0.0,,
11423,10.0,34.99,34.99,39.99,,4.7,,,4.7,1.0,1.0,4.0,14.0,80.0
11424,103.0,29.99,29.99,39.99,300000000.0,4.5,365.0,365.0,4.5,3.0,4.0,6.0,14.0,73.0
11425,32.0,18.0,18.0,,300000000.0,4.7,,,4.7,1.0,0.0,5.0,11.0,83.0
11426,447.0,139.99,139.99,159.99,,3.9,10.0,,,,,,,
11427,326.0,28.49,28.49,29.99,,4.6,48.0,48.0,4.6,5.0,2.0,3.0,7.0,83.0
11428,2.0,12.99,12.99,12.99,1000000.0,4.6,,,,,,,,
11429,911.0,,,,,,,,,,,,,
11430,73.0,23.99,23.99,,200000000.0,4.7,265.0,265.0,4.7,1.0,1.0,4.0,10.0,84.0
11432,528.0,,,,,5.0,2.0,2.0,5.0,0.0,0.0,0.0,0.0,100.0
11434,408.0,19.99,19.99,,100000000.0,4.3,754.0,,,,,,,
11435,,18.49,18.49,,,4.5,2.0,2.0,4.5,0.0,0.0,0.0,,54.0
11436,101.0,12.57,12.57,,,4.4,676.0,676.0,4.4,3.0,2.0,9.0,19.0,67.0
11437,,59.99,59.99,66.99,,4.4,16.0,16.0,4.4,0.0,10.0,10.0,13.0,67.0
11438,372.0,,,,,4.2,15.0,,,,,,,
11439,547.0,10.69,10.69,,,4.3,20.0,20.0,4.3,10.0,0.0,5.0,21.0,64.0
11440,62.0,,,,,,,,,,,,,
11441,1055.0,,,,,,,,,0.0,0.0,0.0,0.0,
11442,870.0,11.99,11.99,13.69,,4.6,2399.0,2399.0,4.6,2.0,1.0,7.0,14.0,76.0
11443,46.0,,,,50000000.0,,,,,,,,,
11444,1161.0,39.99,39.99,,,4.4,6.0,,,,,,,
11447,7.0,17.99,17.99,19.99,200000000.0,4.4,223.0,223.0,4.4,6.0,2.0,9.0,11.0,72.0
11448,576.0,,,,,4.1,108.0,,,,,,,
11449,26.0,159.99,159.99,179.99,200000000.0,4.2,616.0,616.0,4.2,12.0,4.0,4.0,14.0,66.0
11450,486.0,198.0,198.0,,,3.8,121.0,121.0,3.8,17.0,5.0,11.0,17.0,50.0
11451,280.0,,,,,4.4,6.0,6.0,4.4,0.0,0.0,17.0,21.0,62.0
11453,60.0,,,,50000000.0,5.0,1.0,1.0,5.0,0.0,0.0,0.0,0.0,100.0
11454,587.0,5.99,5.99,,,4.3,16.0,,,0.0,0.0,,22.0,56.0
11455,465.0,,,,,3.9,386.0,386.0,3.9,14.0,6.0,10.0,13.0,57.0
11456,1449.0,,,,,,,,,,,,,
11458,72.0,6.45,6.45,,,4.4,961.0,961.0,4.4,4.0,2.0,8.0,18.0,68.0
11459,,35.19,35.19,,,4.2,162.0,162.0,4.2,9.0,3.0,6.0,17.0,65.0
11460,175.0,,,,,,1.0,1.0,,0.0,0.0,,0.0,
11461,252.0,,,,50000000.0,,,,,,,,,
11462,81.0,45.99,45.99,49.99,,4.2,277.0,277.0,4.2,8.0,7.0,7.0,15.0,63.0
11464,9.0,26.09,26.09,28.99,200000000.0,4.7,,,4.7,1.0,1.0,5.0,14.0,79.0
11465,759.0,209.99,209.99,,,5.0,1.0,1.0,5.0,0.0,0.0,0.0,0.0,100.0
11466,4.0,,,,,4.6,2120.0,2120.0,4.6,4.0,1.0,2.0,9.0,84.0
11467,372.0,13.64,13.64,,,4.4,1324.0,,,,,,,
11468,306.0,84.95,84.95,,,3.8,5.0,,,,,,,
11469,10.0,,,,,5.0,3.0,3.0,5.0,0.0,0.0,0.0,0.0,100.0
11470,111.0,12.95,12.95,,100000000.0,4.4,91.0,91.0,4.4,4.0,4.0,6.0,11.0,75.0
11471,64.0,,,,50000000.0,,,,,,,,,
11472,31.0,,,,50000000.0,4.7,661.0,661.0,4.7,2.0,1.0,3.0,11.0,83.0
11473,405.0,,,,,,,,,,,,,
11474,8.0,,,,200000000.0,,,,,,,,,
11475,75.0,,,,,4.6,232.0,232.0,4.6,4.0,1.0,2.0,11.0,82.0
11476,135.0,,,,,3.9,23.0,23.0,3.9,10.0,,15.0,0.0,62.0
11477,43.0,,,,50000000.0,,,,,,,,,
11478,26.0,,,,200000000.0,4.5,126.0,,,,,,,
11481,3.0,,,,,4.7,467.0,467.0,4.7,4.0,0.0,3.0,5.0,88.0
11482,107.0,,,,50000000.0,4.8,123.0,123.0,4.8,0.0,0.0,7.0,7.0,86.0
11483,277.0,,,,,4.3,7.0,,,,,,,
11484,91.0,,,,,4.6,69.0,69.0,4.6,0.0,4.0,8.0,14.0,74.0
11485,394.0,,,,,4.5,85.0,85.0,4.5,4.0,4.0,4.0,9.0,79.0
11486,36.0,,,,,4.6,92.0,,,,,,,
11487,74.0,,,,,4.7,336.0,336.0,4.7,2.0,1.0,2.0,9.0,86.0
11488,485.0,,,,,4.7,13.0,13.0,4.7,0.0,9.0,0.0,0.0,91.0
11490,134.0,,,,,4.6,3.0,3.0,4.6,0.0,0.0,0.0,,63.0
11491,3.0,,,,,4.7,1448.0,,,,,,,
11492,1135.0,,,,,,,,,,,,,
11494,70.0,,,,50000000.0,4.5,410.0,410.0,4.5,7.0,1.0,4.0,7.0,81.0
11496,141.0,,,,,4.3,3.0,3.0,4.3,0.0,0.0,,0.0,63.0
11497,321.0,7.99,7.99,8.99,,5.0,4.0,,,0.0,0.0,0.0,0.0,100.0
11498,396.0,,,,,,,,,,,,,
11499,395.0,,,,,4.7,16.0,16.0,4.7,0.0,0.0,9.0,10.0,81.0
11500,454.0,,,,,4.4,14.0,,,,,,,
11501,230.0,9.99,9.99,,200000000.0,4.5,138.0,,,,,,,
11502,149.0,,,,,5.0,2.0,2.0,5.0,0.0,0.0,0.0,0.0,100.0
11503,89.0,,,,50000000.0,4.7,207.0,207.0,4.7,4.0,1.0,0.0,7.0,88.0
11504,283.0,,,,,4.4,277.0,,,,,,,
11506,109.0,,,,,4.7,404.0,404.0,4.7,4.0,0.0,3.0,10.0,83.0
11508,45.0,,,,50000000.0,4.7,15.0,15.0,4.7,0.0,0.0,0.0,,73.0
11509,194.0,,,,,4.6,386.0,386.0,4.6,6.0,1.0,1.0,4.0,88.0
11510,35.0,,,,50000000.0,4.1,39.0,39.0,4.1,14.0,0.0,5.0,18.0,63.0
11511,393.0,,,,,5.0,1.0,1.0,5.0,0.0,0.0,0.0,0.0,100.0
11513,102.0,,,,,4.4,20.0,20.0,4.4,6.0,0.0,6.0,22.0,66.0
11515,605.0,,,,,,,,,0.0,0.0,0.0,0.0,
11516,255.0,,,,,,,,,,,,,
11518,499.0,,,,,5.0,1.0,1.0,5.0,0.0,0.0,0.0,0.0,100.0
11519,126.0,,,,,4.6,202.0,202.0,4.6,5.0,3.0,2.0,9.0,81.0
11521,380.0,,,,,,,,,,,,,
11523,408.0,,,,,4.7,39.0,,,,,,,
11524,374.0,,,,,5.0,1.0,1.0,5.0,0.0,0.0,0.0,0.0,100.0
11525,127.0,,,,,4.6,212.0,212.0,4.6,3.0,3.0,4.0,9.0,81.0
11527,69.0,,,,,4.6,27.0,,,,,,,
11529,124.0,,,,,4.2,35.0,35.0,4.2,17.0,0.0,3.0,6.0,74.0
11530,736.0,,,,,4.1,83.0,83.0,4.1,12.0,3.0,9.0,15.0,61.0
11531,178.0,,,,,4.9,14.0,,,,,,,
11533,132.0,,,,,4.9,26.0,26.0,4.9,0.0,0.0,0.0,11.0,89.0
11534,216.0,,,,,4.4,275.0,275.0,4.4,6.0,1.0,7.0,15.0,71.0
11537,404.0,,,,,4.6,7.0,7.0,4.6,0.0,0.0,,0.0,81.0
11538,133.0,,,,,4.8,26.0,26.0,4.8,0.0,0.0,0.0,19.0,81.0
11540,108.0,,,,,4.8,1436.0,1436.0,4.8,2.0,1.0,2.0,5.0,90.0
11541,218.0,,,,,4.4,1041.0,1041.0,4.4,7.0,2.0,4.0,11.0,76.0
11542,113.0,,,,,3.7,9.0,9.0,3.7,15.0,0.0,,15.0,44.0
11545,71.0,,,,,4.2,23.0,23.0,4.2,7.0,6.0,5.0,17.0,65.0
11547,228.0,,,,,3.6,3.0,3.0,3.6,,0.0,0.0,0.0,66.0
11548,369.0,160.0,160.0,199.96,,4.0,14.0,14.0,4.0,18.0,0.0,0.0,,52.0
11549,160.0,,,,,,,,,,,,,
11550,,,,,,4.1,20.0,20.0,4.1,18.0,0.0,0.0,18.0,64.0
11551,445.0,,,,,4.6,592.0,,,,,,,
11552,1029.0,,,,,,,,,0.0,0.0,0.0,0.0,
11553,119.0,,,,,5.0,2.0,,,,,,,
11554,172.0,,,,,5.0,1.0,1.0,5.0,0.0,0.0,0.0,0.0,100.0
11555,613.0,,,,,4.8,6.0,6.0,4.8,0.0,0.0,0.0,20.0,80.0
11557,306.0,,,,,4.0,2.0,2.0,4.0,0.0,0.0,,0.0,50.0
11558,1449.0,,,,,4.3,408.0,408.0,4.3,7.0,5.0,6.0,15.0,67.0
11559,280.0,,,,,,,,,0.0,0.0,0.0,0.0,
11560,570.0,,,,,,,,,0.0,0.0,0.0,0.0,
11561,1131.0,,,,,3.9,323.0,323.0,3.9,11.0,8.0,11.0,23.0,47.0
11562,373.0,,,,,4.2,133.0,133.0,4.2,14.0,0.0,2.0,14.0,70.0
11563,414.0,,,,,4.3,10.0,10.0,4.3,13.0,0.0,0.0,13.0,74.0
11564,48.0,,,,50000000.0,4.4,28.0,,,,,,,
11565,666.0,,,,,4.9,16.0,16.0,4.9,0.0,0.0,0.0,10.0,90.0
11566,262.0,,,,,4.3,5.0,5.0,4.3,0.0,0.0,,22.0,54.0
11567,2122.0,,,,,4.7,21.0,21.0,4.7,0.0,0.0,0.0,,69.0
11568,1747.0,,,,,5.0,1.0,1.0,5.0,0.0,0.0,0.0,0.0,100.0
11569,693.0,,,,,4.4,13.0,13.0,4.4,10.0,0.0,10.0,0.0,80.0
11570,353.0,,,,,4.7,592.0,592.0,4.7,4.0,1.0,2.0,5.0,88.0
11571,308.0,,,,,,,,,,,,,
11572,121.0,,,,,4.6,678.0,678.0,4.6,5.0,1.0,5.0,5.0,84.0
11573,341.0,,,,,4.2,8.0,8.0,4.2,21.0,0.0,0.0,0.0,79.0
11574,185.0,,,,,5.0,2.0,2.0,5.0,0.0,0.0,0.0,0.0,100.0
11575,13.0,219.0,219.0,,200000000.0,4.8,71.0,,,,,,,
11578,505.0,,,,,,,,,0.0,0.0,0.0,0.0,
11579,1962.0,,,,,,,,,,,,,
11580,1110.0,,,,,,,,,,,,,
11581,541.0,,,,,5.0,3.0,3.0,5.0,0.0,0.0,0.0,0.0,100.0
11583,243.0,,,,,4.2,401.0,401.0,4.2,6.0,5.0,6.0,22.0,61.0
11584,643.0,,,,,5.0,1.0,1.0,5.0,0.0,0.0,0.0,0.0,100.0
11585,177.0,,,,,4.0,1.0,,,,,,,
11586,1385.0,,,,,3.8,26.0,26.0,3.8,12.0,10.0,11.0,16.0,51.0
11587,115.0,,,,,4.6,356.0,356.0,4.6,5.0,1.0,2.0,8.0,84.0
11588,104.0,,,,,4.6,55.0,55.0,4.6,6.0,4.0,0.0,5.0,85.0
11589,707.0,,,,,4.4,66.0,66.0,4.4,5.0,5.0,5.0,14.0,71.0
11591,862.0,,,,,4.4,376.0,376.0,4.4,4.0,4.0,4.0,20.0,68.0
11593,1278.0,,,,,4.6,475.0,475.0,4.6,3.0,3.0,4.0,12.0,78.0
11594,9.0,,,,1000000.0,4.1,1994.0,,,,,,,
11595,1.0,,,,7000000.0,4.7,,,,,,,,
11596,4.0,123.0,123.0,145.8,,4.3,655.0,,,,,,,
11597,1.0,149.0,149.0,,1000000.0,4.0,,,4.0,14.0,4.0,6.0,11.0,65.0
11598,5.0,144.0,144.0,,1000000.0,4.1,2860.0,2860.0,4.1,13.0,3.0,7.0,12.0,65.0
11600,8.0,,,,,4.6,278.0,278.0,4.6,5.0,2.0,3.0,7.0,83.0
11601,1.0,162.1,162.1,,300000000.0,4.0,,,,,,,,
11602,1.0,,,,2000000.0,4.7,,,,2.0,1.0,2.0,9.0,86.0
11603,2.0,114.0,114.0,,300000000.0,4.1,,,4.1,13.0,4.0,5.0,11.0,67.0
11604,3.0,179.0,179.0,249.0,7000000.0,4.6,,,,,,,,
11605,13.0,99.95,99.95,119.95,,4.3,1117.0,1117.0,4.3,11.0,3.0,5.0,10.0,71.0
11606,13.0,,,,,4.6,307.0,307.0,4.6,4.0,2.0,4.0,5.0,85.0
11607,26.0,,,,200000000.0,4.4,135.0,135.0,4.4,9.0,2.0,6.0,6.0,77.0
11608,2.0,139.0,139.0,119.99,200000000.0,4.1,,,4.1,13.0,4.0,5.0,11.0,67.0
11609,26.0,119.0,119.0,119.0,,4.2,2253.0,2253.0,4.2,10.0,3.0,6.0,12.0,69.0
11610,14.0,207.0,207.0,,,4.3,1878.0,1878.0,4.3,10.0,2.0,4.0,11.0,73.0
11611,6.0,29.99,29.99,219.99,4000000.0,4.1,204.0,204.0,4.1,10.0,5.0,8.0,13.0,64.0
11612,6.0,225.0,225.0,237.3,,4.3,2016.0,2016.0,4.3,9.0,2.0,5.0,10.0,74.0
11613,18.0,117.95,117.95,117.95,1000000.0,4.2,2576.0,2576.0,4.2,12.0,3.0,6.0,11.0,68.0
11614,27.0,,,,300000000.0,,,,,,,,,
11617,15.0,,,,,4.7,2581.0,,,4.0,1.0,2.0,6.0,87.0
11618,29.0,149.0,149.0,,300000000.0,4.3,745.0,745.0,4.3,9.0,3.0,6.0,10.0,72.0
11619,9.0,,,,5000000.0,,,,,,,,,
11620,28.0,174.14,174.14,,400000000.0,4.2,,,4.2,11.0,2.0,5.0,11.0,71.0
11622,65.0,,,,200000000.0,4.7,96.0,96.0,4.7,4.0,1.0,3.0,4.0,88.0
11623,88.0,,,,,4.1,1729.0,1729.0,4.1,13.0,3.0,6.0,10.0,68.0
11624,470.0,,,,,4.0,17.0,17.0,4.0,10.0,8.0,16.0,0.0,66.0
11625,35.0,124.95,124.95,124.9,,4.0,1420.0,1420.0,4.0,15.0,4.0,5.0,10.0,66.0
11626,34.0,184.97,184.97,147.0,300000000.0,4.3,841.0,,,,,,,
11627,47.0,,,,300000000.0,4.2,556.0,556.0,4.2,13.0,3.0,6.0,9.0,69.0
11628,19.0,,,,,4.1,2054.0,2054.0,4.1,13.0,3.0,7.0,10.0,67.0
11629,44.0,151.0,151.0,,200000000.0,4.1,2340.0,2340.0,4.1,14.0,4.0,4.0,10.0,68.0
11630,21.0,126.0,126.0,,,4.3,1656.0,1656.0,4.3,11.0,3.0,5.0,9.0,72.0
11631,16.0,119.95,119.95,125.0,1000000.0,4.0,,,4.0,15.0,3.0,6.0,11.0,65.0
11632,10.0,132.0,132.0,119.0,100000000.0,4.1,,,4.1,13.0,3.0,5.0,11.0,68.0
11633,63.0,,,,200000000.0,4.4,239.0,239.0,4.4,7.0,3.0,4.0,12.0,74.0
11634,36.0,139.0,139.0,139.0,300000000.0,4.2,786.0,786.0,4.2,11.0,3.0,7.0,11.0,68.0
11636,152.0,,,,,4.6,,,,,,,,
11637,70.0,149.95,149.95,,200000000.0,4.3,511.0,511.0,4.3,11.0,2.0,5.0,11.0,71.0
11638,53.0,,,240.0,300000000.0,4.4,614.0,614.0,4.4,10.0,1.0,4.0,9.0,76.0
11639,46.0,143.04,143.04,149.0,200000000.0,4.2,794.0,794.0,4.2,11.0,5.0,6.0,11.0,67.0
11640,38.0,119.95,119.95,119.95,300000000.0,4.0,1527.0,,,,,,,
11641,1.0,9.99,9.99,12.99,10000000.0,4.3,,,4.3,11.0,2.0,4.0,11.0,72.0
11642,57.0,189.67,189.67,195.0,200000000.0,4.2,,,4.2,11.0,2.0,5.0,11.0,71.0
11643,81.0,207.0,207.0,189.0,100000000.0,4.2,,,4.2,11.0,2.0,5.0,11.0,71.0
11644,75.0,160.2,160.2,144.0,100000000.0,4.2,592.0,592.0,4.2,9.0,4.0,8.0,9.0,70.0
11645,20.0,,,,300000000.0,4.4,1077.0,1077.0,4.4,8.0,2.0,4.0,9.0,77.0
11646,66.0,,,,100000000.0,,,,,,,,,
11647,45.0,159.0,159.0,,300000000.0,4.3,893.0,,,,,,,
11648,102.0,,,,50000000.0,4.4,239.0,239.0,4.4,7.0,3.0,4.0,12.0,74.0
11649,427.0,,,,,4.6,1435.0,,,4.0,1.0,4.0,12.0,79.0
11650,197.0,,,,,,,,,,,,,
11651,85.0,210.0,210.0,,100000000.0,3.9,102.0,,,,,,,
11653,43.0,189.0,189.0,,400000000.0,4.4,105.0,105.0,4.4,7.0,4.0,6.0,9.0,74.0
11654,48.0,148.54,148.54,,200000000.0,4.0,358.0,358.0,4.0,16.0,3.0,6.0,9.0,66.0
11656,6.0,123.0,123.0,,200000000.0,4.1,983.0,983.0,4.1,14.0,3.0,4.0,11.0,68.0
11657,112.0,204.92,204.92,,,4.2,,,4.2,11.0,2.0,5.0,11.0,71.0
11658,77.0,,,,,4.4,239.0,,,,,,,
11661,174.0,,,,,,,,,,,,,
11662,89.0,,,,50000000.0,4.3,1878.0,1878.0,4.3,10.0,2.0,4.0,11.0,73.0
11663,69.0,159.99,159.99,,300000000.0,4.2,12.0,12.0,4.2,11.0,,0.0,0.0,77.0
11664,109.0,193.99,193.99,207.99,50000000.0,4.3,1878.0,1878.0,4.3,10.0,2.0,4.0,11.0,73.0
11666,67.0,,,,,4.5,79.0,79.0,4.5,5.0,4.0,2.0,10.0,79.0
11667,116.0,,,,,4.2,70.0,,,,,,,
11668,68.0,,,,,4.7,,,,3.0,0.0,2.0,8.0,87.0
11670,99.0,,,,,4.3,220.0,,,,,,,
11671,8.0,,,,,4.7,,,,3.0,1.0,2.0,9.0,85.0
11672,92.0,,,,50000000.0,,,,,,,,,
11673,78.0,119.95,119.95,122.0,100000000.0,4.1,1260.0,1260.0,4.1,14.0,4.0,7.0,10.0,65.0
11676,83.0,,,,50000000.0,,,,,,,,,
11677,18.0,,,,7000000.0,,,,,,,,,
11678,11.0,49.99,49.99,69.99,4000000.0,4.3,1444.0,,,,,,,
11679,243.0,171.99,171.99,,50000000.0,4.6,2174.0,,,4.0,1.0,4.0,9.0,82.0
11680,170.0,124.25,124.25,124.0,,4.4,158.0,158.0,4.4,7.0,4.0,4.0,7.0,78.0
11681,110.0,,,,,4.1,84.0,84.0,4.1,10.0,6.0,9.0,11.0,64.0
11682,37.0,215.0,215.0,,,4.5,474.0,474.0,4.5,7.0,1.0,5.0,6.0,81.0
11683,161.0,120.0,120.0,,,4.3,454.0,454.0,4.3,10.0,3.0,3.0,9.0,75.0
11684,63.0,,,,50000000.0,3.5,24.0,24.0,3.5,,6.0,10.0,13.0,48.0
11685,128.0,,,,,,,,,,,,,
11687,118.0,56.99,56.99,59.95,,4.1,2349.0,,,,,,,
11688,162.0,,,,,3.9,178.0,,,,,,,
11689,166.0,155.99,155.99,219.0,50000000.0,5.0,6.0,6.0,5.0,0.0,0.0,0.0,0.0,100.0
11690,86.0,124.99,124.99,,100000000.0,4.2,426.0,,,,,,,
11691,3.0,7.99,7.99,9.99,10000000.0,4.4,,,4.4,9.0,2.0,4.0,10.0,75.0
11692,102.0,183.94,183.94,183.94,50000000.0,4.4,107.0,,,,,,,
11693,37.0,,,238.98,,4.5,474.0,474.0,4.5,7.0,1.0,5.0,6.0,81.0
11694,117.0,161.0,161.0,179.0,,4.4,11.0,11.0,4.4,12.0,0.0,0.0,12.0,76.0
11695,16.0,,,,,,2.0,,,,,,,
11696,107.0,119.0,119.0,129.0,50000000.0,4.1,230.0,230.0,4.1,13.0,3.0,8.0,9.0,67.0
11697,111.0,,,,50000000.0,,,,,,,,,
11698,83.0,,,249.0,50000000.0,4.4,83.0,83.0,4.4,8.0,2.0,3.0,13.0,74.0
11699,81.0,119.0,119.0,119.0,100000000.0,4.2,957.0,957.0,4.2,13.0,5.0,3.0,10.0,69.0
11701,49.0,,,,1000000.0,,,,,,,,,
11702,330.0,,,,,4.4,8.0,8.0,4.4,0.0,0.0,16.0,,57.0
11703,231.0,159.0,159.0,154.0,,5.0,2.0,,,0.0,0.0,0.0,0.0,100.0
11704,64.0,124.99,124.99,131.0,100000000.0,4.2,1192.0,1192.0,4.2,13.0,2.0,4.0,9.0,72.0
11705,139.0,150.0,150.0,,,4.0,152.0,152.0,4.0,15.0,6.0,7.0,8.0,64.0
11706,118.0,127.95,127.95,,50000000.0,4.2,259.0,259.0,4.2,13.0,2.0,4.0,10.0,71.0
11707,245.0,184.97,184.97,,,4.1,79.0,79.0,4.1,11.0,8.0,3.0,13.0,65.0
11708,91.0,159.96,159.96,145.8,50000000.0,4.4,246.0,246.0,4.4,6.0,5.0,4.0,11.0,74.0
11709,119.0,222.6,222.6,,50000000.0,4.4,81.0,,,,,,,
11710,131.0,140.0,140.0,,50000000.0,4.2,108.0,108.0,4.2,16.0,0.0,1.0,10.0,73.0
11711,2.0,9.99,9.99,,10000000.0,4.6,,,4.6,2.0,1.0,5.0,13.0,79.0
11712,17.0,,,,300000000.0,,,,,,,,,
11713,142.0,129.0,129.0,,50000000.0,4.1,160.0,160.0,4.1,14.0,1.0,8.0,13.0,64.0
11714,74.0,169.95,169.95,,100000000.0,4.1,110.0,110.0,4.1,12.0,7.0,5.0,9.0,67.0
11715,194.0,145.0,145.0,145.0,,4.4,211.0,,,,,,,
11716,149.0,116.49,116.49,122.0,50000000.0,4.1,298.0,298.0,4.1,15.0,1.0,5.0,10.0,69.0
11717,1.0,59.99,59.99,79.99,,4.4,414.0,414.0,4.4,6.0,2.0,8.0,16.0,68.0
11718,2345.0,,,,,4.6,,,,3.0,1.0,3.0,10.0,83.0
11719,4.0,24.19,24.19,29.0,7000000.0,4.8,,,,,,,,
11720,77.0,,,,,4.4,239.0,239.0,4.4,7.0,3.0,4.0,12.0,74.0
11721,1.0,9.96,9.96,,8000000.0,4.4,,,4.4,5.0,3.0,6.0,12.0,74.0
11722,212.0,128.52,128.52,159.0,,4.4,322.0,322.0,4.4,10.0,2.0,4.0,9.0,75.0
11723,9.0,9.49,9.49,,4000000.0,4.7,1342.0,,,,,,,
11724,16.0,5.94,5.94,,4000000.0,4.7,,,,1.0,1.0,5.0,13.0,80.0
11726,43.0,19.19,19.19,29.99,1000000.0,4.3,1027.0,1027.0,4.3,8.0,3.0,6.0,11.0,72.0
11727,179.0,127.96,127.96,120.0,,4.2,211.0,211.0,4.2,12.0,3.0,5.0,11.0,69.0
11728,10.0,5.04,5.04,7.59,5000000.0,4.7,,,,,,,,
11729,20.0,16.99,16.99,19.99,3000000.0,4.4,,,,,,,,
11730,245.0,,,,,,24.0,24.0,,,,0.0,25.0,36.0
11731,21.0,8.99,8.99,13.99,7000000.0,4.7,,,,1.0,1.0,3.0,11.0,84.0
11732,133.0,129.95,129.95,,50000000.0,4.4,184.0,184.0,4.4,9.0,1.0,4.0,10.0,76.0
11734,893.0,,,,50000000.0,,,,,,,,,
11736,103.0,140.61,140.61,148.75,50000000.0,4.4,742.0,742.0,4.4,7.0,2.0,6.0,9.0,76.0
11737,149.0,7.99,7.99,,,4.6,1904.0,,,3.0,2.0,5.0,12.0,78.0
11738,29.0,6.99,6.99,,1000000.0,4.6,,,,,,,,
11739,132.0,9.49,9.49,9.99,,4.7,2169.0,,,,,,,
11740,200.0,7.98,7.98,,,4.6,,,,2.0,1.0,4.0,12.0,81.0
11741,17.0,13.99,13.99,,,4.5,,,,4.0,3.0,5.0,10.0,78.0
11742,142.0,12.99,12.99,,,4.5,,,4.5,3.0,3.0,7.0,14.0,73.0
11743,144.0,149.99,149.99,,,4.3,70.0,70.0,4.3,11.0,3.0,6.0,4.0,76.0
11744,799.0,,,,,,,,,,,,,
11745,368.0,8.99,8.99,,,4.7,378.0,,,2.0,1.0,4.0,10.0,83.0
11746,268.0,8.99,8.99,,,4.6,1308.0,1308.0,4.6,3.0,2.0,4.0,11.0,80.0
11748,7.0,9.99,9.99,,400000000.0,4.5,,,,4.0,2.0,5.0,13.0,76.0
11749,324.0,8.98,8.98,9.98,,4.6,1456.0,,,2.0,2.0,6.0,13.0,77.0
11750,115.0,5.99,5.99,,100000000.0,4.4,1807.0,,,6.0,3.0,8.0,13.0,70.0
11751,208.0,9.99,9.99,,300000000.0,4.6,,,,,,,,
11752,104.0,49.0,49.0,,200000000.0,4.2,662.0,,,7.0,7.0,6.0,12.0,68.0
11754,2.0,5.93,5.93,6.59,2000000.0,4.4,,,4.4,6.0,3.0,7.0,12.0,72.0
11755,62.0,8.99,8.99,,2000000.0,4.6,,,,2.0,1.0,5.0,13.0,79.0
11756,32.0,14.99,14.99,,50000000.0,4.5,,,4.5,5.0,2.0,7.0,12.0,74.0
11758,35.0,9.99,9.99,,3000000.0,4.7,,,4.7,2.0,1.0,4.0,12.0,81.0
11760,1092.0,11.99,11.99,,50000000.0,4.7,,,,,,,,
11761,83.0,25.89,25.89,,,3.6,149.0,149.0,3.6,19.0,6.0,15.0,11.0,49.0
11762,50.0,,,,,4.1,1404.0,1404.0,4.1,15.0,4.0,4.0,9.0,68.0
11763,19.0,5.33,5.33,,6000000.0,4.6,,,,,,,,
11764,284.0,12.95,12.95,,50000000.0,4.6,2131.0,,,3.0,2.0,6.0,11.0,78.0
11765,784.0,62.74,62.74,85.0,,4.3,469.0,,,,,,,
11767,122.0,,,,,4.7,528.0,,,4.0,0.0,2.0,7.0,87.0
11768,21.0,16.99,16.99,24.99,3000000.0,4.4,,,4.4,8.0,3.0,5.0,8.0,76.0
11769,24.0,12.99,12.99,,1000000.0,4.2,,,4.2,11.0,5.0,5.0,10.0,69.0
11770,526.0,53.06,53.06,69.0,,3.9,1347.0,,,,,,,
11771,655.0,31.99,31.99,49.99,200000000.0,4.4,,,,,,,,
11772,376.0,49.0,49.0,59.49,,4.2,662.0,,,7.0,7.0,6.0,12.0,68.0
11773,10.0,18.99,18.99,,1000000.0,4.5,,,,4.0,2.0,6.0,12.0,76.0
11774,190.0,,,,,4.2,,,4.2,11.0,2.0,5.0,11.0,71.0
11775,8.0,8.99,8.99,,9000000.0,4.6,1275.0,1275.0,4.6,2.0,2.0,5.0,15.0,76.0
11776,326.0,9.99,9.99,,300000000.0,4.5,,,,,,,,
11777,722.0,7.99,7.99,9.99,100000000.0,4.6,738.0,738.0,4.6,3.0,1.0,5.0,8.0,83.0
11778,190.0,,,,,,,,,,,,,
11780,113.0,143.96,143.96,145.0,,4.6,10.0,10.0,4.6,0.0,0.0,13.0,12.0,75.0
11782,294.0,,,,,,,,,,,,,
11783,389.0,39.99,39.99,,50000000.0,4.0,46.0,,,12.0,7.0,8.0,14.0,59.0
11784,51.0,8.99,8.99,,1000000.0,4.7,,,4.7,2.0,1.0,3.0,11.0,83.0
11785,1303.0,17.99,17.99,,,4.7,,,,1.0,0.0,5.0,12.0,82.0
11786,231.0,,,,,4.1,296.0,,,12.0,4.0,8.0,9.0,67.0
11787,1026.0,4.99,4.99,5.99,100000000.0,4.5,633.0,633.0,4.5,3.0,2.0,6.0,14.0,75.0
11788,163.0,19.66,19.66,,,4.5,897.0,,,5.0,3.0,5.0,8.0,79.0
11789,254.0,46.75,46.75,55.0,,4.5,506.0,,,5.0,2.0,6.0,12.0,75.0
11790,26.0,19.99,19.99,,3000000.0,4.6,1882.0,1882.0,4.6,3.0,2.0,5.0,9.0,81.0
11791,242.0,199.0,199.0,,,3.8,31.0,31.0,3.8,15.0,8.0,9.0,17.0,51.0
11792,204.0,,,,,4.0,1.0,1.0,4.0,0.0,0.0,0.0,,
11793,66.0,5.29,5.29,6.98,1000000.0,4.6,2239.0,,,2.0,2.0,6.0,13.0,77.0
11794,525.0,6.99,6.99,,50000000.0,4.6,634.0,634.0,4.6,2.0,1.0,4.0,13.0,80.0
11795,23.0,,,,,,9.0,9.0,,,0.0,16.0,0.0,48.0
11796,249.0,,,,,,,,,,,,,
11797,163.0,159.97,159.97,,,4.6,24.0,24.0,4.6,0.0,0.0,7.0,21.0,72.0
11798,416.0,18.99,18.99,,200000000.0,4.5,,,,,,,,
11799,225.0,194.0,194.0,205.0,50000000.0,4.2,138.0,138.0,4.2,11.0,4.0,5.0,9.0,71.0
11800,65.0,,,,1000000.0,,,,,,,,,
11801,82.0,,,,,4.7,921.0,,,4.0,0.0,3.0,7.0,86.0
11802,695.0,,,,,3.9,7.0,,,,,,,
11803,249.0,38.25,38.25,,,4.3,1504.0,,,6.0,5.0,8.0,11.0,70.0
11804,340.0,,,,,,,,,,,,,
11805,109.0,47.7,47.7,,100000000.0,4.5,1081.0,1081.0,4.5,6.0,1.0,5.0,12.0,76.0
11806,7.0,218.62,218.62,,,4.5,1038.0,,,6.0,1.0,4.0,12.0,77.0
11807,201.0,,,,,5.0,1.0,,,,,,,
11808,284.0,79.0,79.0,,,3.8,217.0,,,17.0,7.0,9.0,12.0,55.0
11809,520.0,127.99,127.99,130.74,,4.2,10.0,,,,,,,
11811,624.0,222.37,222.37,,,4.7,964.0,,,,,,,
11812,318.0,14.68,14.68,21.98,,4.7,,,4.7,1.0,1.0,3.0,10.0,85.0
11813,203.0,,,223.96,,4.3,57.0,,,,,,,
11814,40.0,9.99,9.99,12.99,300000000.0,4.5,1764.0,,,,,,,
11815,181.0,10.94,10.94,14.59,,4.6,,,,2.0,2.0,6.0,14.0,76.0
11816,2059.0,7.99,7.99,,50000000.0,4.6,1921.0,1921.0,4.6,4.0,2.0,4.0,11.0,79.0
11817,244.0,7.99,7.99,,,4.6,1109.0,1109.0,4.6,3.0,3.0,5.0,11.0,78.0
11818,431.0,,,,,4.8,,,,1.0,0.0,2.0,7.0,90.0
11819,99.0,19.99,19.99,,200000000.0,4.5,,,4.5,4.0,2.0,7.0,13.0,74.0
11820,134.0,29.95,29.95,29.95,200000000.0,4.7,200.0,200.0,4.7,2.0,1.0,3.0,9.0,85.0
11823,110.0,7.99,7.99,14.99,400000000.0,4.7,393.0,,,,,,,
11824,191.0,,,,,5.0,7.0,7.0,5.0,0.0,0.0,0.0,0.0,100.0
11825,313.0,,,,,4.6,,,,,,,,
11827,146.0,,,,,,,,,,,,,
11828,343.0,,,,,4.5,817.0,,,,,,,
11829,157.0,135.99,135.99,145.8,,4.4,84.0,84.0,4.4,8.0,3.0,4.0,13.0,72.0
11830,123.0,6.99,6.99,,1000000.0,4.6,2181.0,,,2.0,1.0,5.0,12.0,80.0
11831,405.0,,,,,5.0,2.0,,,,,,,
11832,103.0,,,,100000000.0,4.1,8.0,8.0,4.1,0.0,0.0,,0.0,57.0
11833,221.0,6.99,6.99,,,4.6,691.0,,,3.0,2.0,5.0,9.0,81.0
11834,135.0,11.99,11.99,,50000000.0,4.4,,,,3.0,3.0,8.0,16.0,70.0
11836,14.0,,,,7000000.0,,,,,,,,,
11837,52.0,149.95,149.95,199.95,2000000.0,4.3,,,4.3,9.0,3.0,5.0,14.0,69.0
11838,246.0,,,,,4.7,987.0,,,3.0,1.0,3.0,10.0,83.0
11839,75.0,,,,200000000.0,4.7,86.0,,,,,,,
11840,165.0,6.99,6.99,,50000000.0,4.6,539.0,,,,,,,
11841,858.0,18.99,18.99,,,4.4,9.0,9.0,4.4,0.0,0.0,,14.0,63.0
11842,232.0,139.99,139.99,,,3.6,20.0,20.0,3.6,,6.0,7.0,14.0,51.0
11843,18.0,7.99,7.99,9.99,3000000.0,4.6,596.0,596.0,4.6,2.0,1.0,5.0,12.0,80.0
11844,253.0,98.0,98.0,,,4.2,1235.0,,,10.0,4.0,7.0,11.0,68.0
11845,612.0,15.99,15.99,,,4.0,38.0,,,14.0,5.0,11.0,10.0,60.0
11847,7.0,16.99,16.99,23.99,9000000.0,4.4,1095.0,,,9.0,3.0,4.0,10.0,74.0
11848,15.0,8.99,8.99,,3000000.0,4.4,869.0,,,,,,,
11849,59.0,21.99,21.99,,1000000.0,4.5,,,4.5,4.0,2.0,5.0,12.0,77.0
11850,153.0,27.26,27.26,,50000000.0,4.6,91.0,91.0,4.6,0.0,4.0,4.0,17.0,75.0
11851,996.0,8.99,8.99,,100000000.0,4.7,2132.0,,,,,,,
11852,135.0,,,,,4.7,67.0,,,,,,,
11853,57.0,14.75,14.75,14.75,,4.6,,,4.6,3.0,1.0,5.0,12.0,79.0
11854,243.0,164.97,164.97,,,5.0,2.0,2.0,5.0,0.0,0.0,0.0,0.0,100.0
11855,1.0,,,,8000000.0,,,,,,,,,
11856,85.0,7.68,7.68,,300000000.0,4.7,,,,3.0,1.0,3.0,10.0,83.0
11857,674.0,8.99,8.99,,50000000.0,4.4,1779.0,1779.0,4.4,3.0,2.0,9.0,16.0,70.0
11858,1704.0,12.5,12.5,,50000000.0,4.1,137.0,137.0,4.1,9.0,7.0,9.0,8.0,67.0
11859,350.0,,,,,4.3,22.0,22.0,4.3,6.0,0.0,7.0,,61.0
11860,306.0,,,,,4.4,239.0,239.0,4.4,7.0,3.0,4.0,12.0,74.0
11861,802.0,79.99,79.99,158.0,,4.3,1464.0,,,9.0,3.0,5.0,8.0,75.0
11863,782.0,9.49,9.49,9.99,100000000.0,4.4,,,4.4,4.0,3.0,8.0,13.0,72.0
11864,121.0,7.99,7.99,,200000000.0,4.2,1395.0,1395.0,4.2,9.0,3.0,10.0,13.0,65.0
11865,263.0,,,,,,,,,,,,,
11866,541.0,12.99,12.99,,200000000.0,4.6,808.0,,,,,,,
11867,17.0,,,,,5.0,4.0,4.0,5.0,0.0,0.0,0.0,0.0,100.0
11868,299.0,18.99,18.99,,,4.6,,,4.6,4.0,2.0,5.0,11.0,78.0
11869,117.0,25.99,25.99,,400000000.0,4.3,290.0,290.0,4.3,6.0,4.0,9.0,13.0,68.0
11870,828.0,12.34,12.34,17.99,100000000.0,4.7,684.0,,,2.0,1.0,2.0,10.0,85.0
11871,158.0,,,,,,,,,,,,,
11872,15.0,6.79,6.79,,1000000.0,4.6,,,4.6,3.0,2.0,5.0,13.0,77.0
11873,205.0,,,,,4.2,34.0,34.0,4.2,6.0,8.0,7.0,18.0,61.0
11874,966.0,13.99,13.99,17.99,100000000.0,4.4,,,,4.0,3.0,8.0,15.0,70.0
11875,2.0,29.99,29.99,,8000000.0,3.6,234.0,234.0,3.6,21.0,6.0,11.0,12.0,50.0
11876,50.0,7.99,7.99,13.99,2000000.0,4.4,940.0,,,,,,,
11879,340.0,204.97,204.97,,,5.0,2.0,2.0,5.0,0.0,0.0,0.0,0.0,100.0
11880,1254.0,24.6,24.6,24.6,50000000.0,3.9,133.0,,,11.0,7.0,12.0,16.0,54.0
11881,671.0,19.99,19.99,,200000000.0,4.1,529.0,,,10.0,5.0,9.0,12.0,64.0
11882,291.0,12.74,12.74,16.99,,4.3,474.0,,,5.0,4.0,10.0,12.0,69.0
11885,97.0,,,,,,,,,,,,,
11886,83.0,24.99,24.99,24.99,,4.3,806.0,806.0,4.3,8.0,4.0,7.0,6.0,75.0
11887,178.0,,,,,4.7,,,,4.0,0.0,3.0,8.0,85.0
11888,611.0,6.69,6.69,,50000000.0,4.5,,,,3.0,2.0,7.0,14.0,74.0
11889,22.0,12.99,12.99,,5000000.0,4.5,415.0,415.0,4.5,6.0,2.0,3.0,10.0,79.0
11890,186.0,,,,,4.8,25.0,25.0,4.8,0.0,0.0,7.0,8.0,85.0
11891,1395.0,7.19,7.19,7.99,100000000.0,4.6,2721.0,,,,,,,
11892,232.0,,,,,,,,,,,,,
11893,175.0,,,,,4.7,242.0,,,4.0,1.0,1.0,7.0,87.0
11894,1984.0,,,,100000000.0,,,,,,,,,
11895,471.0,39.99,39.99,,,4.2,446.0,,,9.0,5.0,8.0,11.0,67.0
11896,1212.0,22.99,22.99,,50000000.0,4.5,871.0,,,,,,,
11897,470.0,21.99,21.99,,300000000.0,4.4,,,,4.0,3.0,7.0,16.0,70.0
11898,14.0,69.99,69.99,79.99,4000000.0,4.4,2391.0,2391.0,4.4,6.0,3.0,5.0,13.0,73.0
11900,215.0,16.8,16.8,,,4.5,10.0,,,0.0,0.0,12.0,22.0,66.0
11901,367.0,9.99,9.99,,100000000.0,4.6,1084.0,,,2.0,2.0,4.0,10.0,82.0
11902,79.0,,,,400000000.0,,,,,,,,,
11903,141.0,,,,300000000.0,,,,,,,,,
11904,158.0,8.99,8.99,9.99,,4.6,,,4.6,2.0,1.0,5.0,13.0,79.0
11905,182.0,,,,,4.6,197.0,,,3.0,1.0,3.0,10.0,83.0
11906,354.0,16.97,16.97,,200000000.0,4.4,1349.0,1349.0,4.4,6.0,3.0,7.0,12.0,72.0
11907,152.0,13.99,13.99,,50000000.0,4.8,1022.0,,,1.0,1.0,3.0,8.0,87.0
11908,413.0,,,,,,3.0,3.0,,,0.0,0.0,0.0,37.0
11909,312.0,,,,,,,,,,,,,
11910,250.0,8.99,8.99,,200000000.0,4.6,868.0,,,3.0,2.0,3.0,11.0,81.0
11911,1249.0,,,,,4.6,382.0,,,4.0,1.0,2.0,9.0,84.0
11912,234.0,21.99,21.99,21.99,300000000.0,4.4,856.0,,,3.0,5.0,5.0,15.0,72.0
11913,1935.0,42.5,42.5,45.0,,4.2,156.0,,,10.0,4.0,6.0,8.0,72.0
11914,11.0,5.21,5.21,7.49,4000000.0,4.5,,,,,,,,
11915,3.0,5.52,5.52,6.99,3000000.0,4.5,,,4.5,5.0,3.0,6.0,12.0,74.0
11916,657.0,16.99,16.99,,50000000.0,4.2,,,4.2,7.0,4.0,9.0,13.0,67.0
11917,356.0,11.99,11.99,,50000000.0,4.5,1704.0,,,2.0,2.0,8.0,14.0,74.0
11918,239.0,,,,,4.1,15.0,15.0,4.1,9.0,,8.0,0.0,72.0
11919,329.0,5.83,5.83,7.99,400000000.0,4.6,1161.0,,,2.0,3.0,6.0,11.0,78.0
11920,1233.0,23.26,23.26,34.99,300000000.0,4.4,427.0,427.0,4.4,5.0,3.0,8.0,11.0,73.0
11921,119.0,,,,100000000.0,5.0,4.0,4.0,5.0,0.0,0.0,0.0,0.0,100.0
11922,13.0,13.96,13.96,,2000000.0,4.4,,,4.4,8.0,2.0,4.0,9.0,77.0
11923,17.0,13.95,13.95,15.95,3000000.0,4.5,,,,,,,,
11924,291.0,,,,,5.0,3.0,,,,,,,
11925,29.0,59.99,59.99,,2000000.0,4.1,,,4.1,10.0,4.0,9.0,16.0,61.0
11926,60.0,6.99,6.99,,1000000.0,4.6,,,4.6,3.0,2.0,6.0,11.0,78.0
11927,199.0,148.97,148.97,,,4.0,96.0,96.0,4.0,13.0,3.0,10.0,14.0,60.0
11928,23.0,21.99,21.99,,100000000.0,4.5,1526.0,,,3.0,2.0,9.0,13.0,73.0
11929,123.0,,,,,4.7,466.0,,,,,,,
11930,2.0,9.99,9.99,10.99,4000000.0,4.2,,,4.2,8.0,4.0,8.0,13.0,67.0
11931,74.0,,,,,4.8,,,,,,,,
11932,1451.0,3.99,3.99,,,4.6,275.0,275.0,4.6,3.0,2.0,5.0,14.0,76.0
11933,23.0,6.99,6.99,,1000000.0,4.4,,,,,,,,
11935,80.0,,,,200000000.0,,,,,,,,,
11936,148.0,19.99,19.99,,,4.4,2556.0,,,6.0,4.0,6.0,14.0,70.0
11937,166.0,189.97,189.97,166.83,,4.2,24.0,24.0,4.2,9.0,9.0,0.0,9.0,73.0
11938,17.0,21.95,21.95,,,4.4,,,4.4,5.0,3.0,8.0,12.0,72.0
11939,248.0,9.59,9.59,11.99,400000000.0,4.6,,,4.6,3.0,2.0,6.0,13.0,76.0
11940,2142.0,8.99,8.99,,50000000.0,4.6,,,,2.0,1.0,6.0,13.0,78.0
11941,37.0,7.19,7.19,7.99,4000000.0,4.5,2299.0,,,3.0,3.0,6.0,13.0,75.0
11943,,19.99,19.99,,100000000.0,4.6,717.0,717.0,4.6,4.0,1.0,6.0,11.0,78.0
11944,936.0,8.11,8.11,8.54,200000000.0,4.6,722.0,,,,,,,
11945,434.0,169.0,169.0,,,4.3,63.0,,,,,,,
11946,175.0,59.99,59.99,89.99,,4.6,1101.0,1101.0,4.6,4.0,2.0,3.0,8.0,83.0
11947,369.0,189.95,189.95,,,4.4,17.0,17.0,4.4,14.0,0.0,0.0,0.0,86.0
11948,712.0,150.0,150.0,200.0,,5.0,1.0,,,,,,,
11949,774.0,8.99,8.99,9.99,100000000.0,4.7,,,,1.0,1.0,5.0,13.0,80.0
11950,997.0,,,,,3.8,350.0,350.0,3.8,14.0,9.0,7.0,17.0,53.0
11951,12.0,,,,8000000.0,,,,,,,,,
11952,6.0,17.99,17.99,25.99,2000000.0,4.4,,,4.4,7.0,3.0,5.0,13.0,72.0
11953,146.0,,,,,4.7,69.0,69.0,4.7,4.0,2.0,0.0,5.0,89.0
11954,173.0,192.0,192.0,,,4.2,,,4.2,11.0,2.0,5.0,11.0,71.0
11955,801.0,127.99,127.99,148.0,50000000.0,4.3,1464.0,,,9.0,3.0,5.0,8.0,75.0
11956,277.0,21.99,21.99,,,3.7,42.0,,,,,,,
11957,5.0,6.38,6.38,9.99,8000000.0,4.5,1226.0,1226.0,4.5,5.0,2.0,5.0,14.0,74.0
11958,425.0,8.99,8.99,11.99,100000000.0,4.4,2699.0,,,5.0,3.0,9.0,13.0,70.0
11959,422.0,13.98,13.98,16.47,200000000.0,4.5,858.0,,,5.0,2.0,5.0,11.0,77.0
11960,111.0,19.99,19.99,,400000000.0,4.5,,,,,,,,
11961,2253.0,9.99,9.99,,,4.6,2385.0,,,2.0,2.0,4.0,14.0,78.0
11962,566.0,45.99,45.99,,100000000.0,4.5,698.0,,,,,,,
11963,908.0,,,,,,,,,,,,,
11964,257.0,,,,,3.7,531.0,531.0,3.7,17.0,8.0,9.0,18.0,48.0
11966,1661.0,,,,,,,,,,,,,
11967,603.0,13.55,13.55,,,,4.0,,,,0.0,,0.0,45.0
11968,238.0,,,,,,,,,,,,,
11969,404.0,,,,,4.5,2.0,2.0,4.5,0.0,0.0,0.0,,51.0
11970,6.0,6.99,6.99,,2000000.0,4.3,,,4.3,7.0,3.0,8.0,14.0,68.0
11972,1391.0,,,,,,,,,,,,,
11973,607.0,,,,,,,,,,,,,
11974,931.0,26.94,26.94,55.0,100000000.0,4.5,506.0,,,5.0,2.0,6.0,12.0,75.0
11975,117.0,14.95,14.95,,,4.4,90.0,90.0,4.4,7.0,6.0,3.0,7.0,77.0
11976,,,,,,3.8,108.0,,,18.0,2.0,12.0,13.0,55.0
11977,1.0,22.75,22.75,,200000000.0,4.0,2394.0,,,14.0,5.0,8.0,14.0,59.0
11979,951.0,8.98,8.98,,100000000.0,4.5,,,,3.0,3.0,7.0,14.0,73.0
11980,178.0,49.99,49.99,,,4.7,900.0,,,,,,,
11981,81.0,10.99,10.99,14.99,2000000.0,4.4,916.0,916.0,4.4,4.0,4.0,7.0,15.0,70.0
11982,61.0,14.49,14.49,,2000000.0,4.4,,,4.4,4.0,3.0,7.0,14.0,72.0
11983,38.0,7.99,7.99,9.99,4000000.0,4.6,600.0,,,3.0,1.0,4.0,12.0,80.0
11984,1203.0,,,,100000000.0,,,,,,,,,
11985,832.0,8.99,8.99,,,4.6,2407.0,2407.0,4.6,4.0,2.0,4.0,11.0,79.0
11986,443.0,,,,,,,,,,,,,
11987,1372.0,21.95,21.95,,100000000.0,4.3,,,4.3,8.0,3.0,7.0,12.0,70.0
11988,275.0,15.98,15.98,22.99,,4.7,42.0,,,,,,,
11989,12.0,6.99,6.99,,,4.5,215.0,,,4.0,2.0,5.0,18.0,71.0
11990,152.0,14.99,14.99,19.99,200000000.0,4.7,,,4.7,2.0,1.0,2.0,11.0,84.0
11991,474.0,,,,100000000.0,,,,,,,,,
11992,348.0,,,,,4.4,27.0,27.0,4.4,11.0,0.0,0.0,17.0,72.0
11993,98.0,10.99,10.99,15.99,1000000.0,4.5,,,4.5,4.0,2.0,5.0,13.0,76.0
11994,76.0,18.36,18.36,,100000000.0,4.5,2105.0,,,6.0,3.0,4.0,8.0,79.0
11995,30.0,11.18,11.18,17.99,3000000.0,4.4,,,4.4,5.0,3.0,6.0,13.0,73.0
11996,938.0,12.99,12.99,,,4.5,,,,3.0,2.0,7.0,14.0,74.0
11997,462.0,11.99,11.99,,,4.0,12.0,,,13.0,0.0,14.0,20.0,53.0
11998,1124.0,24.99,24.99,,100000000.0,4.6,2015.0,,,3.0,3.0,5.0,10.0,79.0
11999,26.0,,,,2000000.0,,,,,,,,,
12000,94.0,,,,,,,,,,,,,
12001,47.0,9.98,9.98,,1000000.0,4.6,,3010.0,4.6,5.0,1.0,4.0,10.0,80.0
12002,499.0,35.0,35.0,,,4.3,23.0,,,12.0,0.0,7.0,5.0,76.0
12003,615.0,15.99,15.99,16.99,200000000.0,4.4,,,4.4,6.0,2.0,6.0,11.0,75.0
12004,1482.0,15.99,15.99,,50000000.0,4.4,2511.0,,,4.0,3.0,7.0,13.0,73.0
12005,603.0,119.95,119.95,,,4.6,13.0,13.0,4.6,0.0,0.0,,0.0,78.0
12006,2287.0,8.49,8.49,,,4.7,552.0,,,1.0,0.0,5.0,11.0,83.0
12007,93.0,,,,1000000.0,,,,,,,,,
12008,202.0,,,,,4.7,,,,3.0,1.0,3.0,8.0,85.0
12009,305.0,217.49,217.49,,,3.9,40.0,40.0,3.9,16.0,4.0,6.0,15.0,59.0
12010,46.0,,,,2000000.0,,,,,,,,,
12011,668.0,12.99,12.99,13.99,,4.6,1059.0,,,,,,,
12012,191.0,,,,100000000.0,,,,,,,,,
12013,246.0,4.69,4.69,7.99,,4.5,565.0,,,,,,,
12014,276.0,209.99,209.99,,,4.2,,,,,,,,
12015,778.0,24.99,24.99,24.99,300000000.0,4.4,,,4.4,4.0,4.0,10.0,14.0,68.0
12017,,51.92,51.92,75.0,,,1.0,,,0.0,,0.0,0.0,
12018,1439.0,14.99,14.99,,,4.3,1410.0,,,5.0,4.0,10.0,13.0,68.0
12019,4.0,12.99,12.99,15.99,4000000.0,4.4,,,,,,,,
12020,929.0,,,,200000000.0,,,,,,,,,
12021,2095.0,25.99,25.99,,,4.2,,,,,,,,
12022,25.0,14.98,14.98,,3000000.0,4.5,,,,,,,,
12023,1430.0,16.44,16.44,,50000000.0,4.2,433.0,,,8.0,5.0,10.0,13.0,64.0
12024,65.0,,,,2000000.0,,,,,,,,,
12025,434.0,178.08,178.08,199.0,,4.0,13.0,13.0,4.0,21.0,0.0,0.0,12.0,67.0
12026,1506.0,8.98,8.98,,,4.7,,,,1.0,1.0,3.0,12.0,83.0
12027,48.0,203.67,203.67,,,3.8,20.0,,,,,,,
12029,43.0,6.99,6.99,,50000000.0,4.5,47.0,47.0,4.5,0.0,6.0,8.0,12.0,74.0
12030,9.0,5.64,5.64,7.99,4000000.0,4.5,,,,3.0,2.0,7.0,13.0,75.0
12031,,50.88,50.88,75.0,,4.1,62.0,,,6.0,,7.0,13.0,62.0
12032,219.0,22.49,22.49,35.7,1000000.0,4.5,233.0,233.0,4.5,5.0,3.0,5.0,9.0,78.0
12033,363.0,,,,100000000.0,,,,,,,,,
12034,226.0,16.99,16.99,,100000000.0,4.3,382.0,382.0,4.3,7.0,4.0,7.0,11.0,71.0
12035,,13.66,13.66,,,3.4,24.0,,,,0.0,9.0,8.0,51.0
12036,33.0,3.99,3.99,4.26,1000000.0,4.6,2056.0,2056.0,4.6,3.0,2.0,5.0,11.0,79.0
12037,1842.0,,,,,,,,,,,,,
12038,209.0,,,,,4.2,96.0,96.0,4.2,11.0,3.0,7.0,15.0,64.0
12039,,38.25,38.25,45.0,,4.2,139.0,,,,,,,
12040,3.0,6.96,6.96,,4000000.0,4.6,,,4.6,3.0,2.0,6.0,12.0,77.0
12041,1466.0,150.0,150.0,,,,,,,0.0,0.0,0.0,0.0,
12042,170.0,14.99,14.99,16.99,200000000.0,4.4,94.0,94.0,4.4,5.0,3.0,9.0,15.0,68.0
12043,452.0,,,,,,,,,,,,,
12044,1065.0,,,,,,,,,,,,,
12045,544.0,17.74,17.74,,,,,,,0.0,0.0,0.0,0.0,
12046,32.0,,,,1000000.0,,,,,,,,,
12047,18.0,,,,2000000.0,,,,,,,,,
12048,10.0,9.99,9.99,,5000000.0,4.7,181.0,181.0,4.7,3.0,1.0,3.0,6.0,87.0
12049,1.0,22.99,22.99,25.99,4000000.0,4.4,,,,5.0,2.0,7.0,12.0,74.0
12050,515.0,11.99,11.99,,100000000.0,4.5,1399.0,,,4.0,3.0,5.0,11.0,77.0
12051,28.0,9.99,9.99,12.99,2000000.0,4.3,,,4.3,5.0,3.0,9.0,16.0,67.0
12052,7.0,9.99,9.99,,3000000.0,4.5,,,,,,,,
12053,796.0,6.99,6.99,,100000000.0,4.6,,,,,,,,
12054,153.0,19.44,19.44,21.38,50000000.0,5.0,10.0,,,0.0,0.0,0.0,0.0,100.0
12055,8.0,14.99,14.99,15.99,5000000.0,4.5,1429.0,1429.0,4.5,5.0,2.0,5.0,10.0,78.0
12056,3.0,11.99,11.99,14.99,,4.4,,,,5.0,3.0,6.0,12.0,74.0
12057,39.0,11.9,11.9,,50000000.0,4.7,402.0,402.0,4.7,2.0,0.0,4.0,14.0,80.0
12058,299.0,,,,,4.6,59.0,,,5.0,0.0,3.0,11.0,81.0
12059,20.0,15.98,15.98,24.99,5000000.0,4.6,605.0,,,,,,,
12061,170.0,,,,,4.5,2594.0,2594.0,4.5,6.0,3.0,4.0,9.0,78.0
12062,514.0,15.99,15.99,,100000000.0,4.4,,,4.4,4.0,3.0,7.0,13.0,73.0
12063,9.0,,,,3000000.0,,,,,,,,,
12064,37.0,39.99,39.99,39.99,50000000.0,4.7,185.0,185.0,4.7,1.0,2.0,4.0,8.0,85.0
12065,,9.99,9.99,29.95,50000000.0,4.4,216.0,216.0,4.4,7.0,2.0,5.0,11.0,75.0
12066,383.0,184.97,184.97,,,4.2,16.0,16.0,4.2,13.0,0.0,11.0,9.0,67.0
12067,57.0,,,,1000000.0,,,,,,,,,
12068,438.0,,,,,,,,,0.0,0.0,0.0,0.0,
12069,1691.0,11.99,11.99,11.99,100000000.0,4.4,1445.0,,,6.0,3.0,6.0,11.0,74.0
12070,230.0,,,,,4.0,70.0,70.0,4.0,13.0,6.0,9.0,9.0,63.0
12071,382.0,,,,,,,,,,,,,
12072,200.0,9.99,9.99,14.99,1000000.0,4.8,1353.0,,,1.0,0.0,3.0,10.0,86.0
12073,5.0,14.99,14.99,19.99,9000000.0,4.3,948.0,,,9.0,3.0,5.0,13.0,70.0
12074,22.0,12.99,12.99,17.99,3000000.0,4.4,2146.0,,,6.0,3.0,8.0,12.0,71.0
12075,448.0,,,,100000000.0,,,,,,,,,
12076,531.0,14.5,14.5,14.5,50000000.0,4.2,20.0,20.0,4.2,0.0,,7.0,17.0,61.0
12077,1443.0,44.95,44.95,44.95,50000000.0,4.6,50.0,,,6.0,0.0,5.0,6.0,83.0
12078,,7.99,7.99,,,4.5,52.0,,,2.0,3.0,7.0,18.0,70.0
12079,14.0,5.2,5.2,6.99,1000000.0,4.5,,,4.5,4.0,2.0,6.0,12.0,76.0
12080,17.0,7.99,7.99,,4000000.0,4.3,,,4.3,9.0,3.0,5.0,10.0,73.0
12081,23.0,,,,4000000.0,,,,,,,,,
12082,481.0,34.99,34.99,,100000000.0,4.4,13.0,13.0,4.4,0.0,0.0,10.0,,53.0
12083,137.0,,,,,,,,,,,,,
12085,369.0,,,,,4.4,21.0,,,,,,,
12086,166.0,18.97,18.97,,,4.7,2299.0,,,1.0,1.0,5.0,13.0,80.0
12087,213.0,12.99,12.99,16.99,,4.5,1259.0,,,5.0,2.0,5.0,12.0,76.0
12088,180.0,,,,50000000.0,,,,,,,,,
12089,27.0,,,,4000000.0,,,,,,,,,
12090,428.0,199.0,199.0,199.0,100000000.0,4.6,77.0,,,6.0,0.0,4.0,7.0,83.0
12091,1659.0,9.99,9.99,,,4.6,467.0,467.0,4.6,4.0,1.0,5.0,12.0,78.0
12092,343.0,8.99,8.99,,400000000.0,4.7,,,4.7,1.0,1.0,4.0,12.0,82.0
12093,307.0,14.99,14.99,,,4.6,,,,3.0,2.0,5.0,12.0,78.0
12094,,25.5,25.5,30.0,,4.1,44.0,,,16.0,0.0,7.0,7.0,70.0
12095,879.0,21.99,21.99,,,4.4,,,,6.0,3.0,7.0,13.0,71.0
12096,1961.0,7.08,7.08,7.45,50000000.0,4.6,,,,2.0,1.0,5.0,12.0,80.0
12097,111.0,12.74,12.74,16.99,,4.4,,,,6.0,3.0,6.0,11.0,74.0
12098,985.0,31.99,31.99,,100000000.0,3.9,1547.0,,,16.0,5.0,6.0,12.0,61.0
12099,319.0,5.99,5.99,,100000000.0,4.1,221.0,221.0,4.1,14.0,2.0,4.0,14.0,66.0
12100,19.0,8.99,8.99,,3000000.0,4.5,965.0,965.0,4.5,5.0,2.0,4.0,10.0,79.0
12101,315.0,159.97,159.97,154.97,,4.2,32.0,32.0,4.2,14.0,0.0,4.0,12.0,70.0
12104,,10.99,10.99,,50000000.0,4.4,1210.0,,,4.0,4.0,8.0,10.0,74.0
12106,,75.0,75.0,75.0,,4.3,27.0,,,0.0,,5.0,12.0,66.0
12107,503.0,,,,,4.5,179.0,,,7.0,1.0,7.0,5.0,80.0
12108,1631.0,9.99,9.99,,,4.2,294.0,,,,,,,
12109,165.0,,,,50000000.0,,,,,,,,,
12110,2244.0,7.99,7.99,,,4.6,164.0,,,3.0,1.0,5.0,9.0,82.0
12111,308.0,,,,,4.1,10.0,10.0,4.1,11.0,0.0,15.0,14.0,60.0
12113,545.0,29.99,29.99,,50000000.0,3.6,370.0,370.0,3.6,,4.0,10.0,11.0,51.0
12114,,19.99,19.99,,,4.3,516.0,,,6.0,5.0,8.0,11.0,70.0
12115,262.0,,,,,4.7,20.0,20.0,4.7,4.0,0.0,0.0,8.0,88.0
12116,37.0,76.99,76.99,109.99,2000000.0,4.4,,,4.4,6.0,4.0,5.0,10.0,75.0
12117,548.0,,,,,,,,,,,,,
12118,1238.0,,,,50000000.0,,,,,,,,,
12119,309.0,,,,50000000.0,,,,,,,,,
12120,1554.0,11.97,11.97,,,4.4,,,,5.0,3.0,8.0,14.0,70.0
12121,360.0,,,,,4.4,206.0,,,4.0,4.0,9.0,10.0,73.0
12122,82.0,11.98,11.98,,1000000.0,4.8,1085.0,,,,,,,
12123,4.0,6.98,6.98,,7000000.0,4.4,,,4.4,8.0,3.0,6.0,10.0,73.0
12124,97.0,17.99,17.99,,,4.5,,,4.5,4.0,2.0,7.0,14.0,73.0
12125,568.0,16.97,16.97,,50000000.0,4.5,2095.0,,,4.0,2.0,5.0,12.0,77.0
12126,439.0,,,,200000000.0,,,,,,,,,
12128,499.0,21.99,21.99,,,4.4,,,,5.0,4.0,8.0,15.0,68.0
12129,260.0,23.74,23.74,24.99,300000000.0,4.6,1333.0,,,3.0,1.0,4.0,9.0,83.0
12130,168.0,,,,,4.7,157.0,,,2.0,0.0,4.0,10.0,84.0
12131,1679.0,8.7,8.7,,,4.6,1058.0,,,3.0,1.0,4.0,10.0,82.0
12132,673.0,,,,50000000.0,,,,,,,,,
12133,55.0,13.15,13.15,21.69,3000000.0,4.8,,,4.8,1.0,0.0,3.0,10.0,86.0
12134,324.0,117.94,117.94,124.99,,4.4,129.0,,,,,,,
12135,582.0,,,,400000000.0,,,,,,,,,
12136,311.0,5.99,5.99,7.99,100000000.0,3.8,1116.0,,,,,,,
12137,1982.0,14.99,14.99,17.99,50000000.0,4.6,1310.0,,,2.0,1.0,5.0,10.0,82.0
12138,59.0,9.98,9.98,,50000000.0,4.5,1348.0,,,3.0,2.0,6.0,12.0,77.0
12139,89.0,10.35,10.35,13.99,1000000.0,4.3,,,4.3,5.0,4.0,8.0,17.0,66.0
12140,278.0,15.99,15.99,,,4.2,201.0,,,13.0,3.0,4.0,8.0,72.0
12141,2528.0,59.0,59.0,,,3.7,21.0,,,,,,,
12142,197.0,14.99,14.99,,100000000.0,,102.0,,,,,,,
12143,268.0,,,,,,,,,,,,,
12144,436.0,17.99,17.99,,,4.1,741.0,741.0,4.1,9.0,5.0,12.0,14.0,60.0
12145,241.0,186.28,186.28,,,4.6,1038.0,,,4.0,1.0,2.0,10.0,83.0
12146,384.0,17.99,17.99,,,4.6,1030.0,1030.0,4.6,2.0,1.0,5.0,10.0,82.0
12147,396.0,21.99,21.99,,100000000.0,4.6,,,4.6,3.0,1.0,6.0,12.0,78.0
12149,575.0,8.99,8.99,,,4.6,833.0,,,,,,,
12150,353.0,14.99,14.99,,50000000.0,3.9,1491.0,1491.0,3.9,16.0,7.0,7.0,13.0,57.0
12151,7.0,28.79,28.79,36.99,200000000.0,4.4,344.0,,,5.0,5.0,6.0,9.0,75.0
12152,64.0,11.83,11.83,,2000000.0,4.5,,,,,,,,
12153,174.0,6.99,6.99,,,4.3,666.0,,,,,,,
12154,,4.8,4.8,,,4.9,41.0,,,0.0,0.0,0.0,12.0,88.0
12155,533.0,9.98,9.98,,,4.2,51.0,,,4.0,,9.0,13.0,63.0
12156,1529.0,,,,,,,,,,,,,
12157,1742.0,,,,,,,,,,,,,
12158,,42.26,42.26,80.0,50000000.0,4.6,40.0,,,0.0,6.0,5.0,11.0,78.0
12159,29.0,119.99,119.99,119.99,1000000.0,4.3,,,4.3,9.0,3.0,5.0,9.0,74.0
12160,110.0,21.99,21.99,,50000000.0,4.2,89.0,,,,,,,
12162,,4.91,4.91,,,4.0,3.0,,,,,,,
12163,28.0,7.19,7.19,8.99,,4.5,303.0,303.0,4.5,7.0,2.0,5.0,7.0,79.0
12164,,32.95,32.95,,,4.6,12.0,,,0.0,0.0,14.0,10.0,76.0
12165,396.0,29.0,29.0,29.0,100000000.0,4.9,19.0,,,0.0,0.0,0.0,7.0,93.0
12166,6.0,149.99,149.99,199.99,,4.5,,,4.5,5.0,2.0,4.0,11.0,78.0
12167,1174.0,39.99,39.99,,50000000.0,4.2,159.0,,,8.0,8.0,8.0,9.0,67.0
12168,426.0,,,,,4.2,37.0,37.0,4.2,12.0,4.0,4.0,5.0,75.0
12169,206.0,154.99,154.99,,,3.8,13.0,,,,,,,
12170,1019.0,105.0,105.0,,,4.6,1774.0,,,3.0,1.0,4.0,9.0,83.0
12171,338.0,39.99,39.99,39.99,50000000.0,3.7,66.0,66.0,3.7,21.0,7.0,9.0,3.0,60.0
12173,245.0,4.99,4.99,8.99,100000000.0,4.3,280.0,280.0,4.3,5.0,6.0,6.0,12.0,71.0
12174,32.0,,,,2000000.0,,,,,,,,,
12175,9.0,9.99,9.99,,300000000.0,4.3,2150.0,,,,,,,
12176,970.0,9.99,9.99,,100000000.0,4.5,1730.0,1730.0,4.5,5.0,3.0,4.0,10.0,78.0
12177,490.0,9.99,9.99,,200000000.0,4.3,,,,,,,,
12178,99.0,,,,100000000.0,4.4,,,4.4,8.0,4.0,5.0,9.0,74.0
12179,1242.0,14.99,14.99,,100000000.0,4.5,1192.0,,,,,,,
12180,2423.0,,,,,,,,,,,,,
12181,,150.0,150.0,150.0,,4.3,314.0,,,10.0,4.0,6.0,7.0,73.0
12182,660.0,9.99,9.99,,,4.6,15.0,,,0.0,0.0,11.0,16.0,73.0
12183,69.0,16.99,16.99,,1000000.0,4.5,183.0,,,5.0,1.0,5.0,11.0,78.0
12184,477.0,37.99,37.99,39.99,50000000.0,4.5,2321.0,,,,,,,
12186,329.0,16.99,16.99,,100000000.0,4.6,515.0,515.0,4.6,3.0,1.0,6.0,8.0,82.0
12187,950.0,16.99,16.99,,,4.4,2451.0,2451.0,4.4,4.0,4.0,7.0,11.0,74.0
12188,,10.99,10.99,13.99,,4.4,1210.0,,,4.0,4.0,8.0,10.0,74.0
12190,288.0,16.99,16.99,,100000000.0,4.4,366.0,366.0,4.4,5.0,5.0,5.0,12.0,73.0
12191,1.0,16.99,16.99,25.99,10000000.0,4.3,,,4.3,8.0,4.0,6.0,12.0,70.0
12192,1013.0,18.88,18.88,22.99,50000000.0,4.5,,,4.5,4.0,3.0,7.0,13.0,73.0
12193,229.0,9.99,9.99,,,4.3,,,4.3,9.0,5.0,5.0,11.0,70.0
12194,69.0,19.99,19.99,,100000000.0,4.5,1425.0,,,4.0,2.0,5.0,12.0,77.0
12195,2206.0,19.99,19.99,19.99,100000000.0,4.3,2315.0,2315.0,4.3,3.0,6.0,12.0,15.0,64.0
12196,229.0,201.68,201.68,,,4.5,365.0,,,,,,,
12197,916.0,16.99,16.99,,50000000.0,4.5,560.0,560.0,4.5,2.0,4.0,9.0,11.0,74.0
12199,1722.0,18.99,18.99,,50000000.0,4.1,57.0,,,9.0,6.0,13.0,11.0,61.0
12200,294.0,18.99,18.99,18.99,50000000.0,4.3,306.0,306.0,4.3,8.0,2.0,9.0,12.0,69.0
12201,33.0,10.99,10.99,,2000000.0,4.2,,,4.2,12.0,3.0,5.0,10.0,70.0
12202,783.0,38.99,38.99,75.0,,4.3,469.0,,,5.0,4.0,11.0,11.0,69.0
12203,215.0,,,,100000000.0,,,,,,,,,
12204,12.0,9.99,9.99,,400000000.0,4.4,352.0,352.0,4.4,3.0,4.0,9.0,15.0,69.0
12205,1.0,11.45,11.45,14.98,,4.7,,,4.7,1.0,1.0,5.0,12.0,81.0
12206,493.0,11.96,11.96,12.59,,4.9,11.0,11.0,4.9,0.0,0.0,0.0,14.0,86.0
12207,1092.0,7.29,7.29,,,4.4,938.0,,,4.0,3.0,8.0,13.0,72.0
12208,226.0,,,,,,,,,,,,,
12209,2261.0,,,,,,,,,,,,,
12210,426.0,,,,,3.9,27.0,27.0,3.9,15.0,7.0,6.0,18.0,54.0
12211,489.0,9.99,9.99,,,4.6,,,,2.0,1.0,5.0,12.0,80.0
12212,524.0,14.99,14.99,,,,690.0,690.0,,,7.0,10.0,8.0,44.0
12213,7.0,7.99,7.99,9.99,2000000.0,4.5,,,4.5,4.0,2.0,6.0,13.0,75.0
12214,348.0,13.99,13.99,22.99,,4.5,1078.0,,,4.0,3.0,6.0,16.0,71.0
12215,764.0,164.97,164.97,,,5.0,1.0,1.0,5.0,0.0,0.0,0.0,0.0,100.0
12216,632.0,,,,,,,,,,,,,
12217,379.0,6.98,6.98,,100000000.0,4.5,710.0,,,5.0,3.0,5.0,10.0,77.0
12218,818.0,16.99,16.99,,,4.4,,,,,,,,
12220,1009.0,31.9,31.9,,,4.0,154.0,,,,,,,
12221,,,,,,4.1,3.0,,,0.0,0.0,,0.0,57.0
12222,1772.0,,,,,,,,,,,,,
12223,66.0,21.99,21.99,,100000000.0,4.5,,,,,,,,
12224,369.0,50.0,50.0,,,4.6,333.0,,,6.0,1.0,4.0,8.0,81.0
12225,12.0,9.99,9.99,12.98,4000000.0,4.5,2340.0,,,4.0,2.0,6.0,16.0,72.0
12226,724.0,9.99,9.99,11.99,50000000.0,4.6,1091.0,,,,,,,
12227,30.0,15.19,15.19,17.99,,4.4,,,4.4,5.0,3.0,6.0,13.0,73.0
12228,500.0,14.99,14.99,19.99,50000000.0,4.5,,,,,,,,
12229,545.0,14.97,14.97,,100000000.0,4.8,1790.0,,,1.0,0.0,3.0,8.0,88.0
12230,572.0,21.99,21.99,,100000000.0,4.0,671.0,671.0,4.0,12.0,6.0,8.0,14.0,60.0
12232,262.0,23.92,23.92,45.0,50000000.0,4.1,296.0,,,,,,,
12233,29.0,15.99,15.99,19.99,1000000.0,4.5,2451.0,,,7.0,1.0,5.0,11.0,76.0
12234,311.0,,,,,4.6,476.0,,,5.0,1.0,3.0,7.0,84.0
12235,209.0,,,,50000000.0,,5.0,5.0,,,0.0,0.0,0.0,57.0
12236,,19.99,19.99,,,4.5,,,,4.0,2.0,7.0,14.0,73.0
12237,376.0,,,,,3.6,12.0,12.0,3.6,,,0.0,0.0,63.0
12238,,67.99,67.99,95.0,,4.7,38.0,38.0,4.7,3.0,0.0,0.0,13.0,84.0
12239,1624.0,17.99,17.99,,,4.6,2665.0,,,1.0,1.0,6.0,13.0,79.0
12240,252.0,,,,,4.6,12.0,12.0,4.6,11.0,0.0,0.0,0.0,89.0
12241,221.0,,,,50000000.0,,,,,,,,,
12242,732.0,59.0,59.0,,,4.2,181.0,,,8.0,4.0,8.0,15.0,65.0
12243,731.0,8.54,8.54,,,4.5,1675.0,,,,,,,
12244,1007.0,,,,,,,,,,,,,
12245,1053.0,7.85,7.85,9.75,50000000.0,4.7,,3136.0,4.7,1.0,1.0,3.0,11.0,84.0
12246,517.0,17.99,17.99,,200000000.0,4.5,1585.0,,,,,,,
12247,335.0,,,239.0,,4.5,22.0,,,,,,,
12249,337.0,36.99,36.99,,200000000.0,4.0,677.0,677.0,4.0,12.0,6.0,11.0,15.0,56.0
12250,1588.0,9.99,9.99,,,4.7,993.0,993.0,4.7,2.0,0.0,6.0,9.0,83.0
12251,589.0,10.87,10.87,11.55,200000000.0,4.5,758.0,758.0,4.5,4.0,2.0,7.0,13.0,74.0
12252,2210.0,23.77,23.77,,,4.4,1853.0,1853.0,4.4,6.0,3.0,7.0,11.0,73.0
12254,110.0,7.21,7.21,9.89,1000000.0,4.6,1219.0,,,,,,,
12255,115.0,,,,,4.7,578.0,,,3.0,0.0,2.0,7.0,88.0
12256,439.0,210.0,210.0,,,3.9,12.0,12.0,3.9,,0.0,0.0,13.0,64.0
12257,1254.0,28.05,28.05,33.0,50000000.0,3.9,133.0,,,11.0,7.0,12.0,16.0,54.0
12258,,,,,,4.7,1250.0,1250.0,4.7,1.0,1.0,3.0,11.0,84.0
12259,240.0,19.99,19.99,,,4.7,42.0,,,,,,,
12260,,,,,,4.7,299.0,299.0,4.7,2.0,1.0,2.0,11.0,84.0
12262,880.0,19.97,19.97,,100000000.0,4.5,1209.0,,,5.0,2.0,4.0,12.0,77.0
12263,268.0,,,,,4.7,102.0,,,7.0,0.0,0.0,3.0,90.0
12264,445.0,,,,50000000.0,,,,,,,,,
12265,,8.99,8.99,,,4.7,,,,1.0,1.0,4.0,10.0,84.0
12266,331.0,,,,,,,,,,,,,
12267,28.0,9.99,9.99,10.6,,4.0,1686.0,,,13.0,5.0,9.0,13.0,60.0
12268,454.0,9.99,9.99,,,4.2,114.0,,,,,,,
12269,,7.0,7.0,,,4.7,740.0,740.0,4.7,2.0,1.0,4.0,9.0,84.0
12270,372.0,,,,,,,,,,,,,
12271,340.0,19.9,19.9,,,3.9,915.0,915.0,3.9,12.0,6.0,14.0,17.0,51.0
12272,109.0,7.99,7.99,11.59,1000000.0,4.5,673.0,673.0,4.5,4.0,3.0,4.0,13.0,76.0
12273,1626.0,29.99,29.99,,50000000.0,3.9,216.0,,,11.0,5.0,15.0,17.0,52.0
12274,36.0,19.9,19.9,,,4.3,8.0,,,0.0,0.0,16.0,,51.0
12275,251.0,9.99,9.99,,,4.5,,,4.5,4.0,2.0,7.0,15.0,72.0
12276,74.0,24.99,24.99,,100000000.0,4.3,860.0,860.0,4.3,7.0,4.0,8.0,13.0,68.0
12277,440.0,,,,100000000.0,,,,,,,,,
12278,474.0,19.99,19.99,,100000000.0,4.5,599.0,599.0,4.5,4.0,3.0,6.0,8.0,79.0
12279,,25.0,25.0,,,5.0,1.0,,,,,,,
12280,2247.0,,,,,,,,,,,,,
12282,386.0,,,,,4.4,13.0,13.0,4.4,12.0,0.0,0.0,11.0,77.0
12283,1098.0,79.0,79.0,,50000000.0,3.8,217.0,,,17.0,7.0,9.0,12.0,55.0
12284,222.0,7.59,7.59,,,4.4,,,4.4,4.0,3.0,7.0,14.0,72.0
12285,1320.0,13.99,13.99,19.99,,4.5,,,4.5,4.0,2.0,7.0,11.0,76.0
12286,25.0,19.99,19.99,,4000000.0,4.6,542.0,542.0,4.6,3.0,2.0,5.0,13.0,77.0
12288,2273.0,6.99,6.99,,,4.6,121.0,,,,,,,
12289,24.0,6.64,6.64,6.99,6000000.0,4.6,,,,2.0,1.0,6.0,15.0,76.0
12290,464.0,,,,,4.3,4.0,4.0,4.3,0.0,0.0,,25.0,52.0
12291,161.0,5.98,5.98,7.99,,4.7,1158.0,,,2.0,0.0,2.0,10.0,86.0
12292,125.0,16.92,16.92,18.99,2000000.0,4.5,534.0,534.0,4.5,5.0,3.0,5.0,12.0,75.0
12293,221.0,,,,,4.6,79.0,,,4.0,1.0,6.0,10.0,79.0
12294,526.0,14.99,14.99,,,4.5,,,4.5,5.0,2.0,6.0,11.0,76.0
12295,1164.0,9.98,9.98,,,4.6,644.0,644.0,4.6,3.0,3.0,5.0,11.0,78.0
12296,320.0,,,,300000000.0,,,,,,,,,
12297,34.0,16.99,16.99,,,4.4,,,,5.0,3.0,7.0,11.0,74.0
12298,,80.0,80.0,,,5.0,1.0,,,0.0,0.0,0.0,0.0,100.0
12299,5.0,9.96,9.96,,1000000.0,4.5,,,,,,,,
12300,,24.99,24.99,,,3.6,27.0,27.0,3.6,20.0,6.0,14.0,10.0,50.0
12301,251.0,32.0,32.0,,50000000.0,4.0,364.0,364.0,4.0,17.0,5.0,6.0,7.0,65.0
12303,275.0,,,,,3.6,8.0,8.0,3.6,15.0,,16.0,0.0,54.0
12304,119.0,11.15,11.15,15.95,1000000.0,4.5,1615.0,1615.0,4.5,4.0,2.0,5.0,11.0,78.0
12305,16.0,,,,3000000.0,,,,,,,,,
12306,450.0,89.88,89.88,99.0,50000000.0,4.5,311.0,,,7.0,2.0,2.0,11.0,78.0
12307,2075.0,21.77,21.77,,50000000.0,4.2,2903.0,2903.0,4.2,8.0,4.0,9.0,13.0,66.0
12308,1391.0,23.99,23.99,,,4.5,1198.0,,,5.0,2.0,7.0,10.0,76.0
12309,416.0,9.99,9.99,,50000000.0,4.1,276.0,276.0,4.1,10.0,6.0,9.0,11.0,64.0
12310,800.0,7.98,7.98,,,4.5,1306.0,,,,,,,
12311,438.0,13.99,13.99,14.99,100000000.0,,110.0,110.0,,,7.0,4.0,8.0,41.0
12312,88.0,9.99,9.99,,400000000.0,4.6,,,4.6,3.0,2.0,4.0,10.0,81.0
12313,660.0,14.99,14.99,,200000000.0,4.7,2190.0,,,1.0,0.0,4.0,13.0,82.0
12314,,68.0,68.0,80.0,50000000.0,4.3,118.0,,,4.0,7.0,7.0,15.0,67.0
12315,1.0,7.99,7.99,9.99,4000000.0,4.4,,,4.4,6.0,3.0,7.0,13.0,71.0
12316,370.0,16.99,16.99,,50000000.0,4.0,462.0,,,,,,,
12317,,49.82,49.82,49.82,,4.6,26.0,,,,,,,
12318,402.0,16.98,16.98,23.99,,4.7,786.0,,,,,,,
12319,362.0,,,,,,,,,,,,,
12320,723.0,9.99,9.99,,,4.5,14.0,,,,,,,
12321,223.0,59.99,59.99,,300000000.0,4.3,2400.0,2400.0,4.3,7.0,3.0,7.0,16.0,67.0
12322,152.0,12.99,12.99,,,4.8,1022.0,,,1.0,1.0,3.0,8.0,87.0
12323,225.0,16.99,16.99,17.99,,4.4,152.0,152.0,4.4,5.0,2.0,7.0,13.0,73.0
12324,253.0,,,,,4.5,7.0,7.0,4.5,0.0,0.0,0.0,,49.0
12325,520.0,34.99,34.99,,,4.0,21.0,,,17.0,0.0,9.0,8.0,66.0
12326,87.0,9.99,9.99,,,4.5,239.0,,,4.0,3.0,4.0,16.0,73.0
12327,706.0,14.99,14.99,17.99,,4.6,16.0,,,0.0,0.0,0.0,,62.0
12328,135.0,7.99,7.99,8.49,,4.4,,,,3.0,3.0,8.0,16.0,70.0
12329,,48.38,48.38,,50000000.0,4.8,30.0,,,0.0,7.0,0.0,0.0,93.0
12330,2150.0,29.99,29.99,,100000000.0,4.4,1779.0,,,4.0,5.0,5.0,13.0,73.0
12331,370.0,,,,,,,,,,,,,
12332,725.0,24.99,24.99,,,4.5,1224.0,,,3.0,2.0,8.0,10.0,77.0
12334,,143.45,143.45,,,4.2,3.0,,,0.0,0.0,,0.0,62.0
12335,336.0,,,,,4.4,31.0,,,9.0,0.0,10.0,0.0,81.0
12336,361.0,184.97,184.97,,,,,,,0.0,0.0,0.0,0.0,
12337,19.0,9.99,9.99,11.99,3000000.0,4.6,1890.0,1890.0,4.6,4.0,2.0,5.0,10.0,79.0
12338,17.0,13.29,13.29,13.99,1000000.0,4.3,,,4.3,7.0,3.0,8.0,13.0,69.0
12339,1870.0,,,,,,,,,,,,,
12340,,85.0,85.0,,,3.8,150.0,,,15.0,8.0,12.0,11.0,54.0
12341,1934.0,42.5,42.5,,,4.2,156.0,,,10.0,4.0,6.0,8.0,72.0
12343,,20.43,20.43,25.43,,3.9,435.0,,,10.0,10.0,10.0,18.0,52.0
12344,546.0,43.13,43.13,65.0,,4.1,59.0,,,14.0,1.0,7.0,14.0,64.0
12347,58.0,14.99,14.99,24.99,,4.3,119.0,,,,,,,
12348,288.0,,,249.99,,4.4,19.0,19.0,4.4,12.0,0.0,0.0,10.0,78.0
12349,53.0,14.98,14.98,,2000000.0,4.5,,,,3.0,2.0,7.0,14.0,74.0
12350,75.0,7.57,7.57,,1000000.0,4.4,,,4.4,4.0,3.0,7.0,14.0,72.0
12351,363.0,,,,,4.7,17.0,,,,,,,
12352,29.0,,,,1000000.0,,,,,,,,,
12354,2082.0,5.99,5.99,,,4.8,1047.0,,,0.0,1.0,4.0,10.0,85.0
12355,101.0,22.99,22.99,,1000000.0,4.3,77.0,,,,,,,
12356,,54.81,54.81,,,4.0,34.0,,,8.0,,10.0,7.0,63.0
12357,2517.0,13.98,13.98,13.98,,4.2,1169.0,1169.0,4.2,6.0,6.0,12.0,12.0,64.0
12358,270.0,174.96,174.96,,,4.6,496.0,,,4.0,2.0,2.0,10.0,82.0
12359,,22.31,22.31,35.0,,4.5,25.0,,,0.0,0.0,6.0,,60.0
12360,292.0,9.99,9.99,,,4.3,17.0,,,8.0,8.0,0.0,10.0,74.0
12361,676.0,,,,50000000.0,,,,,,,,,
12362,17.0,7.99,7.99,9.99,1000000.0,4.6,1486.0,1486.0,4.6,3.0,2.0,5.0,13.0,77.0
12363,56.0,12.99,12.99,,,4.4,1332.0,1332.0,4.4,7.0,3.0,4.0,15.0,71.0
12364,441.0,14.99,14.99,14.99,50000000.0,4.5,,,4.5,4.0,2.0,6.0,14.0,74.0
12365,,,,,,3.6,32.0,,,19.0,,0.0,16.0,51.0
12366,290.0,,,,,4.4,15.0,,,,,,,
12367,,20.44,20.44,,,,26.0,,,,,,,
12368,159.0,10.99,10.99,15.99,1000000.0,4.6,,,4.6,2.0,2.0,5.0,14.0,77.0
12370,122.0,9.99,9.99,,1000000.0,4.6,616.0,616.0,4.6,2.0,2.0,6.0,12.0,78.0
12371,635.0,7.55,7.55,,,4.3,17.0,17.0,4.3,7.0,0.0,11.0,16.0,66.0
12374,286.0,,,,,3.9,13.0,13.0,3.9,16.0,0.0,17.0,12.0,55.0
12375,,5.59,5.59,,,4.8,617.0,617.0,4.8,1.0,0.0,3.0,9.0,87.0
12376,214.0,16.99,16.99,19.99,,4.5,251.0,251.0,4.5,5.0,2.0,7.0,11.0,75.0
12377,365.0,,,,,,,,,,,,,
12379,482.0,16.99,16.99,,,4.4,2057.0,,,,,,,
12380,,8.99,8.99,,,4.6,191.0,,,2.0,4.0,4.0,13.0,77.0
12381,326.0,14.99,14.99,,,4.0,2.0,2.0,4.0,0.0,0.0,0.0,,
12382,27.0,,,,1000000.0,,,,,,,,,
12383,218.0,54.99,54.99,54.99,,4.2,517.0,517.0,4.2,10.0,7.0,5.0,12.0,66.0
12384,44.0,15.99,15.99,,1000000.0,4.5,,,4.5,2.0,2.0,8.0,15.0,73.0
12385,1866.0,25.99,25.99,,,4.5,,,,,,,,
12386,13.0,6.99,6.99,,2000000.0,4.2,720.0,720.0,4.2,10.0,3.0,6.0,15.0,66.0
12387,220.0,,,,,,,,,,,,,
12389,442.0,16.99,16.99,,50000000.0,3.8,181.0,181.0,3.8,12.0,9.0,15.0,11.0,53.0
12390,400.0,18.99,18.99,29.99,,4.6,113.0,113.0,4.6,2.0,1.0,5.0,17.0,75.0
12391,74.0,8.98,8.98,,300000000.0,4.6,,,4.6,4.0,1.0,5.0,11.0,79.0
12392,391.0,,,,,,1.0,1.0,,0.0,,0.0,0.0,
12393,566.0,,,,,,,,,,,,,
12394,,9.99,9.99,11.99,,4.1,49.0,,,11.0,6.0,7.0,14.0,62.0
12396,2242.0,13.28,13.28,,,,,,,0.0,0.0,0.0,0.0,
12397,204.0,,,,,4.0,41.0,41.0,4.0,12.0,7.0,4.0,14.0,63.0
12398,1064.0,15.87,15.87,,,4.1,334.0,,,10.0,6.0,7.0,11.0,66.0
12399,363.0,149.0,149.0,199.95,200000000.0,4.5,,,,5.0,2.0,5.0,12.0,76.0
12400,766.0,202.48,202.48,,,5.0,1.0,1.0,5.0,0.0,0.0,0.0,0.0,100.0
12401,359.0,,,,,4.5,28.0,28.0,4.5,11.0,0.0,0.0,5.0,84.0
12402,,150.0,150.0,150.0,50000000.0,4.5,36.0,,,4.0,0.0,9.0,14.0,73.0
12403,993.0,15.49,15.49,,,4.4,614.0,614.0,4.4,4.0,5.0,9.0,12.0,70.0
12404,1038.0,3.99,3.99,,,3.7,30.0,,,20.0,0.0,10.0,,44.0
12406,783.0,7.65,7.65,,,4.2,1355.0,,,,,,,
12407,102.0,12.79,12.79,15.99,1000000.0,4.0,298.0,,,10.0,8.0,8.0,18.0,56.0
12408,103.0,,,,,,,,,,,,,
12409,558.0,8.98,8.98,9.98,400000000.0,4.7,222.0,,,,,,,
12410,,30.0,30.0,,,3.8,16.0,,,8.0,8.0,,20.0,42.0
12411,32.0,19.97,19.97,29.99,2000000.0,4.3,,,,,,,,
12412,5.0,5.99,5.99,,,4.3,25.0,25.0,4.3,5.0,9.0,0.0,21.0,65.0
12413,57.0,9.99,9.99,14.99,1000000.0,4.3,1234.0,1234.0,4.3,4.0,4.0,9.0,16.0,67.0
12414,10.0,7.19,7.19,7.99,,4.4,,,4.4,4.0,3.0,7.0,13.0,73.0
12415,50.0,18.9,18.9,,,4.8,21.0,,,,,,,
12416,379.0,,,,,,,,,,,,,
12417,1824.0,7.99,7.99,,,4.8,1024.0,,,,,,,
12419,54.0,9.98,9.98,,,4.5,,,,5.0,2.0,6.0,12.0,75.0
12420,8.0,9.17,9.17,10.19,,4.3,,,,,,,,
12421,1204.0,5.4,5.4,,,4.2,62.0,,,,,,,
12422,320.0,,,,,5.0,11.0,11.0,5.0,0.0,0.0,0.0,0.0,100.0
12423,,12.99,12.99,,,4.6,125.0,,,3.0,2.0,6.0,9.0,80.0
12426,,19.99,19.99,,,4.3,2235.0,,,8.0,3.0,7.0,10.0,72.0
12427,599.0,,,,,,1.0,1.0,,,0.0,0.0,0.0,
12428,1655.0,38.44,38.44,,,4.1,85.0,,,11.0,5.0,5.0,15.0,64.0
12429,612.0,3.16,3.16,,,,,,,,,,,
12430,312.0,,,,,3.6,45.0,,,,,,,
12431,190.0,12.95,12.95,,,4.6,174.0,174.0,4.6,1.0,1.0,6.0,19.0,73.0
12432,420.0,209.11,209.11,252.59,,5.0,4.0,4.0,5.0,0.0,0.0,0.0,0.0,100.0
12433,1418.0,16.99,16.99,,,4.3,854.0,,,8.0,6.0,6.0,10.0,70.0
12434,1672.0,3.99,3.99,9.99,,4.7,660.0,,,,,,,
12435,665.0,,,,,5.0,3.0,3.0,5.0,0.0,0.0,0.0,0.0,100.0
12436,166.0,,,,100000000.0,,,,,,,,,
12437,18.0,6.99,6.99,,1000000.0,4.3,1542.0,1542.0,4.3,8.0,3.0,5.0,11.0,73.0
12439,1100.0,,,,,3.4,124.0,,,,,,,
12440,54.0,12.99,12.99,,,4.5,518.0,518.0,4.5,7.0,1.0,5.0,10.0,77.0
12441,366.0,,,,,4.0,30.0,,,,,,,
12442,104.0,,,,300000000.0,,,,,,,,,
12443,517.0,17.99,17.99,,,4.1,23.0,,,,,,,
12444,2420.0,,,,,,,,,,,,,
12445,,45.0,45.0,,,4.4,20.0,,,0.0,0.0,14.0,,59.0
12446,90.0,,,,,,,,,,,,,
12447,199.0,9.48,9.48,11.58,1000000.0,4.6,610.0,,,3.0,1.0,4.0,14.0,78.0
12448,13.0,8.99,8.99,,1000000.0,4.3,,,4.3,7.0,3.0,9.0,14.0,67.0
12449,622.0,12.94,12.94,,,4.4,12.0,12.0,4.4,0.0,0.0,,12.0,67.0
12450,48.0,,,,1000000.0,,,,,,,,,
12451,327.0,159.95,159.95,138.88,,4.6,60.0,60.0,4.6,6.0,0.0,3.0,4.0,87.0
12452,678.0,14.99,14.99,,,4.4,36.0,36.0,4.4,9.0,0.0,8.0,3.0,80.0
12453,192.0,8.98,8.98,,1000000.0,4.7,1139.0,,,1.0,1.0,3.0,13.0,82.0
12454,1262.0,12.99,12.99,,,4.6,654.0,,,4.0,2.0,4.0,7.0,83.0
12455,922.0,13.99,13.99,,,4.0,29.0,,,,,,,
12456,,50.6,50.6,55.0,,3.7,33.0,,,,,,,
12457,,19.0,19.0,,,4.8,,,,2.0,1.0,2.0,7.0,88.0
12458,1873.0,7.9,7.9,,,,,,,0.0,0.0,0.0,0.0,
12459,371.0,211.32,211.32,,,4.8,35.0,,,0.0,0.0,5.0,10.0,85.0
12460,338.0,,,,,4.6,389.0,,,,,,,
12461,,25.99,25.99,,,4.4,1051.0,1051.0,4.4,4.0,3.0,10.0,10.0,73.0
12463,702.0,20.99,20.99,21.99,50000000.0,4.4,28.0,,,5.0,5.0,6.0,12.0,72.0
12464,1166.0,58.95,58.95,,,4.7,303.0,303.0,4.7,1.0,2.0,3.0,13.0,81.0
12466,1136.0,16.59,16.59,,50000000.0,4.4,1379.0,,,4.0,3.0,9.0,15.0,69.0
12467,169.0,21.99,21.99,,400000000.0,4.3,867.0,,,8.0,3.0,8.0,12.0,69.0
12468,,19.99,19.99,,,4.4,46.0,,,,,,,
12469,4.0,10.99,10.99,15.99,1000000.0,4.3,,,4.3,6.0,5.0,9.0,15.0,65.0
12470,269.0,,,,,,,,,,,,,
12471,248.0,,,,,4.0,26.0,26.0,4.0,9.0,6.0,14.0,13.0,58.0
12472,484.0,14.09,14.09,,,4.4,,,4.4,4.0,3.0,8.0,13.0,72.0
12473,20.0,14.99,14.99,19.99,,4.2,33.0,,,5.0,4.0,7.0,,55.0
12474,,,,,,4.9,11.0,,,0.0,0.0,0.0,11.0,89.0
12475,,80.0,80.0,,,,,,,0.0,0.0,0.0,0.0,
12477,,19.99,19.99,,50000000.0,4.3,,,4.3,6.0,4.0,9.0,14.0,67.0
12478,51.0,9.99,9.99,13.99,,4.6,,,4.6,2.0,1.0,7.0,15.0,75.0
12479,2.0,53.08,53.08,58.98,100000000.0,4.2,,,4.2,8.0,5.0,9.0,18.0,60.0
12480,404.0,7.99,7.99,9.99,,4.1,,,4.1,11.0,4.0,9.0,14.0,62.0
12481,,119.99,119.99,,,4.3,13.0,,,13.0,0.0,0.0,17.0,70.0
12482,1530.0,17.99,17.99,,,4.6,,,,3.0,3.0,4.0,12.0,78.0
12483,29.0,7.99,7.99,,,4.6,,,,3.0,1.0,5.0,11.0,80.0
12484,113.0,,,,,4.3,,,,8.0,4.0,6.0,12.0,70.0
12485,2480.0,85.99,85.99,99.0,100000000.0,4.4,76.0,,,,,,,
12486,,38.95,38.95,,,4.4,377.0,,,8.0,4.0,5.0,7.0,76.0
12488,67.0,27.99,27.99,,1000000.0,4.3,1565.0,,,7.0,4.0,6.0,14.0,69.0
12490,80.0,,,,,4.7,1662.0,,,4.0,1.0,2.0,5.0,88.0
12492,6.0,9.99,9.99,,,4.3,,,4.3,8.0,3.0,7.0,12.0,70.0
12493,400.0,,,,,,,,,,,,,
12494,16.0,8.09,8.09,8.99,,4.5,,,,,,,,
12495,279.0,12.59,12.59,13.99,,4.5,521.0,,,4.0,2.0,5.0,15.0,74.0
12496,358.0,205.1,205.1,,,4.4,113.0,,,8.0,0.0,9.0,12.0,71.0
12497,650.0,14.99,14.99,19.99,,4.2,7.0,7.0,4.2,19.0,0.0,0.0,0.0,81.0
12498,,54.52,54.52,80.0,,4.1,19.0,,,7.0,6.0,15.0,11.0,61.0
12499,22.0,14.39,14.39,19.99,1000000.0,4.4,,3042.0,4.4,6.0,3.0,5.0,10.0,76.0
12500,439.0,,,,,,,,,,,,,
12501,91.0,7.99,7.99,9.99,1000000.0,4.4,1994.0,,,,,,,
12502,58.0,84.99,84.99,99.99,,4.3,807.0,807.0,4.3,8.0,4.0,6.0,12.0,70.0
12503,994.0,23.95,23.95,,,,,,,0.0,0.0,0.0,0.0,
12505,87.0,15.99,15.99,,400000000.0,4.5,,,,4.0,2.0,6.0,12.0,76.0
12506,2428.0,17.97,17.97,,,4.7,440.0,,,1.0,1.0,4.0,10.0,84.0
12507,8.0,199.99,199.99,249.99,4000000.0,4.5,,,4.5,5.0,2.0,5.0,13.0,75.0
12508,149.0,,,,,4.4,305.0,305.0,4.4,7.0,4.0,4.0,14.0,71.0
12509,290.0,,,,,,,,,,,,,
12510,415.0,219.89,219.89,,100000000.0,4.1,381.0,,,,,,,
12511,489.0,,,,200000000.0,,,,,,,,,
12513,401.0,14.99,14.99,,,4.5,184.0,,,7.0,0.0,4.0,9.0,80.0
12514,17.0,66.44,66.44,229.5,1000000.0,4.3,823.0,823.0,4.3,8.0,3.0,5.0,15.0,69.0
12515,,12.99,12.99,,,4.4,519.0,519.0,4.4,5.0,1.0,10.0,16.0,68.0
12516,329.0,209.99,209.99,,200000000.0,4.5,,,4.5,5.0,2.0,4.0,12.0,77.0
12517,107.0,,,,300000000.0,,,,,0.0,0.0,0.0,0.0,
12518,24.0,87.28,87.28,,300000000.0,4.4,1020.0,,,,,,,
12520,12.0,,,,400000000.0,,,,,,,,,
12521,145.0,,,,,,,,,,,,,
12522,23.0,,,,,4.4,439.0,439.0,4.4,7.0,2.0,7.0,13.0,71.0
12523,38.0,49.99,49.99,168.0,,4.2,2100.0,2100.0,4.2,10.0,3.0,6.0,13.0,68.0
12524,296.0,29.99,29.99,,,4.2,321.0,,,9.0,4.0,7.0,12.0,68.0
12525,58.0,,,,,4.6,268.0,,,,,,,
12526,41.0,84.44,84.44,239.99,,4.4,846.0,846.0,4.4,7.0,3.0,6.0,12.0,72.0
12527,11.0,57.5,57.5,69.99,2000000.0,4.4,2184.0,2184.0,4.4,7.0,3.0,6.0,13.0,71.0
12528,61.0,9.99,9.99,13.99,,4.4,,,4.4,8.0,2.0,5.0,11.0,74.0
12529,30.0,,,,200000000.0,,,,,,,,,
12530,23.0,74.0,74.0,73.99,400000000.0,4.5,1104.0,1104.0,4.5,5.0,2.0,5.0,13.0,75.0
12532,148.0,,,,,4.3,137.0,137.0,4.3,9.0,3.0,4.0,11.0,73.0
12534,105.0,109.99,109.99,126.99,50000000.0,4.4,282.0,282.0,4.4,7.0,1.0,5.0,16.0,71.0
12535,101.0,,,,50000000.0,4.4,224.0,224.0,4.4,6.0,4.0,4.0,12.0,74.0
12536,,85.0,85.0,95.0,,4.4,19.0,,,,,,,
12537,25.0,54.0,54.0,54.99,,4.4,2563.0,2563.0,4.4,7.0,3.0,6.0,14.0,70.0
12538,38.0,48.72,48.72,53.5,,4.5,844.0,,,,,,,
12539,60.0,168.0,168.0,199.99,50000000.0,4.6,,,4.6,4.0,2.0,5.0,12.0,77.0
12541,7.0,109.99,109.99,,200000000.0,4.3,1315.0,1315.0,4.3,9.0,3.0,6.0,13.0,69.0
12542,180.0,149.94,149.94,,50000000.0,4.4,27.0,27.0,4.4,8.0,5.0,0.0,9.0,78.0
12543,1131.0,,,,50000000.0,,,,,,,,,
12544,17.0,159.99,159.99,,300000000.0,4.4,751.0,751.0,4.4,7.0,3.0,6.0,11.0,73.0
12545,1578.0,,,,,4.5,,,4.5,5.0,2.0,4.0,12.0,77.0
12546,56.0,51.11,51.11,59.99,100000000.0,4.2,2841.0,2841.0,4.2,11.0,2.0,7.0,15.0,65.0
12547,42.0,46.3,46.3,219.99,300000000.0,4.2,1625.0,1625.0,4.2,9.0,4.0,7.0,16.0,64.0
12548,85.0,146.74,146.74,,,4.6,,,,,,,,
12549,1136.0,199.99,199.99,199.99,50000000.0,3.9,284.0,,,,,,,
12550,1384.0,119.99,119.99,139.99,50000000.0,5.0,5.0,5.0,5.0,0.0,0.0,0.0,0.0,100.0
12551,61.0,69.94,69.94,76.99,100000000.0,4.3,428.0,428.0,4.3,7.0,4.0,6.0,16.0,67.0
12552,104.0,134.99,134.99,,,4.5,2818.0,,,,,,,
12553,1418.0,,,,,3.7,13.0,13.0,3.7,20.0,9.0,11.0,0.0,60.0
12554,180.0,,,,,4.4,138.0,,,,,,,
12555,73.0,49.0,49.0,,100000000.0,4.4,232.0,232.0,4.4,6.0,2.0,8.0,11.0,73.0
12556,707.0,,,,,,,,,,,,,
12557,96.0,,,,100000000.0,,,,,,,,,
12558,1086.0,139.99,139.99,139.99,50000000.0,4.3,15.0,,,,,,,
12559,898.0,158.98,158.98,,100000000.0,4.4,161.0,161.0,4.4,7.0,3.0,5.0,12.0,73.0
12560,91.0,,,,100000000.0,,,,,,,,,
12561,7.0,109.99,109.99,189.99,,4.3,1315.0,1315.0,4.3,9.0,3.0,6.0,13.0,69.0
12562,71.0,109.99,109.99,114.0,,4.2,390.0,390.0,4.2,10.0,5.0,3.0,13.0,69.0
12564,89.0,44.89,44.89,169.99,100000000.0,4.2,1257.0,1257.0,4.2,8.0,4.0,8.0,13.0,67.0
12565,2134.0,,,,,,,,,,,,,
12567,147.0,47.95,47.95,,50000000.0,3.9,164.0,164.0,3.9,12.0,5.0,16.0,10.0,57.0
12568,318.0,,,,,4.4,122.0,122.0,4.4,9.0,2.0,6.0,3.0,80.0
12569,95.0,48.39,48.39,52.24,50000000.0,4.4,1023.0,1023.0,4.4,8.0,2.0,5.0,14.0,71.0
12570,159.0,99.99,99.99,105.99,,4.3,139.0,139.0,4.3,13.0,2.0,3.0,8.0,74.0
12571,49.0,39.99,39.99,48.68,200000000.0,4.4,1313.0,,,,,,,
12572,,,,,,4.3,19.0,19.0,4.3,0.0,0.0,,19.0,56.0
12573,424.0,,,,,4.8,22.0,22.0,4.8,0.0,0.0,7.0,8.0,85.0
12574,170.0,83.8,83.8,249.99,50000000.0,3.7,81.0,81.0,3.7,15.0,,10.0,11.0,53.0
12575,137.0,49.99,49.99,,50000000.0,3.7,70.0,70.0,3.7,16.0,7.0,8.0,22.0,47.0
12576,283.0,,,,,4.3,55.0,55.0,4.3,8.0,7.0,4.0,7.0,74.0
12577,267.0,109.99,109.99,139.99,,4.0,27.0,27.0,4.0,16.0,0.0,8.0,20.0,56.0
12578,218.0,64.0,64.0,79.96,,4.5,40.0,40.0,4.5,4.0,0.0,8.0,13.0,75.0
12580,108.0,,,,50000000.0,,,,,,,,,
12581,117.0,79.99,79.99,78.75,50000000.0,4.5,62.0,62.0,4.5,6.0,4.0,3.0,9.0,78.0
12583,102.0,114.99,114.99,199.99,,4.0,56.0,,,,,,,
12584,155.0,99.99,99.99,99.99,,3.9,23.0,23.0,3.9,9.0,,6.0,24.0,48.0
12585,216.0,79.99,79.99,84.99,,4.3,154.0,,,,,,,
12586,192.0,114.99,114.99,119.99,50000000.0,4.4,210.0,210.0,4.4,7.0,3.0,5.0,12.0,73.0
12587,72.0,64.44,64.44,189.99,200000000.0,4.3,252.0,252.0,4.3,8.0,3.0,6.0,12.0,71.0
12588,52.0,59.99,59.99,49.5,,4.4,,,4.4,6.0,2.0,7.0,14.0,71.0
12589,189.0,69.99,69.99,,,4.2,1304.0,1304.0,4.2,10.0,4.0,7.0,12.0,67.0
12590,129.0,,,,50000000.0,,,,,,,,,
12591,120.0,56.0,56.0,50.0,,4.2,536.0,,,,,,,
12592,308.0,,,,,4.1,884.0,884.0,4.1,10.0,6.0,7.0,13.0,64.0
12594,310.0,,,,,,,,,,,,,
12595,264.0,58.8,58.8,59.99,,4.3,933.0,,,,,,,
12596,167.0,45.99,45.99,59.97,,4.2,790.0,790.0,4.2,9.0,4.0,5.0,15.0,67.0
12597,185.0,52.44,52.44,43.32,,4.2,1114.0,1114.0,4.2,11.0,2.0,7.0,14.0,66.0
12598,145.0,86.13,86.13,,,4.2,,,4.2,12.0,3.0,6.0,11.0,68.0
12599,148.0,48.38,48.38,,,4.0,1894.0,1894.0,4.0,13.0,4.0,9.0,13.0,61.0
12601,133.0,53.97,53.97,54.67,,4.3,244.0,244.0,4.3,8.0,3.0,5.0,13.0,71.0
12602,114.0,219.99,219.99,,,4.4,1163.0,1163.0,4.4,5.0,3.0,6.0,14.0,72.0
12603,185.0,48.44,48.44,,50000000.0,4.2,673.0,673.0,4.2,9.0,4.0,8.0,15.0,64.0
12604,3.0,7.99,7.99,9.99,3000000.0,4.4,,,4.4,6.0,3.0,6.0,12.0,73.0
12605,280.0,,,,,4.2,,3158.0,4.2,11.0,3.0,7.0,11.0,68.0
12606,,129.99,129.99,139.53,,4.0,39.0,,,,,,,
12607,181.0,,,,,4.1,56.0,,,,,,,
12608,378.0,,,,,,,,,,,,,
12609,62.0,50.99,50.99,54.49,,4.4,799.0,799.0,4.4,7.0,2.0,4.0,10.0,77.0
12610,117.0,22.96,22.96,,,4.6,1533.0,1533.0,4.6,4.0,1.0,2.0,8.0,85.0
12611,169.0,43.44,43.44,47.52,,4.2,254.0,254.0,4.2,11.0,2.0,7.0,15.0,65.0
12612,122.0,38.97,38.97,38.97,,4.6,54.0,,,,,,,
12613,418.0,109.97,109.97,,,,,,,0.0,0.0,0.0,0.0,
12614,200.0,50.94,50.94,48.51,,4.3,1084.0,1084.0,4.3,7.0,4.0,5.0,14.0,70.0
12615,201.0,44.44,44.44,44.0,,4.3,394.0,,,,,,,
12616,278.0,69.99,69.99,,,4.2,596.0,596.0,4.2,9.0,4.0,7.0,13.0,67.0
12618,322.0,,,,,3.6,20.0,20.0,3.6,,0.0,8.0,8.0,54.0
12619,34.0,,,,,4.3,86.0,86.0,4.3,10.0,4.0,3.0,12.0,71.0
12620,286.0,,,,,,,,,,,,,
12621,184.0,44.22,44.22,48.0,,4.3,269.0,269.0,4.3,7.0,2.0,8.0,13.0,70.0
12622,2206.0,185.42,185.42,,,4.2,536.0,536.0,4.2,13.0,1.0,4.0,10.0,72.0
12623,277.0,69.0,69.0,,,4.2,133.0,133.0,4.2,8.0,4.0,11.0,12.0,65.0
12624,328.0,58.0,58.0,,,4.2,538.0,,,,,,,
12625,261.0,48.0,48.0,48.44,,4.3,470.0,470.0,4.3,7.0,3.0,8.0,14.0,68.0
12626,343.0,77.0,77.0,74.0,,4.0,10.0,10.0,4.0,,0.0,0.0,14.0,64.0
12627,17.0,122.25,122.25,129.99,1000000.0,4.4,1807.0,1807.0,4.4,4.0,4.0,5.0,13.0,74.0
12628,164.0,,,,50000000.0,,,,,,,,,
12629,306.0,,,,,4.1,221.0,221.0,4.1,10.0,5.0,7.0,17.0,61.0
12630,214.0,149.8,149.8,,,4.4,758.0,758.0,4.4,7.0,2.0,3.0,13.0,75.0
12631,189.0,87.62,87.62,,100000000.0,4.5,1849.0,1849.0,4.5,5.0,2.0,4.0,11.0,78.0
12632,235.0,19.02,19.02,39.99,200000000.0,4.6,207.0,,,,,,,
12633,198.0,44.99,44.99,54.99,,4.4,228.0,228.0,4.4,3.0,3.0,8.0,15.0,71.0
12634,456.0,11.89,11.89,18.99,,4.7,229.0,,,1.0,2.0,1.0,12.0,84.0
12635,454.0,69.97,69.97,,,4.3,,,,,,,,
12637,22.0,24.99,24.99,,,4.5,1365.0,,,,,,,
12638,16.0,16.99,16.99,24.99,1000000.0,4.4,,,4.4,8.0,3.0,5.0,10.0,74.0
12639,664.0,21.95,21.95,,300000000.0,4.2,,,4.2,8.0,5.0,8.0,13.0,66.0
12640,26.0,24.99,24.99,24.99,,4.5,971.0,,,5.0,2.0,4.0,12.0,77.0
12642,42.0,24.99,24.99,,300000000.0,4.3,109.0,,,,,,,
12644,139.0,,,,300000000.0,,,,,,,,,
12645,29.0,17.15,17.15,,400000000.0,4.5,2038.0,,,4.0,2.0,6.0,12.0,76.0
12646,34.0,21.99,21.99,,200000000.0,4.4,2568.0,2568.0,4.4,5.0,3.0,6.0,13.0,73.0
12647,1948.0,10.99,10.99,,,4.2,65.0,,,7.0,2.0,4.0,,54.0
12648,1711.0,20.77,20.77,,200000000.0,4.1,,,,10.0,5.0,10.0,13.0,62.0
12649,68.0,,,,,4.4,,,,4.0,3.0,7.0,16.0,70.0
12650,877.0,5.99,5.99,,200000000.0,4.5,2635.0,,,4.0,2.0,5.0,14.0,75.0
12651,1163.0,19.48,19.48,,,,,,,0.0,0.0,0.0,0.0,
12652,169.0,16.99,16.99,16.99,300000000.0,4.6,93.0,,,,,,,
12653,1242.0,22.99,22.99,,200000000.0,4.4,582.0,582.0,4.4,5.0,2.0,6.0,14.0,73.0
12654,1805.0,,,,,,10.0,10.0,,21.0,,,0.0,34.0
12655,388.0,9.99,9.99,12.99,,4.4,106.0,,,5.0,5.0,6.0,11.0,73.0
12657,,21.99,21.99,,,4.2,779.0,779.0,4.2,8.0,4.0,7.0,15.0,66.0
12658,1183.0,29.99,29.99,29.99,200000000.0,4.5,629.0,,,5.0,2.0,5.0,15.0,73.0
12659,864.0,14.99,14.99,14.99,100000000.0,4.4,,,,,,,,
12660,1859.0,6.99,6.99,,,3.7,14.0,14.0,3.7,14.0,,,0.0,55.0
12661,368.0,19.9,19.9,,,4.3,2260.0,,,7.0,3.0,9.0,16.0,65.0
12662,1997.0,18.99,18.99,,,4.4,,,,4.0,3.0,7.0,16.0,70.0
12663,130.0,11.99,11.99,,400000000.0,4.3,,3044.0,4.3,7.0,4.0,5.0,15.0,69.0
12664,31.0,24.99,24.99,24.99,300000000.0,4.6,,,,3.0,1.0,5.0,12.0,79.0
12665,835.0,9.99,9.99,,,4.2,7.0,,,0.0,0.0,,19.0,53.0
12666,10.0,12.99,12.99,,50000000.0,4.2,225.0,225.0,4.2,8.0,3.0,9.0,15.0,65.0
12667,287.0,,,,,4.3,251.0,251.0,4.3,9.0,2.0,6.0,13.0,70.0
12668,,12.95,12.95,12.95,,4.2,83.0,,,11.0,1.0,10.0,8.0,70.0
12670,172.0,,,,200000000.0,,,,,,,,,
12671,697.0,,,,50000000.0,,,,,,,,,
12672,189.0,44.78,44.78,,,4.5,1849.0,1849.0,4.5,5.0,2.0,4.0,11.0,78.0
12674,496.0,9.99,9.99,,,4.5,576.0,,,,,,,
12675,216.0,5.99,5.99,,,3.8,29.0,,,11.0,,11.0,4.0,57.0
12676,316.0,19.99,19.99,,,4.4,589.0,589.0,4.4,5.0,2.0,8.0,17.0,68.0
12677,2243.0,,,,50000000.0,,,,,,,,,
12679,,6.98,6.98,,,3.8,9.0,9.0,3.8,15.0,,0.0,21.0,51.0
12680,,9.99,9.99,,,4.5,1046.0,,,4.0,2.0,8.0,14.0,72.0
12681,288.0,4.49,4.49,,,4.4,137.0,,,6.0,1.0,10.0,12.0,71.0
12682,,26.99,26.99,,,4.1,329.0,329.0,4.1,7.0,6.0,9.0,19.0,59.0
12683,1503.0,15.99,15.99,,,4.3,,,,6.0,4.0,6.0,14.0,70.0
12684,254.0,5.99,5.99,,,4.7,12.0,,,0.0,10.0,0.0,0.0,90.0
12685,83.0,19.99,19.99,,,4.4,,,,,,,,
12686,74.0,5.99,5.99,6.99,50000000.0,4.5,1604.0,1604.0,4.5,4.0,1.0,6.0,17.0,72.0
12687,361.0,,,,,,,,,,,,,
12688,232.0,9.99,9.99,,,4.6,44.0,,,5.0,0.0,3.0,14.0,78.0
12689,80.0,9.99,9.99,,,4.3,282.0,,,8.0,3.0,8.0,13.0,68.0
12690,59.0,9.99,9.99,,,4.5,183.0,,,5.0,3.0,3.0,13.0,76.0
12691,32.0,18.99,18.99,,100000000.0,4.4,224.0,,,7.0,2.0,3.0,18.0,70.0
12692,992.0,7.98,7.98,,,,,,,0.0,0.0,0.0,0.0,
12693,16.0,32.99,32.99,,,4.3,,,,6.0,3.0,7.0,16.0,68.0
12694,7.0,19.99,19.99,,,4.4,,,,,,,,
12695,51.0,20.99,20.99,,,4.2,,,,,,,,
12696,124.0,18.99,18.99,,,4.4,963.0,,,6.0,3.0,6.0,12.0,73.0
12697,241.0,,,,,4.2,1622.0,1622.0,4.2,11.0,2.0,7.0,14.0,66.0
12698,5.0,24.99,24.99,,,4.4,,,,4.0,3.0,6.0,14.0,73.0
12699,225.0,7.99,7.99,9.99,100000000.0,4.5,435.0,435.0,4.5,4.0,2.0,7.0,10.0,77.0
12700,876.0,19.99,19.99,,,4.4,26.0,,,,,,,
12701,49.0,24.99,24.99,24.99,100000000.0,4.5,310.0,,,,,,,
12702,190.0,21.75,21.75,,,4.6,174.0,174.0,4.6,1.0,1.0,6.0,19.0,73.0
12703,36.0,24.99,24.99,,400000000.0,4.6,74.0,74.0,4.6,2.0,1.0,7.0,9.0,81.0
12704,1092.0,14.99,14.99,15.99,,4.4,,,,5.0,2.0,8.0,16.0,69.0
12705,321.0,17.99,17.99,,,4.4,,,4.4,6.0,3.0,7.0,13.0,71.0
12706,164.0,9.99,9.99,,,,,,,0.0,0.0,0.0,0.0,
12707,606.0,,,,,,,,,,,,,
12709,329.0,38.44,38.44,,,4.0,430.0,430.0,4.0,12.0,6.0,10.0,12.0,60.0
12710,4.0,11.99,11.99,,100000000.0,4.4,2895.0,,,,,,,
12711,14.0,6.29,6.29,,4000000.0,4.5,1802.0,,,6.0,1.0,4.0,10.0,79.0
12712,,43.46,43.46,,,,,,,0.0,0.0,0.0,0.0,
12713,167.0,7.98,7.98,,1000000.0,4.5,,,,,,,,
12714,1362.0,7.99,7.99,,100000000.0,4.5,,,4.5,3.0,2.0,7.0,15.0,73.0
12715,254.0,73.99,73.99,55.99,,4.2,829.0,829.0,4.2,10.0,4.0,7.0,11.0,68.0
12716,197.0,14.99,14.99,,1000000.0,4.6,2399.0,,,2.0,2.0,5.0,13.0,78.0
12717,,46.9,46.9,,,,,,,,,,,
12718,367.0,50.51,50.51,52.98,,4.3,375.0,375.0,4.3,7.0,3.0,6.0,16.0,68.0
12719,99.0,16.99,16.99,18.99,,4.4,1993.0,,,5.0,2.0,5.0,17.0,71.0
12720,12.0,9.99,9.99,,1000000.0,4.4,,,,,,,,
12721,12.0,,,,4000000.0,,,,,,,,,
12722,71.0,7.99,7.99,9.99,1000000.0,4.4,521.0,521.0,4.4,7.0,3.0,6.0,11.0,73.0
12723,384.0,,,,,,,,,,,,,
12724,156.0,,,,200000000.0,,,,,,,,,
12725,95.0,9.98,9.98,14.98,2000000.0,4.4,,,,,,,,
12726,318.0,46.44,46.44,48.44,,4.4,484.0,,,5.0,4.0,5.0,15.0,71.0
12728,478.0,72.2,72.2,,,4.0,49.0,49.0,4.0,10.0,6.0,9.0,18.0,57.0
12729,122.0,146.0,146.0,188.99,50000000.0,5.0,1.0,,,,,,,
12730,241.0,14.99,14.99,,100000000.0,4.4,28.0,28.0,4.4,8.0,0.0,8.0,6.0,78.0
12731,63.0,21.99,21.99,,100000000.0,4.6,1615.0,1615.0,4.6,3.0,1.0,6.0,12.0,78.0
12732,18.0,36.99,36.99,,,4.4,,,,5.0,3.0,7.0,16.0,69.0
12733,989.0,7.99,7.99,,100000000.0,4.4,1996.0,,,,,,,
12734,1804.0,129.99,129.99,,,4.2,11.0,11.0,4.2,12.0,0.0,0.0,,61.0
12735,179.0,184.97,184.97,,50000000.0,3.8,40.0,,,,,,,
12736,389.0,24.99,24.99,24.99,50000000.0,4.4,282.0,,,,,,,
12737,124.0,9.79,9.79,,1000000.0,4.4,385.0,,,,,,,
12738,568.0,,,,,,,,,,,,,
12739,778.0,6.39,6.39,,100000000.0,4.3,199.0,199.0,4.3,8.0,4.0,7.0,9.0,72.0
12740,261.0,39.99,39.99,42.44,,4.2,2466.0,2466.0,4.2,9.0,4.0,7.0,14.0,66.0
12741,228.0,16.99,16.99,,100000000.0,4.4,69.0,69.0,4.4,6.0,1.0,7.0,11.0,75.0
12742,421.0,,,,,,,,,0.0,0.0,0.0,0.0,
12743,91.0,11.99,11.99,12.99,50000000.0,4.2,28.0,,,8.0,4.0,5.0,19.0,64.0
12744,83.0,21.99,21.99,,100000000.0,3.9,19.0,19.0,3.9,15.0,7.0,8.0,12.0,58.0
12745,78.0,,,,2000000.0,,,,,,,,,
12746,318.0,16.88,16.88,,,4.5,657.0,,,5.0,1.0,5.0,12.0,77.0
12747,279.0,,,,,4.8,6.0,6.0,4.8,0.0,0.0,0.0,21.0,79.0
12748,293.0,6.26,6.26,6.95,50000000.0,4.6,100.0,100.0,4.6,2.0,2.0,4.0,16.0,76.0
12750,602.0,6.99,6.99,,,4.5,428.0,,,4.0,1.0,7.0,17.0,71.0
12751,156.0,14.99,14.99,19.99,200000000.0,4.7,1651.0,1651.0,4.7,3.0,1.0,3.0,9.0,84.0
12752,76.0,,,,100000000.0,,,,,,,,,
12753,254.0,6.99,6.99,,100000000.0,4.5,440.0,,,,,,,
12756,,,,259.99,,4.0,204.0,,,,,,,
12757,2366.0,146.0,146.0,153.0,,4.0,14.0,14.0,4.0,15.0,0.0,16.0,10.0,59.0
12758,965.0,14.99,14.99,19.99,,,1.0,,,,,,,
12759,62.0,14.91,14.91,,,4.7,2294.0,2294.0,4.7,2.0,1.0,3.0,9.0,85.0
12760,357.0,16.99,16.99,,50000000.0,4.3,279.0,279.0,4.3,8.0,3.0,7.0,15.0,67.0
12761,120.0,9.99,9.99,,,4.2,2964.0,,,8.0,4.0,7.0,14.0,67.0
12762,136.0,11.99,11.99,13.99,1000000.0,4.6,,,,3.0,1.0,5.0,12.0,79.0
12763,5.0,22.78,22.78,37.99,5000000.0,4.3,,,4.3,7.0,4.0,7.0,12.0,70.0
12764,168.0,16.89,16.89,,,4.4,,,4.4,6.0,3.0,7.0,14.0,70.0
12765,165.0,7.99,7.99,,,4.3,48.0,,,,,,,
12766,428.0,14.9,14.9,,50000000.0,4.5,2235.0,,,,,,,
12767,352.0,,,,,,,,,,,,,
12768,,11.99,11.99,,50000000.0,4.5,1248.0,1248.0,4.5,4.0,2.0,5.0,13.0,76.0
12769,320.0,6.99,6.99,,50000000.0,4.2,140.0,,,,,,,
12770,409.0,6.99,6.99,,50000000.0,4.1,320.0,320.0,4.1,9.0,3.0,13.0,15.0,60.0
12771,21.0,9.98,9.98,,3000000.0,4.5,2740.0,2740.0,4.5,4.0,3.0,5.0,12.0,76.0
12772,127.0,14.99,14.99,,100000000.0,4.5,,,4.5,4.0,2.0,5.0,12.0,77.0
12773,388.0,129.99,129.99,,,3.7,20.0,20.0,3.7,21.0,6.0,5.0,14.0,54.0
12775,238.0,16.99,16.99,16.99,200000000.0,4.6,63.0,63.0,4.6,2.0,2.0,4.0,12.0,80.0
12776,117.0,21.99,21.99,21.99,50000000.0,4.2,322.0,,,7.0,5.0,9.0,14.0,65.0
12777,304.0,23.99,23.99,,50000000.0,4.4,681.0,681.0,4.4,6.0,3.0,7.0,15.0,69.0
12778,,16.49,16.49,,,5.0,2.0,,,0.0,0.0,0.0,0.0,100.0
12779,,21.99,21.99,21.99,,4.6,350.0,,,3.0,1.0,4.0,11.0,81.0
12780,391.0,6.95,6.95,,50000000.0,4.4,106.0,,,,,,,
12781,771.0,20.99,20.99,,,4.1,782.0,,,,,,,
12783,96.0,22.99,22.99,22.99,50000000.0,4.4,496.0,,,,,,,
12784,543.0,21.77,21.77,,50000000.0,4.4,2129.0,,,,,,,
12785,276.0,18.88,18.88,25.99,,4.6,173.0,,,2.0,0.0,4.0,18.0,76.0
12786,25.0,7.98,7.98,9.98,1000000.0,4.5,1360.0,1360.0,4.5,4.0,3.0,6.0,12.0,75.0
12787,441.0,,,,,3.7,52.0,,,,,,,
12789,,90.0,90.0,,,5.0,1.0,1.0,5.0,0.0,0.0,0.0,0.0,100.0
12790,1.0,11.99,11.99,,200000000.0,4.4,2007.0,2007.0,4.4,5.0,2.0,8.0,16.0,69.0
12791,172.0,9.39,9.39,9.99,1000000.0,4.7,480.0,,,2.0,0.0,4.0,15.0,79.0
12792,236.0,82.75,82.75,,,4.3,26.0,26.0,4.3,6.0,5.0,6.0,19.0,64.0
12793,257.0,,,,,,,,,,,,,
12794,2187.0,19.99,19.99,,,5.0,1.0,,,0.0,0.0,0.0,0.0,100.0
12795,10.0,,,,,3.6,68.0,68.0,3.6,17.0,9.0,12.0,15.0,47.0
12796,342.0,153.99,153.99,194.97,,4.2,16.0,16.0,4.2,0.0,,8.0,10.0,65.0
12797,621.0,29.99,29.99,29.99,50000000.0,4.3,128.0,128.0,4.3,8.0,3.0,5.0,15.0,69.0
12798,43.0,13.99,13.99,,,4.6,114.0,114.0,4.6,3.0,4.0,5.0,6.0,82.0
12799,288.0,79.99,79.99,,,,,,,0.0,0.0,0.0,0.0,
12801,205.0,82.99,82.99,89.0,,4.3,41.0,,,,,,,
12802,614.0,19.84,19.84,,,4.5,65.0,,,3.0,2.0,8.0,16.0,71.0
12803,171.0,9.99,9.99,15.99,1000000.0,4.4,120.0,,,,,,,
12804,2095.0,38.99,38.99,49.99,100000000.0,4.7,240.0,,,2.0,2.0,5.0,7.0,84.0
12805,769.0,39.99,39.99,,,4.5,920.0,920.0,4.5,4.0,2.0,7.0,15.0,72.0
12806,424.0,59.97,59.97,,,4.2,660.0,660.0,4.2,10.0,3.0,5.0,21.0,61.0
12807,106.0,12.85,12.85,,300000000.0,4.5,36.0,36.0,4.5,4.0,0.0,7.0,20.0,69.0
12808,1197.0,7.99,7.99,,50000000.0,4.3,933.0,,,6.0,5.0,8.0,13.0,68.0
12809,356.0,,,,100000000.0,,,,,,,,,
12810,2378.0,14.99,14.99,,,4.3,30.0,,,,,,,
12811,72.0,,,,1000000.0,,,,,,,,,
12812,383.0,14.99,14.99,14.99,50000000.0,3.9,23.0,,,,,,,
12813,,,,,,4.6,42.0,42.0,4.6,5.0,0.0,3.0,8.0,84.0
12814,102.0,24.99,24.99,,50000000.0,4.3,163.0,163.0,4.3,7.0,7.0,8.0,7.0,71.0
12815,315.0,7.45,7.45,,,4.3,713.0,,,7.0,4.0,6.0,13.0,70.0
12816,825.0,20.99,20.99,,400000000.0,5.0,4.0,,,0.0,0.0,0.0,0.0,100.0
12817,1836.0,,,,50000000.0,,,,,,,,,
12818,2310.0,11.39,11.39,11.99,,4.4,997.0,997.0,4.4,6.0,3.0,4.0,13.0,74.0
12820,1280.0,2.48,2.48,,,3.6,46.0,,,,4.0,14.0,7.0,53.0
12821,778.0,9.99,9.99,,,5.0,5.0,,,0.0,0.0,0.0,0.0,100.0
12822,2396.0,197.5,197.5,,,4.3,124.0,124.0,4.3,8.0,5.0,6.0,9.0,72.0
12823,436.0,8.99,8.99,12.99,,4.6,108.0,,,4.0,3.0,1.0,16.0,76.0
12824,54.0,13.99,13.99,19.99,,4.5,554.0,554.0,4.5,4.0,2.0,4.0,13.0,77.0
12826,2101.0,7.99,7.99,9.99,50000000.0,4.6,,,4.6,3.0,1.0,5.0,13.0,78.0
12827,,19.95,19.95,19.95,,,10.0,10.0,,21.0,,,0.0,34.0
12829,,20.54,20.54,,,,,,,0.0,0.0,0.0,0.0,
12830,339.0,55.96,55.96,57.22,,4.3,204.0,,,,,,,
12831,207.0,6.63,6.63,9.99,,4.4,792.0,,,5.0,3.0,8.0,14.0,70.0
12832,889.0,22.99,22.99,,,4.5,89.0,,,5.0,3.0,6.0,10.0,76.0
12833,2457.0,104.97,104.97,,,4.5,358.0,358.0,4.5,5.0,2.0,5.0,12.0,76.0
12834,,22.99,22.99,,,4.4,128.0,,,,,,,
12835,103.0,21.99,21.99,21.99,50000000.0,4.5,,,4.5,3.0,2.0,6.0,14.0,75.0
12836,,14.99,14.99,,,3.9,7.0,7.0,3.9,13.0,0.0,,0.0,57.0
12837,2241.0,16.99,16.99,19.99,50000000.0,4.4,95.0,,,5.0,0.0,8.0,17.0,70.0
12838,197.0,,,,200000000.0,,,,,,,,,
12839,27.0,8.99,8.99,,,4.2,,,4.2,9.0,4.0,8.0,14.0,65.0
12842,401.0,10.99,10.99,,300000000.0,4.6,,,4.6,2.0,1.0,5.0,13.0,79.0
12843,225.0,9.99,9.99,,300000000.0,4.3,1790.0,1790.0,4.3,8.0,2.0,8.0,13.0,69.0
12844,187.0,,,,,,,,,,,,,
12845,2259.0,12.99,12.99,12.99,,4.4,121.0,,,3.0,5.0,9.0,14.0,69.0
12846,81.0,9.99,9.99,,,4.4,168.0,,,,,,,
12847,390.0,5.99,5.99,6.99,,4.6,469.0,,,2.0,1.0,5.0,13.0,79.0
12848,543.0,77.21,77.21,59.0,,4.6,358.0,,,,,,,
12849,35.0,24.99,24.99,,200000000.0,4.4,170.0,170.0,4.4,4.0,5.0,7.0,13.0,71.0
12850,652.0,13.99,13.99,,300000000.0,3.9,81.0,,,9.0,3.0,,16.0,51.0
12852,473.0,5.99,5.99,7.99,100000000.0,4.4,211.0,,,,,,,
12853,44.0,13.99,13.99,,,4.1,1179.0,1179.0,4.1,10.0,4.0,8.0,14.0,64.0
12854,,36.89,36.89,,,,,,,,,,,
12855,483.0,17.99,17.99,,,4.2,618.0,618.0,4.2,7.0,4.0,11.0,14.0,64.0
12856,31.0,14.99,14.99,16.99,50000000.0,4.6,31.0,31.0,4.6,0.0,4.0,5.0,22.0,69.0
12858,251.0,45.6,45.6,44.33,,4.0,1303.0,,,,,,,
12859,132.0,5.99,5.99,,,4.5,735.0,735.0,4.5,5.0,2.0,5.0,9.0,79.0
12860,86.0,23.99,23.99,25.99,,4.5,2507.0,,,,,,,
12861,61.0,12.99,12.99,,,4.2,256.0,,,8.0,1.0,10.0,22.0,59.0
12862,231.0,53.0,53.0,,,4.0,196.0,196.0,4.0,10.0,7.0,8.0,20.0,55.0
12863,48.0,13.99,13.99,,300000000.0,4.4,2111.0,2111.0,4.4,6.0,3.0,5.0,11.0,75.0
12864,74.0,14.99,14.99,,,4.4,55.0,,,,,,,
12865,231.0,8.97,8.97,12.99,,4.5,2492.0,,,3.0,2.0,6.0,16.0,73.0
12866,260.0,116.05,116.05,107.62,,3.5,48.0,,,,,,,
12868,179.0,,,,1000000.0,,,,,,,,,
12869,737.0,9.99,9.99,,200000000.0,4.7,28.0,,,,,,,
12870,334.0,,,,,4.1,292.0,292.0,4.1,12.0,5.0,5.0,13.0,65.0
12871,,16.99,16.99,,,3.7,8.0,,,,,,,
12872,1098.0,9.99,9.99,,300000000.0,4.6,90.0,,,1.0,2.0,8.0,14.0,75.0
12873,350.0,69.0,69.0,,,4.3,942.0,942.0,4.3,10.0,3.0,6.0,10.0,71.0
12875,26.0,,,,400000000.0,,,,,,,,,
12876,,,,,,4.8,25.0,25.0,4.8,2.0,0.0,0.0,7.0,91.0
12877,562.0,8.99,8.99,,,4.0,882.0,882.0,4.0,10.0,7.0,9.0,16.0,58.0
12878,,,,,,,12.0,12.0,,,,0.0,18.0,
12879,602.0,9.99,9.99,16.99,300000000.0,4.5,31.0,,,4.0,0.0,7.0,19.0,70.0
12880,212.0,5.99,5.99,8.99,,4.6,680.0,,,2.0,2.0,5.0,11.0,80.0
12881,28.0,7.98,7.98,9.99,,4.4,,,4.4,6.0,2.0,6.0,14.0,72.0
12882,,11.59,11.59,,,5.0,1.0,,,0.0,0.0,0.0,0.0,100.0
12883,88.0,14.99,14.99,15.99,200000000.0,4.4,1599.0,1599.0,4.4,5.0,4.0,6.0,11.0,74.0
12884,1284.0,14.99,14.99,,,4.7,7.0,,,0.0,0.0,0.0,,67.0
12885,266.0,,,,,,,,,,,,,
12886,645.0,,,,300000000.0,,,,,,,,,
12887,,28.89,28.89,,,,,,,0.0,0.0,0.0,0.0,
12888,64.0,,,,300000000.0,,,,,,,,,
12889,23.0,16.99,16.99,,50000000.0,4.4,,,,,,,,
12890,98.0,7.99,7.99,9.99,200000000.0,4.5,864.0,864.0,4.5,5.0,1.0,7.0,14.0,73.0
12891,224.0,120.49,120.49,124.99,,3.7,14.0,14.0,3.7,,0.0,16.0,8.0,53.0
12892,235.0,64.99,64.99,,,3.9,345.0,345.0,3.9,16.0,4.0,6.0,13.0,61.0
12893,271.0,7.99,7.99,,,4.3,305.0,,,,,,,
12894,104.0,23.99,23.99,,,4.5,592.0,592.0,4.5,7.0,2.0,4.0,8.0,79.0
12895,,149.99,149.99,149.99,,4.3,138.0,,,,,,,
12896,511.0,17.99,17.99,,,4.1,911.0,911.0,4.1,9.0,3.0,11.0,20.0,57.0
12897,463.0,16.99,16.99,,50000000.0,4.4,904.0,904.0,4.4,5.0,4.0,5.0,13.0,73.0
12898,382.0,7.99,7.99,,50000000.0,4.6,1728.0,1728.0,4.6,5.0,1.0,4.0,10.0,80.0
12899,,26.99,26.99,,,4.1,1017.0,,,9.0,5.0,12.0,15.0,59.0
12900,134.0,9.95,9.95,,400000000.0,4.6,,,4.6,4.0,2.0,4.0,11.0,79.0
12901,588.0,,,,300000000.0,,,,,,,,,
12902,2506.0,163.03,163.03,,,4.1,406.0,406.0,4.1,17.0,1.0,5.0,9.0,68.0
12903,430.0,4.76,4.76,,400000000.0,4.4,558.0,,,5.0,2.0,6.0,16.0,71.0
12904,61.0,12.99,12.99,,200000000.0,4.5,2475.0,2475.0,4.5,5.0,2.0,7.0,12.0,74.0
12905,1642.0,,,,50000000.0,,,,,,,,,
12906,259.0,7.99,7.99,,,4.4,,,4.4,6.0,2.0,7.0,14.0,71.0
12907,341.0,14.79,14.79,18.99,,4.2,723.0,,,7.0,5.0,11.0,13.0,64.0
12908,198.0,,,,,,,,,,,,,
12909,471.0,,,,,4.4,177.0,,,,,,,
12910,1107.0,,,,,,,,,,,,,
12911,468.0,19.99,19.99,,200000000.0,4.7,247.0,,,3.0,1.0,4.0,9.0,83.0
12912,1786.0,24.99,24.99,34.99,50000000.0,4.4,,,,,,,,
12913,337.0,17.99,17.99,,300000000.0,4.4,369.0,369.0,4.4,5.0,3.0,7.0,13.0,72.0
12914,917.0,26.95,26.95,,,3.9,43.0,,,12.0,7.0,13.0,9.0,59.0
12915,68.0,15.98,15.98,,1000000.0,4.4,193.0,193.0,4.4,6.0,4.0,6.0,14.0,70.0
12916,69.0,19.99,19.99,,,4.2,,,,6.0,5.0,8.0,17.0,64.0
12917,783.0,23.99,23.99,,,4.4,442.0,,,4.0,3.0,9.0,15.0,69.0
12918,499.0,11.89,11.89,17.99,,4.4,117.0,,,2.0,3.0,10.0,24.0,61.0
12919,629.0,13.99,13.99,,,4.4,188.0,,,,,,,
12920,,16.49,16.49,,,3.8,64.0,,,16.0,7.0,11.0,14.0,52.0
12921,361.0,12.99,12.99,13.99,400000000.0,4.4,954.0,,,4.0,3.0,7.0,13.0,73.0
12922,165.0,12.95,12.95,,300000000.0,4.2,1781.0,1781.0,4.2,11.0,2.0,5.0,12.0,70.0
12923,1999.0,8.99,8.99,,,3.7,15.0,,,13.0,9.0,11.0,24.0,43.0
12924,436.0,14.99,14.99,,50000000.0,4.6,,,4.6,3.0,1.0,4.0,12.0,80.0
12925,399.0,112.97,112.97,129.99,,4.2,22.0,22.0,4.2,14.0,0.0,7.0,13.0,66.0
12926,85.0,9.99,9.99,,100000000.0,4.3,,,,,,,,
12927,390.0,63.0,63.0,57.0,,4.1,406.0,,,,,,,
12928,,8.99,8.99,,50000000.0,4.3,1097.0,1097.0,4.3,8.0,4.0,7.0,14.0,67.0
12929,,38.57,38.57,,,,,,,0.0,0.0,0.0,0.0,
12930,718.0,,,,400000000.0,,,,,,,,,
12931,547.0,9.99,9.99,,,4.3,73.0,,,7.0,4.0,5.0,12.0,72.0
12932,426.0,14.99,14.99,14.99,300000000.0,4.3,462.0,,,8.0,4.0,7.0,13.0,68.0
12934,533.0,6.99,6.99,9.98,400000000.0,4.4,732.0,,,5.0,4.0,5.0,18.0,68.0
12935,510.0,7.99,7.99,,,4.4,1692.0,1692.0,4.4,4.0,3.0,7.0,16.0,70.0
12936,386.0,,,,300000000.0,,,,,,,,,
12937,,11.99,11.99,,,5.0,5.0,,,0.0,0.0,0.0,0.0,100.0
12939,,26.14,26.14,,,,,,,0.0,0.0,0.0,0.0,
12940,1131.0,9.49,9.49,9.99,100000000.0,4.6,263.0,,,,,,,
12941,700.0,39.99,39.99,39.99,400000000.0,4.7,419.0,419.0,4.7,1.0,2.0,5.0,10.0,82.0
12942,724.0,5.99,5.99,,,4.4,49.0,49.0,4.4,6.0,4.0,7.0,11.0,72.0
12943,778.0,21.79,21.79,,,4.6,938.0,,,,,,,
12944,143.0,,,,200000000.0,,,,,,,,,
12945,124.0,9.99,9.99,,400000000.0,4.4,650.0,650.0,4.4,6.0,3.0,7.0,13.0,71.0
12947,292.0,12.59,12.59,14.39,,4.6,722.0,,,,,,,
12948,365.0,7.99,7.99,9.99,,4.6,2146.0,,,3.0,1.0,4.0,13.0,79.0
12949,2301.0,10.2,10.2,,,,,,,0.0,0.0,0.0,0.0,
12950,1191.0,7.99,7.99,,100000000.0,4.6,590.0,,,3.0,2.0,5.0,12.0,78.0
12951,354.0,169.99,169.99,169.99,,4.5,662.0,,,,,,,
12952,136.0,19.99,19.99,,400000000.0,4.4,76.0,76.0,4.4,4.0,3.0,12.0,12.0,69.0
12953,566.0,16.99,16.99,16.99,50000000.0,4.6,866.0,,,,,,,
12954,631.0,7.99,7.99,9.99,300000000.0,4.7,510.0,510.0,4.7,1.0,1.0,3.0,12.0,83.0
12955,496.0,68.97,68.97,,,4.2,83.0,83.0,4.2,8.0,3.0,7.0,21.0,61.0
12956,385.0,16.99,16.99,18.99,200000000.0,4.4,2391.0,,,,,,,
12957,59.0,7.99,7.99,,400000000.0,4.3,1610.0,1610.0,4.3,7.0,4.0,6.0,11.0,72.0
12958,555.0,14.99,14.99,16.99,100000000.0,4.6,96.0,,,,,,,
12959,414.0,219.99,219.99,,,4.4,113.0,113.0,4.4,4.0,2.0,9.0,14.0,71.0
12960,396.0,199.99,199.99,,,4.1,21.0,21.0,4.1,7.0,10.0,8.0,17.0,58.0
12961,195.0,12.98,12.98,,100000000.0,4.5,124.0,124.0,4.5,3.0,2.0,9.0,9.0,77.0
12962,633.0,14.94,14.94,,,4.6,2266.0,2266.0,4.6,2.0,2.0,4.0,13.0,79.0
12963,83.0,6.99,6.99,,,4.4,,,4.4,5.0,3.0,6.0,14.0,72.0
12964,,18.79,18.79,,,4.3,27.0,,,,,,,
12965,335.0,,,,,,,,,,,,,
12966,891.0,,,,200000000.0,,,,,,,,,
12967,330.0,9.98,9.98,,,4.5,76.0,,,2.0,4.0,3.0,18.0,73.0
12968,382.0,21.19,21.19,,,4.6,,,,,,,,
12969,,,,,,3.6,17.0,,,13.0,,16.0,17.0,41.0
12970,952.0,6.99,6.99,9.99,200000000.0,4.4,169.0,169.0,4.4,3.0,3.0,12.0,14.0,68.0
12971,762.0,6.98,6.98,7.98,200000000.0,4.4,237.0,,,4.0,3.0,9.0,13.0,71.0
12972,1788.0,32.05,32.05,33.62,,,,,,0.0,0.0,0.0,0.0,
12973,858.0,6.99,6.99,9.99,200000000.0,4.5,238.0,,,3.0,1.0,7.0,16.0,73.0
12974,433.0,6.39,6.39,9.99,300000000.0,4.6,75.0,,,0.0,2.0,6.0,17.0,75.0
12975,381.0,,,,,,,,,,,,,
12977,2475.0,19.99,19.99,,,,1.0,,,0.0,0.0,,0.0,
12978,819.0,,,,200000000.0,,,,,,,,,
12979,,44.68,44.68,,,,,,,,,,,
12980,,4.99,4.99,,,4.2,55.0,,,7.0,3.0,12.0,15.0,63.0
12982,180.0,10.99,10.99,,100000000.0,4.3,161.0,,,8.0,4.0,5.0,15.0,68.0
12983,1172.0,,,,,4.6,148.0,,,3.0,3.0,4.0,13.0,77.0
12984,527.0,9.98,9.98,12.98,400000000.0,4.4,50.0,,,1.0,2.0,11.0,25.0,61.0
12985,1036.0,11.99,11.99,,200000000.0,4.3,32.0,,,4.0,4.0,17.0,5.0,70.0
12986,56.0,11.99,11.99,,100000000.0,4.3,878.0,878.0,4.3,9.0,3.0,6.0,13.0,69.0
12987,505.0,,,,200000000.0,,,,,,,,,
12988,521.0,,,,200000000.0,,,,,,,,,
12989,74.0,12.98,12.98,,200000000.0,4.3,93.0,,,,,,,
12990,794.0,9.99,9.99,15.99,100000000.0,4.5,2861.0,,,,,,,
12991,140.0,9.99,9.99,,400000000.0,4.2,2045.0,2045.0,4.2,11.0,3.0,6.0,10.0,70.0
12992,669.0,21.99,21.99,21.99,,3.8,18.0,,,,,,,
12993,945.0,16.99,16.99,19.99,100000000.0,4.3,730.0,,,6.0,4.0,8.0,14.0,68.0
12994,296.0,,,,,,,,,,,,,
12995,2577.0,179.5,179.5,209.99,,4.6,82.0,82.0,4.6,5.0,0.0,6.0,8.0,81.0
12996,255.0,6.64,6.64,9.99,,4.3,924.0,924.0,4.3,7.0,4.0,7.0,13.0,69.0
12997,968.0,9.99,9.99,18.99,100000000.0,4.5,33.0,,,4.0,4.0,0.0,16.0,76.0
12998,145.0,9.99,9.99,,100000000.0,4.4,555.0,,,,,,,
12999,223.0,7.99,7.99,9.99,200000000.0,4.4,437.0,,,5.0,4.0,6.0,11.0,74.0
13000,55.0,19.98,19.98,24.99,1000000.0,4.4,242.0,242.0,4.4,8.0,0.0,5.0,10.0,77.0
13001,,28.99,28.99,,50000000.0,4.2,51.0,51.0,4.2,8.0,8.0,9.0,3.0,72.0
13002,833.0,11.99,11.99,,100000000.0,4.5,823.0,,,3.0,2.0,7.0,17.0,71.0
13003,604.0,,,,200000000.0,,,,,,,,,
13005,345.0,17.99,17.99,19.99,300000000.0,4.0,46.0,,,,,,,
13006,889.0,8.74,8.74,,50000000.0,4.5,944.0,,,3.0,2.0,7.0,12.0,76.0
13007,709.0,,,,100000000.0,,,,,,,,,
13008,1300.0,14.99,14.99,,200000000.0,4.5,28.0,,,4.0,5.0,6.0,6.0,79.0
13009,1672.0,109.5,109.5,,,4.3,317.0,317.0,4.3,9.0,3.0,4.0,13.0,71.0
13010,39.0,,,,2000000.0,,,,,,,,,
13011,497.0,,,,,,,,,,,,,
13012,149.0,13.99,13.99,19.99,200000000.0,4.5,100.0,100.0,4.5,5.0,1.0,6.0,10.0,78.0
13013,1216.0,19.99,19.99,23.99,100000000.0,4.4,69.0,,,0.0,7.0,6.0,19.0,68.0
13014,,7.77,7.77,,,3.4,19.0,,,,,,,
13015,472.0,,,,400000000.0,,,,,,,,,
13016,743.0,11.88,11.88,16.98,200000000.0,4.4,14.0,,,0.0,9.0,9.0,17.0,65.0
13017,338.0,9.97,9.97,,200000000.0,4.6,738.0,,,,,,,
13018,155.0,10.99,10.99,,400000000.0,4.5,56.0,56.0,4.5,2.0,4.0,7.0,12.0,75.0
13019,,26.99,26.99,,,4.5,514.0,514.0,4.5,2.0,2.0,6.0,17.0,73.0
13020,690.0,6.99,6.99,,100000000.0,4.4,457.0,,,,,,,
13021,726.0,9.48,9.48,9.99,200000000.0,4.4,219.0,,,7.0,4.0,3.0,14.0,72.0
13022,1799.0,,,,100000000.0,,,,,,,,,
13023,769.0,18.99,18.99,,100000000.0,4.6,456.0,456.0,4.6,3.0,1.0,6.0,10.0,80.0
13024,89.0,9.88,9.88,,200000000.0,4.4,95.0,95.0,4.4,1.0,5.0,11.0,15.0,68.0
13025,227.0,5.29,5.29,5.99,200000000.0,4.3,379.0,379.0,4.3,7.0,4.0,9.0,12.0,68.0
13026,71.0,9.99,9.99,,100000000.0,4.4,,,4.4,5.0,3.0,6.0,14.0,72.0
13027,1073.0,9.99,9.99,,100000000.0,4.6,176.0,,,3.0,2.0,5.0,13.0,77.0
13029,627.0,,,,300000000.0,,,,,,,,,
13030,98.0,9.99,9.99,,100000000.0,4.2,580.0,580.0,4.2,9.0,4.0,8.0,12.0,67.0
13031,194.0,8.99,8.99,12.99,,4.4,647.0,,,5.0,5.0,5.0,14.0,71.0
13032,50.0,8.88,8.88,9.88,100000000.0,4.3,1641.0,,,,,,,
13034,262.0,,,,200000000.0,,,,,,,,,
13035,902.0,16.99,16.99,,200000000.0,4.1,84.0,,,,,,,
13036,24.0,9.99,9.99,,100000000.0,4.3,970.0,970.0,4.3,10.0,3.0,5.0,7.0,75.0
13038,791.0,5.99,5.99,9.99,400000000.0,4.8,47.0,,,0.0,3.0,0.0,11.0,86.0
13039,,30.65,30.65,,,,,,,0.0,0.0,0.0,0.0,
13040,866.0,11.99,11.99,19.99,300000000.0,4.6,52.0,,,7.0,0.0,3.0,8.0,82.0
13041,301.0,9.97,9.97,,200000000.0,4.5,2209.0,,,4.0,3.0,7.0,13.0,73.0
13042,1892.0,,,,200000000.0,,,,,,,,,
13043,,37.0,37.0,,,,,,,0.0,0.0,0.0,0.0,
13044,822.0,,,,100000000.0,,,,,,,,,
13045,913.0,7.99,7.99,,100000000.0,4.5,39.0,,,,,,,
13046,696.0,15.99,15.99,,300000000.0,4.4,26.0,,,0.0,9.0,12.0,6.0,73.0
13047,352.0,,,,200000000.0,,,,,,,,,
13048,,16.99,16.99,,,3.4,25.0,,,20.0,,12.0,7.0,46.0
13049,223.0,6.99,6.99,,200000000.0,4.5,619.0,,,,,,,
13050,781.0,19.99,19.99,,200000000.0,4.6,75.0,,,4.0,0.0,8.0,4.0,84.0
13051,,9.99,9.99,,,3.9,22.0,,,13.0,0.0,14.0,23.0,50.0
13052,,18.99,18.99,,,4.3,53.0,,,8.0,2.0,8.0,11.0,71.0
13053,331.0,119.0,119.0,,,4.0,126.0,126.0,4.0,10.0,6.0,12.0,12.0,60.0
13054,,6.99,6.99,,,4.0,151.0,151.0,4.0,8.0,7.0,11.0,20.0,54.0
13055,280.0,,,,100000000.0,,,,,,,,,
13056,,5.84,5.84,,,,,,,,,,,
13057,,6.99,6.99,8.99,,4.6,,,4.6,3.0,1.0,4.0,12.0,80.0
13058,,34.32,34.32,,,,,,,0.0,0.0,0.0,0.0,
13059,,,,,,4.5,10.0,10.0,4.5,6.0,0.0,0.0,24.0,70.0
13060,67.0,9.99,9.99,,300000000.0,4.5,774.0,774.0,4.5,4.0,3.0,5.0,12.0,76.0
13061,423.0,,,,,,,,,,,,,
13062,1270.0,,,,,,,,,,,,,
13063,446.0,,,,,3.8,49.0,,,,,,,
13064,637.0,14.99,14.99,,300000000.0,4.5,,,4.5,3.0,1.0,6.0,14.0,76.0
13065,1910.0,9.99,9.99,16.99,100000000.0,4.6,30.0,,,0.0,0.0,7.0,20.0,73.0
13067,2197.0,,,,50000000.0,,,,,,,,,
13068,1357.0,,,,100000000.0,,,,,,,,,
13069,,,,,,4.7,19.0,,,,,,,
13070,158.0,9.99,9.99,,100000000.0,4.2,618.0,618.0,4.2,10.0,4.0,10.0,11.0,65.0
13071,2052.0,14.9,14.9,,,5.0,1.0,,,,,,,
13072,1207.0,9.95,9.95,,,4.5,,,,,,,,
13073,1138.0,13.99,13.99,,200000000.0,4.5,75.0,,,6.0,1.0,6.0,10.0,77.0
13074,86.0,49.99,49.99,57.5,50000000.0,4.3,93.0,,,,,,,
13075,,16.99,16.99,,,3.8,90.0,,,19.0,5.0,8.0,8.0,60.0
13076,774.0,15.88,15.88,,,4.3,59.0,59.0,4.3,6.0,2.0,8.0,15.0,69.0
13077,,26.99,26.99,26.99,,4.5,,,,3.0,2.0,7.0,16.0,72.0
13078,1814.0,11.99,11.99,,100000000.0,4.1,1641.0,,,10.0,4.0,9.0,17.0,60.0
13079,665.0,11.99,11.99,17.99,300000000.0,4.5,66.0,,,,,,,
13080,1283.0,9.99,9.99,,200000000.0,4.5,427.0,,,3.0,1.0,7.0,17.0,72.0
13081,737.0,6.99,6.99,9.99,100000000.0,4.5,32.0,,,4.0,0.0,7.0,20.0,69.0
13082,783.0,20.99,20.99,,,4.2,201.0,,,6.0,4.0,10.0,21.0,59.0
13083,1173.0,12.34,12.34,12.99,200000000.0,4.7,150.0,,,1.0,0.0,7.0,9.0,83.0
13084,1328.0,,,,,4.2,80.0,,,6.0,4.0,12.0,16.0,62.0
13085,210.0,,,,,4.3,410.0,,,,,,,
13087,167.0,4.37,4.37,,100000000.0,4.0,299.0,299.0,4.0,13.0,6.0,9.0,11.0,61.0
13088,,14.99,14.99,,,4.5,11.0,,,0.0,0.0,14.0,20.0,66.0
13090,472.0,,,,,,,,,,,,,
13091,1110.0,10.07,10.07,15.99,300000000.0,4.8,86.0,,,1.0,0.0,4.0,4.0,91.0
13092,982.0,7.88,7.88,,100000000.0,4.4,,,4.4,5.0,2.0,7.0,14.0,72.0
13093,696.0,17.95,17.95,,100000000.0,4.5,36.0,,,0.0,9.0,4.0,11.0,76.0
13094,666.0,9.99,9.99,,200000000.0,4.5,1520.0,,,3.0,2.0,7.0,15.0,73.0
13095,,22.49,22.49,,,,4.0,,,,,,,
13096,316.0,9.99,9.99,,100000000.0,4.4,156.0,156.0,4.4,9.0,3.0,3.0,11.0,74.0
13097,798.0,15.99,15.99,,100000000.0,4.1,168.0,,,10.0,3.0,13.0,8.0,66.0
13098,1044.0,17.99,17.99,19.99,,4.2,161.0,,,,,,,
13100,1432.0,15.99,15.99,,100000000.0,4.6,18.0,18.0,4.6,0.0,0.0,14.0,14.0,72.0
13101,1379.0,34.99,34.99,38.99,50000000.0,4.9,25.0,,,0.0,0.0,0.0,10.0,90.0
13102,,139.0,139.0,139.0,,4.2,199.0,199.0,4.2,8.0,2.0,7.0,21.0,62.0
13103,1782.0,9.99,9.99,,100000000.0,4.1,28.0,,,12.0,0.0,5.0,,56.0
13104,707.0,,,,200000000.0,,,,,,,,,
13105,84.0,14.99,14.99,,100000000.0,4.5,668.0,668.0,4.5,6.0,1.0,5.0,10.0,78.0
13106,,45.38,45.38,,,,,,,0.0,0.0,0.0,0.0,
13107,851.0,9.99,9.99,,400000000.0,4.4,51.0,,,6.0,4.0,5.0,14.0,71.0
13108,1205.0,5.08,5.08,12.98,100000000.0,4.0,40.0,,,7.0,8.0,10.0,21.0,54.0
13109,286.0,8.99,8.99,,100000000.0,4.4,,,4.4,5.0,3.0,8.0,15.0,69.0
13110,2421.0,9.99,9.99,,,4.1,4.0,,,0.0,0.0,,24.0,45.0
13111,85.0,9.99,9.99,,,4.1,148.0,,,10.0,4.0,7.0,22.0,57.0
13112,,,,,,4.4,423.0,423.0,4.4,7.0,2.0,5.0,17.0,69.0
13113,132.0,19.99,19.99,,100000000.0,4.6,43.0,43.0,4.6,0.0,5.0,5.0,17.0,73.0
13114,1013.0,14.95,14.95,,100000000.0,4.1,37.0,,,11.0,6.0,6.0,12.0,65.0
13115,83.0,9.99,9.99,,,4.4,375.0,,,4.0,1.0,8.0,17.0,70.0
13117,1232.0,,,,100000000.0,,,,,,,,,
13118,408.0,,,,,4.2,309.0,309.0,4.2,10.0,2.0,7.0,10.0,71.0
13119,986.0,6.99,6.99,,,4.3,1060.0,1060.0,4.3,7.0,5.0,7.0,15.0,66.0
13120,528.0,9.99,9.99,,300000000.0,4.3,533.0,,,,,,,
13121,441.0,96.86,96.86,,,4.3,919.0,919.0,4.3,8.0,3.0,5.0,15.0,69.0
13122,398.0,,,,100000000.0,,,,,,,,,
13123,344.0,8.99,8.99,9.99,100000000.0,4.3,1201.0,,,,,,,
13124,1481.0,,,,100000000.0,,,,,,,,,
13125,610.0,6.99,6.99,,100000000.0,4.6,353.0,,,3.0,2.0,6.0,11.0,78.0
13126,,12.99,12.99,13.89,,4.3,509.0,509.0,4.3,7.0,4.0,4.0,17.0,68.0
13127,1259.0,17.99,17.99,,100000000.0,4.5,503.0,,,4.0,1.0,7.0,11.0,77.0
13128,1521.0,9.99,9.99,,100000000.0,4.3,992.0,,,7.0,4.0,7.0,10.0,72.0
13129,1008.0,17.95,17.95,,100000000.0,4.3,25.0,,,5.0,5.0,6.0,17.0,67.0
13130,1003.0,9.99,9.99,,100000000.0,4.5,,,,,,,,
13131,1534.0,9.99,9.99,,,3.8,27.0,,,18.0,10.0,3.0,14.0,55.0
13132,808.0,,,,300000000.0,,,,,,,,,
13133,439.0,6.99,6.99,8.99,300000000.0,4.6,,,,,,,,
13134,820.0,7.99,7.99,,100000000.0,4.6,164.0,,,,,,,
13135,1422.0,,,,200000000.0,,,,,,,,,
13136,440.0,7.99,7.99,8.99,50000000.0,4.0,37.0,,,9.0,6.0,17.0,12.0,56.0
13138,878.0,9.95,9.95,,,4.5,166.0,166.0,4.5,9.0,2.0,2.0,5.0,82.0
13139,485.0,,,,200000000.0,,,,,,,,,
13140,1256.0,11.88,11.88,14.38,100000000.0,4.7,9.0,,,0.0,0.0,16.0,0.0,84.0
13141,519.0,,,,,4.3,101.0,,,,,,,
13142,2244.0,41.18,41.18,44.23,,,,,,,,,,
13143,112.0,7.59,7.59,9.99,200000000.0,4.5,53.0,53.0,4.5,2.0,4.0,11.0,8.0,75.0
13144,,8.99,8.99,,50000000.0,4.7,251.0,,,,,,,
13145,2568.0,9.98,9.98,,,4.2,128.0,,,,,,,
13146,2237.0,14.99,14.99,18.99,100000000.0,4.6,98.0,,,1.0,1.0,9.0,11.0,78.0
13147,942.0,,,,100000000.0,,,,,,,,,
13148,1398.0,,,,,,,,,,,,,
13149,130.0,9.99,9.99,,100000000.0,4.4,,3100.0,4.4,5.0,2.0,6.0,14.0,73.0
13150,,,,,,,3.0,,,,,,,
13151,201.0,,,,200000000.0,,,,,,,,,
13152,430.0,17.98,17.98,,,4.5,1982.0,1982.0,4.5,3.0,3.0,7.0,15.0,72.0
13153,979.0,14.99,14.99,,,4.4,30.0,,,0.0,8.0,5.0,20.0,67.0
13154,1472.0,36.99,36.99,,,4.6,9.0,9.0,4.6,0.0,0.0,14.0,15.0,71.0
13155,1306.0,,,,100000000.0,,,,,,,,,
13156,189.0,23.99,23.99,,200000000.0,4.4,480.0,480.0,4.4,8.0,1.0,6.0,11.0,74.0
13157,180.0,7.99,7.99,9.99,300000000.0,4.3,,,,,,,,
13158,8.0,19.99,19.99,,300000000.0,4.6,29.0,29.0,4.6,0.0,0.0,8.0,24.0,68.0
13159,887.0,15.29,15.29,16.99,100000000.0,4.4,680.0,,,,,,,
13161,,33.86,33.86,,,,,,,0.0,0.0,0.0,0.0,
13162,686.0,,,,100000000.0,,,,,,,,,
13163,,15.55,15.55,,,,,,,0.0,0.0,0.0,0.0,
13164,854.0,18.99,18.99,27.99,200000000.0,4.5,52.0,,,,,,,
13165,530.0,5.99,5.99,8.99,200000000.0,4.7,724.0,,,2.0,1.0,3.0,11.0,83.0
13166,337.0,,,,,4.4,172.0,172.0,4.4,4.0,4.0,7.0,18.0,67.0
13167,849.0,,,,100000000.0,,,,,,,,,
13168,355.0,7.98,7.98,,50000000.0,3.8,25.0,,,14.0,10.0,11.0,7.0,58.0
13169,92.0,19.95,19.95,,,4.4,621.0,,,5.0,5.0,6.0,14.0,70.0
13170,601.0,,,,200000000.0,,,,,,,,,
13171,1855.0,12.99,12.99,,50000000.0,4.7,16.0,,,,,,,
13172,1153.0,,,,,4.5,22.0,,,0.0,6.0,6.0,19.0,69.0
13174,562.0,19.99,19.99,,200000000.0,4.4,,,,,,,,
13175,313.0,5.99,5.99,,,4.0,26.0,,,,,,,
13176,,22.72,22.72,,,,,,,,,,,
13177,741.0,12.99,12.99,16.99,100000000.0,4.0,879.0,879.0,4.0,9.0,4.0,15.0,14.0,58.0
13178,455.0,,,,200000000.0,,,,,,,,,
13179,249.0,5.99,5.99,,100000000.0,4.3,,,4.3,7.0,3.0,8.0,15.0,67.0
13180,1730.0,12.99,12.99,,,4.6,145.0,145.0,4.6,5.0,0.0,6.0,11.0,78.0
13181,,,,,,4.8,9.0,,,,,,,
13182,1469.0,28.99,28.99,,,4.6,957.0,957.0,4.6,2.0,2.0,4.0,11.0,81.0
13183,87.0,14.99,14.99,,50000000.0,5.0,1.0,,,0.0,0.0,0.0,0.0,100.0
13184,998.0,15.99,15.99,,,4.3,18.0,,,,,,,
13185,1068.0,9.99,9.99,,100000000.0,4.6,,,,2.0,2.0,5.0,13.0,78.0
13186,746.0,7.99,7.99,,200000000.0,4.4,,,,5.0,2.0,7.0,16.0,70.0
13187,609.0,,,,,4.8,8.0,,,,,,,
13188,930.0,8.99,8.99,,,4.3,113.0,113.0,4.3,9.0,1.0,5.0,21.0,64.0
13189,,75.0,75.0,,,4.3,534.0,534.0,4.3,6.0,5.0,5.0,13.0,71.0
13190,627.0,5.59,5.59,,50000000.0,4.5,538.0,,,3.0,3.0,5.0,12.0,77.0
13191,1584.0,25.73,25.73,,,,,,,,,,,
13192,,9.5,9.5,,,4.7,4.0,,,0.0,0.0,0.0,,70.0
13193,,,,,,4.8,20.0,20.0,4.8,3.0,0.0,0.0,8.0,89.0
13194,332.0,5.99,5.99,,200000000.0,4.3,52.0,52.0,4.3,5.0,4.0,8.0,21.0,62.0
13196,1348.0,9.99,9.99,,,5.0,2.0,,,0.0,0.0,0.0,0.0,100.0
13197,896.0,7.99,7.99,,100000000.0,4.4,55.0,,,7.0,0.0,10.0,15.0,68.0
13198,553.0,54.97,54.97,,,,,,,0.0,0.0,0.0,0.0,
13199,254.0,,,,200000000.0,,,,,,,,,
13200,,5.24,5.24,,,5.0,1.0,,,0.0,0.0,0.0,0.0,100.0
13201,1276.0,10.44,10.44,10.99,50000000.0,4.7,1178.0,,,2.0,1.0,5.0,11.0,81.0
13202,880.0,9.99,9.99,,,4.6,3.0,,,,,,,
13203,751.0,9.99,9.99,,,4.5,154.0,,,,,,,
13204,60.0,7.99,7.99,,100000000.0,4.4,969.0,969.0,4.4,8.0,2.0,5.0,11.0,74.0
13205,79.0,15.99,15.99,,50000000.0,3.7,54.0,54.0,3.7,19.0,7.0,7.0,17.0,50.0
13206,120.0,,,,,3.9,59.0,,,,,,,
13207,,22.99,22.99,,,4.5,8.0,,,,,,,
13208,236.0,9.95,9.95,,200000000.0,4.5,1014.0,,,,,,,
13209,806.0,9.99,9.99,12.99,100000000.0,4.5,2064.0,,,3.0,2.0,5.0,13.0,77.0
13210,,16.49,16.49,,,5.0,1.0,,,0.0,0.0,0.0,0.0,100.0
13211,,38.25,38.25,,,,,,,0.0,0.0,0.0,0.0,
13212,331.0,5.99,5.99,,100000000.0,4.1,707.0,,,11.0,3.0,9.0,15.0,62.0
13214,1071.0,7.99,7.99,,100000000.0,4.4,38.0,,,8.0,4.0,4.0,9.0,75.0
13215,118.0,5.15,5.15,5.99,100000000.0,4.4,28.0,,,,,,,
13216,1083.0,7.99,7.99,,100000000.0,4.7,108.0,108.0,4.7,1.0,2.0,3.0,11.0,83.0
13217,546.0,17.99,17.99,17.99,100000000.0,4.5,320.0,320.0,4.5,5.0,2.0,4.0,16.0,73.0
13219,,24.99,24.99,,,3.8,30.0,,,,,,,
13220,66.0,8.99,8.99,9.99,100000000.0,4.4,621.0,621.0,4.4,6.0,2.0,3.0,16.0,73.0
13221,77.0,10.99,10.99,,,4.2,441.0,441.0,4.2,11.0,2.0,6.0,15.0,66.0
13222,,7.59,7.59,,,4.5,,,4.5,4.0,3.0,6.0,15.0,72.0
13223,226.0,6.99,6.99,,100000000.0,4.2,64.0,64.0,4.2,7.0,8.0,6.0,10.0,69.0
13224,319.0,14.98,14.98,,100000000.0,4.1,235.0,235.0,4.1,10.0,6.0,7.0,14.0,63.0
13225,938.0,6.99,6.99,7.99,,3.9,63.0,63.0,3.9,14.0,5.0,14.0,10.0,57.0
13227,668.0,11.99,11.99,,50000000.0,4.4,134.0,134.0,4.4,7.0,4.0,2.0,15.0,72.0
13229,369.0,,,,100000000.0,,,,,,,,,
13230,,30.0,30.0,,,4.0,1.0,,,,,,,
13231,163.0,14.24,14.24,14.99,200000000.0,4.2,398.0,398.0,4.2,8.0,5.0,8.0,12.0,67.0
13232,1602.0,,,,50000000.0,,,,,,,,,
13233,,22.8,22.8,,,,,,,0.0,0.0,0.0,0.0,
13234,1247.0,,,,,,,,,,,,,
13235,1076.0,25.99,25.99,,100000000.0,4.6,25.0,25.0,4.6,5.0,0.0,6.0,10.0,79.0
13236,1436.0,8.69,8.69,,,4.3,1080.0,,,,,,,
13237,583.0,6.88,6.88,,100000000.0,4.6,338.0,,,3.0,1.0,6.0,9.0,81.0
13238,1265.0,,,,,,,,,,,,,
13239,,7.99,7.99,9.99,,5.0,9.0,,,0.0,0.0,0.0,0.0,100.0
13240,378.0,48.0,48.0,39.0,,3.7,701.0,701.0,3.7,19.0,6.0,9.0,13.0,53.0
13241,194.0,11.99,11.99,16.99,300000000.0,4.6,740.0,740.0,4.6,5.0,0.0,5.0,12.0,78.0
13242,77.0,8.99,8.99,,300000000.0,4.5,788.0,788.0,4.5,4.0,2.0,6.0,13.0,75.0
13243,1717.0,,,,,4.6,27.0,27.0,4.6,0.0,0.0,11.0,20.0,69.0
13244,285.0,9.99,9.99,,50000000.0,4.2,967.0,967.0,4.2,8.0,4.0,8.0,14.0,66.0
13245,925.0,,,,100000000.0,,,,,,,,,
13246,,46.79,46.79,,,,,,,0.0,0.0,0.0,0.0,
13247,1196.0,,,,100000000.0,,,,,,,,,
13248,1170.0,12.49,12.49,13.99,100000000.0,4.7,286.0,,,,,,,
13249,96.0,27.99,27.99,44.99,1000000.0,4.4,80.0,80.0,4.4,9.0,4.0,0.0,12.0,75.0
13250,872.0,,,,100000000.0,,,,,,,,,
13251,272.0,7.99,7.99,9.99,100000000.0,3.8,7.0,,,,,,,
13252,,21.66,21.66,,,,,,,0.0,0.0,0.0,0.0,
13253,,6.84,6.84,6.84,,3.8,20.0,20.0,3.8,21.0,0.0,9.0,17.0,53.0
13254,1347.0,,,,,,,,,,,,,
13255,1649.0,,,,100000000.0,,,,,,,,,
13256,360.0,11.99,11.99,,50000000.0,4.3,138.0,,,,,,,
13257,758.0,7.99,7.99,8.99,,4.5,135.0,135.0,4.5,6.0,1.0,6.0,11.0,76.0
13258,2212.0,12.99,12.99,,,4.5,399.0,,,2.0,3.0,5.0,15.0,75.0
13259,930.0,9.99,9.99,,,4.6,6.0,6.0,4.6,0.0,0.0,0.0,,63.0
13260,,42.0,42.0,,,3.5,3.0,,,,0.0,0.0,0.0,62.0
13261,162.0,6.99,6.99,,50000000.0,4.4,,,4.4,5.0,2.0,6.0,14.0,73.0
13262,62.0,8.99,8.99,9.99,100000000.0,4.4,634.0,634.0,4.4,4.0,2.0,9.0,12.0,73.0
13263,1528.0,11.79,11.79,,,4.4,24.0,24.0,4.4,6.0,0.0,5.0,19.0,70.0
13264,,6.5,6.5,,,4.2,83.0,,,11.0,1.0,10.0,8.0,70.0
13265,158.0,28.99,28.99,,,4.2,1193.0,,,,,,,
13266,2131.0,19.99,19.99,,,4.6,7.0,,,0.0,0.0,,0.0,79.0
13267,,34.63,34.63,,,,,,,0.0,0.0,0.0,0.0,
13268,1575.0,,,,100000000.0,,,,,,,,,
13269,1512.0,7.98,7.98,9.98,100000000.0,4.4,69.0,,,5.0,4.0,5.0,15.0,71.0
13271,861.0,9.98,9.98,,50000000.0,4.2,60.0,,,8.0,3.0,7.0,17.0,65.0
13272,374.0,14.99,14.99,,,4.3,1242.0,,,5.0,4.0,9.0,16.0,66.0
13273,1971.0,,,,100000000.0,,,,,,,,,
13274,531.0,18.99,18.99,,,4.0,272.0,272.0,4.0,9.0,9.0,14.0,10.0,58.0
13275,1288.0,19.99,19.99,,100000000.0,4.4,605.0,,,5.0,3.0,7.0,14.0,71.0
13276,669.0,5.99,5.99,6.99,100000000.0,4.6,761.0,761.0,4.6,2.0,1.0,7.0,13.0,77.0
13277,692.0,9.99,9.99,,,4.5,121.0,121.0,4.5,3.0,2.0,9.0,9.0,77.0
13278,2449.0,9.98,9.98,,50000000.0,4.0,23.0,,,13.0,6.0,9.0,14.0,58.0
13279,1352.0,19.99,19.99,,,4.3,152.0,152.0,4.3,6.0,2.0,10.0,13.0,69.0
13280,269.0,22.95,22.95,,,4.6,538.0,,,,,,,
13281,1272.0,5.99,5.99,7.99,,4.1,125.0,125.0,4.1,12.0,4.0,3.0,16.0,65.0
13282,460.0,64.09,64.09,,,3.7,140.0,,,,,,,
13283,1049.0,12.99,12.99,,100000000.0,4.3,42.0,,,3.0,3.0,14.0,14.0,66.0
13284,492.0,11.99,11.99,19.99,50000000.0,4.3,232.0,232.0,4.3,7.0,4.0,7.0,11.0,71.0
13285,547.0,67.0,67.0,,,4.5,173.0,173.0,4.5,3.0,4.0,6.0,15.0,72.0
13286,2182.0,7.99,7.99,,100000000.0,4.3,179.0,179.0,4.3,6.0,6.0,7.0,10.0,71.0
13287,,13.99,13.99,,50000000.0,4.2,453.0,,,6.0,5.0,11.0,17.0,61.0
13288,1235.0,12.98,12.98,,100000000.0,4.4,20.0,,,,,,,
13291,809.0,8.49,8.49,12.99,200000000.0,4.5,,,,3.0,2.0,7.0,15.0,73.0
13292,970.0,,,,,,,,,,,,,
13293,1246.0,19.99,19.99,,100000000.0,4.5,29.0,,,4.0,4.0,5.0,8.0,79.0
13294,1928.0,11.99,11.99,,100000000.0,4.3,148.0,148.0,4.3,3.0,2.0,14.0,17.0,64.0
13295,,8.99,8.99,,100000000.0,4.8,24.0,,,0.0,0.0,6.0,7.0,87.0
13296,,,,,,4.6,2.0,,,0.0,0.0,0.0,,61.0
13297,426.0,21.98,21.98,25.99,100000000.0,4.2,466.0,466.0,4.2,7.0,6.0,7.0,13.0,67.0
13298,,23.86,23.86,,,,,,,0.0,0.0,0.0,0.0,
13299,1107.0,14.99,14.99,14.99,,4.4,285.0,285.0,4.4,3.0,2.0,11.0,19.0,65.0
13300,263.0,7.99,7.99,,100000000.0,4.7,,,4.7,2.0,1.0,3.0,13.0,81.0
13301,713.0,17.98,17.98,,100000000.0,4.3,158.0,158.0,4.3,6.0,4.0,9.0,16.0,65.0
13303,2347.0,9.99,9.99,,50000000.0,4.4,326.0,,,,,,,
13304,,22.76,22.76,,,,,,,0.0,0.0,0.0,0.0,
13305,,20.88,20.88,,,3.8,36.0,,,18.0,6.0,8.0,12.0,56.0
13306,1304.0,,,,,4.3,254.0,,,,,,,
13307,394.0,25.99,25.99,,,4.4,1289.0,,,5.0,3.0,6.0,13.0,73.0
13309,553.0,7.99,7.99,,50000000.0,4.5,685.0,,,3.0,2.0,6.0,13.0,76.0
13310,373.0,7.99,7.99,9.99,50000000.0,3.6,74.0,74.0,3.6,19.0,9.0,12.0,8.0,52.0
13311,245.0,39.99,39.99,49.99,100000000.0,4.3,24.0,,,,,,,
13312,1246.0,,,,100000000.0,,,,,,,,,
13313,,33.24,33.24,,,,,,,0.0,0.0,0.0,0.0,
13314,1033.0,7.88,7.88,,200000000.0,4.5,,,,4.0,3.0,6.0,15.0,72.0
13315,,9.35,9.35,,,3.8,600.0,,,,,,,
13316,2017.0,20.58,20.58,,,,,,,,,,,
13317,,21.99,21.99,21.99,,4.4,1813.0,,,,,,,
13318,,,,,,4.6,651.0,651.0,4.6,4.0,1.0,7.0,8.0,80.0
13319,1622.0,,,,100000000.0,,,,,,,,,
13320,2061.0,14.99,14.99,,,4.6,3.0,,,0.0,0.0,0.0,,63.0
13321,349.0,23.99,23.99,,50000000.0,4.6,88.0,88.0,4.6,6.0,1.0,3.0,8.0,82.0
13322,801.0,6.85,6.85,,100000000.0,4.4,819.0,,,5.0,3.0,8.0,15.0,69.0
13323,,181.99,181.99,,,,,,,0.0,0.0,0.0,0.0,
13324,124.0,,,,,4.4,448.0,448.0,4.4,6.0,2.0,7.0,8.0,77.0
13325,1450.0,6.95,6.95,,,4.5,27.0,27.0,4.5,5.0,0.0,9.0,10.0,76.0
13326,1708.0,9.74,9.74,,50000000.0,4.3,79.0,,,7.0,4.0,5.0,19.0,65.0
13327,1813.0,9.99,9.99,,100000000.0,4.6,696.0,,,,,,,
13328,270.0,9.99,9.99,,100000000.0,4.5,2576.0,2576.0,4.5,4.0,2.0,5.0,14.0,75.0
13329,,8.83,8.83,,,,,,,0.0,0.0,0.0,0.0,
13330,1629.0,13.99,13.99,,50000000.0,4.2,105.0,,,9.0,3.0,11.0,11.0,66.0
13331,,15.66,15.66,,,,,,,0.0,0.0,0.0,0.0,
13332,1279.0,13.99,13.99,14.99,,4.3,569.0,,,,,,,
13333,308.0,8.99,8.99,,,4.4,48.0,48.0,4.4,10.0,0.0,9.0,5.0,76.0
13334,1585.0,10.99,10.99,,,4.3,2321.0,,,6.0,4.0,8.0,17.0,65.0
13336,62.0,39.99,39.99,,1000000.0,4.2,,,4.2,10.0,5.0,7.0,12.0,66.0
13338,,28.04,28.04,,,,,,,0.0,0.0,0.0,0.0,
13339,,6.84,6.84,6.84,,3.4,19.0,,,,,,,
13341,471.0,9.89,9.89,,,4.4,94.0,,,,,,,
13342,167.0,57.99,57.99,89.99,300000000.0,4.4,,,4.4,6.0,4.0,7.0,13.0,70.0
13343,,27.82,27.82,,,,,,,0.0,0.0,0.0,0.0,
13344,1914.0,29.99,29.99,,50000000.0,4.4,231.0,,,6.0,4.0,4.0,10.0,76.0
13345,194.0,8.99,8.99,,100000000.0,4.4,339.0,,,,,,,
13346,2046.0,9.99,9.99,,,4.6,718.0,,,4.0,2.0,5.0,9.0,80.0
13347,,28.11,28.11,,,,,,,0.0,0.0,0.0,0.0,
13348,476.0,59.0,59.0,,,4.3,200.0,200.0,4.3,8.0,4.0,2.0,15.0,71.0
13349,,16.95,16.95,,,4.2,24.0,,,0.0,,0.0,22.0,61.0
13351,1822.0,8.99,8.99,,,4.6,542.0,,,,,,,
13352,,19.99,19.99,,,4.3,1111.0,,,,,,,
13354,415.0,8.99,8.99,9.99,50000000.0,4.0,221.0,,,,,,,
13355,300.0,,,,,,,,,,,,,
13356,523.0,14.99,14.99,19.99,,4.5,365.0,365.0,4.5,5.0,2.0,4.0,10.0,79.0
13357,702.0,129.99,129.99,,,,1.0,1.0,,,0.0,0.0,0.0,
13358,2514.0,,,,,,,,,0.0,0.0,0.0,0.0,
13359,1853.0,9.99,9.99,,,4.4,730.0,,,,,,,
13361,438.0,8.99,8.99,9.96,100000000.0,4.6,167.0,167.0,4.6,2.0,1.0,4.0,14.0,79.0
13362,1291.0,22.87,22.87,24.97,100000000.0,4.3,60.0,,,6.0,6.0,2.0,18.0,68.0
13363,1244.0,5.99,5.99,8.99,100000000.0,4.3,2422.0,,,6.0,4.0,10.0,15.0,65.0
13364,,34.0,34.0,,,5.0,2.0,,,0.0,0.0,0.0,0.0,100.0
13365,747.0,64.97,64.97,,,4.5,21.0,21.0,4.5,0.0,7.0,8.0,10.0,75.0
13366,288.0,7.99,7.99,,,4.4,774.0,,,,,,,
13367,1731.0,12.99,12.99,,50000000.0,4.5,2332.0,,,,,,,
13368,2295.0,5.99,5.99,,100000000.0,4.6,146.0,,,3.0,1.0,5.0,16.0,75.0
13369,,17.99,17.99,19.99,,4.0,1.0,1.0,4.0,0.0,0.0,0.0,,
13370,498.0,8.99,8.99,9.99,100000000.0,4.4,,,4.4,5.0,3.0,6.0,14.0,72.0
13371,,17.52,17.52,,,,,,,0.0,0.0,0.0,0.0,
13372,2316.0,12.59,12.59,13.99,50000000.0,4.0,205.0,,,10.0,6.0,15.0,12.0,57.0
13373,1464.0,6.79,6.79,7.99,50000000.0,4.2,407.0,,,8.0,4.0,8.0,17.0,63.0
13374,1880.0,11.99,11.99,,50000000.0,4.2,291.0,,,9.0,5.0,8.0,13.0,65.0
13375,1274.0,9.99,9.99,,,4.2,43.0,,,,,,,
13376,1654.0,12.99,12.99,12.99,50000000.0,4.6,693.0,,,2.0,1.0,5.0,12.0,80.0
13377,1116.0,9.98,9.98,,50000000.0,4.4,319.0,,,,,,,
13378,,27.17,27.17,,,,,,,,,,,
13379,1229.0,15.99,15.99,17.99,100000000.0,4.4,19.0,,,8.0,0.0,8.0,13.0,71.0
13380,518.0,17.99,17.99,18.99,,4.2,659.0,659.0,4.2,5.0,8.0,10.0,15.0,62.0
13381,126.0,9.99,9.99,9.99,100000000.0,4.3,382.0,382.0,4.3,8.0,5.0,6.0,14.0,67.0
13382,2420.0,9.99,9.99,,50000000.0,4.5,267.0,,,4.0,1.0,5.0,13.0,77.0
13383,1298.0,15.99,15.99,,50000000.0,4.2,339.0,,,9.0,6.0,9.0,12.0,64.0
13384,,,,,,4.6,120.0,,,3.0,1.0,3.0,12.0,81.0
13385,983.0,,,,,4.0,165.0,,,12.0,3.0,13.0,16.0,56.0
13386,550.0,,,,,4.4,13.0,13.0,4.4,10.0,0.0,11.0,0.0,79.0
13387,,32.34,32.34,,,,,,,0.0,0.0,0.0,0.0,
13388,1525.0,,,,,4.6,,,4.6,3.0,1.0,5.0,12.0,79.0
13389,,42.22,42.22,,,,,,,0.0,0.0,0.0,0.0,
13390,,,,,,4.0,108.0,108.0,4.0,14.0,3.0,8.0,15.0,60.0
13391,358.0,9.99,9.99,,50000000.0,4.0,77.0,77.0,4.0,16.0,3.0,7.0,14.0,60.0
13392,,38.11,38.11,,,,,,,0.0,0.0,0.0,0.0,
13393,2386.0,19.99,19.99,,50000000.0,5.0,17.0,,,0.0,0.0,0.0,0.0,100.0
13394,2046.0,,,,,4.4,,,4.4,4.0,3.0,8.0,14.0,71.0
13395,1514.0,,,,50000000.0,,,,,,,,,
13396,1469.0,10.44,10.44,,100000000.0,4.3,43.0,,,3.0,3.0,16.0,16.0,62.0
13397,131.0,,,,,,3.0,,,,0.0,0.0,0.0,58.0
13398,,9.99,9.99,,,4.4,7.0,7.0,4.4,0.0,,0.0,0.0,82.0
13399,1584.0,9.99,9.99,,50000000.0,4.5,189.0,,,3.0,2.0,5.0,15.0,75.0
13400,3.0,28.99,28.99,,5000000.0,4.4,375.0,375.0,4.4,8.0,4.0,7.0,3.0,78.0
13401,217.0,23.99,23.99,,100000000.0,4.3,652.0,652.0,4.3,7.0,3.0,6.0,18.0,66.0
13402,1.0,79.95,79.95,99.95,10000000.0,4.3,,,,,,,,
13404,41.0,29.99,29.99,,1000000.0,4.1,204.0,,,,,,,
13405,2.0,108.0,108.0,159.95,8000000.0,4.1,,,4.1,12.0,4.0,5.0,14.0,65.0
13406,919.0,7.99,7.99,,100000000.0,4.2,196.0,,,7.0,5.0,7.0,18.0,63.0
13407,438.0,12.98,12.98,,,,3.0,3.0,,,,0.0,0.0,33.0
13408,7.0,29.97,29.97,219.99,4000000.0,4.7,712.0,712.0,4.7,4.0,1.0,3.0,3.0,89.0
13409,7.0,99.99,99.99,,3000000.0,4.2,291.0,291.0,4.2,10.0,3.0,5.0,16.0,66.0
13410,50.0,14.99,14.99,,200000000.0,3.9,403.0,403.0,3.9,12.0,6.0,14.0,17.0,51.0
13411,73.0,24.99,24.99,219.99,,4.0,304.0,304.0,4.0,10.0,6.0,12.0,13.0,59.0
13412,123.0,11.9,11.9,,50000000.0,4.4,755.0,755.0,4.4,6.0,3.0,6.0,12.0,73.0
13414,31.0,226.0,226.0,,2000000.0,4.4,,,,,,,,
13415,34.0,19.99,19.99,199.99,1000000.0,4.3,150.0,150.0,4.3,12.0,1.0,4.0,6.0,77.0
13416,4.0,15.99,15.99,19.99,,4.0,,,4.0,12.0,6.0,8.0,15.0,59.0
13418,32.0,49.98,49.98,54.99,,4.5,168.0,168.0,4.5,6.0,2.0,3.0,9.0,80.0
13419,72.0,85.49,85.49,114.99,400000000.0,4.5,99.0,99.0,4.5,8.0,1.0,5.0,2.0,84.0
13420,19.0,29.99,29.99,49.99,,4.6,142.0,142.0,4.6,2.0,1.0,6.0,14.0,77.0
13421,19.0,39.99,39.99,79.99,,4.3,587.0,587.0,4.3,7.0,5.0,6.0,15.0,67.0
13422,23.0,142.49,142.49,149.99,200000000.0,3.9,1756.0,1756.0,3.9,14.0,7.0,9.0,13.0,57.0
13423,17.0,89.99,89.99,99.99,2000000.0,4.4,1807.0,1807.0,4.4,4.0,4.0,5.0,13.0,74.0
13424,48.0,149.14,149.14,186.44,1000000.0,4.2,,,,10.0,4.0,7.0,13.0,66.0
13426,14.0,19.99,19.99,20.99,,3.7,,,3.7,17.0,7.0,12.0,16.0,48.0
13427,140.0,,,,200000000.0,,,,,,,,,
13428,569.0,,,,,4.0,120.0,120.0,4.0,12.0,10.0,4.0,12.0,62.0
13429,55.0,22.49,22.49,24.99,200000000.0,3.8,,,3.8,14.0,7.0,11.0,15.0,53.0
13430,11.0,,,,400000000.0,4.0,,,4.0,16.0,4.0,6.0,10.0,64.0
13431,46.0,25.49,25.49,49.99,,4.1,1435.0,1435.0,4.1,13.0,3.0,6.0,12.0,66.0
13432,28.0,24.99,24.99,199.99,3000000.0,4.8,501.0,501.0,4.8,3.0,0.0,0.0,2.0,95.0
13433,64.0,39.99,39.99,49.99,50000000.0,4.1,366.0,366.0,4.1,11.0,6.0,7.0,12.0,64.0
13434,75.0,,,,100000000.0,,,,,,,,,
13435,81.0,,,,,4.3,,,4.3,7.0,2.0,6.0,19.0,66.0
13436,9.0,199.0,199.0,,1000000.0,4.1,919.0,,,,,,,
13437,50.0,,,,1000000.0,4.5,588.0,588.0,4.5,6.0,2.0,6.0,9.0,77.0
13439,177.0,24.99,24.99,,,3.9,143.0,143.0,3.9,12.0,10.0,7.0,11.0,60.0
13440,33.0,28.99,28.99,,300000000.0,4.0,400.0,400.0,4.0,12.0,5.0,10.0,11.0,62.0
13441,13.0,49.99,49.99,49.99,1000000.0,3.8,,,3.8,16.0,7.0,11.0,14.0,52.0
13442,60.0,28.49,28.49,29.99,1000000.0,4.3,131.0,131.0,4.3,7.0,5.0,8.0,7.0,73.0
13443,16.0,,,,2000000.0,4.7,,,,,,,,
13444,149.0,,,,50000000.0,4.0,848.0,848.0,4.0,12.0,5.0,9.0,11.0,63.0
13445,121.0,19.79,19.79,23.99,100000000.0,4.1,154.0,154.0,4.1,10.0,6.0,8.0,14.0,62.0
13446,176.0,99.99,99.99,,50000000.0,4.0,570.0,570.0,4.0,13.0,7.0,7.0,11.0,62.0
13447,47.0,19.99,19.99,,400000000.0,3.7,,,3.7,17.0,7.0,12.0,14.0,50.0
13449,12.0,,,,,3.9,209.0,,,,,,,
13450,1.0,,,,,4.7,,,,2.0,1.0,2.0,9.0,86.0
13451,15.0,79.95,79.95,,1000000.0,4.4,,,4.4,7.0,2.0,6.0,12.0,73.0
13453,54.0,179.99,179.99,,300000000.0,4.6,85.0,85.0,4.6,2.0,1.0,6.0,15.0,76.0
13454,9.0,23.99,23.99,29.99,,4.0,2203.0,2203.0,4.0,13.0,5.0,9.0,16.0,57.0
13457,78.0,26.09,26.09,28.99,1000000.0,4.9,218.0,218.0,4.9,1.0,1.0,0.0,0.0,98.0
13458,55.0,23.74,23.74,24.99,100000000.0,3.8,,,3.8,14.0,7.0,11.0,15.0,53.0
13459,212.0,19.99,19.99,,,4.0,325.0,325.0,4.0,7.0,5.0,13.0,,47.0
13460,69.0,,,,200000000.0,,,,,,,,,
13461,1396.0,19.99,19.99,24.99,,4.0,71.0,71.0,4.0,10.0,9.0,8.0,12.0,61.0
13462,73.0,199.0,199.0,,200000000.0,4.3,,,,,,,,
13463,180.0,199.99,199.99,249.99,400000000.0,4.2,744.0,744.0,4.2,9.0,5.0,5.0,15.0,66.0
13465,249.0,37.99,37.99,49.99,400000000.0,4.3,1030.0,1030.0,4.3,9.0,4.0,7.0,5.0,75.0
13466,95.0,99.0,99.0,129.99,300000000.0,4.3,427.0,,,,,,,
13467,88.0,24.64,24.64,28.99,100000000.0,4.7,124.0,124.0,4.7,0.0,4.0,4.0,7.0,85.0
13468,196.0,36.99,36.99,49.99,50000000.0,4.2,713.0,713.0,4.2,9.0,6.0,6.0,8.0,71.0
13469,29.0,29.99,29.99,29.99,100000000.0,3.9,1153.0,1153.0,3.9,14.0,6.0,9.0,13.0,58.0
13470,784.0,62.85,62.85,69.99,,4.2,,,4.2,7.0,4.0,8.0,18.0,63.0
13471,35.0,79.99,79.99,,400000000.0,4.3,,,,7.0,3.0,6.0,14.0,70.0
13472,1.0,14.39,14.39,19.99,9000000.0,4.3,,,4.3,9.0,3.0,7.0,11.0,70.0
13473,239.0,69.0,69.0,79.0,300000000.0,4.3,1141.0,1141.0,4.3,5.0,4.0,10.0,18.0,63.0
13474,688.0,,,,,,,,,,,,,
13475,166.0,,,,50000000.0,,,,,,,,,
13476,65.0,,,,,4.1,2480.0,2480.0,4.1,15.0,3.0,6.0,8.0,68.0
13477,76.0,25.99,25.99,35.99,100000000.0,4.0,,,,,,,,
13478,43.0,42.99,42.99,49.99,300000000.0,4.1,1128.0,1128.0,4.1,10.0,6.0,9.0,15.0,60.0
13479,85.0,,,,300000000.0,,,,,,,,,
13480,36.0,61.7,61.7,65.7,,4.5,1707.0,1707.0,4.5,4.0,3.0,3.0,15.0,75.0
13481,369.0,39.99,39.99,79.99,,4.8,56.0,56.0,4.8,4.0,0.0,0.0,0.0,96.0
13482,293.0,,,,200000000.0,,,,,,,,,
13483,364.0,19.69,19.69,27.95,,3.6,21.0,21.0,3.6,,0.0,15.0,11.0,50.0
13484,233.0,,,,50000000.0,,,,,,,,,
13485,1.0,22.75,22.75,,1000000.0,4.0,2394.0,,,14.0,5.0,8.0,14.0,59.0
13486,472.0,,,,50000000.0,,,,,,,,,
13488,146.0,,,,100000000.0,,,,,,,,,
13489,1072.0,45.99,45.99,,100000000.0,4.4,330.0,,,,,,,
13490,321.0,16.98,16.98,17.99,,3.5,325.0,325.0,3.5,17.0,,15.0,16.0,40.0
13491,70.0,75.0,75.0,79.95,50000000.0,4.3,50.0,50.0,4.3,8.0,4.0,5.0,16.0,67.0
13493,121.0,26.99,26.99,32.99,,4.0,,,4.0,11.0,5.0,10.0,16.0,58.0
13494,27.0,199.95,199.95,241.46,50000000.0,4.4,179.0,179.0,4.4,7.0,3.0,7.0,10.0,73.0
13495,396.0,,,,200000000.0,,,,,,,,,
13497,208.0,59.99,59.99,,,4.0,2262.0,2262.0,4.0,12.0,5.0,7.0,15.0,61.0
13499,8.0,5.26,5.26,9.99,400000000.0,4.6,,,,,,,,
13500,13.0,19.99,19.99,29.99,,4.7,102.0,102.0,4.7,8.0,0.0,0.0,0.0,92.0
13501,151.0,24.99,24.99,,,3.7,472.0,,,,,,,
13502,1340.0,,,,,,,,,,,,,
13504,146.0,114.99,114.99,149.99,100000000.0,4.2,5.0,5.0,4.2,0.0,,0.0,0.0,75.0
13505,221.0,29.99,29.99,45.99,400000000.0,4.2,,,4.2,10.0,3.0,6.0,13.0,68.0
13506,239.0,,,,,4.0,,,4.0,10.0,5.0,11.0,18.0,56.0
13508,70.0,15.99,15.99,19.99,1000000.0,4.0,,,4.0,12.0,5.0,9.0,14.0,60.0
13509,131.0,18.99,18.99,20.99,200000000.0,4.1,30.0,30.0,4.1,14.0,5.0,9.0,0.0,72.0
13510,30.0,19.99,19.99,25.99,100000000.0,3.5,,,3.5,,8.0,11.0,16.0,43.0
13511,293.0,,,,,4.5,18.0,18.0,4.5,0.0,,0.0,13.0,75.0
13512,432.0,,,,,3.7,136.0,136.0,3.7,18.0,7.0,9.0,18.0,48.0
13513,90.0,15.99,15.99,,1000000.0,4.3,65.0,,,,,,,
13514,198.0,49.99,49.99,,,4.4,,,,,,,,
13515,191.0,18.99,18.99,,300000000.0,4.1,185.0,185.0,4.1,11.0,6.0,8.0,11.0,64.0
13516,19.0,199.9,199.9,,,3.7,2028.0,,,,,,,
13517,100.0,55.99,55.99,59.99,,4.6,78.0,78.0,4.6,2.0,1.0,7.0,13.0,77.0
13520,2.0,19.98,19.98,26.99,10000000.0,4.4,,,4.4,5.0,2.0,6.0,13.0,74.0
13521,1.0,29.99,29.99,44.99,10000000.0,4.5,,,,,,,,
13522,1075.0,,,,50000000.0,4.3,,,4.3,9.0,4.0,5.0,11.0,71.0
13524,80.0,177.0,177.0,,1000000.0,4.3,1071.0,1071.0,4.3,9.0,3.0,5.0,11.0,72.0
13525,13.0,219.0,219.0,,3000000.0,4.2,1788.0,1788.0,4.2,13.0,3.0,4.0,9.0,71.0
13527,16.0,129.0,129.0,149.0,4000000.0,4.7,,,4.7,2.0,1.0,3.0,7.0,87.0
13528,947.0,,,,100000000.0,,,,,,,,,
13530,84.0,,,,1000000.0,,,,,,,,,
13531,410.0,69.98,69.98,,200000000.0,4.6,313.0,313.0,4.6,5.0,2.0,2.0,11.0,80.0
13532,125.0,59.99,59.99,73.6,1000000.0,4.3,1713.0,1713.0,4.3,10.0,2.0,6.0,11.0,71.0
13533,102.0,,,,1000000.0,,,,,,,,,
13534,2472.0,,,,,,,,,,,,,
13535,916.0,,,,50000000.0,,,,,,,,,
13537,1147.0,,,,50000000.0,4.4,104.0,104.0,4.4,4.0,5.0,6.0,16.0,69.0
13538,452.0,,,,100000000.0,,,,,,,,,
13539,,,,,,4.5,12.0,12.0,4.5,0.0,0.0,12.0,,60.0
13540,1.0,58.82,58.82,69.99,10000000.0,4.3,2867.0,2867.0,4.3,7.0,3.0,7.0,12.0,71.0
13541,136.0,129.95,129.95,149.95,,4.7,2669.0,,,,,,,
13542,1.0,89.99,89.99,119.99,5000000.0,4.3,,,,7.0,4.0,8.0,16.0,65.0
13543,929.0,169.99,169.99,,50000000.0,5.0,3.0,,,,,,,
13544,36.0,,,,,4.1,457.0,,,,,,,
13545,849.0,119.98,119.98,129.99,100000000.0,4.2,116.0,116.0,4.2,14.0,1.0,4.0,11.0,70.0
13546,24.0,119.0,119.0,149.0,,4.1,54.0,54.0,4.1,12.0,6.0,6.0,10.0,66.0
13547,2148.0,,,,,4.3,,,4.3,8.0,3.0,6.0,10.0,73.0
13548,27.0,11.99,11.99,13.97,2000000.0,4.5,,,4.5,4.0,2.0,5.0,12.0,77.0
13549,72.0,34.89,34.89,59.99,1000000.0,4.5,,,,,,,,
13550,6.0,,,,6000000.0,,,,,,,,,
13551,,69.35,69.35,69.35,,3.8,279.0,279.0,3.8,16.0,5.0,9.0,22.0,48.0
13552,23.0,157.99,157.99,,100000000.0,3.7,71.0,,,,,,,
13555,467.0,,,,200000000.0,,,,,,,,,
13556,,,,,,4.4,,,4.4,7.0,2.0,6.0,13.0,72.0
13557,15.0,,,,3000000.0,,,,,,,,,
13558,199.0,29.74,29.74,34.99,,4.5,,,4.5,3.0,2.0,6.0,14.0,75.0
13561,5.0,29.99,29.99,49.99,6000000.0,4.5,,,4.5,3.0,2.0,5.0,14.0,76.0
13562,33.0,,,,,4.5,1764.0,,,,,,,
13563,2270.0,16.9,16.9,,,4.3,451.0,451.0,4.3,6.0,4.0,9.0,15.0,66.0
13565,106.0,,,,1000000.0,,,,,,,,,
13566,129.0,19.19,19.19,29.99,,4.3,363.0,363.0,4.3,8.0,3.0,7.0,16.0,66.0
13568,25.0,39.99,39.99,49.99,2000000.0,4.9,212.0,212.0,4.9,0.0,0.0,1.0,9.0,90.0
13569,1.0,24.99,24.99,34.99,4000000.0,4.5,,,,6.0,2.0,4.0,12.0,76.0
13571,6.0,56.99,56.99,89.99,3000000.0,4.4,839.0,839.0,4.4,7.0,5.0,5.0,9.0,74.0
13573,3.0,129.99,129.99,179.99,2000000.0,4.3,631.0,631.0,4.3,6.0,3.0,10.0,16.0,65.0
13574,10.0,,,,6000000.0,,,,,,,,,
13576,1546.0,,,,,4.6,,,4.6,6.0,1.0,3.0,8.0,82.0
13577,17.0,20.98,20.98,39.99,2000000.0,4.5,,,4.5,3.0,2.0,6.0,15.0,74.0
13578,4.0,,,,8000000.0,,,,,,,,,
13579,71.0,,,,,3.6,380.0,380.0,3.6,19.0,9.0,10.0,16.0,46.0
13580,,89.95,89.95,,,3.6,209.0,,,,,,,
13581,64.0,,,,,4.5,8.0,,,,,,,
13582,2076.0,204.93,204.93,,,4.6,,,4.6,5.0,2.0,3.0,9.0,81.0
13583,36.0,99.95,99.95,129.95,1000000.0,4.7,,,4.7,3.0,1.0,3.0,8.0,85.0
13584,1.0,21.99,21.99,26.99,2000000.0,4.4,,,,6.0,2.0,5.0,13.0,74.0
13585,18.0,,,,4000000.0,,,,,,,,,
13586,77.0,9.98,9.98,,2000000.0,4.5,74.0,,,,,,,
13589,45.0,33.99,33.99,39.99,1000000.0,4.6,,,4.6,3.0,2.0,5.0,12.0,78.0
13590,111.0,,,,,,,,,,,,,
13591,314.0,,,,50000000.0,4.5,,,4.5,9.0,1.0,2.0,8.0,80.0
13593,1.0,79.99,79.99,109.99,1000000.0,4.3,887.0,887.0,4.3,7.0,5.0,6.0,14.0,68.0
13594,11.0,,,,7000000.0,,,,,,,,,
13595,2159.0,,,,,4.1,142.0,142.0,4.1,11.0,4.0,9.0,16.0,60.0
13596,12.0,,,,,4.8,,,4.8,1.0,0.0,3.0,8.0,88.0
13597,2.0,69.98,69.98,99.99,10000000.0,4.4,,,4.4,7.0,2.0,5.0,13.0,73.0
13598,40.0,,,,200000000.0,,,,,,,,,
13600,3.0,99.99,99.99,129.0,1000000.0,4.4,,,4.4,7.0,2.0,6.0,13.0,72.0
13601,14.0,59.91,59.91,69.99,1000000.0,4.4,318.0,318.0,4.4,9.0,2.0,5.0,9.0,75.0
13602,44.0,56.46,56.46,70.58,300000000.0,4.2,579.0,579.0,4.2,9.0,5.0,6.0,15.0,65.0
13603,164.0,,,,,4.0,26.0,26.0,4.0,12.0,10.0,10.0,0.0,68.0
13604,289.0,,,,50000000.0,,,,,,,,,
13605,,29.99,29.99,69.99,,4.1,617.0,,,,,,,
13606,1383.0,29.99,29.99,39.99,50000000.0,3.8,119.0,119.0,3.8,13.0,,8.0,15.0,52.0
13607,63.0,38.65,38.65,,,4.0,,,4.0,11.0,6.0,11.0,18.0,54.0
13608,258.0,41.98,41.98,69.99,100000000.0,,132.0,132.0,,,6.0,,8.0,40.0
13609,64.0,,,,200000000.0,4.6,437.0,437.0,4.6,5.0,3.0,2.0,9.0,81.0
13610,31.0,69.99,69.99,69.99,1000000.0,4.3,,,,,,,,
13612,24.0,20.19,20.19,35.99,100000000.0,3.7,39.0,39.0,3.7,16.0,9.0,12.0,14.0,49.0
13613,83.0,59.99,59.99,,,4.4,532.0,532.0,4.4,6.0,3.0,7.0,12.0,72.0
13614,94.0,,,,200000000.0,4.1,607.0,607.0,4.1,10.0,8.0,9.0,10.0,63.0
13615,67.0,29.99,29.99,49.99,200000000.0,4.0,663.0,663.0,4.0,13.0,4.0,9.0,15.0,59.0
13616,107.0,48.99,48.99,79.98,,4.2,,,4.2,9.0,4.0,8.0,14.0,65.0
13617,2216.0,199.99,199.99,199.99,,4.4,279.0,279.0,4.4,7.0,3.0,3.0,14.0,73.0
13618,2.0,149.0,149.0,,,4.6,,,4.6,3.0,1.0,4.0,9.0,83.0
13619,21.0,127.99,127.99,,50000000.0,4.3,745.0,745.0,4.3,5.0,5.0,7.0,13.0,70.0
13621,96.0,,,,,4.3,2680.0,2680.0,4.3,9.0,6.0,4.0,10.0,71.0
13622,,,,,,4.2,41.0,41.0,4.2,11.0,3.0,4.0,15.0,67.0
13623,606.0,,,,,3.4,24.0,24.0,3.4,,7.0,0.0,0.0,58.0
13626,2093.0,,,,,3.8,9.0,9.0,3.8,16.0,,0.0,0.0,67.0
13627,2.0,149.99,149.99,249.99,2000000.0,4.4,824.0,,,,,,,
13629,39.0,13.99,13.99,15.99,300000000.0,4.7,,,,2.0,1.0,4.0,12.0,81.0
13630,261.0,45.99,45.99,,200000000.0,,9.0,9.0,,,,,0.0,
13631,413.0,139.95,139.95,,200000000.0,4.2,2536.0,2536.0,4.2,10.0,4.0,7.0,12.0,67.0
13632,826.0,,,,50000000.0,,,,,,,,,
13634,291.0,6.6,6.6,,,4.2,1333.0,,,,,,,
13635,16.0,,,249.0,1000000.0,4.4,,,4.4,5.0,3.0,6.0,17.0,69.0
13637,900.0,,,,,4.4,544.0,544.0,4.4,8.0,1.0,4.0,11.0,76.0
13638,471.0,,,,,4.0,140.0,140.0,4.0,18.0,3.0,7.0,8.0,64.0
13639,472.0,,,,,,9.0,,,,,,,
13640,,164.0,164.0,,,3.9,1590.0,1590.0,3.9,15.0,3.0,12.0,10.0,60.0
13642,213.0,119.0,119.0,119.0,400000000.0,4.7,,,,,,,,
13643,829.0,,,,,,,,,,,,,
13644,56.0,12.99,12.99,13.99,300000000.0,4.5,418.0,,,,,,,
13646,86.0,99.99,99.99,139.99,,4.4,114.0,,,,,,,
13647,251.0,159.99,159.99,179.99,,4.3,114.0,114.0,4.3,7.0,6.0,7.0,12.0,68.0
13648,234.0,,,,,5.0,13.0,13.0,5.0,0.0,0.0,0.0,0.0,100.0
13649,213.0,,,,300000000.0,,,,,,,,,
13651,127.0,,,,100000000.0,4.3,712.0,,,,,,,
13652,43.0,31.99,31.99,,50000000.0,3.5,2.0,2.0,3.5,0.0,,0.0,0.0,51.0
13653,,,,,,4.1,67.0,67.0,4.1,17.0,2.0,4.0,8.0,69.0
13654,386.0,49.99,49.99,69.9,100000000.0,4.4,,,4.4,6.0,1.0,7.0,12.0,74.0
13655,1637.0,79.97,79.97,,,4.3,2757.0,2757.0,4.3,7.0,5.0,6.0,12.0,70.0
13656,385.0,,,,200000000.0,4.5,301.0,301.0,4.5,5.0,1.0,7.0,12.0,75.0
13657,485.0,,,,200000000.0,4.5,135.0,135.0,4.5,3.0,5.0,5.0,10.0,77.0
13659,1053.0,146.95,146.95,,50000000.0,4.2,257.0,257.0,4.2,11.0,4.0,5.0,13.0,67.0
13660,2153.0,29.99,29.99,35.99,,4.4,258.0,258.0,4.4,5.0,5.0,6.0,8.0,76.0
13661,12.0,,,,200000000.0,4.5,535.0,,,,,,,
13662,23.0,39.99,39.99,,,4.3,702.0,702.0,4.3,5.0,4.0,7.0,16.0,68.0
13663,663.0,29.9,29.9,,100000000.0,4.3,246.0,246.0,4.3,7.0,4.0,8.0,12.0,69.0
13664,2.0,59.99,59.99,79.99,2000000.0,4.4,1617.0,,,,,,,
13665,17.0,89.91,89.91,,200000000.0,4.1,460.0,460.0,4.1,14.0,4.0,4.0,10.0,68.0
13666,48.0,,,,400000000.0,,,,,,,,,
13667,21.0,47.98,47.98,59.99,,4.4,,,4.4,7.0,3.0,6.0,13.0,71.0
13668,,14.9,14.9,,,4.2,122.0,122.0,4.2,8.0,6.0,9.0,8.0,69.0
13669,131.0,34.19,34.19,35.99,200000000.0,4.3,1199.0,1199.0,4.3,8.0,4.0,8.0,12.0,68.0
13670,,59.99,59.99,,,3.4,285.0,,,,10.0,11.0,17.0,39.0
13671,41.0,39.99,39.99,54.99,,4.2,1419.0,1419.0,4.2,8.0,5.0,7.0,13.0,67.0
13673,,,,,,4.1,19.0,,,,,,,
13675,,37.75,37.75,52.99,100000000.0,4.1,43.0,43.0,4.1,10.0,6.0,10.0,13.0,61.0
13676,,,,,,4.6,58.0,58.0,4.6,0.0,3.0,4.0,17.0,76.0
13678,39.0,29.99,29.99,39.99,400000000.0,4.2,85.0,85.0,4.2,10.0,3.0,5.0,18.0,64.0
13679,1860.0,23.99,23.99,,,,,,,0.0,0.0,0.0,0.0,
13680,101.0,154.99,154.99,154.99,200000000.0,4.3,,,,,,,,
13682,98.0,25.99,25.99,39.99,1000000.0,4.6,140.0,140.0,4.6,5.0,2.0,2.0,6.0,85.0
13683,3.0,17.59,17.59,21.99,200000000.0,4.4,,3014.0,4.4,4.0,2.0,9.0,16.0,69.0
13684,97.0,,,,200000000.0,,,,,,,,,
13687,1345.0,,,,,4.7,4.0,4.0,4.7,0.0,0.0,0.0,,71.0
13688,1457.0,,,,50000000.0,,,,,,,,,
13689,88.0,179.52,179.52,,400000000.0,4.0,153.0,,,,,,,
13690,1585.0,,,,,4.6,10.0,10.0,4.6,0.0,0.0,13.0,13.0,74.0
13691,26.0,,,,,,,,,,,,,
13692,90.0,,,,,5.0,1.0,1.0,5.0,0.0,0.0,0.0,0.0,100.0
13693,127.0,,,,100000000.0,,,,,,,,,
13694,1914.0,,,,,4.1,614.0,614.0,4.1,8.0,5.0,12.0,14.0,61.0
13695,366.0,189.0,189.0,233.0,,3.6,195.0,,,21.0,8.0,7.0,17.0,47.0
13698,666.0,,,,,,,,,,,,,
13700,228.0,99.99,99.99,159.99,50000000.0,3.8,32.0,,,,,,,
13701,55.0,89.99,89.99,,400000000.0,4.3,251.0,251.0,4.3,7.0,4.0,7.0,10.0,72.0
13702,242.0,120.0,120.0,,,4.3,3.0,,,,,,,
13703,7.0,,,,100000000.0,4.2,1633.0,1633.0,4.2,10.0,3.0,6.0,14.0,67.0
13704,70.0,,,,50000000.0,,,,,,,,,
13705,296.0,,,,,4.0,6.0,6.0,4.0,0.0,,0.0,,46.0
13706,325.0,,,,,4.8,22.0,22.0,4.8,0.0,0.0,7.0,9.0,84.0
13707,120.0,,,,100000000.0,,,,,,,,,
13708,1657.0,,,,,,,,,,,,,
13709,574.0,,,,50000000.0,,,,,,,,,
13710,561.0,89.99,89.99,,,4.1,482.0,482.0,4.1,9.0,5.0,10.0,17.0,59.0
13711,,25.04,25.04,29.99,,3.5,,,3.5,21.0,8.0,12.0,14.0,45.0
13712,179.0,79.99,79.99,99.99,100000000.0,4.2,159.0,159.0,4.2,7.0,4.0,10.0,17.0,62.0
13713,1351.0,,,,,,,,,,,,,
13714,229.0,21.9,21.9,,100000000.0,3.7,29.0,29.0,3.7,8.0,,14.0,,34.0
13715,47.0,29.99,29.99,39.99,,4.1,233.0,233.0,4.1,12.0,3.0,6.0,14.0,65.0
13716,,,,,,4.3,68.0,68.0,4.3,7.0,5.0,4.0,17.0,67.0
13717,1354.0,,,249.99,,3.6,60.0,60.0,3.6,15.0,,12.0,10.0,51.0
13718,1041.0,119.0,119.0,,,4.1,75.0,75.0,4.1,11.0,7.0,5.0,11.0,66.0
13719,182.0,,,,,4.4,407.0,,,,,,,
13720,316.0,31.0,31.0,33.49,,4.2,53.0,53.0,4.2,5.0,5.0,13.0,13.0,64.0
13721,,21.99,21.99,,50000000.0,4.7,719.0,,,,,,,
13722,201.0,,,,100000000.0,,,,,,,,,
13723,,17.99,17.99,21.99,50000000.0,4.2,21.0,21.0,4.2,18.0,0.0,0.0,8.0,74.0
13725,313.0,23.99,23.99,,,4.8,383.0,383.0,4.8,1.0,0.0,5.0,7.0,87.0
13726,,99.99,99.99,,,3.8,90.0,90.0,3.8,6.0,,13.0,14.0,51.0
13727,868.0,10.99,10.99,,,4.5,62.0,,,,,,,
13728,371.0,,,,,4.6,142.0,,,3.0,1.0,5.0,9.0,82.0
13729,1029.0,29.0,29.0,,50000000.0,4.6,,3006.0,4.6,5.0,2.0,4.0,8.0,81.0
13730,94.0,99.99,99.99,169.0,50000000.0,4.0,34.0,34.0,4.0,21.0,0.0,4.0,5.0,70.0
13731,1277.0,18.99,18.99,,,4.6,240.0,,,,,,,
13732,,22.99,22.99,,50000000.0,4.8,10.0,10.0,4.8,0.0,0.0,0.0,22.0,78.0
13733,215.0,79.99,79.99,,50000000.0,4.2,,,,,,,,
13734,,59.37,59.37,59.37,,3.8,39.0,39.0,3.8,9.0,4.0,,18.0,46.0
13735,292.0,149.0,149.0,,,4.1,126.0,126.0,4.1,13.0,4.0,8.0,9.0,66.0
13736,2360.0,29.0,29.0,,,4.5,1192.0,,,,,,,
13737,285.0,42.99,42.99,49.99,,4.4,16.0,16.0,4.4,7.0,0.0,0.0,,67.0
13738,162.0,,,,50000000.0,,,,,,,,,
13739,90.0,,,,,4.7,1381.0,,,,,,,
13740,,5.99,5.99,,,,,,,0.0,0.0,0.0,0.0,
13741,324.0,29.99,29.99,,,4.8,986.0,986.0,4.8,1.0,1.0,2.0,10.0,86.0
13742,58.0,51.89,51.89,51.89,50000000.0,4.2,2155.0,,,,,,,
13743,274.0,169.0,169.0,,,3.6,22.0,22.0,3.6,18.0,10.0,15.0,0.0,57.0
13744,,49.95,49.95,,,4.3,3.0,3.0,4.3,0.0,0.0,0.0,,33.0
13745,235.0,,,,50000000.0,,,,,,,,,
13746,65.0,76.49,76.49,99.99,300000000.0,4.4,359.0,,,,,,,
13747,404.0,,,,,4.4,92.0,,,,,,,
13748,,,,,,4.3,183.0,183.0,4.3,7.0,7.0,5.0,9.0,72.0
13749,684.0,49.99,49.99,,100000000.0,3.9,2496.0,2496.0,3.9,14.0,6.0,11.0,11.0,58.0
13750,166.0,39.99,39.99,43.99,50000000.0,4.2,713.0,713.0,4.2,7.0,3.0,11.0,15.0,64.0
13751,6.0,,,,100000000.0,4.6,1975.0,,,,,,,
13752,,12.99,12.99,,,4.1,3.0,3.0,4.1,0.0,,0.0,0.0,69.0
13753,944.0,,,,50000000.0,,,,,,,,,
13754,502.0,19.99,19.99,,,3.5,12.0,,,0.0,,,13.0,32.0
13755,49.0,79.99,79.99,99.99,300000000.0,4.3,1072.0,1072.0,4.3,8.0,3.0,8.0,12.0,69.0
13756,1601.0,,,,,4.4,137.0,,,,,,,
13757,26.0,58.09,58.09,64.99,100000000.0,4.0,357.0,357.0,4.0,10.0,8.0,10.0,14.0,58.0
13758,121.0,,,,100000000.0,,,,,,,,,
13759,388.0,49.99,49.99,,,3.9,232.0,232.0,3.9,15.0,7.0,9.0,8.0,61.0
13760,233.0,9.99,9.99,,100000000.0,4.7,,,4.7,2.0,1.0,4.0,12.0,81.0
13761,76.0,98.84,98.84,,300000000.0,4.4,339.0,339.0,4.4,4.0,6.0,5.0,15.0,70.0
13763,64.0,,,,,4.6,332.0,332.0,4.6,4.0,3.0,3.0,11.0,79.0
13764,352.0,,,,,5.0,11.0,11.0,5.0,0.0,0.0,0.0,0.0,100.0
13765,981.0,37.89,37.89,39.89,50000000.0,4.4,367.0,367.0,4.4,6.0,2.0,7.0,10.0,75.0
13766,86.0,199.99,199.99,,,4.6,280.0,280.0,4.6,1.0,6.0,3.0,9.0,81.0
13767,216.0,,,,,4.3,183.0,,,,,,,
13768,34.0,28.99,28.99,,,4.4,112.0,,,,,,,
13770,2555.0,29.99,29.99,,,5.0,1.0,1.0,5.0,0.0,0.0,0.0,0.0,100.0
13771,172.0,20.99,20.99,,,4.8,7.0,7.0,4.8,0.0,0.0,0.0,18.0,82.0
13772,714.0,,,,,4.3,,,4.3,8.0,3.0,7.0,16.0,66.0
13773,2446.0,35.99,35.99,79.99,,4.2,58.0,58.0,4.2,7.0,,4.0,13.0,65.0
13774,35.0,,,,300000000.0,,,,,,,,,
13775,103.0,,,,200000000.0,,,,,,,,,
13776,197.0,,,,50000000.0,4.3,330.0,,,,,,,
13778,231.0,29.99,29.99,32.99,50000000.0,4.2,166.0,166.0,4.2,10.0,3.0,6.0,17.0,64.0
13779,780.0,39.01,39.01,,,3.5,117.0,117.0,3.5,15.0,10.0,,18.0,37.0
13780,,44.15,44.15,,,4.1,4.0,4.0,4.1,0.0,0.0,,,42.0
13781,73.0,69.99,69.99,89.99,200000000.0,4.2,732.0,732.0,4.2,7.0,3.0,9.0,21.0,60.0
13783,,9.99,9.99,,,3.9,24.0,,,,,,,
13784,,,,,,4.1,321.0,321.0,4.1,11.0,2.0,9.0,16.0,62.0
13785,1464.0,79.99,79.99,79.99,,4.2,50.0,50.0,4.2,9.0,5.0,11.0,8.0,67.0
13786,198.0,89.91,89.91,,50000000.0,4.3,201.0,201.0,4.3,8.0,2.0,8.0,15.0,67.0
13787,91.0,119.99,119.99,,200000000.0,4.5,282.0,282.0,4.5,6.0,1.0,4.0,13.0,76.0
13788,378.0,,,,,4.3,478.0,478.0,4.3,8.0,3.0,7.0,14.0,68.0
13789,412.0,68.99,68.99,,,4.5,83.0,,,3.0,0.0,9.0,14.0,74.0
13790,139.0,,,,100000000.0,,,,,,,,,
13791,1224.0,,,,,,3.0,3.0,,,0.0,0.0,0.0,33.0
13792,,69.0,69.0,,,,79.0,79.0,,,,9.0,11.0,43.0
13794,113.0,,,,200000000.0,,,,,,,,,
13795,145.0,27.99,27.99,,50000000.0,4.6,16.0,16.0,4.6,0.0,0.0,8.0,22.0,70.0
13796,,19.99,19.99,20.99,,3.5,33.0,33.0,3.5,,4.0,13.0,20.0,40.0
13797,,1.99,1.99,,,,,,,,,,,
13798,1234.0,11.99,11.99,,,4.3,262.0,262.0,4.3,6.0,2.0,12.0,12.0,68.0
13799,2353.0,,,,,,,,,,,,,
13800,69.0,,,,1000000.0,,,,,,,,,
13801,,67.19,67.19,83.99,,,3.0,3.0,,,0.0,,0.0,
13802,,85.5,85.5,,,,3.0,3.0,,,0.0,0.0,0.0,50.0
13803,138.0,24.0,24.0,,,4.1,415.0,415.0,4.1,11.0,4.0,10.0,10.0,65.0
13804,77.0,87.99,87.99,109.99,100000000.0,4.4,163.0,163.0,4.4,5.0,4.0,6.0,15.0,70.0
13805,,89.99,89.99,,,5.0,4.0,4.0,5.0,0.0,0.0,0.0,0.0,100.0
13807,191.0,,,,100000000.0,4.3,1901.0,1901.0,4.3,10.0,3.0,6.0,9.0,72.0
13808,,9.95,9.95,,,,,,,0.0,0.0,0.0,0.0,
13809,44.0,,,,,4.2,377.0,377.0,4.2,9.0,4.0,8.0,13.0,66.0
13810,1808.0,12.99,12.99,,50000000.0,3.9,214.0,214.0,3.9,17.0,4.0,7.0,14.0,58.0
13811,338.0,,,,,,16.0,16.0,,,,8.0,9.0,45.0
13812,,18.09,18.09,,,,4.0,4.0,,,0.0,,0.0,
13813,72.0,19.99,19.99,,50000000.0,4.4,51.0,,,,,,,
13814,,,,,,4.4,2329.0,2329.0,4.4,6.0,4.0,6.0,11.0,73.0
13815,131.0,37.99,37.99,54.99,100000000.0,4.2,476.0,476.0,4.2,6.0,6.0,9.0,19.0,60.0
13816,315.0,,,,1000000.0,,,,,,,,,
13817,270.0,12.99,12.99,,200000000.0,4.2,61.0,61.0,4.2,11.0,2.0,7.0,15.0,65.0
13818,33.0,,,,100000000.0,,,,,,,,,
13819,,9.99,9.99,,50000000.0,4.4,326.0,,,7.0,2.0,5.0,14.0,72.0
13820,1122.0,,,,,4.6,22.0,22.0,4.6,0.0,8.0,0.0,16.0,76.0
13821,225.0,19.99,19.99,,100000000.0,4.2,52.0,52.0,4.2,9.0,0.0,8.0,,55.0
13822,170.0,,,,,3.6,7.0,7.0,3.6,16.0,,0.0,0.0,60.0
13823,207.0,9.99,9.99,,50000000.0,4.4,868.0,868.0,4.4,5.0,1.0,8.0,14.0,72.0
13824,1430.0,,,,,,,,,,,,,
13825,130.0,,,,200000000.0,,,,,,,,,
13826,31.0,,,,100000000.0,,,,,,,,,
13827,154.0,13.89,13.89,,200000000.0,4.3,107.0,107.0,4.3,8.0,4.0,7.0,9.0,72.0
13828,139.0,129.99,129.99,129.99,100000000.0,4.6,198.0,198.0,4.6,2.0,2.0,3.0,12.0,81.0
13829,,11.89,11.89,,300000000.0,4.3,203.0,203.0,4.3,9.0,2.0,7.0,16.0,66.0
13830,348.0,29.89,29.89,,,3.9,32.0,32.0,3.9,8.0,8.0,11.0,,46.0
13831,673.0,,,,,,,,,,,,,
13832,,13.99,13.99,,50000000.0,4.4,195.0,195.0,4.4,7.0,3.0,6.0,10.0,74.0
13833,873.0,8.99,8.99,,50000000.0,4.6,83.0,83.0,4.6,2.0,3.0,7.0,7.0,81.0
13834,,9.99,9.99,9.99,50000000.0,3.7,325.0,325.0,3.7,16.0,7.0,12.0,14.0,51.0
13835,64.0,18.88,18.88,28.99,1000000.0,4.4,748.0,748.0,4.4,5.0,5.0,7.0,7.0,76.0
13836,,,,,,4.3,11.0,11.0,4.3,0.0,0.0,,,45.0
13837,503.0,,,,,,,,,,,,,
13838,429.0,16.99,16.99,17.99,50000000.0,4.0,2339.0,2339.0,4.0,10.0,6.0,11.0,14.0,59.0
13839,116.0,,,,100000000.0,,,,,,,,,
13840,304.0,111.88,111.88,149.17,200000000.0,4.5,268.0,268.0,4.5,4.0,3.0,5.0,10.0,78.0
13841,68.0,44.99,44.99,,50000000.0,4.7,79.0,79.0,4.7,4.0,0.0,3.0,10.0,83.0
13843,1373.0,98.0,98.0,98.0,50000000.0,4.4,566.0,566.0,4.4,6.0,3.0,7.0,12.0,72.0
13844,,10.82,10.82,11.39,,4.2,27.0,,,,,,,
13845,395.0,,,,,4.6,29.0,29.0,4.6,0.0,9.0,0.0,11.0,80.0
13846,240.0,,,,,4.4,363.0,363.0,4.4,6.0,4.0,5.0,15.0,70.0
13847,108.0,26.99,26.99,,50000000.0,5.0,5.0,,,,,,,
13848,450.0,44.81,44.81,49.79,,4.3,37.0,37.0,4.3,8.0,5.0,6.0,9.0,72.0
13849,1.0,105.99,105.99,168.99,1000000.0,4.5,395.0,395.0,4.5,4.0,3.0,4.0,16.0,73.0
13850,930.0,26.99,26.99,,,4.6,449.0,449.0,4.6,3.0,1.0,3.0,14.0,79.0
13852,59.0,69.99,69.99,,,3.8,9.0,9.0,3.8,13.0,,15.0,0.0,59.0
13853,220.0,109.95,109.95,109.95,,4.1,943.0,943.0,4.1,11.0,3.0,7.0,16.0,63.0
13854,93.0,,,,,4.4,261.0,,,,,,,
13856,69.0,,,,100000000.0,,,,,,,,,
13857,,9.99,9.99,,,4.5,2.0,2.0,4.5,0.0,0.0,0.0,,49.0
13858,,11.99,11.99,,50000000.0,4.4,129.0,129.0,4.4,5.0,2.0,7.0,15.0,71.0
13859,232.0,,,,100000000.0,,,,,,,,,
13860,181.0,24.0,24.0,24.0,,4.3,21.0,21.0,4.3,7.0,7.0,6.0,7.0,73.0
13861,35.0,9.99,9.99,,2000000.0,4.6,2940.0,,,,,,,
13862,93.0,47.99,47.99,59.99,,4.2,141.0,,,,,,,
13863,1570.0,44.99,44.99,47.99,,4.4,19.0,19.0,4.4,0.0,0.0,,19.0,61.0
13864,,,,,2000000.0,,,,,,,,,
13865,587.0,29.99,29.99,,,4.4,16.0,,,,,,,
13866,1141.0,107.24,107.24,,,3.4,67.0,67.0,3.4,,,6.0,14.0,44.0
13867,50.0,198.0,198.0,,,4.6,87.0,,,,,,,
13868,99.0,39.93,39.93,44.95,200000000.0,4.0,130.0,130.0,4.0,11.0,4.0,16.0,15.0,54.0
13870,249.0,19.99,19.99,,,4.5,309.0,,,,,,,
13871,1076.0,,,,50000000.0,,,,,,,,,
13872,439.0,,,,,4.1,39.0,,,,,,,
13873,57.0,79.99,79.99,79.99,300000000.0,4.3,2345.0,2345.0,4.3,7.0,4.0,7.0,14.0,68.0
13874,1187.0,29.58,29.58,,,4.0,2.0,2.0,4.0,0.0,0.0,,0.0,50.0
13875,569.0,114.99,114.99,128.99,,,12.0,,,,,,,
13876,86.0,25.19,25.19,27.99,100000000.0,4.0,114.0,114.0,4.0,13.0,6.0,6.0,16.0,59.0
13878,151.0,26.99,26.99,29.99,,3.5,22.0,22.0,3.5,17.0,7.0,,18.0,36.0
13879,75.0,62.99,62.99,75.99,50000000.0,4.1,81.0,81.0,4.1,13.0,2.0,7.0,15.0,63.0
13880,,9.98,9.98,,100000000.0,4.5,39.0,,,5.0,0.0,4.0,19.0,72.0
13882,120.0,149.0,149.0,,,,,,,0.0,0.0,0.0,0.0,
13883,314.0,29.99,29.99,29.99,,4.4,24.0,,,8.0,0.0,0.0,21.0,71.0
13885,,6.99,6.99,,1000000.0,4.4,1328.0,1328.0,4.4,6.0,2.0,8.0,14.0,70.0
13886,,29.99,29.99,,,,21.0,,,,,,,
13887,105.0,199.99,199.99,,100000000.0,4.3,957.0,957.0,4.3,7.0,3.0,6.0,15.0,69.0
13888,726.0,,,,,4.0,27.0,,,,,,,
13889,1794.0,139.95,139.95,139.95,50000000.0,4.3,67.0,67.0,4.3,9.0,5.0,3.0,12.0,71.0
13891,322.0,19.97,19.97,,,4.6,52.0,52.0,4.6,5.0,0.0,0.0,21.0,74.0
13894,9.0,,,,50000000.0,,,,,,,,,
13895,,39.99,39.99,,,3.5,35.0,35.0,3.5,20.0,6.0,13.0,24.0,37.0
13896,208.0,55.99,55.99,,,3.9,50.0,50.0,3.9,10.0,10.0,11.0,13.0,56.0
13897,83.0,,,,200000000.0,,,,,,,,,
13898,2.0,59.95,59.95,87.45,1000000.0,4.4,,,4.4,6.0,2.0,5.0,12.0,75.0
13899,1305.0,,,,,4.1,24.0,24.0,4.1,10.0,7.0,6.0,11.0,66.0
13900,315.0,,,,,,,,,,,,,
13901,,,,,,3.6,74.0,,,,,,,
13903,1534.0,89.99,89.99,,50000000.0,3.6,17.0,17.0,3.6,17.0,,0.0,21.0,45.0
13904,52.0,64.47,64.47,99.99,1000000.0,4.5,,,4.5,5.0,3.0,5.0,13.0,74.0
13905,265.0,18.99,18.99,19.99,,3.8,96.0,96.0,3.8,18.0,5.0,12.0,10.0,55.0
13907,160.0,25.16,25.16,27.99,,3.9,103.0,103.0,3.9,16.0,2.0,11.0,13.0,58.0
13908,65.0,169.99,169.99,229.99,1000000.0,4.5,417.0,417.0,4.5,6.0,1.0,4.0,9.0,80.0
13909,1170.0,,,,,4.2,35.0,35.0,4.2,10.0,3.0,0.0,,59.0
13910,159.0,59.99,59.99,,300000000.0,4.5,,,4.5,5.0,3.0,6.0,12.0,74.0
13911,,180.0,180.0,,,4.7,,,4.7,2.0,1.0,4.0,9.0,84.0
13912,223.0,36.99,36.99,,,4.4,99.0,99.0,4.4,5.0,4.0,4.0,13.0,74.0
13913,180.0,25.99,25.99,,50000000.0,4.0,138.0,,,,,,,
13914,1717.0,99.0,99.0,,,4.8,84.0,84.0,4.8,1.0,2.0,1.0,9.0,87.0
13915,76.0,24.08,24.08,25.35,1000000.0,4.4,,,4.4,5.0,3.0,7.0,16.0,69.0
13916,160.0,,,,50000000.0,4.1,75.0,,,,,,,
13917,718.0,19.99,19.99,,,3.8,21.0,21.0,3.8,11.0,8.0,,13.0,49.0
13918,153.0,19.99,19.99,,100000000.0,3.9,507.0,507.0,3.9,13.0,5.0,12.0,18.0,52.0
13919,28.0,19.99,19.99,,,4.1,172.0,,,,,,,
13920,182.0,,,,,4.3,10.0,10.0,4.3,0.0,,13.0,0.0,73.0
13921,331.0,9.99,9.99,19.99,200000000.0,4.3,161.0,161.0,4.3,8.0,2.0,7.0,19.0,64.0
13922,,,,,,4.2,606.0,606.0,4.2,10.0,3.0,8.0,10.0,69.0
13923,2.0,,,,,4.5,877.0,877.0,4.5,4.0,2.0,6.0,10.0,78.0
13924,315.0,19.99,19.99,,,4.4,178.0,178.0,4.4,3.0,4.0,7.0,18.0,68.0
13925,,,,,,4.6,538.0,538.0,4.6,4.0,1.0,5.0,12.0,78.0
13926,,129.0,129.0,,,,1.0,1.0,,,0.0,0.0,0.0,
13927,724.0,,,,,4.0,12.0,12.0,4.0,0.0,,0.0,24.0,51.0
13928,,19.99,19.99,,,4.4,1048.0,1048.0,4.4,5.0,2.0,10.0,15.0,68.0
13929,967.0,,,,,,2.0,,,,,,,
13930,741.0,24.99,24.99,,,3.6,5.0,,,,0.0,0.0,,46.0
13931,261.0,69.98,69.98,84.99,,4.2,106.0,106.0,4.2,9.0,3.0,11.0,12.0,65.0
13934,565.0,,,,,4.0,26.0,26.0,4.0,15.0,0.0,14.0,9.0,62.0
13935,726.0,,,,,,8.0,8.0,,,0.0,,,
13936,593.0,15.99,15.99,,,4.4,113.0,113.0,4.4,1.0,4.0,11.0,17.0,67.0
13937,318.0,36.99,36.99,,,3.8,5.0,5.0,3.8,0.0,0.0,,,
13938,532.0,19.99,19.99,21.79,,3.6,11.0,11.0,3.6,19.0,0.0,,12.0,42.0
13939,239.0,12.99,12.99,21.99,50000000.0,3.6,82.0,,,,,,,
13940,351.0,89.99,89.99,149.99,100000000.0,4.3,1692.0,1692.0,4.3,8.0,4.0,7.0,12.0,69.0
13941,1949.0,129.99,129.99,129.99,,4.1,77.0,77.0,4.1,6.0,10.0,5.0,19.0,60.0
13943,163.0,69.99,69.99,,50000000.0,4.1,413.0,413.0,4.1,7.0,6.0,13.0,15.0,59.0
13944,291.0,,,,,4.1,55.0,,,,,,,
13945,736.0,139.99,139.99,,,4.1,156.0,,,,,,,
13946,2281.0,203.27,203.27,,,4.4,52.0,52.0,4.4,7.0,0.0,9.0,10.0,74.0
13948,22.0,14.99,14.99,,,4.3,,,4.3,7.0,3.0,8.0,16.0,66.0
13949,44.0,,,,,4.5,7.0,7.0,4.5,0.0,,0.0,0.0,85.0
13950,,199.99,199.99,,,5.0,2.0,2.0,5.0,0.0,0.0,0.0,0.0,100.0
13951,694.0,13.98,13.98,,,4.6,44.0,44.0,4.6,3.0,0.0,5.0,16.0,76.0
13952,1249.0,,,,,4.4,13.0,13.0,4.4,13.0,0.0,0.0,0.0,87.0
13953,16.0,,,,,3.8,5.0,5.0,3.8,,0.0,0.0,0.0,70.0
13955,,,,,,4.1,2906.0,,,,,,,
13956,196.0,44.97,44.97,,,4.2,413.0,413.0,4.2,11.0,5.0,6.0,12.0,66.0
13957,133.0,12.99,12.99,,200000000.0,4.2,137.0,137.0,4.2,7.0,8.0,8.0,13.0,64.0
13958,614.0,18.64,18.64,,,5.0,1.0,1.0,5.0,0.0,0.0,0.0,0.0,100.0
13959,199.0,19.99,19.99,21.99,,4.6,28.0,28.0,4.6,0.0,0.0,12.0,20.0,68.0
13960,323.0,,,,200000000.0,,,,,,,,,
13961,120.0,29.0,29.0,29.0,,4.2,602.0,,,,,,,
13962,218.0,13.99,13.99,22.99,,4.3,1498.0,,,,,,,
13963,361.0,19.8,19.8,,,3.9,5.0,5.0,3.9,,0.0,0.0,23.0,55.0
13964,452.0,26.99,26.99,,,4.9,27.0,27.0,4.9,0.0,0.0,6.0,0.0,94.0
13965,,14.64,14.64,15.42,,4.6,7.0,7.0,4.6,0.0,0.0,,0.0,81.0
13967,293.0,,,,50000000.0,,,,,,,,,
13968,186.0,20.99,20.99,29.99,50000000.0,,36.0,36.0,,,10.0,10.0,6.0,38.0
13969,1022.0,5.88,5.88,,,3.7,14.0,,,,,,,
13970,481.0,19.99,19.99,28.99,,3.7,26.0,26.0,3.7,17.0,10.0,6.0,18.0,49.0
13972,525.0,89.99,89.99,,200000000.0,4.4,129.0,129.0,4.4,4.0,3.0,8.0,19.0,66.0
13973,,,,,,3.6,11.0,11.0,3.6,17.0,,9.0,12.0,49.0
13974,494.0,15.99,15.99,,200000000.0,4.6,137.0,,,,,,,
13975,,,,,,4.2,15.0,15.0,4.2,0.0,4.0,16.0,,46.0
13976,742.0,45.99,45.99,,,,,,,0.0,0.0,0.0,0.0,
13977,222.0,9.4,9.4,11.99,,4.4,344.0,,,,,,,
13979,,7.38,7.38,,,,,,,0.0,0.0,0.0,0.0,
13980,,49.95,49.95,,,3.7,4.0,4.0,3.7,,0.0,0.0,0.0,67.0
13981,128.0,,,,100000000.0,,,,,,,,,
13982,175.0,14.99,14.99,,300000000.0,4.4,307.0,307.0,4.4,5.0,4.0,5.0,12.0,74.0
13983,,9.99,9.99,16.99,,4.1,53.0,53.0,4.1,7.0,5.0,12.0,25.0,51.0
13984,1003.0,89.99,89.99,,,3.8,22.0,,,,,,,
13985,687.0,14.99,14.99,16.99,,4.5,114.0,,,,,,,
13986,125.0,,,,50000000.0,3.9,32.0,,,,,,,
13987,69.0,,,,,4.5,505.0,505.0,4.5,6.0,3.0,3.0,11.0,77.0
13988,308.0,54.99,54.99,,,4.4,10.0,10.0,4.4,0.0,0.0,,13.0,61.0
13989,1032.0,,,,,5.0,2.0,2.0,5.0,0.0,0.0,0.0,0.0,100.0
13990,89.0,,,,300000000.0,4.4,925.0,925.0,4.4,8.0,2.0,4.0,10.0,76.0
13991,1690.0,9.99,9.99,19.9,50000000.0,4.7,22.0,22.0,4.7,0.0,0.0,7.0,16.0,77.0
13992,,199.99,199.99,,,,3.0,3.0,,,0.0,0.0,0.0,49.0
13993,,134.93,134.93,,,5.0,1.0,,,,,,,
13994,352.0,9.49,9.49,9.99,,4.1,6.0,6.0,4.1,,0.0,0.0,0.0,77.0
13995,1013.0,169.99,169.99,179.99,100000000.0,4.4,,,4.4,6.0,2.0,5.0,13.0,74.0
13996,1360.0,19.99,19.99,,,,9.0,9.0,,20.0,,13.0,20.0,32.0
13997,,79.99,79.99,,,3.8,201.0,201.0,3.8,12.0,7.0,16.0,13.0,52.0
13998,136.0,165.0,165.0,,,3.5,17.0,,,,,,,
13999,1037.0,40.99,40.99,42.99,,4.4,33.0,33.0,4.4,9.0,0.0,0.0,18.0,73.0
14000,981.0,15.98,15.98,19.99,,4.0,98.0,98.0,4.0,6.0,5.0,11.0,,48.0
14001,2332.0,139.97,139.97,159.97,,4.2,159.0,159.0,4.2,9.0,4.0,9.0,17.0,61.0
14002,253.0,90.99,90.99,99.95,,,,,,0.0,0.0,0.0,0.0,
14003,,,,,,3.7,71.0,71.0,3.7,20.0,6.0,12.0,6.0,56.0
14004,,12.99,12.99,,,5.0,6.0,6.0,5.0,0.0,0.0,0.0,0.0,100.0
14005,1496.0,26.99,26.99,29.99,,4.3,2684.0,2684.0,4.3,6.0,4.0,9.0,10.0,71.0
14007,,44.15,44.15,,,5.0,1.0,1.0,5.0,0.0,0.0,0.0,0.0,100.0
14009,541.0,,,,,4.2,28.0,28.0,4.2,7.0,0.0,,11.0,64.0
14010,59.0,129.99,129.99,,,5.0,7.0,7.0,5.0,0.0,0.0,0.0,0.0,100.0
14011,220.0,,,249.99,,4.6,56.0,56.0,4.6,2.0,0.0,7.0,15.0,76.0
14012,,39.99,39.99,,,,2.0,2.0,,,0.0,0.0,0.0,55.0
14013,143.0,35.99,35.99,42.99,,4.4,192.0,192.0,4.4,5.0,2.0,8.0,10.0,75.0
14015,155.0,,,,,4.2,68.0,,,,,,,
14016,,128.0,128.0,,,,,,,0.0,0.0,0.0,0.0,
14017,1180.0,,,,,4.2,12.0,12.0,4.2,19.0,0.0,0.0,0.0,81.0
14018,823.0,,,,,4.3,609.0,609.0,4.3,9.0,3.0,5.0,15.0,68.0
14019,22.0,23.99,23.99,,,4.4,,,4.4,5.0,2.0,6.0,14.0,73.0
14020,1976.0,199.0,199.0,,,5.0,1.0,1.0,5.0,0.0,0.0,0.0,0.0,100.0
14021,,,,,,3.6,25.0,25.0,3.6,13.0,10.0,9.0,,33.0
14022,158.0,47.9,47.9,,100000000.0,4.2,99.0,99.0,4.2,7.0,3.0,6.0,25.0,59.0
14024,28.0,14.99,14.99,,,4.6,23.0,,,,,,,
14025,218.0,,,,50000000.0,,,,,,,,,
14026,202.0,,,,50000000.0,,,,,,,,,
14027,,,,,,3.5,3.0,3.0,3.5,0.0,0.0,,0.0,
14028,389.0,75.99,75.99,79.99,,4.2,5.0,5.0,4.2,0.0,,0.0,0.0,72.0
14029,257.0,39.89,39.89,41.99,,5.0,1.0,,,0.0,0.0,0.0,0.0,100.0
14031,364.0,,,,200000000.0,,,,,,,,,
14032,306.0,,,,,4.1,60.0,60.0,4.1,10.0,7.0,9.0,12.0,62.0
14033,43.0,,,,,4.1,27.0,27.0,4.1,18.0,0.0,3.0,6.0,73.0
14034,66.0,75.99,75.99,,,3.9,285.0,285.0,3.9,15.0,4.0,11.0,8.0,62.0
14035,185.0,39.59,39.59,59.99,,5.0,5.0,5.0,5.0,0.0,0.0,0.0,0.0,100.0
14036,231.0,129.99,129.99,,50000000.0,4.1,155.0,155.0,4.1,13.0,3.0,4.0,17.0,63.0
14037,,199.98,199.98,,,,,,,0.0,0.0,0.0,0.0,
14038,642.0,16.99,16.99,26.97,,3.8,26.0,26.0,3.8,0.0,,,18.0,41.0
14039,278.0,49.99,49.99,65.99,50000000.0,4.3,784.0,,,,,,,
14041,308.0,,,,,4.1,20.0,20.0,4.1,8.0,7.0,0.0,,56.0
14042,239.0,39.99,39.99,49.99,,3.8,10.0,10.0,3.8,16.0,0.0,17.0,17.0,50.0
14043,341.0,,,,,3.4,27.0,27.0,3.4,17.0,9.0,,23.0,33.0
14044,1845.0,19.99,19.99,,,4.2,531.0,531.0,4.2,7.0,5.0,9.0,18.0,61.0
14045,204.0,29.59,29.59,,,4.0,40.0,40.0,4.0,13.0,4.0,10.0,13.0,60.0
14046,1572.0,,,,,3.6,11.0,,,,,,,
14047,672.0,31.99,31.99,,,4.0,207.0,207.0,4.0,8.0,5.0,17.0,15.0,55.0
14048,424.0,25.99,25.99,,,4.2,30.0,30.0,4.2,5.0,5.0,5.0,,52.0
14049,117.0,32.46,32.46,,,4.1,26.0,26.0,4.1,5.0,5.0,10.0,,47.0
14050,314.0,,,,,4.8,11.0,11.0,4.8,0.0,0.0,0.0,17.0,83.0
14051,593.0,,,,,,,,,,,,,
14052,,17.75,17.75,17.75,,,18.0,18.0,,,9.0,16.0,9.0,40.0
14053,80.0,152.1,152.1,,,3.8,73.0,73.0,3.8,21.0,4.0,8.0,10.0,57.0
14054,,18.99,18.99,,,4.6,464.0,464.0,4.6,3.0,3.0,4.0,13.0,77.0
14055,,160.99,160.99,169.99,,,,,,0.0,0.0,0.0,0.0,
14056,453.0,29.99,29.99,35.99,,3.7,84.0,84.0,3.7,17.0,9.0,10.0,16.0,48.0
14058,485.0,,,,,4.1,545.0,545.0,4.1,8.0,6.0,10.0,17.0,59.0
14059,500.0,32.99,32.99,,,,3.0,,,,0.0,0.0,0.0,50.0
14060,316.0,,,,,4.2,235.0,235.0,4.2,,,,,
14061,50.0,99.99,99.99,,,4.4,488.0,488.0,4.4,5.0,3.0,8.0,11.0,73.0
14063,56.0,24.99,24.99,,,4.2,58.0,58.0,4.2,4.0,4.0,13.0,22.0,57.0
14064,123.0,35.98,35.98,59.98,,4.3,,,4.3,8.0,3.0,7.0,12.0,70.0
14065,1661.0,6.29,6.29,,,3.6,13.0,,,21.0,,0.0,19.0,47.0
14066,443.0,16.99,16.99,,,4.5,209.0,209.0,4.5,3.0,1.0,9.0,13.0,74.0
14067,219.0,19.99,19.99,,,4.2,2896.0,2896.0,4.2,8.0,4.0,9.0,20.0,59.0
14068,217.0,,,,,4.2,141.0,141.0,4.2,6.0,7.0,10.0,14.0,63.0
14069,335.0,29.99,29.99,,,4.5,94.0,94.0,4.5,5.0,0.0,6.0,14.0,75.0
14070,414.0,12.99,12.99,15.99,,3.4,7.0,7.0,3.4,,0.0,0.0,,31.0
14071,88.0,22.99,22.99,,1000000.0,4.4,1124.0,1124.0,4.4,5.0,4.0,9.0,10.0,72.0
14072,270.0,37.81,37.81,59.99,,3.8,64.0,64.0,3.8,18.0,9.0,4.0,10.0,59.0
14073,,9.99,9.99,,,4.0,1.0,1.0,4.0,0.0,0.0,0.0,,
14074,592.0,,,,,,,,,,,,,
14075,1046.0,119.99,119.99,,,4.8,17.0,,,,,,,
14076,196.0,7.35,7.35,,,,,,,0.0,0.0,0.0,0.0,
14077,,9.79,9.79,,,4.6,186.0,186.0,4.6,1.0,2.0,6.0,15.0,76.0
14078,,10.99,10.99,,,4.7,23.0,,,,,,,
14079,10.0,,,,200000000.0,4.6,589.0,589.0,4.6,4.0,2.0,5.0,10.0,79.0
14080,901.0,24.99,24.99,29.99,,3.4,4.0,4.0,3.4,0.0,,,0.0,34.0
14081,114.0,20.99,20.99,21.99,100000000.0,4.6,101.0,101.0,4.6,4.0,0.0,4.0,13.0,79.0
14082,367.0,87.99,87.99,,50000000.0,5.0,1.0,1.0,5.0,0.0,0.0,0.0,0.0,100.0
14083,490.0,,,,,4.2,54.0,54.0,4.2,12.0,3.0,5.0,12.0,68.0
14084,116.0,72.19,72.19,75.99,,4.6,532.0,,,,,,,
14085,364.0,119.0,119.0,,,3.7,67.0,67.0,3.7,16.0,5.0,,12.0,48.0
14086,,,,,,4.0,,,4.0,10.0,5.0,10.0,16.0,59.0
14087,,56.73,56.73,59.99,,4.3,95.0,,,,,,,
14088,184.0,17.97,17.97,,,3.9,15.0,15.0,3.9,0.0,,17.0,,39.0
14089,1950.0,50.99,50.99,59.99,,4.0,2294.0,2294.0,4.0,10.0,7.0,11.0,13.0,59.0
14090,67.0,,,,,4.4,76.0,76.0,4.4,5.0,7.0,3.0,8.0,77.0
14091,523.0,,,,,4.3,2113.0,,,,,,,
14092,2010.0,119.99,119.99,,,4.2,875.0,875.0,4.2,12.0,2.0,5.0,10.0,71.0
14093,815.0,89.99,89.99,119.99,,4.2,70.0,70.0,4.2,12.0,6.0,5.0,6.0,71.0
14094,349.0,,,,,4.5,186.0,,,,,,,
14097,78.0,159.0,159.0,199.0,,3.7,63.0,63.0,3.7,19.0,8.0,10.0,7.0,56.0
14098,1247.0,,,,50000000.0,,,,,,,,,
14099,217.0,46.99,46.99,50.79,100000000.0,4.0,,,4.0,11.0,5.0,10.0,14.0,60.0
14100,448.0,37.99,37.99,39.99,,3.7,9.0,,,,,,,
14101,,12.99,12.99,,,3.7,36.0,36.0,3.7,19.0,5.0,14.0,10.0,52.0
14102,,18.99,18.99,,,4.1,25.0,25.0,4.1,16.0,0.0,9.0,9.0,66.0
14103,933.0,49.99,49.99,,50000000.0,4.2,437.0,437.0,4.2,11.0,5.0,6.0,10.0,68.0
14104,199.0,11.99,11.99,,,4.4,987.0,987.0,4.4,4.0,4.0,8.0,15.0,69.0
14105,1259.0,89.99,89.99,,,3.6,2.0,2.0,3.6,0.0,,0.0,0.0,55.0
14106,1202.0,,,,50000000.0,,,,,,,,,
14107,2028.0,,,,,5.0,2.0,,,,,,,
14108,283.0,113.97,113.97,119.97,,4.3,228.0,228.0,4.3,9.0,5.0,3.0,12.0,71.0
14109,324.0,19.99,19.99,,,3.8,19.0,,,,,,,
14110,1049.0,,,,,,1.0,1.0,,0.0,,0.0,0.0,
14112,2446.0,,,,,4.2,1094.0,1094.0,4.2,11.0,2.0,9.0,11.0,67.0
14113,142.0,39.99,39.99,59.99,,4.5,,,4.5,4.0,2.0,6.0,13.0,75.0
14114,,,,,,4.1,1283.0,1283.0,4.1,15.0,6.0,4.0,6.0,69.0
14115,610.0,190.31,190.31,250.0,100000000.0,4.3,,,4.3,8.0,4.0,7.0,10.0,71.0
14116,,29.99,29.99,,,4.8,18.0,18.0,4.8,0.0,0.0,0.0,16.0,84.0
14117,1084.0,69.99,69.99,,,3.8,,,3.8,13.0,6.0,10.0,22.0,49.0
14118,1457.0,,,,,4.3,520.0,,,,,,,
14119,155.0,39.99,39.99,,,4.0,298.0,298.0,4.0,14.0,5.0,9.0,9.0,63.0
14120,446.0,59.99,59.99,69.99,,3.8,64.0,64.0,3.8,14.0,,9.0,14.0,51.0
14121,,,,,,3.4,48.0,48.0,3.4,20.0,,14.0,12.0,42.0
14122,234.0,79.99,79.99,109.99,300000000.0,4.7,,,4.7,2.0,1.0,3.0,11.0,83.0
14123,110.0,149.99,149.99,149.99,300000000.0,4.3,133.0,133.0,4.3,9.0,4.0,3.0,15.0,69.0
14124,661.0,8.99,8.99,,,4.6,77.0,,,,,,,
14125,152.0,127.48,127.48,194.99,100000000.0,4.3,211.0,211.0,4.3,6.0,5.0,6.0,19.0,64.0
14126,298.0,,,,50000000.0,,,,,,,,,
14127,869.0,48.59,48.59,,,3.8,88.0,88.0,3.8,12.0,9.0,12.0,20.0,47.0
14128,954.0,9.49,9.49,18.99,,,9.0,9.0,,,,0.0,20.0,33.0
14129,527.0,,,,,4.4,32.0,32.0,4.4,11.0,0.0,0.0,18.0,71.0
14130,460.0,,,,200000000.0,4.6,560.0,560.0,4.6,3.0,2.0,2.0,9.0,84.0
14131,616.0,62.99,62.99,,,,11.0,,,,,,,
14132,284.0,79.99,79.99,,,4.3,167.0,167.0,4.3,7.0,3.0,6.0,17.0,67.0
14133,2024.0,42.88,42.88,,,,,,,0.0,0.0,0.0,0.0,
14134,235.0,123.99,123.99,,400000000.0,4.7,,,4.7,3.0,1.0,3.0,7.0,86.0
14135,160.0,,,,300000000.0,,,,,,,,,
14136,,12.99,12.99,,,4.7,215.0,215.0,4.7,2.0,0.0,5.0,10.0,83.0
14137,311.0,169.99,169.99,,,4.0,198.0,198.0,4.0,12.0,7.0,8.0,17.0,56.0
14138,186.0,,,,100000000.0,4.0,58.0,58.0,4.0,13.0,6.0,5.0,14.0,62.0
14139,245.0,119.9,119.9,,100000000.0,4.2,2436.0,2436.0,4.2,11.0,3.0,7.0,13.0,66.0
14140,20.0,,,,50000000.0,4.3,114.0,114.0,4.3,6.0,2.0,7.0,19.0,66.0
14141,,17.79,17.79,,,5.0,1.0,1.0,5.0,0.0,0.0,0.0,0.0,100.0
14142,797.0,36.9,36.9,36.9,100000000.0,4.3,197.0,,,,,,,
14143,,28.79,28.79,,,3.8,60.0,60.0,3.8,11.0,10.0,12.0,20.0,47.0
14144,2265.0,99.99,99.99,129.99,,4.2,180.0,180.0,4.2,6.0,5.0,8.0,17.0,64.0
14146,241.0,33.99,33.99,39.99,,4.0,118.0,118.0,4.0,9.0,3.0,16.0,15.0,57.0
14147,465.0,139.99,139.99,189.99,200000000.0,4.6,109.0,109.0,4.6,4.0,2.0,4.0,6.0,84.0
14148,1349.0,19.99,19.99,29.99,,3.8,12.0,,,,,,,
14150,395.0,,,,,4.7,419.0,419.0,4.7,1.0,1.0,6.0,11.0,81.0
14151,271.0,,,,,4.4,65.0,,,,,,,
14152,586.0,48.99,48.99,,,3.9,13.0,,,0.0,10.0,,,36.0
14153,,11.58,11.58,,,,,,,0.0,0.0,0.0,0.0,
14154,469.0,22.96,22.96,27.99,,3.8,32.0,32.0,3.8,8.0,7.0,,18.0,44.0
14155,629.0,26.99,26.99,,,3.7,28.0,28.0,3.7,11.0,,7.0,24.0,43.0
14156,1547.0,14.23,14.23,14.99,,,16.0,16.0,,,0.0,,15.0,35.0
14157,,,,,,4.3,153.0,,,,,,,
14158,139.0,48.99,48.99,,,4.7,137.0,137.0,4.7,3.0,0.0,4.0,12.0,81.0
14159,,,,,,4.5,59.0,,,,,,,
14160,,16.9,16.9,,,4.5,86.0,86.0,4.5,8.0,0.0,2.0,9.0,81.0
14161,127.0,17.49,17.49,34.99,,4.0,58.0,58.0,4.0,0.0,8.0,,21.0,44.0
14162,630.0,,,,100000000.0,,,,,,,,,
14163,18.0,62.56,62.56,69.99,2000000.0,4.4,,,4.4,5.0,3.0,7.0,15.0,70.0
14164,807.0,,,,100000000.0,,,,,,,,,
14165,558.0,,,,,4.2,360.0,360.0,4.2,8.0,4.0,4.0,19.0,65.0
14167,225.0,,,,50000000.0,,,,,,,,,
14169,200.0,54.98,54.98,69.98,300000000.0,4.2,863.0,863.0,4.2,8.0,3.0,10.0,12.0,67.0
14170,613.0,24.99,24.99,,,4.0,6.0,6.0,4.0,0.0,0.0,,,39.0
14171,1939.0,149.0,149.0,206.0,,3.9,31.0,31.0,3.9,18.0,0.0,10.0,16.0,56.0
14174,841.0,,,,200000000.0,,,,,,,,,
14175,330.0,68.0,68.0,85.0,,,8.0,,,,,0.0,0.0,
14177,1718.0,169.99,169.99,,,4.1,988.0,988.0,4.1,12.0,5.0,9.0,12.0,62.0
14178,391.0,19.99,19.99,24.99,,4.2,,,4.2,7.0,5.0,11.0,15.0,62.0
14179,,32.99,32.99,,,3.6,73.0,,,,,,,
14182,1310.0,21.99,21.99,,,4.0,1.0,1.0,4.0,0.0,0.0,0.0,,
14183,,18.89,18.89,,,5.0,6.0,6.0,5.0,0.0,0.0,0.0,0.0,100.0
14184,175.0,169.99,169.99,,50000000.0,4.0,963.0,963.0,4.0,15.0,4.0,6.0,8.0,67.0
14185,,7.99,7.99,13.89,,5.0,4.0,,,,,,,
14187,1230.0,66.49,66.49,69.99,,,3.0,3.0,,0.0,,,0.0,32.0
14188,,11.99,11.99,,,,1.0,1.0,,,0.0,0.0,0.0,
14189,96.0,19.99,19.99,,,4.8,580.0,580.0,4.8,2.0,1.0,2.0,7.0,88.0
14191,887.0,18.49,18.49,,,4.5,112.0,112.0,4.5,2.0,1.0,12.0,13.0,72.0
14192,652.0,25.99,25.99,28.99,,3.9,9.0,,,0.0,,,16.0,44.0
14194,328.0,24.46,24.46,,,,88.0,88.0,,,5.0,9.0,13.0,42.0
14196,386.0,135.99,135.99,179.99,50000000.0,4.0,112.0,112.0,4.0,15.0,3.0,3.0,19.0,60.0
14197,354.0,39.95,39.95,,,4.9,11.0,11.0,4.9,0.0,0.0,0.0,13.0,87.0
14198,48.0,,,,,3.8,282.0,282.0,3.8,14.0,8.0,11.0,16.0,51.0
14199,,199.99,199.99,,,3.9,188.0,,,,,,,
14200,428.0,,,,,,,,,,,,,
14201,322.0,69.98,69.98,,200000000.0,4.2,,,4.2,10.0,5.0,8.0,11.0,66.0
14202,710.0,59.99,59.99,65.99,,,10.0,10.0,,0.0,,,,
14204,1245.0,,,,,,,,,0.0,0.0,0.0,0.0,
14205,,23.99,23.99,,,,1.0,1.0,,0.0,0.0,,0.0,
14206,206.0,39.99,39.99,,,5.0,6.0,6.0,5.0,0.0,0.0,0.0,0.0,100.0
14207,1.0,23.99,23.99,,,4.6,2747.0,,,,,,,
14208,6.0,16.29,16.29,,,4.4,2237.0,2237.0,4.4,4.0,4.0,6.0,18.0,68.0
14209,1296.0,74.99,74.99,79.0,50000000.0,4.8,667.0,,,,,,,
14210,1179.0,,,,,4.3,28.0,28.0,4.3,10.0,0.0,9.0,12.0,69.0
14211,1088.0,,,,,4.0,10.0,10.0,4.0,,0.0,0.0,0.0,75.0
14212,678.0,26.99,26.99,,50000000.0,4.5,158.0,,,,,,,
14214,802.0,16.99,16.99,,,,9.0,,,,,,,
14215,,7.98,7.98,,,3.8,10.0,10.0,3.8,18.0,0.0,10.0,,43.0
14216,,6.9,6.9,,,,,,,0.0,0.0,0.0,0.0,
14217,662.0,,,,,,9.0,,,,,,,
14219,1526.0,,,,,3.8,77.0,77.0,3.8,16.0,3.0,,12.0,50.0
14221,886.0,99.99,99.99,,,4.3,19.0,19.0,4.3,4.0,10.0,0.0,25.0,61.0
14222,1898.0,18.99,18.99,21.78,,4.1,70.0,,,,,,,
14223,,59.99,59.99,,,4.0,23.0,23.0,4.0,9.0,0.0,,14.0,53.0
14224,,,,,,4.0,15.0,15.0,4.0,12.0,0.0,12.0,,50.0
14225,1772.0,,,,,5.0,1.0,1.0,5.0,0.0,0.0,0.0,0.0,100.0
14226,1480.0,24.99,24.99,,,,,,,,,,,
14227,666.0,89.49,89.49,104.41,,4.2,147.0,147.0,4.2,9.0,6.0,6.0,12.0,67.0
14228,561.0,,,,,4.7,55.0,55.0,4.7,4.0,0.0,2.0,9.0,85.0
14230,633.0,19.99,19.99,24.99,100000000.0,4.5,66.0,66.0,4.5,4.0,2.0,7.0,11.0,76.0
14231,,,,,,4.4,809.0,809.0,4.4,6.0,4.0,5.0,9.0,76.0
14232,,129.99,129.99,,,4.7,4.0,4.0,4.7,0.0,0.0,0.0,,70.0
14233,1087.0,,,,,,13.0,13.0,,,0.0,0.0,0.0,56.0
14234,463.0,69.99,69.99,89.99,100000000.0,4.3,,,,,,,,
14235,,,,,,3.5,578.0,578.0,3.5,21.0,7.0,16.0,13.0,43.0
14236,774.0,19.99,19.99,21.99,50000000.0,4.2,2955.0,2955.0,4.2,8.0,5.0,10.0,15.0,62.0
14237,1367.0,17.09,17.09,,,4.4,313.0,313.0,4.4,6.0,4.0,5.0,11.0,74.0
14239,848.0,24.99,24.99,,50000000.0,4.5,39.0,39.0,4.5,0.0,4.0,6.0,23.0,67.0
14240,591.0,,,,,5.0,4.0,4.0,5.0,0.0,0.0,0.0,0.0,100.0
14241,534.0,9.99,9.99,,50000000.0,4.7,1054.0,,,3.0,0.0,3.0,12.0,82.0
14242,290.0,25.99,25.99,,,4.0,124.0,124.0,4.0,14.0,1.0,11.0,18.0,56.0
14243,281.0,32.99,32.99,44.99,,4.0,665.0,665.0,4.0,10.0,7.0,12.0,15.0,56.0
14244,304.0,44.99,44.99,53.02,,4.7,27.0,27.0,4.7,0.0,0.0,0.0,,74.0
14245,833.0,,,,,4.1,64.0,64.0,4.1,14.0,0.0,8.0,20.0,58.0
14246,,7.38,7.38,,,5.0,1.0,1.0,5.0,0.0,0.0,0.0,0.0,100.0
14247,162.0,69.97,69.97,,,4.5,,,,,,,,
14248,61.0,17.99,17.99,,,4.6,953.0,953.0,4.6,3.0,1.0,6.0,10.0,80.0
14249,677.0,29.99,29.99,,,,50.0,50.0,,,,10.0,22.0,33.0
14251,1082.0,,,,,,,,,,,,,
14252,1486.0,,,,,,,,,0.0,0.0,0.0,0.0,
14253,327.0,,,,50000000.0,,,,,,,,,
14254,583.0,27.0,27.0,,,3.9,291.0,291.0,3.9,12.0,4.0,14.0,18.0,52.0
14255,,179.98,179.98,224.99,50000000.0,4.3,128.0,128.0,4.3,4.0,8.0,5.0,23.0,60.0
14257,722.0,,,,100000000.0,,,,,,,,,
14258,1138.0,99.0,99.0,,,3.6,170.0,170.0,3.6,16.0,10.0,13.0,20.0,41.0
14259,462.0,49.27,49.27,59.99,200000000.0,4.1,176.0,176.0,4.1,12.0,4.0,6.0,17.0,61.0
14260,272.0,45.59,45.59,59.99,,4.5,14.0,,,,,,,
14262,825.0,8.99,8.99,,,4.7,2533.0,,,2.0,1.0,4.0,10.0,83.0
14263,1703.0,16.99,16.99,,,4.3,216.0,216.0,4.3,5.0,4.0,8.0,18.0,65.0
14264,327.0,11.42,11.42,12.69,,4.3,34.0,,,5.0,6.0,5.0,22.0,62.0
14265,1252.0,69.99,69.99,76.99,,,1.0,1.0,,,0.0,0.0,0.0,
14266,361.0,25.99,25.99,,,4.3,8.0,,,,,,,
14267,291.0,,,,,,,,,0.0,0.0,0.0,0.0,
14268,950.0,,,,,,,,,,,,,
14269,296.0,19.99,19.99,25.99,,4.0,17.0,,,,,,,
14270,361.0,149.99,149.99,,,4.3,304.0,304.0,4.3,6.0,5.0,8.0,10.0,71.0
14271,264.0,,,,50000000.0,4.3,813.0,813.0,4.3,9.0,3.0,3.0,14.0,71.0
14272,659.0,,,,,4.6,58.0,58.0,4.6,5.0,0.0,8.0,5.0,82.0
14273,1018.0,,,,100000000.0,,,,,,,,,
14274,419.0,8.99,8.99,,,4.7,62.0,,,3.0,0.0,4.0,5.0,88.0
14275,,41.27,41.27,,,4.4,5.0,5.0,4.4,0.0,0.0,0.0,,43.0
14277,13.0,,,,,4.4,604.0,604.0,4.4,8.0,3.0,4.0,13.0,72.0
14278,512.0,,,,,4.6,3.0,3.0,4.6,0.0,0.0,0.0,,63.0
14279,978.0,,,,,,,,,0.0,0.0,0.0,0.0,
14280,847.0,129.99,129.99,,,4.8,34.0,34.0,4.8,0.0,0.0,4.0,10.0,86.0
14281,49.0,106.37,106.37,118.19,,4.2,144.0,144.0,4.2,9.0,3.0,7.0,16.0,65.0
14282,422.0,34.99,34.99,,200000000.0,4.4,1871.0,1871.0,4.4,5.0,4.0,7.0,14.0,70.0
14283,323.0,25.99,25.99,27.99,,3.9,9.0,9.0,3.9,15.0,,0.0,0.0,69.0
14284,1677.0,15.89,15.89,,,3.9,7.0,7.0,3.9,0.0,,15.0,,40.0
14285,464.0,,,,,,3.0,3.0,,,,0.0,0.0,
14286,508.0,149.99,149.99,,,4.1,50.0,50.0,4.1,11.0,0.0,13.0,20.0,56.0
14287,484.0,41.76,41.76,,,3.8,125.0,125.0,3.8,15.0,6.0,11.0,14.0,54.0
14288,829.0,27.0,27.0,,,3.8,148.0,148.0,3.8,16.0,5.0,11.0,13.0,55.0
14289,710.0,13.99,13.99,17.99,,4.6,1586.0,1586.0,4.6,3.0,1.0,6.0,13.0,77.0
14290,1217.0,33.99,33.99,,,4.1,56.0,56.0,4.1,6.0,8.0,10.0,17.0,59.0
14291,25.0,179.99,179.99,229.99,,4.4,51.0,51.0,4.4,3.0,7.0,4.0,12.0,74.0
14292,90.0,199.99,199.99,,,4.5,1953.0,1953.0,4.5,4.0,2.0,4.0,15.0,75.0
14293,18.0,,,,200000000.0,4.3,1113.0,1113.0,4.3,11.0,3.0,6.0,6.0,74.0
14294,290.0,119.8,119.8,149.0,,3.6,7.0,,,,,,,
14295,413.0,99.99,99.99,,,4.4,46.0,46.0,4.4,10.0,4.0,0.0,5.0,81.0
14296,,110.95,110.95,139.95,,4.3,22.0,22.0,4.3,9.0,0.0,10.0,15.0,66.0
14297,,59.0,59.0,,,,,,,0.0,0.0,0.0,0.0,
14299,617.0,26.0,26.0,,,4.0,13.0,13.0,4.0,11.0,0.0,16.0,15.0,58.0
14300,42.0,42.99,42.99,59.9,,4.3,31.0,31.0,4.3,10.0,0.0,4.0,15.0,71.0
14302,,179.0,179.0,,,4.8,6.0,6.0,4.8,0.0,0.0,0.0,19.0,81.0
14303,567.0,,,,,4.4,97.0,97.0,4.4,7.0,3.0,5.0,8.0,77.0
14304,331.0,,,,,4.0,396.0,396.0,4.0,13.0,5.0,7.0,18.0,57.0
14305,1967.0,,,,,5.0,1.0,,,,,,,
14306,629.0,79.99,79.99,,,,5.0,5.0,,0.0,,0.0,0.0,
14307,711.0,29.99,29.99,,,3.7,5.0,5.0,3.7,0.0,,,20.0,37.0
14309,8.0,9.89,9.89,,,4.5,12.0,12.0,4.5,0.0,0.0,,0.0,76.0
14310,105.0,,,,1000000.0,4.6,1446.0,,,,,,,
14312,7.0,109.99,109.99,,,4.6,23.0,,,,,,,
14313,1633.0,11.99,11.99,,,3.8,114.0,114.0,3.8,11.0,6.0,14.0,21.0,48.0
14314,,9.99,9.99,,,,4.0,4.0,,,0.0,,0.0,
14316,1920.0,,,219.91,,3.5,4.0,4.0,3.5,,0.0,,0.0,47.0
14317,275.0,34.99,34.99,,400000000.0,4.6,193.0,193.0,4.6,4.0,2.0,3.0,15.0,76.0
14318,64.0,129.99,129.99,,,3.6,21.0,21.0,3.6,,0.0,7.0,11.0,55.0
14320,794.0,44.98,44.98,,,3.9,180.0,180.0,3.9,16.0,5.0,11.0,10.0,58.0
14321,1420.0,22.99,22.99,24.99,50000000.0,4.2,1522.0,,,,,,,
14322,331.0,33.99,33.99,33.99,,4.4,883.0,883.0,4.4,6.0,3.0,6.0,16.0,69.0
14323,316.0,,,,300000000.0,,,,,,,,,
14324,410.0,199.99,199.99,,,4.5,114.0,114.0,4.5,2.0,2.0,5.0,24.0,67.0
14325,51.0,29.99,29.99,35.99,,4.7,146.0,146.0,4.7,2.0,2.0,2.0,6.0,88.0
14326,355.0,89.99,89.99,99.99,,4.1,86.0,86.0,4.1,7.0,3.0,9.0,,53.0
14327,23.0,,,,300000000.0,,,,,,,,,
14328,804.0,39.99,39.99,,,3.7,81.0,81.0,3.7,14.0,,11.0,13.0,50.0
14329,705.0,19.99,19.99,28.99,,,3.0,,,,0.0,0.0,0.0,
14330,340.0,179.95,179.95,,,3.4,44.0,44.0,3.4,,10.0,9.0,19.0,39.0
14331,,79.98,79.98,,,4.5,2.0,2.0,4.5,0.0,0.0,0.0,,50.0
14332,226.0,69.99,69.99,79.99,50000000.0,4.1,591.0,591.0,4.1,9.0,6.0,7.0,17.0,61.0
14333,759.0,14.98,14.98,,,4.7,8.0,8.0,4.7,0.0,0.0,13.0,0.0,87.0
14335,606.0,139.99,139.99,149.99,,4.3,15.0,15.0,4.3,11.0,0.0,0.0,23.0,66.0
14336,1023.0,11.99,11.99,,,,2.0,2.0,,,0.0,0.0,,
14337,249.0,39.99,39.99,46.99,400000000.0,4.3,287.0,287.0,4.3,5.0,4.0,10.0,14.0,67.0
14339,707.0,,,,,4.2,1813.0,1813.0,4.2,8.0,5.0,9.0,14.0,64.0
14342,1943.0,,,,,,,,,,,,,
14343,197.0,14.99,14.99,,400000000.0,4.4,,,4.4,6.0,3.0,7.0,14.0,70.0
14344,895.0,79.99,79.99,,200000000.0,4.6,2932.0,,,,,,,
14345,1514.0,26.99,26.99,,50000000.0,4.0,105.0,105.0,4.0,12.0,2.0,15.0,14.0,57.0
14346,664.0,,,,,4.6,32.0,32.0,4.6,4.0,0.0,4.0,11.0,81.0
14347,91.0,12.99,12.99,15.99,200000000.0,4.6,995.0,995.0,4.6,3.0,1.0,6.0,14.0,76.0
14348,,,,,,4.3,29.0,29.0,4.3,0.0,0.0,,,54.0
14349,360.0,,,,,4.3,325.0,,,,,,,
14350,588.0,13.99,13.99,,100000000.0,4.3,,,4.3,5.0,4.0,9.0,16.0,66.0
14351,316.0,29.99,29.99,,,4.3,26.0,26.0,4.3,5.0,8.0,5.0,13.0,69.0
14352,21.0,,,,,4.0,33.0,,,,,,,
14353,476.0,21.99,21.99,,,4.3,32.0,32.0,4.3,10.0,7.0,0.0,11.0,72.0
14354,29.0,,,,50000000.0,4.5,17.0,,,0.0,8.0,0.0,20.0,72.0
14355,220.0,,,,,4.4,27.0,27.0,4.4,4.0,4.0,7.0,14.0,71.0
14356,448.0,49.99,49.99,,,,33.0,33.0,,21.0,,6.0,8.0,37.0
14357,1092.0,,,,,,,,,0.0,0.0,0.0,0.0,
14358,211.0,24.99,24.99,,200000000.0,4.6,,,,,,,,
14359,338.0,,,,50000000.0,,,,,,,,,
14360,294.0,29.99,29.99,,,4.2,9.0,9.0,4.2,0.0,,0.0,,53.0
14361,97.0,109.99,109.99,,,3.9,123.0,,,,,,,
14362,244.0,,,,,4.1,1294.0,,,,,,,
14363,213.0,9.89,9.89,,,4.7,18.0,18.0,4.7,0.0,0.0,0.0,,73.0
14364,619.0,79.74,79.74,,,3.5,20.0,20.0,3.5,18.0,10.0,15.0,13.0,44.0
14365,19.0,59.99,59.99,99.99,2000000.0,4.4,,,4.4,6.0,3.0,5.0,12.0,74.0
14366,,39.99,39.99,,,4.6,771.0,771.0,4.6,2.0,2.0,6.0,12.0,78.0
14367,514.0,19.99,19.99,,100000000.0,4.2,87.0,87.0,4.2,10.0,1.0,5.0,23.0,61.0
14368,232.0,,,,,4.2,559.0,559.0,4.2,10.0,4.0,9.0,10.0,67.0
14371,501.0,,,,,4.6,18.0,18.0,4.6,0.0,0.0,0.0,,64.0
14372,,24.99,24.99,,,4.8,16.0,,,,,,,
14373,1760.0,32.99,32.99,,,3.4,37.0,37.0,3.4,,,5.0,17.0,44.0
14374,571.0,27.49,27.49,29.99,,3.8,16.0,,,,,,,
14375,,7.99,7.99,8.99,,,1.0,1.0,,0.0,,0.0,0.0,
14376,569.0,67.99,67.99,,50000000.0,4.6,41.0,41.0,4.6,1.0,4.0,5.0,16.0,74.0
14377,342.0,21.99,21.99,,,4.0,1468.0,1468.0,4.0,10.0,8.0,9.0,14.0,59.0
14378,475.0,14.99,14.99,,,4.7,19.0,19.0,4.7,0.0,0.0,7.0,19.0,74.0
14379,1836.0,,,,,3.5,10.0,10.0,3.5,15.0,,6.0,,35.0
14380,70.0,31.24,31.24,,100000000.0,4.2,921.0,,,6.0,5.0,9.0,17.0,63.0
14381,1464.0,,,,,5.0,1.0,1.0,5.0,0.0,0.0,0.0,0.0,100.0
14382,,59.99,59.99,,,4.0,1.0,1.0,4.0,0.0,0.0,0.0,,
14383,,150.0,150.0,,,4.4,399.0,399.0,4.4,5.0,3.0,4.0,14.0,74.0
14385,498.0,24.99,24.99,34.99,,4.5,9.0,9.0,4.5,0.0,0.0,,0.0,75.0
14386,,7.99,7.99,,,4.4,206.0,,,4.0,1.0,10.0,16.0,69.0
14387,1169.0,12.99,12.99,,,4.3,11.0,11.0,4.3,8.0,0.0,9.0,19.0,64.0
14389,203.0,19.99,19.99,,,4.2,10.0,10.0,4.2,0.0,,15.0,0.0,70.0
14390,109.0,24.99,24.99,35.99,300000000.0,4.6,,,4.6,3.0,1.0,4.0,13.0,79.0
14391,939.0,26.99,26.99,29.99,50000000.0,4.5,377.0,377.0,4.5,3.0,3.0,7.0,15.0,72.0
14392,,36.0,36.0,,,3.7,92.0,92.0,3.7,9.0,7.0,,25.0,38.0
14393,84.0,,,,,3.8,5.0,5.0,3.8,,0.0,0.0,24.0,53.0
14394,,89.9,89.9,,,3.9,63.0,63.0,3.9,18.0,0.0,8.0,21.0,53.0
14395,893.0,,,,,4.3,2803.0,2803.0,4.3,8.0,3.0,5.0,14.0,70.0
14396,1466.0,56.98,56.98,59.98,,4.2,409.0,409.0,4.2,12.0,1.0,9.0,13.0,65.0
14397,106.0,,,,,3.9,30.0,30.0,3.9,15.0,10.0,0.0,15.0,60.0
14398,220.0,39.99,39.99,49.99,,3.9,490.0,490.0,3.9,11.0,9.0,8.0,19.0,53.0
14399,,9.93,9.93,,,,,,,0.0,0.0,0.0,0.0,
14400,1503.0,15.99,15.99,,,4.4,72.0,,,,,,,
14401,226.0,79.95,79.95,79.95,400000000.0,4.5,,,,,,,,
14402,,18.96,18.96,,,5.0,1.0,,,,,,,
14403,576.0,,,,50000000.0,4.6,17.0,17.0,4.6,10.0,0.0,0.0,0.0,90.0
14404,964.0,49.99,49.99,79.99,,5.0,7.0,,,,,,,
14405,671.0,,,,,4.8,7.0,,,0.0,0.0,0.0,19.0,81.0
14406,132.0,5.99,5.99,,,4.4,27.0,27.0,4.4,9.0,0.0,8.0,7.0,76.0
14407,1994.0,,,,50000000.0,,,,,,,,,
14409,,11.99,11.99,,,4.1,30.0,,,11.0,0.0,15.0,14.0,60.0
14410,1687.0,13.99,13.99,,,4.6,24.0,24.0,4.6,0.0,0.0,0.0,,64.0
14411,,,,,,4.5,185.0,185.0,4.5,4.0,1.0,6.0,13.0,76.0
14412,,12.99,12.99,12.99,,3.4,7.0,7.0,3.4,,0.0,0.0,,30.0
14413,,24.99,24.99,,,4.6,34.0,,,,,,,
14415,926.0,79.99,79.99,,,5.0,1.0,1.0,5.0,0.0,0.0,0.0,0.0,100.0
14416,1781.0,69.99,69.99,,,,28.0,28.0,,15.0,,9.0,11.0,38.0
14417,194.0,,,,50000000.0,,,,,,,,,
14418,2460.0,13.99,13.99,,,4.0,7.0,7.0,4.0,0.0,,0.0,16.0,56.0
14419,2430.0,29.0,29.0,,,4.2,111.0,,,,,,,
14420,426.0,37.98,37.98,42.99,,,10.0,10.0,,,,12.0,21.0,
14421,35.0,159.59,159.59,167.99,50000000.0,4.5,2.0,2.0,4.5,0.0,0.0,0.0,,51.0
14422,698.0,,,,,,,,,,,,,
14423,,6.95,6.95,,,5.0,2.0,2.0,5.0,0.0,0.0,0.0,0.0,100.0
14424,263.0,75.99,75.99,99.99,,,11.0,,,,,,,
14425,848.0,35.99,35.99,61.99,,4.1,88.0,,,8.0,8.0,11.0,13.0,60.0
14426,,199.99,199.99,,,,,,,,,,,
14427,748.0,,,,,,,,,,,,,
14428,272.0,24.99,24.99,,,4.7,265.0,,,,,,,
14429,2427.0,16.99,16.99,,,4.0,45.0,45.0,4.0,12.0,5.0,11.0,16.0,56.0
14430,792.0,26.99,26.99,29.99,,,11.0,,,,,,0.0,32.0
14431,616.0,144.91,144.91,,,5.0,2.0,2.0,5.0,0.0,0.0,0.0,0.0,100.0
14432,,16.18,16.18,17.98,,4.0,198.0,198.0,4.0,8.0,6.0,13.0,18.0,55.0
14434,369.0,53.04,53.04,69.95,,3.7,332.0,332.0,3.7,17.0,7.0,11.0,19.0,46.0
14435,2305.0,,,,,4.0,39.0,39.0,4.0,17.0,3.0,5.0,12.0,63.0
14436,1.0,29.99,29.99,,2000000.0,4.5,,,,,,,,
14437,854.0,42.99,42.99,53.19,,4.6,24.0,24.0,4.6,0.0,0.0,10.0,21.0,69.0
14438,1406.0,,,,,4.4,823.0,823.0,4.4,7.0,4.0,5.0,13.0,71.0
14439,7.0,14.99,14.99,27.99,200000000.0,4.8,,,,1.0,0.0,3.0,8.0,88.0
14440,1.0,24.99,24.99,,10000000.0,4.7,,,,2.0,1.0,4.0,11.0,82.0
14441,,23.0,23.0,,,,,,,0.0,0.0,0.0,0.0,
14442,70.0,15.99,15.99,15.99,100000000.0,4.6,,,4.6,2.0,1.0,4.0,13.0,80.0
14443,,7.99,7.99,12.95,,,,,,0.0,0.0,0.0,0.0,
14444,776.0,,,,,,,,,,,,,
14447,912.0,151.99,151.99,199.99,,3.6,6.0,,,,,,,
14448,,,,,,4.1,411.0,,,,,,,
14449,6.0,59.99,59.99,59.99,,4.6,514.0,,,1.0,3.0,5.0,14.0,77.0
14450,109.0,15.99,15.99,18.99,100000000.0,4.6,1916.0,,,3.0,2.0,5.0,14.0,76.0
14451,,39.99,39.99,,50000000.0,4.7,1398.0,,,3.0,1.0,3.0,9.0,84.0
14452,19.0,16.99,16.99,16.99,50000000.0,4.6,,,,3.0,1.0,4.0,13.0,79.0
14453,9.0,29.99,29.99,39.99,200000000.0,4.7,481.0,,,2.0,1.0,4.0,10.0,83.0
14454,,27.99,27.99,,,4.2,307.0,307.0,4.2,10.0,6.0,5.0,7.0,72.0
14455,,,,,,,47.0,47.0,,,7.0,7.0,8.0,44.0
14456,70.0,15.99,15.99,19.99,,4.7,2336.0,,,1.0,1.0,4.0,11.0,83.0
14457,,7.99,7.99,,,,10.0,,,,,,,
14460,250.0,21.99,21.99,,,4.8,7.0,7.0,4.8,0.0,0.0,0.0,19.0,81.0
14461,13.0,7.97,7.97,,2000000.0,4.4,2954.0,2954.0,4.4,6.0,2.0,5.0,11.0,76.0
14462,74.0,9.49,9.49,9.99,,5.0,12.0,12.0,5.0,0.0,0.0,0.0,0.0,100.0
14463,148.0,29.99,29.99,,,4.4,37.0,37.0,4.4,0.0,4.0,14.0,17.0,65.0
14464,3.0,16.99,16.99,18.99,4000000.0,4.6,,,,,,,,
14465,6.0,29.99,29.99,29.99,,4.5,,,,5.0,2.0,5.0,12.0,76.0
14466,224.0,15.99,15.99,18.99,,4.4,1619.0,,,5.0,2.0,7.0,15.0,71.0
14469,,9.99,9.99,,,3.5,41.0,,,,,,,
14470,640.0,,,,,4.3,270.0,,,,,,,
14471,971.0,14.99,14.99,,,4.6,216.0,216.0,4.6,2.0,2.0,6.0,9.0,81.0
14472,60.0,18.77,18.77,23.99,,4.6,1641.0,,,2.0,2.0,5.0,12.0,79.0
14473,357.0,19.99,19.99,,,4.6,1273.0,,,1.0,4.0,7.0,12.0,76.0
14475,94.0,26.96,26.96,39.9,3000000.0,4.4,1073.0,1073.0,4.4,5.0,2.0,6.0,16.0,71.0
14477,82.0,17.95,17.95,25.95,,,4.0,4.0,,,,0.0,,
14478,271.0,16.99,16.99,19.99,50000000.0,4.5,242.0,,,3.0,3.0,6.0,14.0,74.0
14481,,194.98,194.98,,,5.0,8.0,,,0.0,0.0,0.0,0.0,100.0
14482,102.0,16.99,16.99,,100000000.0,4.7,746.0,,,,,,,
14483,6.0,,,,7000000.0,,,,,,,,,
14484,18.0,,,,50000000.0,,,,,,,,,
14485,,8.84,8.84,,,5.0,3.0,3.0,5.0,0.0,0.0,0.0,0.0,100.0
14487,19.0,5.99,5.99,,100000000.0,3.8,68.0,,,,,,,
14489,290.0,,,,,4.7,1037.0,,,,,,,
14490,719.0,9.99,9.99,15.99,,5.0,4.0,4.0,5.0,0.0,0.0,0.0,0.0,100.0
14491,725.0,15.99,15.99,22.99,,4.6,840.0,840.0,4.6,3.0,1.0,4.0,14.0,78.0
14492,,12.59,12.59,17.99,,5.0,9.0,9.0,5.0,0.0,0.0,0.0,0.0,100.0
14493,261.0,9.99,9.99,16.99,,4.6,1586.0,1586.0,4.6,3.0,1.0,6.0,13.0,77.0
14495,,7.99,7.99,,,4.5,499.0,,,,,,,
14497,11.0,17.78,17.78,23.99,6000000.0,4.6,,,,,,,,
14498,68.0,21.99,21.99,,200000000.0,4.7,1074.0,,,,,,,
14500,114.0,,,,,4.1,119.0,,,,,,,
14501,90.0,19.99,19.99,,50000000.0,4.4,51.0,51.0,4.4,5.0,2.0,7.0,16.0,70.0
14502,169.0,28.99,28.99,,,4.6,691.0,,,,,,,
14503,288.0,,,,,4.6,219.0,219.0,4.6,3.0,3.0,2.0,10.0,82.0
14505,128.0,29.99,29.99,,50000000.0,4.6,57.0,57.0,4.6,2.0,4.0,6.0,10.0,78.0
14506,684.0,28.99,28.99,,,4.7,293.0,293.0,4.7,2.0,1.0,3.0,9.0,85.0
14507,435.0,15.99,15.99,,,4.6,,,,2.0,1.0,4.0,13.0,80.0
14508,20.0,,,,,4.6,,,,2.0,1.0,5.0,13.0,79.0
14509,724.0,13.99,13.99,18.99,,3.8,32.0,32.0,3.8,16.0,4.0,16.0,13.0,51.0
14510,54.0,28.99,28.99,,50000000.0,4.4,58.0,58.0,4.4,7.0,4.0,0.0,24.0,65.0
14511,29.0,13.99,13.99,19.99,300000000.0,4.7,1350.0,1350.0,4.7,2.0,1.0,4.0,13.0,80.0
14512,30.0,39.99,39.99,49.99,100000000.0,4.4,,,4.4,7.0,3.0,6.0,13.0,71.0
14513,291.0,17.99,17.99,21.99,,5.0,2.0,2.0,5.0,0.0,0.0,0.0,0.0,100.0
14514,128.0,59.99,59.99,,,5.0,2.0,,,0.0,0.0,0.0,0.0,100.0
14515,1089.0,13.99,13.99,15.0,,4.6,3.0,,,,,,,
14516,766.0,22.3,22.3,,,3.8,5.0,5.0,3.8,0.0,0.0,,,
14517,145.0,9.99,9.99,23.99,100000000.0,4.7,201.0,,,4.0,1.0,4.0,6.0,85.0
14518,125.0,17.99,17.99,,50000000.0,4.6,98.0,98.0,4.6,1.0,0.0,11.0,16.0,72.0
14520,,9.99,9.99,14.66,,4.2,52.0,,,,,,,
14521,12.0,,,,,,,,,,,,,
14522,175.0,20.98,20.98,49.99,2000000.0,4.2,1768.0,,,,,,,
14523,5.0,13.99,13.99,14.99,,4.4,,,4.4,5.0,3.0,8.0,16.0,68.0
14524,,5.97,5.97,6.97,100000000.0,4.7,118.0,,,,,,,
14525,64.0,35.99,35.99,43.99,100000000.0,4.6,,,,,,,,
14526,,7.99,7.99,,100000000.0,4.4,408.0,,,8.0,2.0,4.0,11.0,75.0
14527,,13.98,13.98,,,5.0,2.0,2.0,5.0,0.0,0.0,0.0,0.0,100.0
14529,,15.29,15.29,17.99,100000000.0,4.6,76.0,,,,,,,
14530,398.0,14.99,14.99,16.99,,4.6,1985.0,1985.0,4.6,2.0,2.0,7.0,12.0,77.0
14531,,4.84,4.84,,,4.6,63.0,63.0,4.6,6.0,0.0,4.0,4.0,86.0
14532,15.0,29.99,29.99,,,4.0,911.0,,,12.0,7.0,7.0,12.0,62.0
14533,,8.96,8.96,,,5.0,2.0,2.0,5.0,0.0,0.0,0.0,0.0,100.0
14534,645.0,,,,,4.0,69.0,,,,,,,
14535,,7.59,7.59,,50000000.0,4.5,78.0,,,,,,,
14536,1198.0,22.99,22.99,,,4.5,77.0,,,,,,,
14537,272.0,8.39,8.39,,,4.4,,,4.4,6.0,2.0,6.0,13.0,73.0
14538,20.0,16.99,16.99,16.99,50000000.0,4.5,,,,4.0,2.0,7.0,13.0,74.0
14539,789.0,12.99,12.99,,,4.6,118.0,118.0,4.6,2.0,2.0,6.0,16.0,74.0
14540,1280.0,14.68,14.68,,,4.0,47.0,,,7.0,10.0,6.0,25.0,52.0
14541,1075.0,9.99,9.99,,,4.4,158.0,158.0,4.4,9.0,2.0,3.0,10.0,76.0
14542,1174.0,,,,,4.5,106.0,106.0,4.5,6.0,2.0,4.0,8.0,80.0
14543,322.0,9.99,9.99,,,4.7,26.0,26.0,4.7,0.0,5.0,0.0,14.0,81.0
14544,,15.98,15.98,,100000000.0,4.5,80.0,,,,,,,
14545,1469.0,15.95,15.95,17.75,,4.2,138.0,,,,,,,
14546,236.0,27.51,27.51,29.9,,4.7,7.0,,,,,,,
14547,,6.98,6.98,,200000000.0,4.4,563.0,563.0,4.4,6.0,2.0,8.0,12.0,72.0
14548,518.0,28.99,28.99,,,4.4,,3011.0,4.4,7.0,3.0,5.0,12.0,73.0
14549,551.0,,,,,,,,,,,,,
14550,,11.99,11.99,,200000000.0,4.4,1449.0,1449.0,4.4,8.0,2.0,4.0,11.0,75.0
14551,874.0,16.9,16.9,18.48,,4.4,86.0,86.0,4.4,3.0,4.0,10.0,19.0,64.0
14552,,9.99,9.99,,,4.5,39.0,39.0,4.5,9.0,0.0,3.0,8.0,80.0
14553,1387.0,32.9,32.9,,,4.3,130.0,,,,,,,
14554,1777.0,12.34,12.34,,,4.6,15.0,15.0,4.6,0.0,8.0,0.0,16.0,76.0
14555,809.0,,,,,4.2,3.0,,,,,,,
14556,242.0,8.99,8.99,,200000000.0,4.4,56.0,56.0,4.4,6.0,2.0,5.0,14.0,73.0
14558,,13.98,13.98,,,,,,,0.0,0.0,0.0,0.0,
14559,646.0,19.99,19.99,,50000000.0,4.6,270.0,,,,,,,
14560,957.0,15.99,15.99,,,5.0,1.0,,,,,,,
14562,,9.99,9.99,,,3.8,11.0,11.0,3.8,0.0,,14.0,0.0,55.0
14563,16.0,9.99,9.99,9.99,2000000.0,4.6,,,,3.0,1.0,4.0,13.0,79.0
14564,,9.58,9.58,,,4.2,19.0,19.0,4.2,13.0,0.0,9.0,9.0,69.0
14565,1587.0,17.95,17.95,19.77,,4.6,561.0,561.0,4.6,2.0,3.0,4.0,13.0,78.0
14566,,7.99,7.99,,100000000.0,4.5,729.0,729.0,4.5,4.0,1.0,6.0,12.0,77.0
14567,887.0,9.99,9.99,,50000000.0,4.7,44.0,44.0,4.7,0.0,0.0,7.0,18.0,75.0
14568,331.0,17.99,17.99,,50000000.0,4.5,,,4.5,2.0,2.0,7.0,16.0,73.0
14569,,9.99,9.99,,200000000.0,4.5,255.0,255.0,4.5,7.0,1.0,5.0,11.0,76.0
14570,194.0,7.99,7.99,,100000000.0,4.5,1483.0,1483.0,4.5,4.0,3.0,6.0,13.0,74.0
14571,537.0,15.99,15.99,,,4.6,512.0,,,,,,,
14572,714.0,8.54,8.54,,50000000.0,4.5,128.0,128.0,4.5,3.0,1.0,9.0,14.0,73.0
14573,,9.99,9.99,,,4.1,14.0,14.0,4.1,0.0,0.0,,,34.0
14574,2417.0,7.91,7.91,9.89,,4.4,198.0,198.0,4.4,5.0,3.0,6.0,15.0,71.0
14575,,9.99,9.99,,,5.0,1.0,1.0,5.0,0.0,0.0,0.0,0.0,100.0
14576,146.0,15.99,15.99,,,,,,,0.0,0.0,0.0,0.0,
14577,285.0,9.99,9.99,,,5.0,4.0,,,,,,,
14578,,9.99,9.99,,,3.9,15.0,15.0,3.9,17.0,10.0,0.0,10.0,63.0
14579,28.0,11.99,11.99,,50000000.0,4.6,23.0,,,,,,,
14581,540.0,16.88,16.88,,,4.6,185.0,185.0,4.6,2.0,3.0,4.0,11.0,80.0
14582,826.0,10.99,10.99,,,4.5,272.0,,,2.0,1.0,12.0,8.0,77.0
14583,,,,,,3.5,31.0,,,,,,,
14584,,69.98,69.98,77.99,50000000.0,3.9,422.0,422.0,3.9,12.0,7.0,12.0,14.0,55.0
14585,,14.99,14.99,,,4.5,514.0,514.0,4.5,3.0,2.0,8.0,12.0,75.0
14586,,9.99,9.99,,,4.1,12.0,12.0,4.1,0.0,0.0,,0.0,54.0
14587,455.0,9.99,9.99,,,4.3,52.0,52.0,4.3,4.0,7.0,10.0,11.0,68.0
14589,1956.0,,,,,4.2,84.0,,,,,,,
14590,1839.0,7.99,7.99,,,5.0,4.0,,,0.0,0.0,0.0,0.0,100.0
14591,246.0,15.99,15.99,29.99,1000000.0,4.1,,,4.1,13.0,4.0,5.0,12.0,66.0
14592,4.0,15.99,15.99,,,,,,,0.0,0.0,0.0,0.0,
14593,246.0,27.51,27.51,29.9,,4.2,48.0,48.0,4.2,11.0,5.0,4.0,12.0,68.0
14594,627.0,12.99,12.99,12.99,,3.9,26.0,26.0,3.9,15.0,0.0,8.0,,45.0
14595,400.0,10.99,10.99,,,4.6,4.0,,,,,,,
14596,1333.0,8.54,8.54,,,4.4,107.0,,,,,,,
14597,707.0,11.95,11.95,,,5.0,3.0,,,,,,,
14599,,11.94,11.94,,,3.9,6.0,,,,,,,
14600,,7.99,7.99,,100000000.0,4.4,257.0,257.0,4.4,4.0,3.0,6.0,17.0,70.0
14601,9.0,15.99,15.99,,,5.0,1.0,,,,,,,
14602,201.0,15.99,15.99,,,,,,,0.0,0.0,0.0,0.0,
14603,958.0,10.99,10.99,,,4.2,64.0,64.0,4.2,4.0,9.0,6.0,19.0,62.0
14604,470.0,19.5,19.5,26.0,,4.5,41.0,41.0,4.5,4.0,0.0,11.0,9.0,76.0
14606,,7.99,7.99,8.99,,3.7,19.0,19.0,3.7,13.0,,17.0,0.0,57.0
14607,,7.99,7.99,,,4.5,535.0,535.0,4.5,3.0,2.0,7.0,17.0,71.0
14609,444.0,26.97,26.97,,,4.0,10.0,10.0,4.0,13.0,0.0,12.0,23.0,52.0
14610,,10.99,10.99,,,4.4,535.0,535.0,4.4,5.0,3.0,8.0,13.0,71.0
14611,813.0,13.95,13.95,29.95,,4.1,3.0,3.0,4.1,0.0,,0.0,0.0,70.0
14612,,9.49,9.49,9.99,,4.3,138.0,138.0,4.3,9.0,1.0,6.0,14.0,70.0
14613,183.0,,,,,,,,,0.0,0.0,0.0,0.0,
14614,736.0,9.99,9.99,,,5.0,2.0,,,,,,,
14615,616.0,7.59,7.59,,50000000.0,4.5,391.0,391.0,4.5,5.0,1.0,5.0,13.0,76.0
14616,,8.99,8.99,,,3.8,249.0,,,14.0,8.0,12.0,14.0,52.0
14618,5.0,25.13,25.13,26.99,2000000.0,4.4,,,,7.0,2.0,5.0,13.0,73.0
14619,387.0,23.92,23.92,29.9,,4.7,7.0,7.0,4.7,0.0,0.0,0.0,,69.0
14620,955.0,19.95,19.95,24.95,,4.5,14.0,14.0,4.5,9.0,0.0,0.0,8.0,83.0
14621,33.0,,,,50000000.0,,,,,,,,,
14622,973.0,19.99,19.99,,,5.0,1.0,,,,,,,
14623,1835.0,7.99,7.99,,,4.6,6.0,,,0.0,0.0,,0.0,78.0
14624,,7.45,7.45,,,3.8,73.0,,,17.0,5.0,10.0,14.0,54.0
14625,,11.95,11.95,,,,,,,,,,,
14626,120.0,25.19,25.19,35.99,50000000.0,4.5,105.0,,,7.0,1.0,3.0,12.0,77.0
14627,1014.0,11.95,11.95,,,3.9,5.0,,,,,,,
14628,616.0,15.99,15.99,21.99,,4.5,188.0,188.0,4.5,3.0,3.0,6.0,12.0,76.0
14629,366.0,,,,100000000.0,,,,,,,,,
14630,585.0,7.98,7.98,,,4.6,,,,,,,,
14631,,9.99,9.99,,,4.5,15.0,,,,,,,
14632,,11.19,11.19,11.89,50000000.0,4.4,140.0,,,,,,,
14633,2295.0,5.99,5.99,,,4.0,12.0,12.0,4.0,15.0,0.0,11.0,19.0,55.0
14634,3.0,15.99,15.99,,,,,,,,,,,
14635,1526.0,23.99,23.99,36.0,,4.7,40.0,,,0.0,0.0,6.0,18.0,76.0
14636,257.0,9.99,9.99,,,4.5,42.0,42.0,4.5,8.0,0.0,0.0,15.0,77.0
14638,700.0,16.99,16.99,,,4.5,208.0,208.0,4.5,4.0,1.0,7.0,14.0,74.0
14639,,7.99,7.99,,,4.6,89.0,89.0,4.6,2.0,0.0,4.0,17.0,77.0
14640,,21.98,21.98,,400000000.0,4.5,565.0,565.0,4.5,6.0,1.0,4.0,9.0,80.0
14641,68.0,,,,,4.4,1040.0,,,5.0,4.0,7.0,16.0,68.0
14643,1257.0,27.0,27.0,,,4.1,11.0,,,,,,,
14644,1.0,56.51,56.51,,2000000.0,4.6,1932.0,1932.0,4.6,3.0,2.0,5.0,10.0,80.0
14645,24.0,15.99,15.99,,,,,,,0.0,0.0,0.0,0.0,
14646,232.0,14.99,14.99,,50000000.0,4.6,,,,3.0,1.0,4.0,15.0,77.0
14647,,13.98,13.98,,,4.5,28.0,28.0,4.5,0.0,7.0,10.0,6.0,77.0
14648,,12.88,12.88,,,4.3,7.0,7.0,4.3,0.0,,0.0,12.0,69.0
14649,15.0,9.49,9.49,,,,,,,0.0,0.0,0.0,0.0,
14650,96.0,9.69,9.69,,100000000.0,4.4,299.0,299.0,4.4,7.0,1.0,4.0,10.0,78.0
14651,658.0,12.98,12.98,,100000000.0,4.0,1516.0,1516.0,4.0,12.0,5.0,9.0,13.0,61.0
14652,15.0,15.99,15.99,,,5.0,1.0,1.0,5.0,0.0,0.0,0.0,0.0,100.0
14653,646.0,22.99,22.99,,100000000.0,4.4,,,4.4,5.0,3.0,7.0,15.0,70.0
14654,1939.0,15.99,15.99,,,,,,,0.0,0.0,0.0,0.0,
14655,,10.99,10.99,,,,,,,0.0,0.0,0.0,0.0,
14656,406.0,24.99,24.99,,,4.6,461.0,461.0,4.6,4.0,1.0,4.0,11.0,80.0
14657,636.0,,,,,,,,,,,,,
14658,30.0,12.99,12.99,,,4.4,24.0,,,,,,,
14659,2229.0,9.99,9.99,,,5.0,1.0,,,,,,,
14660,,10.99,10.99,,,4.5,481.0,481.0,4.5,6.0,1.0,5.0,9.0,79.0
14661,,7.89,7.89,,,3.9,3.0,,,,,,,
14662,,8.99,8.99,,,4.6,108.0,108.0,4.6,3.0,0.0,2.0,20.0,75.0
14663,,9.49,9.49,,,,,,,0.0,0.0,0.0,0.0,
14664,,13.98,13.98,,,4.9,19.0,19.0,4.9,0.0,0.0,0.0,11.0,89.0
14666,18.0,9.89,9.89,,,3.5,9.0,9.0,3.5,,0.0,0.0,14.0,53.0
14667,,14.98,14.98,,,,,,,0.0,0.0,0.0,0.0,
14668,1375.0,15.88,15.88,,,4.0,97.0,97.0,4.0,15.0,3.0,8.0,16.0,58.0
14669,1473.0,,,,,4.1,641.0,,,,,,,
14671,2442.0,9.99,9.99,,,4.2,781.0,781.0,4.2,9.0,5.0,6.0,15.0,65.0
14673,,14.98,14.98,,,,,,,,,,,
14674,,7.99,7.99,,,4.3,281.0,281.0,4.3,8.0,1.0,6.0,16.0,69.0
14675,,16.99,16.99,,,4.5,199.0,,,,,,,
14677,,9.99,9.99,,300000000.0,4.6,108.0,,,,,,,
14678,489.0,36.57,36.57,38.99,,4.4,56.0,56.0,4.4,5.0,4.0,8.0,8.0,75.0
14680,,10.99,10.99,,,4.5,2.0,,,,,,,
14681,,5.69,5.69,,,4.8,25.0,25.0,4.8,0.0,0.0,6.0,11.0,83.0
14683,,14.98,14.98,,,3.9,13.0,13.0,3.9,20.0,0.0,15.0,0.0,65.0
14684,1962.0,15.99,15.99,,,5.0,1.0,1.0,5.0,0.0,0.0,0.0,0.0,100.0
14685,,14.15,14.15,,,5.0,4.0,4.0,5.0,0.0,0.0,0.0,0.0,100.0
14686,,14.99,14.99,,,4.0,131.0,,,,,,,
14687,,10.99,10.99,,,4.0,123.0,123.0,4.0,17.0,1.0,9.0,10.0,63.0
14688,1429.0,29.0,29.0,,,4.6,187.0,187.0,4.6,3.0,2.0,6.0,10.0,79.0
14689,985.0,19.99,19.99,,,4.6,145.0,145.0,4.6,3.0,3.0,5.0,11.0,78.0
14690,,7.99,7.99,,,4.8,9.0,,,,,,,
14691,357.0,15.99,15.99,,,,,,,0.0,0.0,0.0,0.0,
14692,1172.0,10.77,10.77,11.77,,5.0,2.0,2.0,5.0,0.0,0.0,0.0,0.0,100.0
14693,1076.0,28.0,28.0,,,4.3,140.0,140.0,4.3,7.0,4.0,8.0,11.0,70.0
14694,581.0,,,,,4.7,1701.0,,,,,,,
14695,1871.0,15.99,15.99,,,4.1,2.0,2.0,4.1,0.0,0.0,,0.0,54.0
14696,641.0,,,,,,1.0,1.0,,0.0,,0.0,0.0,
14697,6.0,15.99,15.99,,,,,,,0.0,0.0,0.0,0.0,
14698,,13.49,13.49,14.99,,4.2,302.0,302.0,4.2,13.0,1.0,5.0,12.0,69.0
14699,,11.95,11.95,,,,,,,0.0,0.0,0.0,0.0,
14700,,9.89,9.89,11.03,,,,,,0.0,0.0,0.0,0.0,
14701,,9.17,9.17,9.99,,5.0,2.0,2.0,5.0,0.0,0.0,0.0,0.0,100.0
14702,507.0,24.99,24.99,,,4.7,502.0,502.0,4.7,2.0,1.0,5.0,9.0,83.0
14703,17.0,17.99,17.99,,100000000.0,4.5,,,4.5,2.0,2.0,7.0,16.0,73.0
14704,,15.89,15.89,,,4.5,35.0,,,,,,,
14705,53.0,109.0,109.0,119.0,1000000.0,4.7,,,4.7,3.0,1.0,3.0,8.0,85.0
14706,1662.0,15.99,15.99,,,4.7,,,,2.0,1.0,4.0,12.0,81.0
14707,,7.99,7.99,,,5.0,1.0,1.0,5.0,0.0,0.0,0.0,0.0,100.0
14708,351.0,15.99,15.99,,,,,,,0.0,0.0,0.0,0.0,
14709,69.0,,,,,4.4,748.0,,,,,,,
14710,1287.0,23.99,23.99,28.99,,4.5,63.0,,,3.0,4.0,3.0,14.0,76.0
14712,12.0,,,,3000000.0,,,,,,,,,
14713,1440.0,9.99,9.99,12.99,,4.4,76.0,,,,,,,
14714,,5.59,5.59,,,,5.0,5.0,,,0.0,0.0,0.0,55.0
14715,,7.99,7.99,,,4.2,16.0,,,,,,,
14716,1065.0,20.98,20.98,,,,3.0,,,,0.0,0.0,0.0,58.0
14717,,11.99,11.99,,,4.0,155.0,,,11.0,7.0,10.0,11.0,61.0
14718,106.0,15.99,15.99,,,5.0,2.0,2.0,5.0,0.0,0.0,0.0,0.0,100.0
14719,685.0,16.14,16.14,16.99,,4.8,11.0,,,,,,,
14721,,6.28,6.28,,,4.3,17.0,17.0,4.3,14.0,0.0,0.0,12.0,74.0
14722,,8.06,8.06,,,4.3,60.0,60.0,4.3,5.0,6.0,7.0,17.0,65.0
14723,145.0,15.99,15.99,,,5.0,1.0,1.0,5.0,0.0,0.0,0.0,0.0,100.0
14724,,9.89,9.89,,,,9.0,9.0,,,0.0,0.0,16.0,44.0
14726,,8.59,8.59,,,4.1,44.0,44.0,4.1,18.0,0.0,2.0,9.0,71.0
14727,8.0,15.99,15.99,,,,,,,0.0,0.0,0.0,0.0,
14728,,3.96,3.96,,,,,,,0.0,0.0,0.0,0.0,
14729,442.0,15.99,15.99,,,,,,,0.0,0.0,0.0,0.0,
14730,,5.99,5.99,,,4.0,71.0,71.0,4.0,3.0,5.0,,,44.0
14731,,2.88,2.88,,,,1.0,1.0,,,0.0,0.0,0.0,
14732,34.0,12.99,12.99,13.99,300000000.0,4.5,418.0,,,,,,,
14733,,8.99,8.99,11.99,50000000.0,4.1,98.0,98.0,4.1,10.0,2.0,9.0,18.0,61.0
14734,,8.97,8.97,,,4.5,185.0,,,,,,,
14735,83.0,41.98,41.98,59.99,,4.0,109.0,,,9.0,5.0,13.0,17.0,56.0
14737,2458.0,15.99,15.99,,,,,,,0.0,0.0,0.0,0.0,
14738,2111.0,15.99,15.99,,,5.0,1.0,1.0,5.0,0.0,0.0,0.0,0.0,100.0
14739,1546.0,13.99,13.99,,,4.2,52.0,52.0,4.2,5.0,9.0,8.0,12.0,66.0
14740,1514.0,,,,,4.7,642.0,,,,,,,
14742,,10.84,10.84,,,,,,,,,,,
14743,594.0,22.99,22.99,,,4.5,215.0,215.0,4.5,3.0,2.0,6.0,15.0,74.0
14744,,17.59,17.59,,,5.0,3.0,,,,,,,
14745,456.0,9.89,9.89,,,3.4,8.0,8.0,3.4,,0.0,,0.0,51.0
14746,284.0,89.95,89.95,,200000000.0,4.8,,,,,,,,
14747,508.0,14.99,14.99,,,3.9,8.0,8.0,3.9,,0.0,0.0,0.0,73.0
14748,,9.99,9.99,,,3.7,2.0,2.0,3.7,0.0,0.0,,0.0,36.0
14749,692.0,16.99,16.99,21.99,,4.3,37.0,,,,,,,
14750,,8.09,8.09,,,4.8,8.0,,,,,,,
14751,273.0,14.99,14.99,16.99,50000000.0,4.7,143.0,143.0,4.7,1.0,0.0,4.0,14.0,81.0
14752,614.0,,,,,4.5,2.0,2.0,4.5,0.0,0.0,0.0,,53.0
14753,,10.95,10.95,,,5.0,3.0,3.0,5.0,0.0,0.0,0.0,0.0,100.0
14754,747.0,16.99,16.99,,,,,,,0.0,0.0,0.0,0.0,
14755,,9.99,9.99,,,,,,,,,,,
14756,,8.81,8.81,9.99,,,,,,0.0,0.0,0.0,0.0,
14757,1443.0,16.99,16.99,16.99,,4.5,40.0,40.0,4.5,0.0,0.0,12.0,22.0,66.0
14758,294.0,,,,,4.3,739.0,,,7.0,4.0,7.0,10.0,72.0
14759,2500.0,,,,,3.7,10.0,10.0,3.7,16.0,,0.0,0.0,62.0
14761,78.0,9.49,9.49,,,3.7,9.0,,,,,,,
14762,517.0,14.99,14.99,,,4.2,252.0,252.0,4.2,9.0,4.0,8.0,17.0,62.0
14763,,10.25,10.25,,,3.9,6.0,,,,,,,
14765,,11.29,11.29,,,4.5,542.0,542.0,4.5,4.0,2.0,8.0,13.0,73.0
14766,,9.89,9.89,,,4.5,116.0,116.0,4.5,2.0,3.0,8.0,13.0,74.0
14768,,9.89,9.89,,,3.6,94.0,94.0,3.6,,5.0,8.0,14.0,51.0
14769,565.0,28.1,28.1,,,,,,,0.0,0.0,0.0,0.0,
14770,,12.99,12.99,,100000000.0,4.5,171.0,171.0,4.5,4.0,4.0,4.0,12.0,76.0
14771,542.0,11.95,11.95,,,,,,,0.0,0.0,0.0,0.0,
14773,,89.99,89.99,,,4.0,54.0,54.0,4.0,9.0,5.0,11.0,20.0,55.0
14774,,12.99,12.99,,,4.4,256.0,256.0,4.4,6.0,4.0,5.0,11.0,74.0
14776,455.0,24.99,24.99,,,3.8,419.0,,,12.0,,12.0,15.0,50.0
14777,7.0,9.95,9.95,,,5.0,4.0,,,0.0,0.0,0.0,0.0,100.0
14778,1039.0,15.99,15.99,,,,,,,0.0,0.0,0.0,0.0,
14779,,10.99,10.99,,,5.0,1.0,1.0,5.0,0.0,0.0,0.0,0.0,100.0
14781,42.0,6.99,6.99,,,3.8,48.0,,,,,,,
14782,494.0,15.99,15.99,,,,,,,0.0,0.0,0.0,0.0,
14783,1433.0,29.0,29.0,,,4.4,84.0,84.0,4.4,4.0,2.0,8.0,22.0,64.0
14784,,9.99,9.99,,,4.7,3.0,3.0,4.7,0.0,0.0,0.0,,68.0
14785,93.0,9.95,9.95,,,5.0,1.0,1.0,5.0,0.0,0.0,0.0,0.0,100.0
14786,585.0,,,,,4.0,2.0,,,,,,,
14787,2520.0,12.88,12.88,,,3.5,8.0,8.0,3.5,18.0,0.0,,,
14789,,,,,,4.2,134.0,,,,,,,
14790,63.0,9.89,9.89,,,4.8,26.0,26.0,4.8,0.0,0.0,0.0,25.0,75.0
14791,701.0,15.99,15.99,,,,,,,,,,,
14792,225.0,11.95,11.95,,,,,,,0.0,0.0,0.0,0.0,
14793,60.0,9.95,9.95,,,4.4,7.0,7.0,4.4,0.0,0.0,,19.0,59.0
14794,323.0,9.49,9.49,,,,,,,,,,,
14795,2440.0,15.99,15.99,,,,,,,0.0,0.0,0.0,0.0,
14797,41.0,9.89,9.89,,,,6.0,6.0,,,0.0,0.0,0.0,54.0
14798,,9.58,9.58,,,4.2,2.0,2.0,4.2,0.0,0.0,0.0,,
14799,148.0,5.99,5.99,,,4.6,465.0,,,3.0,1.0,5.0,7.0,84.0
14800,,6.99,6.99,,,,,,,0.0,0.0,0.0,0.0,
14801,1227.0,6.99,6.99,,,5.0,3.0,,,,,,,
14802,,12.99,12.99,,,4.6,66.0,,,,,,,
14803,1965.0,8.99,8.99,,,3.9,8.0,8.0,3.9,18.0,0.0,0.0,,47.0
14804,1332.0,,,,,4.7,211.0,,,,,,,
14805,,15.99,15.99,,,5.0,4.0,4.0,5.0,0.0,0.0,0.0,0.0,100.0
14806,2466.0,,,,,4.6,,,,,,,,
14807,668.0,8.99,8.99,,,4.1,70.0,,,,,,,
14808,1150.0,15.99,15.99,,,,,,,,,,,
14809,,,,,,4.0,1.0,,,,,,,
14810,11.0,49.99,49.99,,300000000.0,4.3,700.0,,,,,,,
14811,,13.93,13.93,16.99,,4.4,10.0,10.0,4.4,14.0,0.0,0.0,0.0,86.0
14812,,9.71,9.71,,,,,,,0.0,0.0,0.0,0.0,
14813,,9.89,9.89,,,3.9,8.0,,,,,,,
14814,1651.0,13.95,13.95,13.95,,4.6,976.0,976.0,4.6,3.0,1.0,3.0,13.0,80.0
14817,,8.99,8.99,,,4.1,13.0,13.0,4.1,0.0,,16.0,10.0,60.0
14818,,7.99,7.99,,,4.0,15.0,15.0,4.0,14.0,0.0,16.0,7.0,63.0
14819,99.0,15.99,15.99,,,,,,,0.0,0.0,0.0,0.0,
14820,1703.0,18.29,18.29,33.59,,,,,,0.0,0.0,0.0,0.0,
14821,10.0,15.99,15.99,,,,1.0,1.0,,,0.0,0.0,0.0,
14822,,9.99,9.99,,,,2.0,2.0,,,0.0,0.0,0.0,30.0
14823,,9.56,9.56,,,5.0,1.0,1.0,5.0,0.0,0.0,0.0,0.0,100.0
14824,,9.89,9.89,,,3.9,21.0,,,,,,,
14825,100.0,14.99,14.99,,,4.6,168.0,168.0,4.6,2.0,2.0,6.0,14.0,76.0
14827,,13.38,13.38,,,3.8,9.0,,,,,,,
14828,,4.49,4.49,,,3.4,2.0,,,,,,,
14829,,8.99,8.99,,,4.4,85.0,,,,,,,
14830,,10.77,10.77,11.97,50000000.0,4.8,54.0,54.0,4.8,2.0,1.0,0.0,6.0,91.0
14831,,9.99,9.99,,,4.5,1306.0,1306.0,4.5,5.0,2.0,5.0,14.0,74.0
14832,,9.49,9.49,,,3.6,7.0,7.0,3.6,16.0,0.0,,,
14834,6.0,9.89,9.89,,,5.0,3.0,3.0,5.0,0.0,0.0,0.0,0.0,100.0
14835,,13.99,13.99,,,4.4,596.0,596.0,4.4,6.0,2.0,6.0,12.0,74.0
14836,1699.0,15.99,15.99,,,4.0,1.0,,,,,,,
14837,1524.0,13.99,13.99,,,4.4,134.0,134.0,4.4,4.0,3.0,8.0,14.0,71.0
14838,,9.89,9.89,,,5.0,1.0,1.0,5.0,0.0,0.0,0.0,0.0,100.0
14840,148.0,15.99,15.99,,,,,,,0.0,0.0,0.0,0.0,
14842,109.0,9.89,9.89,,,,,,,0.0,0.0,0.0,0.0,
14843,,15.99,15.99,,,4.1,163.0,,,,,,,
14844,,14.85,14.85,,,,,,,,,,,
14845,2039.0,3.49,3.49,,,4.3,32.0,,,,,,,
14846,,9.78,9.78,,,5.0,1.0,,,,,,,
14847,,13.98,13.98,,,5.0,3.0,3.0,5.0,0.0,0.0,0.0,0.0,100.0
14849,852.0,9.89,9.89,,,5.0,2.0,2.0,5.0,0.0,0.0,0.0,0.0,100.0
14851,,12.97,12.97,,,4.4,300.0,,,,,,,
14852,,8.69,8.69,,,,,,,0.0,0.0,0.0,0.0,
14853,62.0,9.49,9.49,,,4.4,8.0,8.0,4.4,0.0,0.0,11.0,,50.0
14854,,15.99,15.99,,,,2.0,2.0,,,0.0,0.0,0.0,51.0
14855,,9.89,9.89,,,5.0,7.0,,,,,,,
14856,430.0,15.99,15.99,,,4.4,157.0,157.0,4.4,5.0,2.0,8.0,10.0,75.0
14857,,11.29,11.29,14.99,,,,,,,,,,
14858,,9.14,9.14,,,,,,,0.0,0.0,0.0,0.0,
14859,,19.99,19.99,19.99,,,3.0,,,,0.0,0.0,0.0,56.0
14861,,24.99,24.99,,,4.4,39.0,,,6.0,0.0,5.0,18.0,71.0
14862,867.0,13.69,13.69,14.69,,4.2,77.0,77.0,4.2,4.0,3.0,,17.0,58.0
14863,,11.89,11.89,,,4.2,45.0,45.0,4.2,6.0,9.0,7.0,9.0,69.0
14864,,12.21,12.21,12.99,,4.3,1104.0,1104.0,4.3,9.0,2.0,4.0,12.0,73.0
14865,1838.0,,,,,4.6,28.0,,,,,,,
14866,2471.0,8.99,8.99,9.49,,3.7,5.0,,,,,,,
14868,1856.0,2.74,2.74,,,4.0,11.0,11.0,4.0,20.0,0.0,0.0,21.0,59.0
14871,,9.99,9.99,,,5.0,3.0,3.0,5.0,0.0,0.0,0.0,0.0,100.0
14872,,7.59,7.59,,,5.0,3.0,3.0,5.0,0.0,0.0,0.0,0.0,100.0
14873,,15.99,15.99,,,4.2,727.0,727.0,4.2,10.0,1.0,8.0,12.0,69.0
14874,,8.89,8.89,,,3.4,14.0,14.0,3.4,,0.0,9.0,11.0,47.0
14875,442.0,9.89,9.89,,,4.0,15.0,15.0,4.0,0.0,,11.0,0.0,62.0
14876,,9.49,9.49,,,4.2,11.0,11.0,4.2,14.0,0.0,13.0,0.0,73.0
14878,,35.39,35.39,,,4.0,52.0,52.0,4.0,12.0,3.0,13.0,9.0,63.0
14879,,8.75,8.75,9.99,,5.0,1.0,1.0,5.0,0.0,0.0,0.0,0.0,100.0
14880,20.0,15.99,15.99,,,,,,,0.0,0.0,0.0,0.0,
14882,,16.99,16.99,16.99,,4.5,310.0,310.0,4.5,3.0,2.0,8.0,14.0,73.0
14883,462.0,9.99,9.99,,,4.2,79.0,79.0,4.2,7.0,3.0,13.0,14.0,63.0
14885,38.0,9.89,9.89,,,5.0,3.0,3.0,5.0,0.0,0.0,0.0,0.0,100.0
14886,46.0,10.49,10.49,,,4.5,2.0,2.0,4.5,0.0,0.0,0.0,,52.0
14888,,9.98,9.98,,,,,,,0.0,0.0,0.0,0.0,
14890,1908.0,14.99,14.99,,,4.6,,,,3.0,2.0,5.0,13.0,77.0
14891,,12.99,12.99,,50000000.0,4.3,15.0,15.0,4.3,8.0,0.0,9.0,21.0,62.0
14892,,13.89,13.89,,,4.3,165.0,165.0,4.3,8.0,2.0,7.0,12.0,71.0
14894,,5.13,5.13,,,4.5,12.0,,,0.0,0.0,15.0,18.0,67.0
14895,559.0,13.97,13.97,,100000000.0,4.1,68.0,68.0,4.1,12.0,2.0,8.0,17.0,61.0
14896,,11.99,11.99,,,4.4,45.0,45.0,4.4,6.0,6.0,0.0,14.0,74.0
14897,903.0,34.99,34.99,,,,,,,,,,,
14902,76.0,9.49,9.49,,,5.0,3.0,,,,,,,
14903,1608.0,26.99,26.99,,,4.6,525.0,525.0,4.6,3.0,2.0,7.0,11.0,77.0
14904,411.0,9.89,9.89,,,4.6,8.0,,,,,,,
14906,1767.0,,,,,5.0,2.0,,,,,,,
14907,923.0,15.16,15.16,,,5.0,1.0,1.0,5.0,0.0,0.0,0.0,0.0,100.0
14908,,9.99,9.99,,,,1.0,1.0,,,0.0,0.0,0.0,
14909,,9.49,9.49,,,,,,,,,,,
14910,584.0,6.99,6.99,,,4.4,130.0,130.0,4.4,3.0,7.0,6.0,15.0,69.0
14912,,12.59,12.59,,,3.9,33.0,33.0,3.9,,0.0,7.0,7.0,64.0
14913,,12.49,12.49,19.82,,,,,,0.0,0.0,0.0,0.0,
14914,430.0,,,,,,,,,,,,,
14915,2283.0,,,,,,149.0,149.0,,,2.0,4.0,5.0,37.0
14916,597.0,,,,,5.0,3.0,3.0,5.0,0.0,0.0,0.0,0.0,100.0
14917,17.0,9.49,9.49,,,3.6,3.0,,,,,,,
14918,2030.0,,,,,,,,,,,,,
14920,,11.95,11.95,,,4.6,3.0,3.0,4.6,0.0,0.0,0.0,,58.0
14921,90.0,14.98,14.98,,,4.6,338.0,338.0,4.6,4.0,2.0,4.0,10.0,80.0
14922,364.0,9.89,9.89,,,4.0,3.0,3.0,4.0,0.0,0.0,0.0,,
14923,,8.69,8.69,,,5.0,1.0,1.0,5.0,0.0,0.0,0.0,0.0,100.0
14924,,8.49,8.49,,,4.2,23.0,23.0,4.2,14.0,0.0,0.0,20.0,66.0
14926,,7.98,7.98,,,4.0,10.0,10.0,4.0,14.0,0.0,13.0,15.0,58.0
14927,1391.0,19.99,19.99,,,3.7,99.0,99.0,3.7,20.0,4.0,12.0,14.0,50.0
14929,,7.69,7.69,,,5.0,1.0,1.0,5.0,0.0,0.0,0.0,0.0,100.0
14930,,,,,,4.3,392.0,392.0,4.3,8.0,3.0,5.0,13.0,71.0
14931,101.0,9.49,9.49,,,3.6,2.0,2.0,3.6,0.0,0.0,,0.0,32.0
14932,,,,,,4.1,55.0,,,,,,,
14933,,14.98,14.98,,,5.0,2.0,,,,,,,
14935,,24.99,24.99,,,,1.0,1.0,,0.0,0.0,,0.0,
14936,1478.0,26.99,26.99,,,3.4,17.0,,,,,,,
14937,,31.42,31.42,,,,,,,0.0,0.0,0.0,0.0,
14941,1172.0,8.49,8.49,,,5.0,2.0,2.0,5.0,0.0,0.0,0.0,0.0,100.0
14942,,7.87,7.87,,,,,,,0.0,0.0,0.0,0.0,
14944,,9.89,9.89,,,3.6,666.0,,,,,,,
14946,2106.0,7.99,7.99,,,4.7,15.0,15.0,4.7,0.0,0.0,0.0,,72.0
14947,2050.0,,,,,,,,,0.0,0.0,0.0,0.0,
14948,,,,,,3.8,20.0,,,,,,,
14949,,6.8,6.8,,,4.1,12.0,,,,,,,
14950,230.0,9.95,9.95,,,,,,,0.0,0.0,0.0,0.0,
14951,,,,,,4.5,33.0,,,5.0,0.0,8.0,15.0,72.0
14952,,11.95,11.95,,,5.0,1.0,1.0,5.0,0.0,0.0,0.0,0.0,100.0
14954,,5.99,5.99,,,4.6,13.0,,,,,,,
14955,49.0,9.89,9.89,,,5.0,8.0,8.0,5.0,0.0,0.0,0.0,0.0,100.0
14956,,9.99,9.99,,,4.1,43.0,,,,,,,
14958,111.0,9.95,9.95,,,3.5,2.0,,,0.0,0.0,,0.0,
14960,,9.49,9.49,,,5.0,2.0,2.0,5.0,0.0,0.0,0.0,0.0,100.0
14961,1571.0,15.99,15.99,,,,,,,0.0,0.0,0.0,0.0,
14962,,8.64,8.64,,,5.0,2.0,2.0,5.0,0.0,0.0,0.0,0.0,100.0
14963,1228.0,17.99,17.99,19.99,,4.6,3.0,3.0,4.6,0.0,0.0,0.0,,56.0
14965,599.0,9.89,9.89,,,4.1,13.0,13.0,4.1,0.0,9.0,11.0,,42.0
14966,,15.99,15.99,,,4.4,64.0,,,,,,,
14967,48.0,9.89,9.89,,,,9.0,9.0,,,0.0,,0.0,44.0
14968,174.0,9.49,9.49,,,,,,,0.0,0.0,0.0,0.0,
14969,,6.99,6.99,,,4.4,123.0,,,4.0,4.0,5.0,15.0,72.0
14970,,8.38,8.38,,,5.0,1.0,1.0,5.0,0.0,0.0,0.0,0.0,100.0
14971,,17.99,17.99,,,4.4,1885.0,,,,,,,
14973,,8.09,8.09,,,4.0,1.0,1.0,4.0,0.0,0.0,0.0,,
14974,,48.0,48.0,,,,4.0,4.0,,,0.0,0.0,0.0,53.0
14976,,9.99,9.99,,,4.2,26.0,,,,,,,
14977,,15.85,15.85,,,,,,,0.0,0.0,0.0,0.0,
14979,,2.4,2.4,,,,,,,0.0,0.0,0.0,0.0,
14981,701.0,55.99,55.99,55.99,,4.1,839.0,839.0,4.1,10.0,6.0,7.0,15.0,62.0
14982,2146.0,24.42,24.42,,,5.0,4.0,4.0,5.0,0.0,0.0,0.0,0.0,100.0
14984,,,,,,4.8,7.0,,,,,,,
14985,,29.99,29.99,39.99,50000000.0,4.8,178.0,178.0,4.8,0.0,0.0,3.0,14.0,83.0
14986,,,,,,4.8,7.0,7.0,4.8,0.0,0.0,0.0,22.0,78.0
14987,,11.95,11.95,,,5.0,1.0,,,,,,,
14988,2469.0,29.98,29.98,,,4.6,1143.0,,,3.0,2.0,4.0,8.0,83.0
14989,,16.95,16.95,,,,,,,,,,,
14991,76.0,,,,,,20.0,20.0,,,8.0,,16.0,
14992,24.0,,,,,4.5,1311.0,,,3.0,3.0,7.0,16.0,71.0
14993,,13.98,13.98,,,,,,,,,,,
14994,,13.98,13.98,,,5.0,1.0,1.0,5.0,0.0,0.0,0.0,0.0,100.0
14997,2501.0,9.99,9.99,,,,,,,0.0,0.0,0.0,0.0,
14998,2281.0,35.99,35.99,,,4.3,181.0,181.0,4.3,8.0,5.0,5.0,11.0,71.0
15001,564.0,29.0,29.0,,,4.3,205.0,205.0,4.3,5.0,4.0,9.0,15.0,67.0
15002,748.0,8.49,8.49,,,,,,,,,,,
15003,,10.99,10.99,,,,,,,,,,,
15004,460.0,9.87,9.87,,,4.4,582.0,582.0,4.4,4.0,3.0,6.0,15.0,72.0
15005,,5.99,5.99,,,4.3,8.0,8.0,4.3,0.0,0.0,,15.0,58.0
15006,,,,,,5.0,8.0,8.0,5.0,0.0,0.0,0.0,0.0,100.0
15008,,5.8,5.8,,,4.0,27.0,,,,,,,
15010,,9.49,9.49,,,,1.0,,,0.0,0.0,,0.0,
15011,,29.99,29.99,,200000000.0,4.5,,,,5.0,2.0,7.0,11.0,75.0
15012,156.0,9.49,9.49,,,,,,,,,,,
15013,,27.21,27.21,28.9,,4.5,96.0,96.0,4.5,6.0,2.0,6.0,9.0,77.0
15014,158.0,9.49,9.49,,,,,,,0.0,0.0,0.0,0.0,
15016,807.0,,,,,4.8,72.0,,,,,,,
15017,,14.99,14.99,,,4.6,1848.0,,,2.0,1.0,5.0,11.0,81.0
15018,333.0,15.99,15.99,,,,,,,0.0,0.0,0.0,0.0,
15019,255.0,6.64,6.64,,,5.0,3.0,3.0,5.0,0.0,0.0,0.0,0.0,100.0
15020,274.0,15.99,15.99,,,,,,,0.0,0.0,0.0,0.0,
15021,,9.99,9.99,,,3.8,2.0,2.0,3.8,0.0,0.0,,0.0,43.0
15022,111.0,,,,,,,,,0.0,0.0,0.0,0.0,
15023,,19.25,19.25,,,3.4,12.0,12.0,3.4,,0.0,0.0,17.0,47.0
15025,1446.0,8.99,8.99,,,4.4,94.0,94.0,4.4,6.0,2.0,5.0,16.0,71.0
15026,1689.0,,,,,4.7,,,,,,,,
15027,170.0,9.49,9.49,,,,1.0,1.0,,0.0,0.0,,0.0,
15028,,9.49,9.49,,,5.0,1.0,1.0,5.0,0.0,0.0,0.0,0.0,100.0
15031,,7.99,7.99,,,5.0,1.0,,,,,,,
15032,195.0,15.99,15.99,,,,1.0,,,,,,,
15033,22.0,15.99,15.99,,,,,,,0.0,0.0,0.0,0.0,
15034,23.0,15.99,15.99,,,,,,,0.0,0.0,0.0,0.0,
15036,291.0,15.99,15.99,,,,,,,0.0,0.0,0.0,0.0,
15037,,9.27,9.27,,,,,,,0.0,0.0,0.0,0.0,
15041,,,,,,4.3,45.0,,,,,,,
15042,,8.69,8.69,,,,,,,,,,,
15043,449.0,,,,,4.7,7.0,,,0.0,0.0,0.0,,73.0
15044,85.0,56.9,56.9,59.9,50000000.0,3.9,513.0,,,,,,,
15046,,15.99,15.99,,,,2.0,2.0,,,0.0,0.0,0.0,
15047,,9.99,9.99,,,4.4,132.0,132.0,4.4,5.0,3.0,5.0,14.0,73.0
15052,1057.0,15.99,15.99,,,,,,,0.0,0.0,0.0,0.0,
15055,,14.19,14.19,,,,,,,0.0,0.0,0.0,0.0,
15056,,12.98,12.98,,,4.2,16.0,16.0,4.2,13.0,0.0,9.0,10.0,68.0
15058,,,,,,4.3,8.0,8.0,4.3,0.0,,0.0,17.0,66.0
15061,117.0,9.89,9.89,,,4.5,8.0,8.0,4.5,0.0,0.0,16.0,21.0,63.0
15062,,9.49,9.49,,,,1.0,1.0,,0.0,0.0,,0.0,
15064,,28.99,28.99,,,4.4,,,4.4,5.0,3.0,8.0,14.0,70.0
15067,844.0,,,,,4.6,39.0,,,6.0,0.0,5.0,6.0,83.0
15071,75.0,9.49,9.49,,,4.0,3.0,,,0.0,0.0,,,
15073,,9.99,9.99,,,4.2,65.0,,,6.0,5.0,13.0,11.0,65.0
15075,440.0,9.95,9.95,,,,,,,0.0,0.0,0.0,0.0,
15080,,10.88,10.88,,,,,,,0.0,0.0,0.0,0.0,
15084,114.0,9.49,9.49,,,,,,,0.0,0.0,0.0,0.0,
15085,155.0,9.89,9.89,,,,,,,0.0,0.0,0.0,0.0,
15087,,9.49,9.49,,,4.6,2.0,2.0,4.6,0.0,0.0,0.0,,59.0
15089,166.0,9.49,9.49,,,5.0,1.0,,,,,,,
15090,167.0,9.49,9.49,,,3.6,6.0,6.0,3.6,0.0,,,0.0,39.0
15092,,9.95,9.95,,,,,,,,,,,
15093,2552.0,9.99,9.99,,,4.6,5.0,5.0,4.6,0.0,0.0,0.0,,63.0
15094,,27.51,27.51,29.9,,4.0,53.0,53.0,4.0,15.0,0.0,11.0,19.0,55.0
15095,177.0,9.49,9.49,,,,,,,0.0,0.0,0.0,0.0,
15098,207.0,9.49,9.49,,,,,,,0.0,0.0,0.0,0.0,
15099,827.0,9.49,9.49,,,,,,,0.0,0.0,0.0,0.0,
15102,373.0,123.21,123.21,129.99,,5.0,2.0,2.0,5.0,0.0,0.0,0.0,0.0,100.0
15103,159.0,9.49,9.49,,,3.4,2.0,2.0,3.4,0.0,,0.0,0.0,45.0
15104,192.0,15.99,15.99,,,,,,,0.0,0.0,0.0,0.0,
15106,166.0,4.99,4.99,,,4.6,,,,4.0,1.0,4.0,8.0,83.0
15107,135.0,2.99,2.99,4.99,,4.5,,,,4.0,1.0,7.0,10.0,78.0
15108,472.0,9.49,9.49,,,,,,,0.0,0.0,0.0,0.0,
15109,155.0,5.99,5.99,,,4.5,31.0,,,10.0,0.0,3.0,4.0,83.0
15118,168.0,9.89,9.89,,,4.8,9.0,9.0,4.8,0.0,0.0,0.0,19.0,81.0
15124,,9.27,9.27,,,,,,,,,,,
15130,,,,,,4.0,20.0,20.0,4.0,11.0,9.0,8.0,13.0,59.0
15135,38.0,15.99,15.99,,,,,,,0.0,0.0,0.0,0.0,
15145,215.0,15.99,15.99,,,,,,,0.0,0.0,0.0,0.0,
15150,366.0,15.99,15.99,,,,,,,0.0,0.0,0.0,0.0,
15179,1751.0,15.99,15.99,,,,,,,0.0,0.0,0.0,0.0,
15184,219.0,15.99,15.99,,,,,,,0.0,0.0,0.0,0.0,
15212,,,15.99,,,,,,,0.0,0.0,0.0,0.0,
15226,,15.99,15.99,,,5.0,1.0,,,0.0,0.0,0.0,0.0,100.0
15240,26.0,,,,1000000.0,4.0,2109.0,2109.0,4.0,16.0,5.0,5.0,10.0,64.0
15242,2.0,,,,2000000.0,4.3,1475.0,1475.0,4.3,10.0,2.0,4.0,10.0,74.0
15246,4.0,162.68,162.68,,3000000.0,4.3,,,4.3,10.0,2.0,4.0,9.0,75.0
15247,,,,,400000000.0,4.3,184.0,184.0,4.3,11.0,2.0,5.0,10.0,72.0
15248,27.0,,,,,4.2,931.0,931.0,4.2,12.0,3.0,4.0,12.0,69.0
15250,36.0,,,,1000000.0,4.2,,,4.2,12.0,4.0,6.0,10.0,68.0
15251,17.0,157.15,157.15,179.99,1000000.0,4.3,,,4.3,10.0,3.0,5.0,11.0,71.0
15255,259.0,,,,50000000.0,,,,,,,,,
15256,124.0,,,,400000000.0,4.2,,,,,,,,
15257,5.0,,,,,4.1,162.0,162.0,4.1,12.0,5.0,5.0,11.0,67.0
15258,31.0,99.99,99.99,99.99,,4.5,711.0,711.0,4.5,6.0,1.0,4.0,11.0,78.0
15259,41.0,,,,,4.5,,,4.5,5.0,2.0,4.0,12.0,77.0
15260,10.0,89.99,89.99,,1000000.0,4.2,,,4.2,12.0,2.0,5.0,11.0,70.0
15261,5.0,,,,,4.6,154.0,,,,,,,
15262,273.0,,,,100000000.0,4.1,121.0,121.0,4.1,12.0,4.0,6.0,15.0,63.0
15263,194.0,,,,100000000.0,4.1,10.0,10.0,4.1,13.0,,0.0,0.0,74.0
15264,23.0,94.09,94.09,103.8,200000000.0,4.2,60.0,60.0,4.2,14.0,2.0,3.0,10.0,71.0
15265,182.0,149.99,149.99,179.99,50000000.0,4.2,182.0,182.0,4.2,11.0,4.0,7.0,10.0,68.0
15266,121.0,129.95,129.95,,100000000.0,4.1,149.0,149.0,4.1,15.0,2.0,6.0,13.0,64.0
15267,117.0,138.24,138.24,,100000000.0,4.3,677.0,677.0,4.3,9.0,3.0,5.0,12.0,71.0
15268,107.0,179.0,179.0,213.0,100000000.0,4.5,1671.0,1671.0,4.5,7.0,1.0,4.0,8.0,80.0
15269,2.0,139.95,139.95,,,3.9,505.0,505.0,3.9,21.0,3.0,4.0,8.0,64.0
15270,26.0,,,,50000000.0,,,,,,,,,
15271,11.0,68.95,68.95,113.99,200000000.0,4.1,246.0,246.0,4.1,11.0,6.0,8.0,7.0,68.0
15272,681.0,49.99,49.99,,100000000.0,4.1,85.0,85.0,4.1,17.0,3.0,3.0,8.0,69.0
15273,81.0,,,,50000000.0,4.5,2.0,2.0,4.5,0.0,0.0,0.0,,50.0
15274,252.0,199.99,199.99,,,3.9,3.0,3.0,3.9,0.0,,0.0,0.0,63.0
15275,714.0,,,,,4.4,17.0,17.0,4.4,8.0,0.0,8.0,13.0,71.0
15277,46.0,,,,,4.4,,,4.4,8.0,2.0,5.0,10.0,75.0
15278,107.0,56.16,56.16,,50000000.0,4.1,358.0,358.0,4.1,14.0,5.0,4.0,10.0,67.0
15279,16.0,37.99,37.99,,300000000.0,4.5,,,4.5,5.0,1.0,4.0,12.0,78.0
15281,78.0,,,,,4.9,11.0,11.0,4.9,0.0,0.0,0.0,13.0,87.0
15282,342.0,,,,50000000.0,5.0,1.0,,,,,,,
15283,126.0,74.95,74.95,79.99,50000000.0,,,,,0.0,0.0,0.0,0.0,
15284,75.0,,,239.99,100000000.0,4.3,26.0,,,,,,,
15285,273.0,119.0,119.0,,50000000.0,4.2,72.0,,,,,,,
15286,552.0,,,,,,,,,,,,,
15287,62.0,149.99,149.99,149.99,,4.5,,,,,,,,
15288,39.0,64.99,64.99,,,4.3,,,4.3,9.0,3.0,5.0,11.0,72.0
15289,550.0,,,,,,,,,,,,,
15290,125.0,,,,100000000.0,,,,,,,,,
15291,126.0,79.0,79.0,119.95,100000000.0,4.1,27.0,,,,,,,
15292,156.0,,,,,4.3,1617.0,1617.0,4.3,13.0,2.0,3.0,7.0,75.0
15293,338.0,99.99,99.99,,100000000.0,3.6,9.0,9.0,3.6,,0.0,0.0,14.0,54.0
15294,1705.0,199.99,199.99,,,,3.0,3.0,,,,0.0,0.0,37.0
15296,385.0,,,,,,,,,,,,,
15297,1220.0,,,,,3.4,4.0,4.0,3.4,,0.0,,0.0,48.0
15298,67.0,,,,50000000.0,3.8,9.0,9.0,3.8,17.0,10.0,0.0,15.0,58.0
15299,18.0,,,,,,172.0,172.0,,,8.0,11.0,17.0,33.0
15300,26.0,129.99,129.99,159.99,100000000.0,4.0,42.0,42.0,4.0,14.0,6.0,5.0,15.0,60.0
15301,1.0,89.99,89.99,,300000000.0,4.2,46.0,46.0,4.2,12.0,3.0,8.0,4.0,73.0
15304,69.0,94.95,94.95,,50000000.0,4.1,281.0,,,,,,,
15305,139.0,,,,,3.4,104.0,,,,,,,
15306,546.0,,,,,4.4,,,4.4,6.0,3.0,5.0,11.0,75.0
15307,2009.0,,,,,4.4,356.0,356.0,4.4,8.0,2.0,5.0,11.0,74.0
15308,195.0,,,,,3.8,4.0,,,,,,,
15310,211.0,144.99,144.99,,,4.1,1493.0,1493.0,4.1,13.0,3.0,8.0,10.0,66.0
15311,591.0,,,,,,,,,0.0,0.0,0.0,0.0,
15312,12.0,14.99,14.99,14.99,,4.6,,,4.6,3.0,2.0,5.0,11.0,79.0
15313,6.0,23.5,23.5,24.99,1000000.0,4.1,,,4.1,12.0,3.0,8.0,11.0,66.0
15314,50.0,59.99,59.99,,100000000.0,4.2,20.0,20.0,4.2,7.0,7.0,0.0,25.0,61.0
15315,193.0,189.99,189.99,189.99,,4.2,19.0,19.0,4.2,12.0,7.0,0.0,9.0,72.0
15316,29.0,168.9,168.9,249.0,,4.2,1842.0,,,,,,,
15317,224.0,,,,,4.6,15.0,15.0,4.6,0.0,0.0,8.0,22.0,70.0
15318,483.0,137.77,137.77,,,4.3,81.0,81.0,4.3,9.0,2.0,6.0,15.0,68.0
15319,242.0,,,,100000000.0,,,,,,,,,
15320,84.0,9.99,9.99,,400000000.0,4.2,202.0,202.0,4.2,12.0,3.0,4.0,12.0,69.0
15321,206.0,,,,,4.0,17.0,17.0,4.0,,0.0,0.0,0.0,77.0
15322,620.0,,,,,4.2,57.0,57.0,4.2,11.0,2.0,7.0,14.0,66.0
15323,312.0,,,,50000000.0,,,,,,,,,
15324,42.0,38.99,38.99,,,4.6,85.0,85.0,4.6,5.0,0.0,4.0,5.0,86.0
15325,447.0,89.99,89.99,,,4.2,31.0,31.0,4.2,9.0,6.0,6.0,15.0,64.0
15326,282.0,89.99,89.99,,,3.9,57.0,57.0,3.9,20.0,2.0,9.0,7.0,62.0
15327,24.0,,,,400000000.0,,,,,,,,,
15328,76.0,89.99,89.99,,50000000.0,4.1,195.0,195.0,4.1,14.0,3.0,5.0,10.0,68.0
15330,86.0,38.98,38.98,,100000000.0,4.2,244.0,244.0,4.2,13.0,3.0,4.0,8.0,72.0
15333,246.0,59.99,59.99,,50000000.0,4.2,157.0,157.0,4.2,10.0,4.0,7.0,14.0,65.0
15334,75.0,29.99,29.99,,300000000.0,4.7,406.0,406.0,4.7,2.0,1.0,3.0,9.0,85.0
15335,508.0,160.07,160.07,177.0,,,11.0,,,,,,,
15336,444.0,,,,,3.8,37.0,,,,,,,
15337,5.0,15.88,15.88,,,4.7,1763.0,1763.0,4.7,2.0,1.0,4.0,13.0,80.0
15338,422.0,89.99,89.99,,,,,,,0.0,0.0,0.0,0.0,
15339,16.0,72.95,72.95,104.0,50000000.0,4.4,122.0,122.0,4.4,8.0,4.0,2.0,9.0,77.0
15340,218.0,144.99,144.99,144.99,50000000.0,,13.0,13.0,,,10.0,0.0,0.0,46.0
15341,180.0,13.49,13.49,,200000000.0,4.7,351.0,351.0,4.7,3.0,1.0,4.0,6.0,86.0
15342,430.0,,,,,4.1,264.0,264.0,4.1,10.0,5.0,7.0,13.0,65.0
15343,67.0,,,,,5.0,6.0,6.0,5.0,0.0,0.0,0.0,0.0,100.0
15344,53.0,,,,200000000.0,,,,,,,,,
15345,1417.0,,,,,4.3,264.0,264.0,4.3,8.0,2.0,7.0,14.0,69.0
15346,35.0,,,,,4.1,106.0,106.0,4.1,13.0,4.0,5.0,15.0,63.0
15347,217.0,109.99,109.99,157.16,,4.0,30.0,,,,,,,
15349,,19.99,19.99,,400000000.0,4.4,536.0,536.0,4.4,7.0,2.0,7.0,6.0,78.0
15351,35.0,19.99,19.99,,300000000.0,4.2,508.0,508.0,4.2,11.0,4.0,3.0,11.0,71.0
15352,382.0,31.99,31.99,34.99,,5.0,1.0,,,,,,,
15353,626.0,94.99,94.99,103.49,,4.1,277.0,277.0,4.1,14.0,1.0,9.0,10.0,66.0
15354,315.0,16.99,16.99,,,,2.0,2.0,,,0.0,0.0,0.0,49.0
15355,170.0,,,,,4.6,1282.0,1282.0,4.6,4.0,1.0,5.0,12.0,78.0
15357,427.0,,,,,,,,,0.0,0.0,0.0,0.0,
15358,2051.0,,,,,4.3,10.0,10.0,4.3,0.0,,0.0,0.0,78.0
15359,120.0,109.99,109.99,,300000000.0,4.8,20.0,,,,,,,
15360,616.0,,,,,,3.0,3.0,,,0.0,0.0,0.0,39.0
15361,89.0,209.0,209.0,257.5,,,4.0,4.0,,,,0.0,,31.0
15363,167.0,13.49,13.49,,,4.2,169.0,169.0,4.2,12.0,2.0,6.0,9.0,71.0
15364,,13.98,13.98,16.98,100000000.0,5.0,8.0,,,,,,,
15365,332.0,142.99,142.99,,100000000.0,4.5,1376.0,1376.0,4.5,6.0,3.0,4.0,9.0,78.0
15367,36.0,13.99,13.99,,,4.5,1639.0,1639.0,4.5,5.0,2.0,5.0,10.0,78.0
15368,201.0,12.99,12.99,,100000000.0,4.3,80.0,80.0,4.3,8.0,2.0,5.0,16.0,69.0
15369,1216.0,9.99,9.99,,,5.0,3.0,3.0,5.0,0.0,0.0,0.0,0.0,100.0
15371,412.0,22.99,22.99,22.99,100000000.0,4.5,28.0,28.0,4.5,0.0,5.0,7.0,19.0,69.0
15372,593.0,13.34,13.34,14.99,,4.4,6.0,6.0,4.4,0.0,0.0,,20.0,59.0
15373,36.0,,,,,4.4,101.0,,,,,,,
15374,265.0,18.79,18.79,26.99,100000000.0,4.6,67.0,67.0,4.6,5.0,0.0,4.0,5.0,86.0
15375,106.0,23.99,23.99,23.99,100000000.0,4.7,130.0,130.0,4.7,1.0,0.0,4.0,14.0,81.0
15376,18.0,26.97,26.97,31.99,400000000.0,4.6,331.0,331.0,4.6,5.0,2.0,4.0,6.0,83.0
15377,,16.99,16.99,19.99,50000000.0,4.6,12.0,12.0,4.6,0.0,0.0,,0.0,78.0
15378,161.0,,,,,,171.0,171.0,,,2.0,10.0,7.0,43.0
15379,585.0,16.99,16.99,,50000000.0,4.0,68.0,,,,,,,
15380,388.0,109.0,109.0,109.0,,4.1,444.0,444.0,4.1,13.0,3.0,9.0,11.0,64.0
15381,209.0,,,,50000000.0,,,,,,,,,
15382,314.0,9.99,9.99,,100000000.0,4.7,166.0,,,,,,,
15383,229.0,,,,,4.6,2559.0,,,,,,,
15384,59.0,,18.99,,,,,,,0.0,0.0,0.0,0.0,
15386,670.0,11.99,11.99,,50000000.0,4.6,73.0,73.0,4.6,4.0,0.0,2.0,14.0,80.0
15387,230.0,14.99,14.99,,,4.6,481.0,481.0,4.6,3.0,2.0,5.0,13.0,77.0
15388,353.0,26.9,26.9,26.9,100000000.0,4.5,78.0,78.0,4.5,4.0,0.0,8.0,11.0,77.0
15390,,,13.99,,,,,,,0.0,0.0,0.0,0.0,
15391,10.0,12.99,12.99,,400000000.0,4.6,36.0,36.0,4.6,6.0,0.0,4.0,6.0,84.0
15392,72.0,8.99,8.99,,50000000.0,4.5,201.0,201.0,4.5,5.0,2.0,5.0,10.0,78.0
15393,377.0,12.99,12.99,16.0,,4.5,165.0,165.0,4.5,5.0,1.0,3.0,16.0,75.0
15395,,22.16,22.16,,,,,,,0.0,0.0,0.0,0.0,
15396,96.0,19.19,19.19,23.99,100000000.0,4.3,91.0,91.0,4.3,7.0,1.0,12.0,14.0,66.0
15397,278.0,22.89,22.89,,50000000.0,4.0,99.0,,,,,,,
15398,45.0,16.19,16.19,,200000000.0,4.6,707.0,707.0,4.6,5.0,1.0,5.0,8.0,81.0
15399,173.0,,,,100000000.0,,,,,,,,,
15400,24.0,8.99,8.99,,300000000.0,4.6,597.0,597.0,4.6,3.0,1.0,5.0,11.0,80.0
15401,,26.99,26.99,,50000000.0,4.4,143.0,143.0,4.4,10.0,0.0,3.0,11.0,76.0
15402,,24.5,24.5,,,4.7,1099.0,1099.0,4.7,4.0,1.0,3.0,6.0,86.0
15403,192.0,18.99,18.99,,,4.7,1578.0,1578.0,4.7,3.0,2.0,3.0,9.0,83.0
15404,385.0,,,,50000000.0,,,,,,,,,
15405,30.0,,,,100000000.0,,,,,,,,,
15406,238.0,7.99,7.99,,50000000.0,4.6,561.0,561.0,4.6,3.0,2.0,3.0,12.0,80.0
15408,344.0,14.99,14.99,,100000000.0,4.3,61.0,61.0,4.3,4.0,4.0,12.0,16.0,64.0
15409,32.0,19.99,19.99,23.99,300000000.0,4.6,331.0,331.0,4.6,5.0,2.0,4.0,6.0,83.0
15410,44.0,16.99,16.99,,200000000.0,4.5,105.0,105.0,4.5,6.0,1.0,3.0,8.0,82.0
15412,379.0,9.99,9.99,,100000000.0,4.1,38.0,38.0,4.1,10.0,5.0,7.0,13.0,65.0
15414,143.0,13.99,13.99,,200000000.0,4.3,83.0,83.0,4.3,7.0,5.0,8.0,10.0,70.0
15415,139.0,199.99,199.99,249.99,50000000.0,,72.0,72.0,,,4.0,7.0,14.0,40.0
15416,30.0,13.99,13.99,,100000000.0,4.5,172.0,,,,,,,
15417,54.0,13.99,13.99,,50000000.0,4.5,482.0,482.0,4.5,4.0,1.0,6.0,13.0,76.0
15418,541.0,,,,50000000.0,,,,,,,,,
15419,112.0,,,,100000000.0,,,,,,,,,
15420,192.0,15.99,15.99,,50000000.0,4.1,369.0,,,,,,,
15422,399.0,9.99,9.99,,50000000.0,4.4,65.0,65.0,4.4,5.0,3.0,5.0,14.0,73.0
15423,451.0,,8.99,,,,1.0,,,0.0,0.0,,0.0,
15425,156.0,18.99,18.99,,100000000.0,4.5,59.0,,,,,,,
15426,747.0,,11.99,,,,,,,0.0,0.0,0.0,0.0,
15427,108.0,18.99,18.99,,,4.7,1336.0,1336.0,4.7,2.0,1.0,3.0,10.0,84.0
15428,,,25.46,,,4.6,9.0,,,,,,,
15429,7.0,,,,,4.2,814.0,814.0,4.2,11.0,3.0,8.0,9.0,69.0
15430,,19.99,19.99,,,,,,,,,,,
15431,179.0,,13.99,,,,,,,0.0,0.0,0.0,0.0,
15432,22.0,9.99,9.99,,200000000.0,4.3,156.0,156.0,4.3,12.0,0.0,2.0,10.0,76.0
15433,,,14.99,,,,,,,0.0,0.0,0.0,0.0,
15434,,13.33,13.33,,,,,,,0.0,0.0,0.0,0.0,
15435,19.0,9.33,,,,4.3,175.0,,,3.0,3.0,14.0,21.0,59.0
15436,,,8.99,,,3.6,2.0,,,0.0,,0.0,0.0,55.0
15437,,,42.9,,,,,,,,,,,
15438,,,,,,3.4,10.0,,,14.0,,,13.0,36.0
15439,241.0,,13.99,,,4.7,34.0,,,0.0,0.0,5.0,16.0,79.0
15441,2527.0,10.99,10.99,,,4.3,309.0,309.0,4.3,7.0,6.0,6.0,11.0,70.0
15442,144.0,12.95,12.95,,,5.0,2.0,2.0,5.0,0.0,0.0,0.0,0.0,100.0
15443,137.0,12.99,12.99,15.99,200000000.0,4.3,146.0,146.0,4.3,7.0,5.0,5.0,12.0,71.0
15444,255.0,,,,,,112.0,112.0,,,7.0,5.0,8.0,44.0
15446,543.0,9.99,9.99,,,4.3,20.0,20.0,4.3,14.0,0.0,0.0,16.0,70.0
15447,154.0,13.49,13.49,,,4.7,2012.0,2012.0,4.7,2.0,1.0,4.0,9.0,84.0
15448,376.0,8.99,8.99,,,4.7,471.0,471.0,4.7,2.0,3.0,3.0,8.0,84.0
15450,77.0,19.99,19.99,21.99,100000000.0,4.1,312.0,312.0,4.1,9.0,5.0,12.0,11.0,63.0
15451,80.0,,12.84,,,4.6,2125.0,,,,,,,
15452,373.0,23.63,23.63,24.88,,4.4,34.0,,,5.0,5.0,6.0,9.0,75.0
15453,934.0,,14.99,,,3.8,3.0,,,0.0,0.0,,0.0,38.0
15454,8.0,,,,10000000.0,,,,,,,,,
15455,12.0,59.99,59.99,79.99,5000000.0,4.5,1175.0,1175.0,4.5,6.0,1.0,5.0,11.0,77.0
15456,1.0,79.99,79.99,129.99,10000000.0,4.5,167.0,,,7.0,2.0,3.0,10.0,78.0
15457,19.0,,,,2000000.0,,,,,,,,,
15458,3.0,,,,6000000.0,,,,,,,,,
15459,6.0,,,,4000000.0,4.1,1024.0,,,,,,,
15460,2.0,139.99,139.99,199.99,1000000.0,4.2,2654.0,2654.0,4.2,11.0,2.0,5.0,13.0,69.0
15461,12.0,,,,2000000.0,4.6,1194.0,,,,,,,
15462,1.0,138.0,138.0,169.99,10000000.0,4.1,,,4.1,13.0,3.0,5.0,13.0,66.0
15463,4.0,,,,5000000.0,,,,,,,,,
15464,1.0,,,,2000000.0,4.3,586.0,586.0,4.3,11.0,2.0,5.0,12.0,70.0
15465,10.0,,,,3000000.0,,,,,,,,,
15466,5.0,,,,5000000.0,,,,,,,,,
15467,8.0,,,,3000000.0,,,,,,,,,
15468,27.0,,,,,4.4,218.0,218.0,4.4,8.0,2.0,4.0,14.0,72.0
15469,4.0,,,,2000000.0,4.3,107.0,107.0,4.3,9.0,5.0,4.0,8.0,74.0
15470,15.0,,,,2000000.0,4.4,1453.0,,,7.0,3.0,5.0,12.0,73.0
15471,37.0,129.99,129.99,,,4.6,1355.0,1355.0,4.6,4.0,1.0,4.0,11.0,80.0
15472,2.0,,,,1000000.0,4.0,896.0,896.0,4.0,16.0,4.0,5.0,13.0,62.0
15473,56.0,,,,300000000.0,4.5,81.0,81.0,4.5,6.0,2.0,7.0,8.0,77.0
15476,35.0,118.0,118.0,129.99,1000000.0,4.4,564.0,564.0,4.4,8.0,2.0,6.0,12.0,72.0
15477,28.0,,,,,4.3,343.0,343.0,4.3,11.0,2.0,3.0,11.0,73.0
15478,13.0,159.99,159.99,229.99,2000000.0,4.5,,3084.0,4.5,6.0,2.0,5.0,12.0,75.0
15479,48.0,99.99,99.99,129.99,50000000.0,4.3,1054.0,,,,,,,
15480,35.0,,,,,4.0,536.0,536.0,4.0,16.0,4.0,5.0,14.0,61.0
15481,49.0,,,,,4.4,1980.0,1980.0,4.4,8.0,2.0,4.0,12.0,74.0
15482,45.0,99.99,99.99,129.99,,4.5,1327.0,,,,,,,
15483,65.0,,,,300000000.0,4.3,997.0,997.0,4.3,8.0,2.0,6.0,13.0,71.0
15484,113.0,,,,100000000.0,4.5,33.0,33.0,4.5,0.0,4.0,6.0,22.0,68.0
15485,63.0,,,,200000000.0,4.3,238.0,238.0,4.3,10.0,3.0,3.0,12.0,72.0
15487,10.0,,,,100000000.0,3.8,29.0,29.0,3.8,19.0,4.0,6.0,12.0,59.0
15488,11.0,,,,,4.3,415.0,,,,,,,
15489,24.0,128.0,128.0,128.0,1000000.0,4.6,385.0,385.0,4.6,5.0,2.0,3.0,8.0,82.0
15490,57.0,,,,,4.4,757.0,,,,,,,
15491,13.0,,,,100000000.0,4.0,55.0,55.0,4.0,19.0,2.0,7.0,0.0,72.0
15492,133.0,,,,,4.3,1147.0,1147.0,4.3,8.0,4.0,5.0,13.0,70.0
15493,76.0,,,,,4.5,,,4.5,6.0,1.0,4.0,10.0,79.0
15494,53.0,,,,300000000.0,4.5,1643.0,1643.0,4.5,5.0,1.0,5.0,13.0,76.0
15496,29.0,129.99,129.99,129.99,1000000.0,4.6,1524.0,,,,,,,
15497,317.0,,,,,,,,,0.0,0.0,0.0,0.0,
15499,154.0,,,,100000000.0,,,,,,,,,
15501,29.0,,,,300000000.0,,,,,,,,,
15502,43.0,,,,200000000.0,,,,,,,,,
15503,51.0,99.99,99.99,99.99,,4.2,1892.0,1892.0,4.2,9.0,4.0,6.0,14.0,67.0
15504,55.0,,,,200000000.0,,,,,,,,,
15505,57.0,,,,,4.5,123.0,123.0,4.5,8.0,2.0,1.0,4.0,85.0
15507,5.0,29.0,29.0,39.99,10000000.0,4.6,1448.0,1448.0,4.6,6.0,1.0,2.0,9.0,82.0
15510,68.0,,,,,4.3,1536.0,,,,,,,
15511,152.0,,,,100000000.0,4.3,785.0,785.0,4.3,9.0,3.0,7.0,11.0,70.0
15512,43.0,196.99,196.99,,,4.2,49.0,49.0,4.2,11.0,3.0,7.0,13.0,66.0
15514,18.0,,,,,4.2,42.0,42.0,4.2,15.0,2.0,4.0,4.0,75.0
15516,85.0,,,,,4.4,1096.0,,,,,,,
15517,366.0,,,,,,,,,0.0,0.0,0.0,0.0,
15518,86.0,,,,50000000.0,4.4,139.0,139.0,4.4,11.0,1.0,3.0,9.0,76.0
15519,21.0,,,,400000000.0,,,,,,,,,
15521,83.0,,,,,3.6,22.0,22.0,3.6,,0.0,0.0,16.0,53.0
15522,177.0,,,,,4.2,21.0,21.0,4.2,6.0,6.0,12.0,7.0,69.0
15523,90.0,,,,100000000.0,4.3,409.0,409.0,4.3,9.0,3.0,5.0,10.0,73.0
15524,128.0,,,,,4.2,,,4.2,11.0,3.0,5.0,14.0,67.0
15525,130.0,197.99,197.99,197.99,200000000.0,4.6,,,4.6,5.0,1.0,3.0,13.0,78.0
15526,1960.0,149.99,149.99,,1000000.0,4.4,488.0,,,,,,,
15527,48.0,,,,,4.5,,3084.0,4.5,6.0,2.0,5.0,12.0,75.0
15528,627.0,197.99,197.99,,,4.2,32.0,32.0,4.2,7.0,,0.0,17.0,64.0
15529,238.0,,,,,4.1,14.0,14.0,4.1,12.0,0.0,15.0,10.0,63.0
15530,125.0,,,,,4.6,744.0,744.0,4.6,4.0,1.0,4.0,12.0,79.0
15531,430.0,79.99,79.99,,,3.6,6.0,6.0,3.6,,0.0,0.0,0.0,64.0
15532,24.0,,,,300000000.0,4.5,183.0,,,8.0,2.0,2.0,8.0,80.0
15533,121.0,,,,,3.4,32.0,32.0,3.4,,4.0,10.0,5.0,51.0
15535,8.0,28.4,28.4,36.99,4000000.0,4.2,,,4.2,10.0,4.0,8.0,11.0,67.0
15536,204.0,,,,50000000.0,,,,,,,,,
15537,198.0,199.0,199.0,,,,,,,0.0,0.0,0.0,0.0,
15538,16.0,204.99,204.99,,200000000.0,4.0,119.0,119.0,4.0,14.0,6.0,4.0,13.0,63.0
15539,581.0,159.99,159.99,,,5.0,5.0,5.0,5.0,0.0,0.0,0.0,0.0,100.0
15540,81.0,,,,200000000.0,3.8,62.0,62.0,3.8,19.0,5.0,7.0,9.0,60.0
15541,46.0,,,,,3.9,27.0,27.0,3.9,16.0,5.0,6.0,17.0,56.0
15542,9.0,,,,8000000.0,,,,,,,,,
15543,701.0,,,,,4.1,,,,,,,,
15544,254.0,,,,,4.3,,,4.3,10.0,2.0,4.0,11.0,73.0
15545,16.0,,,,,4.6,,,,5.0,1.0,4.0,11.0,79.0
15546,264.0,,,,,4.3,357.0,,,,,,,
15548,113.0,,,,100000000.0,4.0,35.0,35.0,4.0,15.0,4.0,4.0,14.0,63.0
15551,82.0,,,,,4.3,1083.0,1083.0,4.3,10.0,2.0,5.0,12.0,71.0
15552,142.0,,,,100000000.0,4.3,459.0,459.0,4.3,9.0,2.0,6.0,12.0,71.0
15555,228.0,209.0,209.0,249.99,,4.0,1866.0,1866.0,4.0,14.0,4.0,7.0,12.0,63.0
15556,111.0,,,,,4.4,,,4.4,6.0,2.0,5.0,14.0,73.0
15557,138.0,,,,,3.6,40.0,40.0,3.6,16.0,9.0,16.0,11.0,48.0
15558,414.0,,,,,4.3,13.0,,,,,,,
15560,234.0,179.99,179.99,,50000000.0,4.5,2.0,2.0,4.5,0.0,0.0,0.0,,50.0
15561,50.0,199.99,199.99,199.99,,4.5,1024.0,1024.0,4.5,6.0,2.0,3.0,10.0,79.0
15562,35.0,119.99,119.99,,50000000.0,4.3,96.0,96.0,4.3,12.0,2.0,4.0,6.0,76.0
15564,23.0,152.99,152.99,,200000000.0,4.5,39.0,39.0,4.5,6.0,4.0,4.0,7.0,79.0
15565,838.0,159.99,159.99,,,3.9,321.0,321.0,3.9,13.0,9.0,9.0,12.0,57.0
15567,663.0,,,,,3.6,6.0,6.0,3.6,,0.0,0.0,0.0,66.0
15568,329.0,,,,50000000.0,,,,,,,,,
15569,11.0,130.99,130.99,147.99,200000000.0,4.9,11.0,,,,,,,
15570,7.0,18.99,18.99,23.99,7000000.0,4.0,1956.0,1956.0,4.0,13.0,5.0,9.0,14.0,59.0
15571,219.0,,,,50000000.0,4.4,329.0,329.0,4.4,6.0,3.0,9.0,10.0,72.0
15573,165.0,,,,,4.3,55.0,,,,,,,
15574,9.0,,,,4000000.0,,,,,,,,,
15575,210.0,,,,,4.3,121.0,,,,,,,
15576,307.0,,,,,4.2,2039.0,,,,,,,
15578,347.0,,,,,,,,,,,,,
15579,39.0,97.97,97.97,118.0,100000000.0,4.4,99.0,,,,,,,
15580,144.0,174.99,174.99,185.99,200000000.0,4.2,231.0,231.0,4.2,9.0,3.0,8.0,12.0,68.0
15582,724.0,138.9,138.9,,50000000.0,4.3,43.0,43.0,4.3,12.0,0.0,8.0,8.0,72.0
15584,376.0,,,,,3.6,17.0,17.0,3.6,18.0,7.0,17.0,8.0,50.0
15585,49.0,,,,100000000.0,,,,,,,,,
15586,72.0,,,,100000000.0,4.2,310.0,,,14.0,2.0,3.0,13.0,68.0
15588,136.0,,,,100000000.0,,,,,,,,,
15589,183.0,,,,50000000.0,,,,,,,,,
15590,70.0,,,,200000000.0,4.7,41.0,,,,,,,
15591,84.0,179.99,179.99,,50000000.0,4.4,66.0,66.0,4.4,4.0,5.0,9.0,8.0,74.0
15592,26.0,,,,,4.2,98.0,98.0,4.2,12.0,2.0,6.0,14.0,66.0
15593,74.0,,,,100000000.0,4.2,369.0,,,,,,,
15594,11.0,19.98,19.98,29.99,6000000.0,4.6,,,4.6,3.0,1.0,3.0,10.0,83.0
15595,642.0,159.99,159.99,,,4.9,11.0,11.0,4.9,0.0,0.0,0.0,12.0,88.0
15597,299.0,181.0,181.0,,,4.3,232.0,232.0,4.3,8.0,4.0,7.0,12.0,69.0
15598,206.0,,,,50000000.0,5.0,5.0,5.0,5.0,0.0,0.0,0.0,0.0,100.0
15599,64.0,,,,1000000.0,,,,,,,,,
15600,126.0,,,,50000000.0,,,,,,,,,
15602,91.0,,,,100000000.0,4.4,1553.0,1553.0,4.4,8.0,3.0,3.0,11.0,75.0
15603,32.0,,,,,4.4,,,,7.0,2.0,5.0,12.0,74.0
15604,209.0,,,,,4.4,971.0,,,,,,,
15605,175.0,188.0,188.0,,50000000.0,4.0,15.0,15.0,4.0,14.0,0.0,14.0,16.0,56.0
15607,34.0,28.49,28.49,29.99,1000000.0,4.5,177.0,177.0,4.5,8.0,3.0,4.0,2.0,83.0
15608,26.0,8.99,8.99,,1000000.0,4.6,432.0,432.0,4.6,7.0,1.0,2.0,2.0,88.0
15611,18.0,,,,,3.4,37.0,,,,,,,
15612,253.0,,,249.99,50000000.0,4.2,311.0,311.0,4.2,11.0,3.0,4.0,12.0,70.0
15613,6.0,111.99,111.99,120.0,100000000.0,4.1,572.0,572.0,4.1,14.0,3.0,7.0,11.0,65.0
15614,109.0,,,,,5.0,7.0,7.0,5.0,0.0,0.0,0.0,0.0,100.0
15615,,118.99,118.99,,,,,,,0.0,0.0,0.0,0.0,
15616,22.0,98.0,98.0,,200000000.0,3.9,65.0,65.0,3.9,18.0,2.0,6.0,14.0,60.0
15617,66.0,99.99,99.99,119.99,50000000.0,4.2,546.0,546.0,4.2,8.0,3.0,9.0,14.0,66.0
15618,5.0,9.99,9.99,,10000000.0,4.4,,,,,,,,
15619,996.0,,,,,4.3,11.0,11.0,4.3,11.0,0.0,0.0,20.0,69.0
15620,25.0,,,,,4.1,23.0,,,,,,,
15621,,8.99,8.99,,,4.6,753.0,753.0,4.6,3.0,1.0,5.0,11.0,80.0
15622,120.0,,,,100000000.0,4.5,,,,,,,,
15623,199.0,,,,,,,,,,,,,
15626,324.0,,,,,4.0,5.0,5.0,4.0,,0.0,0.0,0.0,77.0
15627,17.0,13.99,13.99,,2000000.0,4.0,693.0,,,,,,,
15629,135.0,,,,,3.9,42.0,42.0,3.9,21.0,3.0,0.0,15.0,61.0
15630,36.0,19.75,19.75,32.98,5000000.0,4.4,,,,,,,,
15631,24.0,16.17,16.17,,2000000.0,4.1,1214.0,1214.0,4.1,9.0,4.0,8.0,18.0,61.0
15632,226.0,,,,50000000.0,4.2,50.0,50.0,4.2,7.0,2.0,8.0,24.0,59.0
15633,37.0,178.0,178.0,245.49,50000000.0,3.4,22.0,22.0,3.4,,5.0,0.0,8.0,54.0
15634,135.0,,,,50000000.0,4.2,41.0,41.0,4.2,7.0,3.0,8.0,21.0,61.0
15635,264.0,199.99,199.99,,50000000.0,4.3,13.0,,,,,,,
15636,179.0,209.99,209.99,209.99,100000000.0,3.9,98.0,,,,,,,
15637,466.0,189.99,189.99,,,5.0,4.0,4.0,5.0,0.0,0.0,0.0,0.0,100.0
15638,91.0,,,,,4.2,,,,11.0,3.0,5.0,12.0,69.0
15639,148.0,,,,100000000.0,4.2,75.0,75.0,4.2,11.0,4.0,6.0,14.0,65.0
15640,487.0,,,,,,2.0,2.0,,,0.0,0.0,0.0,52.0
15641,387.0,,,,,,,,,,,,,
15642,134.0,,,,50000000.0,4.3,38.0,,,,,,,
15643,66.0,31.5,31.5,,1000000.0,4.3,,,4.3,7.0,4.0,8.0,11.0,70.0
15644,415.0,,,,,4.2,11.0,11.0,4.2,16.0,0.0,0.0,14.0,70.0
15645,173.0,,,,,4.3,478.0,478.0,4.3,9.0,2.0,6.0,16.0,67.0
15646,684.0,,,,,,,,,,,,,
15647,14.0,13.34,13.34,,3000000.0,4.2,,,4.2,9.0,3.0,9.0,15.0,64.0
15648,130.0,,,,,4.3,2264.0,2264.0,4.3,10.0,2.0,4.0,12.0,72.0
15649,20.0,28.99,28.99,28.99,2000000.0,4.0,,,4.0,11.0,4.0,12.0,16.0,57.0
15650,267.0,,,,,,,,,,,,,
15651,13.0,34.99,34.99,,3000000.0,4.4,,,4.4,5.0,2.0,7.0,13.0,73.0
15652,5.0,9.95,9.95,,10000000.0,4.3,,,4.3,8.0,2.0,7.0,11.0,72.0
15653,18.0,8.97,8.97,12.49,8000000.0,4.4,,,,,,,,
15654,71.0,,,,,4.4,,,4.4,8.0,2.0,5.0,12.0,73.0
15655,7.0,89.99,89.99,89.99,4000000.0,4.5,,,4.5,4.0,2.0,5.0,15.0,74.0
15656,1.0,9.97,9.97,14.46,10000000.0,4.5,,,4.5,7.0,2.0,3.0,9.0,79.0
15657,46.0,,,,400000000.0,,,,,,,,,
15658,1.0,24.99,24.99,34.99,10000000.0,4.5,,,,5.0,3.0,5.0,11.0,76.0
15660,2.0,9.96,9.96,14.97,10000000.0,4.5,,,4.5,5.0,2.0,5.0,11.0,77.0
15661,163.0,,,,,4.4,407.0,,,,,,,
15662,41.0,29.99,29.99,39.99,,4.1,233.0,233.0,4.1,12.0,3.0,6.0,14.0,65.0
15663,16.0,38.98,38.98,40.99,2000000.0,4.4,,,4.4,5.0,2.0,7.0,16.0,70.0
15664,8.0,9.97,9.97,12.99,10000000.0,4.3,,,4.3,10.0,2.0,5.0,10.0,73.0
15665,220.0,,,,50000000.0,,,,,,,,,
15666,12.0,35.0,35.0,,3000000.0,4.2,1660.0,1660.0,4.2,8.0,3.0,11.0,17.0,61.0
15668,63.0,89.99,89.99,,400000000.0,4.3,251.0,251.0,4.3,7.0,4.0,7.0,10.0,72.0
15669,27.0,22.99,22.99,31.99,6000000.0,4.4,,,4.4,7.0,2.0,6.0,12.0,73.0
15670,62.0,18.99,18.99,20.99,3000000.0,4.6,645.0,645.0,4.6,5.0,2.0,3.0,6.0,84.0
15673,20.0,9.95,9.95,12.99,8000000.0,4.2,,,4.2,10.0,3.0,6.0,10.0,71.0
15674,28.0,169.99,169.99,169.99,1000000.0,4.5,,,,,,,,
15675,17.0,,,,4000000.0,,,,,,,,,
15676,55.0,9.37,9.37,13.98,3000000.0,4.2,,,4.2,10.0,4.0,6.0,10.0,70.0
15677,57.0,13.28,13.28,16.99,3000000.0,4.4,,,4.4,7.0,2.0,6.0,12.0,73.0
15678,211.0,12.99,12.99,,,4.6,,3086.0,4.6,4.0,1.0,3.0,10.0,82.0
15679,1793.0,,,,,4.5,16.0,16.0,4.5,0.0,0.0,14.0,21.0,65.0
15680,633.0,17.99,17.99,26.8,200000000.0,4.6,90.0,90.0,4.6,4.0,2.0,0.0,10.0,84.0
15681,174.0,15.29,15.29,24.99,1000000.0,4.4,1235.0,1235.0,4.4,7.0,3.0,5.0,12.0,73.0
15682,36.0,10.99,10.99,12.3,1000000.0,4.0,,,4.0,12.0,5.0,10.0,15.0,58.0
15683,47.0,,,,4000000.0,,,,,,,,,
15684,228.0,11.99,11.99,15.99,400000000.0,4.5,,3015.0,4.5,5.0,1.0,5.0,10.0,79.0
15685,97.0,15.99,15.99,21.99,2000000.0,4.6,2224.0,2224.0,4.6,5.0,1.0,3.0,12.0,79.0
15686,114.0,15.24,15.24,,1000000.0,4.7,,,4.7,3.0,1.0,3.0,10.0,83.0
15687,383.0,9.99,9.99,,,4.3,7.0,7.0,4.3,18.0,0.0,0.0,0.0,82.0
15688,204.0,,,,,4.6,,,4.6,3.0,1.0,4.0,9.0,83.0
15689,654.0,,,,,4.5,2147.0,2147.0,4.5,6.0,2.0,5.0,10.0,77.0
15690,75.0,9.48,9.48,12.49,2000000.0,4.3,,,4.3,9.0,3.0,6.0,11.0,71.0
15691,303.0,,,,,,,,,,,,,
15692,55.0,29.99,29.99,39.99,400000000.0,4.2,85.0,85.0,4.2,10.0,3.0,5.0,18.0,64.0
15693,321.0,195.0,195.0,,,4.4,254.0,254.0,4.4,8.0,1.0,5.0,17.0,69.0
15694,264.0,33.99,33.99,,,4.4,27.0,27.0,4.4,5.0,5.0,9.0,0.0,81.0
15695,962.0,,,,,4.2,115.0,115.0,4.2,8.0,4.0,8.0,17.0,63.0
15696,1661.0,8.97,8.97,,,4.5,2929.0,,,,,,,
15697,41.0,69.99,69.99,,2000000.0,4.6,,,4.6,2.0,2.0,4.0,14.0,78.0
15698,185.0,10.99,10.99,,,4.4,771.0,771.0,4.4,5.0,3.0,7.0,11.0,74.0
15699,15.0,5.99,5.99,,3000000.0,4.0,755.0,755.0,4.0,13.0,5.0,9.0,12.0,61.0
15700,104.0,,,,50000000.0,,,,,,,,,
15701,10.0,34.12,34.12,39.99,3000000.0,4.3,1072.0,1072.0,4.3,12.0,2.0,3.0,7.0,76.0
15702,1089.0,47.99,47.99,59.99,100000000.0,3.5,1177.0,1177.0,3.5,16.0,10.0,14.0,19.0,41.0
15703,139.0,,,,,4.0,16.0,,,,,,,
15704,105.0,,,,50000000.0,4.1,154.0,154.0,4.1,14.0,5.0,7.0,6.0,68.0
15705,54.0,,,,200000000.0,,,,,,,,,
15706,237.0,,,,,,1.0,,,,,,,
15707,41.0,,,,50000000.0,4.3,353.0,353.0,4.3,10.0,3.0,5.0,12.0,70.0
15708,5.0,,,,,4.6,1362.0,1362.0,4.6,5.0,1.0,5.0,9.0,80.0
15709,47.0,19.99,19.99,24.99,1000000.0,4.6,2219.0,2219.0,4.6,3.0,2.0,5.0,13.0,77.0
15710,21.0,8.99,8.99,9.88,1000000.0,4.0,2100.0,2100.0,4.0,13.0,5.0,9.0,12.0,61.0
15711,232.0,,,,,4.6,6.0,6.0,4.6,0.0,0.0,,0.0,79.0
15712,33.0,,,,5000000.0,,,,,,,,,
15713,56.0,199.41,199.41,,,4.4,2026.0,2026.0,4.4,8.0,3.0,5.0,9.0,75.0
15714,224.0,173.99,173.99,248.79,,4.1,300.0,300.0,4.1,14.0,2.0,5.0,15.0,64.0
15715,464.0,199.99,199.99,199.99,,4.6,15.0,15.0,4.6,9.0,0.0,0.0,0.0,91.0
15716,133.0,,,,,,6.0,6.0,,,,0.0,0.0,44.0
15717,1096.0,,,,50000000.0,,,,,,,,,
15718,344.0,,,,,4.2,13.0,,,,,,,
15719,60.0,,,,200000000.0,4.4,912.0,912.0,4.4,10.0,1.0,2.0,9.0,78.0
15720,41.0,18.99,18.99,24.99,4000000.0,4.5,1385.0,1385.0,4.5,5.0,2.0,5.0,11.0,77.0
15721,928.0,,,,,4.0,33.0,33.0,4.0,,0.0,0.0,6.0,70.0
15723,87.0,16.98,16.98,,1000000.0,4.7,,,4.7,3.0,1.0,3.0,10.0,83.0
15725,188.0,,,,,,,,,,,,,
15726,54.0,142.48,142.48,,50000000.0,,8.0,8.0,,,0.0,0.0,0.0,39.0
15728,437.0,199.99,199.99,229.99,,4.4,237.0,,,,,,,
15729,161.0,98.0,98.0,120.0,,4.4,1054.0,1054.0,4.4,9.0,2.0,5.0,11.0,73.0
15730,267.0,,,,,4.4,,2976.0,4.4,9.0,3.0,3.0,11.0,74.0
15731,785.0,,,,,4.7,,3078.0,4.7,2.0,1.0,4.0,9.0,84.0
15732,725.0,,,,,4.0,340.0,,,,,,,
15734,245.0,,,,50000000.0,4.3,63.0,63.0,4.3,9.0,4.0,4.0,12.0,71.0
15735,65.0,,,,,,11.0,11.0,,,0.0,,0.0,45.0
15736,140.0,,,,,4.4,46.0,46.0,4.4,5.0,0.0,10.0,15.0,70.0
15737,19.0,57.85,57.85,,,,20.0,,,,,,,
15738,221.0,,,,,4.5,1963.0,1963.0,4.5,6.0,2.0,4.0,11.0,77.0
15739,132.0,,,,,4.4,630.0,630.0,4.4,8.0,2.0,3.0,11.0,76.0
15740,28.0,65.86,65.86,,,,15.0,15.0,,,,0.0,15.0,
15741,799.0,,,,,,,,,0.0,0.0,0.0,0.0,
15745,22.0,,,,,4.1,414.0,,,,,,,
15746,58.0,11.03,11.03,12.98,,4.0,662.0,,,,,,,
15747,221.0,6.99,6.99,9.99,,4.4,75.0,75.0,4.4,8.0,4.0,2.0,11.0,75.0
15748,273.0,,,,,,,,,0.0,0.0,0.0,0.0,
15750,266.0,,,,,4.4,1200.0,1200.0,4.4,9.0,3.0,3.0,11.0,74.0
15751,43.0,49.0,49.0,,2000000.0,4.7,1571.0,1571.0,4.7,2.0,2.0,3.0,6.0,87.0
15752,72.0,13.99,13.99,17.49,2000000.0,4.4,,,4.4,7.0,3.0,7.0,11.0,72.0
15753,102.0,11.99,11.99,13.99,1000000.0,4.4,,,4.4,7.0,2.0,6.0,12.0,73.0
15754,110.0,29.98,29.98,39.99,1000000.0,4.2,728.0,728.0,4.2,11.0,3.0,5.0,10.0,71.0
15755,367.0,,,,,4.3,7.0,7.0,4.3,0.0,,0.0,18.0,66.0
15756,339.0,,,,,4.4,23.0,23.0,4.4,9.0,0.0,6.0,14.0,71.0
15757,298.0,,,,,,,,,,,,,
15758,161.0,,,,1000000.0,,,,,,,,,
15759,116.0,21.99,21.99,,200000000.0,,255.0,255.0,,,7.0,17.0,11.0,38.0
15760,498.0,,,,,4.4,1167.0,,,,,,,
15762,786.0,,,,,4.2,39.0,39.0,4.2,15.0,3.0,0.0,5.0,77.0
15763,381.0,,,,,4.4,231.0,231.0,4.4,7.0,1.0,6.0,12.0,74.0
15764,145.0,,,,,3.8,48.0,,,,,,,
15765,62.0,,,,200000000.0,,,,,,,,,
15767,121.0,,,,1000000.0,,,,,,,,,
15769,59.0,12.59,12.59,13.99,3000000.0,4.4,1740.0,1740.0,4.4,8.0,2.0,7.0,10.0,73.0
15771,476.0,114.97,114.97,,,4.1,41.0,,,,,,,
15772,263.0,,,,,3.9,32.0,32.0,3.9,15.0,7.0,5.0,19.0,54.0
15773,94.0,20.99,20.99,21.99,300000000.0,4.0,246.0,,,,,,,
15774,29.0,,,,,4.0,166.0,166.0,4.0,19.0,3.0,2.0,9.0,67.0
15775,110.0,49.98,49.98,59.99,,4.2,1286.0,,,,,,,
15777,14.0,,,249.0,1000000.0,4.4,,,4.4,5.0,3.0,6.0,17.0,69.0
15778,51.0,,,,3000000.0,,,,,,,,,
15779,251.0,,,,,4.5,2308.0,2308.0,4.5,7.0,1.0,3.0,11.0,78.0
15780,174.0,159.0,159.0,,100000000.0,4.0,2.0,2.0,4.0,0.0,0.0,,0.0,50.0
15781,975.0,,,,,5.0,2.0,,,,,,,
15782,2.0,14.97,14.97,,10000000.0,4.6,,,4.6,3.0,1.0,5.0,14.0,77.0
15783,98.0,,,,2000000.0,,,,,,,,,
15784,325.0,,,,,3.8,177.0,177.0,3.8,16.0,5.0,8.0,23.0,48.0
15786,12.0,,,,2000000.0,4.3,,,4.3,6.0,3.0,6.0,16.0,69.0
15788,96.0,8.98,8.98,11.99,2000000.0,4.5,1038.0,1038.0,4.5,4.0,2.0,5.0,11.0,78.0
15789,129.0,,,,,4.0,1.0,1.0,4.0,0.0,0.0,0.0,,
15791,758.0,,,,,5.0,1.0,1.0,5.0,0.0,0.0,0.0,0.0,100.0
15792,3.0,48.44,48.44,80.99,5000000.0,4.3,2091.0,2091.0,4.3,10.0,3.0,5.0,6.0,76.0
15793,343.0,160.78,160.78,171.94,,4.5,1206.0,1206.0,4.5,6.0,2.0,3.0,14.0,75.0
15794,1387.0,,,,,4.6,422.0,422.0,4.6,4.0,0.0,4.0,9.0,83.0
15795,50.0,,,,,5.0,3.0,3.0,5.0,0.0,0.0,0.0,0.0,100.0
15797,253.0,,,,,,,,,0.0,0.0,0.0,0.0,
15798,269.0,,,,,4.5,48.0,48.0,4.5,5.0,0.0,5.0,13.0,77.0
15799,110.0,,,,200000000.0,4.5,191.0,191.0,4.5,5.0,2.0,3.0,13.0,77.0
15800,368.0,,,,,4.4,34.0,34.0,4.4,8.0,6.0,0.0,6.0,80.0
15801,395.0,,,,,4.6,,,,,,,,
15803,336.0,199.0,199.0,229.0,,3.8,4.0,4.0,3.8,,0.0,0.0,0.0,70.0
15804,126.0,9.97,9.97,12.99,1000000.0,4.4,1468.0,,,,,,,
15805,313.0,,,,,4.2,419.0,419.0,4.2,11.0,3.0,5.0,10.0,71.0
15806,212.0,,,,,3.7,43.0,,,,,,,
15807,612.0,184.99,184.99,194.99,,4.0,380.0,,,,,,,
15808,737.0,199.99,199.99,,100000000.0,4.2,31.0,,,,,,,
15809,144.0,,,,,,1.0,1.0,,,0.0,0.0,0.0,
15810,382.0,,,259.0,,4.0,107.0,107.0,4.0,13.0,4.0,12.0,12.0,59.0
15811,709.0,,,,,5.0,13.0,13.0,5.0,0.0,0.0,0.0,0.0,100.0
15812,319.0,169.99,169.99,,,4.7,9.0,9.0,4.7,0.0,0.0,0.0,,74.0
15813,641.0,,,,,4.4,2133.0,,,,,,,
15814,281.0,,,,,4.3,194.0,194.0,4.3,9.0,3.0,4.0,17.0,67.0
15816,143.0,30.39,30.39,43.95,1000000.0,4.2,1382.0,1382.0,4.2,11.0,4.0,5.0,10.0,70.0
15818,143.0,,,,,4.3,523.0,523.0,4.3,9.0,3.0,3.0,14.0,71.0
15821,166.0,,,,100000000.0,4.3,373.0,,,,,,,
15822,392.0,,,,,,,,,,,,,
15823,257.0,,,,,4.4,134.0,134.0,4.4,5.0,4.0,3.0,15.0,73.0
15825,98.0,,,,200000000.0,,,,,,,,,
15826,289.0,15.99,15.99,18.99,,4.4,2614.0,2614.0,4.4,6.0,3.0,6.0,12.0,73.0
15828,53.0,65.99,65.99,69.99,,,11.0,11.0,,,0.0,11.0,12.0,
15829,502.0,,,,,4.6,1721.0,,,,,,,
15831,495.0,152.99,152.99,,,3.8,13.0,13.0,3.8,9.0,10.0,16.0,17.0,48.0
15832,44.0,,,,200000000.0,4.1,179.0,179.0,4.1,12.0,5.0,5.0,11.0,67.0
15833,608.0,199.99,199.99,,,4.6,628.0,628.0,4.6,3.0,1.0,4.0,8.0,84.0
15834,155.0,,,,,3.9,34.0,34.0,3.9,,0.0,3.0,5.0,69.0
15835,64.0,11.99,11.99,,2000000.0,4.6,662.0,662.0,4.6,4.0,1.0,6.0,11.0,78.0
15836,22.0,,,,4000000.0,,,,,,,,,
15837,2098.0,,,,,,,,,,,,,
15839,61.0,,,,,4.5,122.0,122.0,4.5,6.0,1.0,9.0,7.0,77.0
15841,38.0,19.94,19.94,20.99,1000000.0,4.3,342.0,342.0,4.3,11.0,4.0,3.0,4.0,78.0
15842,695.0,,,,,4.5,1336.0,1336.0,4.5,6.0,2.0,4.0,13.0,75.0
15843,648.0,,,,,4.2,97.0,97.0,4.2,8.0,7.0,5.0,14.0,66.0
15844,61.0,20.06,20.06,22.99,,4.2,1688.0,1688.0,4.2,7.0,5.0,9.0,17.0,62.0
15845,838.0,,,,,4.4,13.0,,,,,,,
15846,,89.99,89.99,,50000000.0,3.9,312.0,312.0,3.9,13.0,6.0,9.0,16.0,56.0
15847,276.0,,,,,3.8,301.0,301.0,3.8,16.0,6.0,7.0,17.0,54.0
15848,,15.82,15.82,,,3.9,467.0,,,,,,,
15849,,213.53,213.53,,100000000.0,4.2,236.0,,,,,,,
15851,20.0,47.98,47.98,59.99,,4.4,,,4.4,7.0,3.0,6.0,13.0,71.0
15852,425.0,,,,,3.6,103.0,103.0,3.6,,4.0,12.0,12.0,49.0
15855,19.0,9.99,9.99,12.99,8000000.0,4.4,1152.0,1152.0,4.4,8.0,2.0,4.0,12.0,74.0
15856,56.0,49.99,49.99,69.99,,4.2,46.0,46.0,4.2,15.0,3.0,4.0,0.0,78.0
15858,84.0,,,,,4.3,361.0,,,,,,,
15859,22.0,25.98,25.98,,1000000.0,3.8,48.0,48.0,3.8,,0.0,13.0,5.0,60.0
15860,140.0,,,,,3.8,8.0,8.0,3.8,,0.0,0.0,18.0,58.0
15861,26.0,24.89,24.89,39.99,1000000.0,4.3,,,4.3,9.0,3.0,7.0,13.0,68.0
15862,323.0,28.99,28.99,33.0,,4.4,,,4.4,6.0,2.0,6.0,9.0,77.0
15863,281.0,,,,,4.6,6.0,6.0,4.6,0.0,0.0,,0.0,78.0
15864,29.0,,,,50000000.0,4.4,95.0,95.0,4.4,8.0,1.0,3.0,10.0,78.0
15865,85.0,77.99,77.99,90.99,100000000.0,4.5,569.0,569.0,4.5,4.0,2.0,4.0,15.0,75.0
15867,376.0,,,,,,,,,,,,,
15868,70.0,,,,,,45.0,45.0,,,9.0,11.0,6.0,
15869,135.0,,,,,5.0,1.0,1.0,5.0,0.0,0.0,0.0,0.0,100.0
15870,20.0,27.99,27.99,39.0,100000000.0,4.2,,,4.2,10.0,3.0,7.0,16.0,64.0
15871,8.0,99.99,99.99,,,4.6,,,4.6,3.0,1.0,3.0,13.0,80.0
15872,200.0,,,,50000000.0,3.6,19.0,19.0,3.6,,0.0,11.0,19.0,47.0
15873,196.0,,,,50000000.0,4.2,1290.0,1290.0,4.2,10.0,4.0,6.0,15.0,65.0
15874,44.0,,,,1000000.0,,,,,,,,,
15875,30.0,,,,,4.1,457.0,,,,,,,
15877,61.0,,,,,4.1,863.0,863.0,4.1,16.0,2.0,4.0,7.0,71.0
15878,524.0,217.99,217.99,217.99,,4.4,289.0,289.0,4.4,6.0,3.0,9.0,12.0,70.0
15880,381.0,20.12,20.12,,400000000.0,4.4,281.0,281.0,4.4,5.0,3.0,5.0,16.0,71.0
15883,792.0,,,,100000000.0,,,,,,,,,
15884,111.0,,,,,4.6,144.0,,,5.0,2.0,2.0,14.0,77.0
15885,729.0,10.99,10.99,,100000000.0,4.6,165.0,,,,,,,
15886,223.0,,,,,3.5,10.0,,,,,,,
15887,198.0,,,,,4.2,985.0,985.0,4.2,10.0,3.0,5.0,14.0,68.0
15888,165.0,,,,,4.1,440.0,440.0,4.1,13.0,3.0,7.0,10.0,67.0
15889,246.0,,,,,4.7,,,4.7,2.0,1.0,4.0,8.0,85.0
15890,766.0,,,,,4.4,68.0,68.0,4.4,5.0,3.0,3.0,19.0,70.0
15891,265.0,124.49,124.49,149.99,,4.6,208.0,208.0,4.6,5.0,2.0,3.0,8.0,82.0
15892,59.0,,,,,,42.0,42.0,,,5.0,12.0,11.0,33.0
15893,784.0,,,,,4.1,45.0,45.0,4.1,16.0,0.0,0.0,20.0,64.0
15894,,,,,300000000.0,4.0,59.0,59.0,4.0,9.0,7.0,11.0,15.0,58.0
15895,57.0,14.98,14.98,,400000000.0,4.0,390.0,390.0,4.0,13.0,7.0,10.0,10.0,60.0
15896,973.0,,,,,3.8,431.0,,,,,,,
15897,179.0,,,,,4.9,36.0,36.0,4.9,0.0,0.0,3.0,5.0,92.0
15898,122.0,6.99,6.99,9.99,200000000.0,3.4,9.0,9.0,3.4,,0.0,0.0,0.0,61.0
15901,473.0,9.94,9.94,,300000000.0,4.6,1104.0,1104.0,4.6,4.0,1.0,5.0,10.0,80.0
15902,435.0,,,,,,,,,,,,,
15903,100.0,,,,,4.0,175.0,175.0,4.0,15.0,7.0,3.0,10.0,65.0
15904,13.0,14.99,14.99,15.99,1000000.0,4.4,,,,,,,,
15905,127.0,179.86,179.86,,,4.3,60.0,60.0,4.3,9.0,5.0,0.0,16.0,70.0
15906,451.0,,,,,5.0,3.0,3.0,5.0,0.0,0.0,0.0,0.0,100.0
15907,188.0,13.97,13.97,,1000000.0,4.3,150.0,150.0,4.3,6.0,5.0,8.0,13.0,68.0
15908,610.0,,,,,4.0,67.0,67.0,4.0,13.0,3.0,10.0,13.0,61.0
15909,483.0,,,,,,4.0,4.0,,,0.0,0.0,0.0,42.0
15910,428.0,,,,300000000.0,,,,,,,,,
15912,116.0,,,,50000000.0,,,,,,,,,
15913,369.0,,,,,4.4,165.0,,,,,,,
15914,95.0,8.98,8.98,12.99,2000000.0,4.3,1359.0,1359.0,4.3,8.0,3.0,6.0,11.0,72.0
15915,602.0,,,,,,,,,,,,,
15916,279.0,,,,,,,,,,,,,
15917,529.0,,,,,3.9,63.0,63.0,3.9,10.0,6.0,12.0,25.0,47.0
15918,53.0,96.99,96.99,119.99,300000000.0,4.2,951.0,951.0,4.2,9.0,3.0,8.0,15.0,65.0
15919,271.0,9.43,9.43,,,4.2,,,4.2,9.0,4.0,10.0,14.0,63.0
15920,319.0,22.99,22.99,,400000000.0,4.4,94.0,94.0,4.4,5.0,2.0,6.0,15.0,72.0
15921,312.0,,,,,5.0,1.0,1.0,5.0,0.0,0.0,0.0,0.0,100.0
15922,686.0,12.98,12.98,,200000000.0,4.2,232.0,,,,,,,
15923,486.0,,,,,,,,,0.0,0.0,0.0,0.0,
15924,167.0,,,,,,,,,,,,,
15925,25.0,39.99,39.99,,,4.3,702.0,702.0,4.3,5.0,4.0,7.0,16.0,68.0
15926,6.0,78.0,78.0,,50000000.0,,26.0,26.0,,,0.0,16.0,9.0,31.0
15927,149.0,129.99,129.99,129.99,100000000.0,,28.0,28.0,,,,,9.0,
15928,74.0,,,,,,34.0,34.0,,,6.0,9.0,13.0,38.0
15929,679.0,,,,,3.8,3.0,3.0,3.8,0.0,,0.0,,38.0
15930,298.0,15.99,15.99,17.99,,4.6,252.0,,,,,,,
15931,144.0,29.97,29.97,39.99,1000000.0,4.0,202.0,202.0,4.0,15.0,3.0,7.0,8.0,67.0
15932,920.0,,,,,,19.0,19.0,,,,7.0,9.0,35.0
15934,583.0,,,,,,2.0,2.0,,,0.0,0.0,0.0,
15935,227.0,,,,,4.5,1963.0,1963.0,4.5,6.0,2.0,4.0,11.0,77.0
15936,94.0,144.8,144.8,,,3.9,23.0,23.0,3.9,7.0,,8.0,21.0,50.0
15938,363.0,,,,,4.0,16.0,,,,,,,
15939,174.0,189.99,189.99,,,4.1,27.0,27.0,4.1,15.0,0.0,7.0,14.0,64.0
15940,817.0,33.99,33.99,,200000000.0,5.0,16.0,16.0,5.0,0.0,0.0,0.0,0.0,100.0
15942,2286.0,,,,,4.0,24.0,24.0,4.0,15.0,8.0,10.0,0.0,67.0
15943,491.0,,,,,4.1,20.0,20.0,4.1,16.0,0.0,0.0,,58.0
15944,920.0,15.99,15.99,19.99,100000000.0,4.3,178.0,178.0,4.3,9.0,2.0,7.0,12.0,70.0
15945,168.0,,,,,3.7,29.0,29.0,3.7,20.0,6.0,10.0,4.0,60.0
15946,,7.99,7.99,,,4.5,27.0,27.0,4.5,5.0,0.0,8.0,14.0,73.0
15947,490.0,,,,,,,,,,,,,
15948,54.0,8.95,8.95,,2000000.0,4.5,,,4.5,6.0,2.0,5.0,9.0,78.0
15950,118.0,,,,,4.0,691.0,691.0,4.0,16.0,4.0,5.0,11.0,64.0
15951,25.0,,,,,4.3,793.0,793.0,4.3,11.0,3.0,4.0,8.0,74.0
15952,138.0,,,,,4.5,,,4.5,7.0,2.0,3.0,7.0,81.0
15953,157.0,,,,,5.0,7.0,,,,,,,
15954,1871.0,,,,,4.2,75.0,75.0,4.2,12.0,2.0,8.0,8.0,70.0
15955,151.0,108.49,108.49,134.99,,4.0,31.0,31.0,4.0,15.0,4.0,11.0,7.0,63.0
15956,,,,,100000000.0,4.4,267.0,267.0,4.4,7.0,1.0,7.0,7.0,78.0
15957,145.0,,,,,4.0,15.0,15.0,4.0,15.0,10.0,0.0,9.0,66.0
15959,144.0,,,,,3.9,8.0,8.0,3.9,,0.0,0.0,0.0,73.0
15961,262.0,,,,,4.1,391.0,391.0,4.1,16.0,3.0,5.0,8.0,68.0
15962,288.0,,,,,4.4,512.0,,,,,,,
15963,323.0,,,,,4.4,16.0,16.0,4.4,9.0,9.0,0.0,0.0,82.0
15964,19.0,,,,,4.3,45.0,45.0,4.3,13.0,0.0,2.0,11.0,74.0
15965,280.0,,,,,,,,,,,,,
15966,234.0,,,,,5.0,29.0,,,,,,,
15967,432.0,,,,,,2.0,2.0,,,0.0,0.0,0.0,
15968,119.0,,,,100000000.0,4.2,359.0,359.0,4.2,13.0,1.0,4.0,13.0,69.0
15969,126.0,,,,50000000.0,4.2,55.0,55.0,4.2,7.0,7.0,6.0,12.0,68.0
15970,63.0,,,,,,24.0,24.0,,,5.0,13.0,14.0,
15973,903.0,179.99,179.99,,,4.2,,,4.2,10.0,4.0,7.0,14.0,65.0
15974,306.0,149.99,149.99,,50000000.0,4.5,329.0,,,,,,,
15975,2.0,29.99,29.99,,2000000.0,4.5,,,,7.0,1.0,4.0,11.0,77.0
15976,277.0,18.97,18.97,24.99,,4.3,,,4.3,8.0,3.0,6.0,11.0,72.0
15977,948.0,,,,,4.3,97.0,97.0,4.3,10.0,2.0,0.0,18.0,70.0
15978,1106.0,199.99,199.99,,,4.5,19.0,19.0,4.5,5.0,0.0,8.0,12.0,75.0
15979,165.0,,,,,4.2,46.0,46.0,4.2,13.0,6.0,3.0,5.0,73.0
15980,914.0,5.98,5.98,6.98,100000000.0,4.5,164.0,,,,,,,
15981,506.0,204.99,204.99,,,4.0,4.0,4.0,4.0,,0.0,0.0,0.0,75.0
15982,350.0,,,,,4.4,49.0,49.0,4.4,8.0,7.0,0.0,7.0,78.0
15984,562.0,9.49,9.49,12.99,100000000.0,4.4,1350.0,1350.0,4.4,5.0,3.0,7.0,10.0,75.0
15985,13.0,59.91,59.91,69.99,1000000.0,4.4,318.0,318.0,4.4,9.0,2.0,5.0,9.0,75.0
15987,53.0,7.95,7.95,,2000000.0,4.4,,,4.4,6.0,3.0,6.0,11.0,74.0
15988,604.0,,,,,,,,,,,,,
15989,,,,,,4.1,41.0,41.0,4.1,11.0,5.0,7.0,16.0,61.0
15990,597.0,9.9,9.9,,200000000.0,4.1,,,,,,,,
15991,326.0,,,,,3.8,30.0,,,,,,,
15992,187.0,79.99,79.99,99.99,100000000.0,4.2,159.0,159.0,4.2,7.0,4.0,10.0,17.0,62.0
15993,254.0,,,,400000000.0,,,,,,,,,
15994,460.0,,,,,4.0,375.0,375.0,4.0,15.0,3.0,9.0,12.0,61.0
15995,608.0,,,,,4.2,2207.0,2207.0,4.2,9.0,4.0,10.0,14.0,63.0
15996,47.0,,,,200000000.0,,,,,,,,,
15997,81.0,,,,200000000.0,4.1,607.0,607.0,4.1,10.0,8.0,9.0,10.0,63.0
15998,541.0,,,,,5.0,2.0,,,,,,,
15999,54.0,59.99,59.99,,100000000.0,4.4,,,4.4,7.0,2.0,5.0,16.0,70.0
16000,666.0,,,,,4.1,1929.0,1929.0,4.1,15.0,4.0,4.0,8.0,69.0
16001,3.0,11.69,11.69,,9000000.0,,,,,,,,,
16002,65.0,29.99,29.99,39.99,200000000.0,3.4,4.0,4.0,3.4,,0.0,0.0,,
16003,778.0,,,,,,,,,,,,,
16004,1804.0,8.77,8.77,,50000000.0,4.2,,,4.2,9.0,4.0,9.0,15.0,63.0
16006,201.0,,,,,,,,,,,,,
16007,234.0,,,,,5.0,5.0,,,,,,,
16008,441.0,,,,,,,,,,,,,
16009,,,,,,3.6,18.0,18.0,3.6,,0.0,0.0,,42.0
16010,650.0,,,,,4.0,2.0,,,,,,,
16011,96.0,,,,,4.2,,,,,,,,
16012,1.0,31.95,31.95,,4000000.0,4.2,,,4.2,12.0,3.0,5.0,16.0,64.0
16013,126.0,,,,200000000.0,,,,,,,,,
16014,108.0,,,,,,,,,,,,,
16015,178.0,30.83,30.83,34.16,200000000.0,3.8,12.0,12.0,3.8,12.0,0.0,16.0,,36.0
16016,236.0,19.95,19.95,29.99,,4.3,,,4.3,7.0,3.0,7.0,11.0,72.0
16017,22.0,,,,50000000.0,4.5,56.0,56.0,4.5,3.0,6.0,6.0,9.0,76.0
16018,170.0,114.98,114.98,179.99,,4.4,76.0,,,,,,,
16019,33.0,,,,2000000.0,,,,,,,,,
16020,515.0,,,,,3.7,282.0,282.0,3.7,19.0,6.0,7.0,18.0,50.0
16021,5.0,,,,,4.2,9.0,9.0,4.2,0.0,0.0,,,43.0
16022,46.0,,,,300000000.0,4.6,32.0,32.0,4.6,7.0,0.0,0.0,11.0,82.0
16023,253.0,,,,,3.4,8.0,8.0,3.4,,0.0,0.0,0.0,62.0
16024,826.0,,,,100000000.0,,,,,,,,,
16025,117.0,,,,1000000.0,,,,,,,,,
16026,579.0,,,,,4.3,1006.0,1006.0,4.3,9.0,3.0,5.0,10.0,73.0
16027,580.0,,,,,3.7,9.0,9.0,3.7,21.0,0.0,14.0,15.0,50.0
16028,21.0,,,,6000000.0,,,,,,,,,
16029,2.0,39.79,39.79,,7000000.0,4.2,,,4.2,11.0,3.0,6.0,14.0,66.0
16030,737.0,,,,,4.4,,,4.4,9.0,2.0,3.0,11.0,75.0
16031,1193.0,,,,,,,,,0.0,0.0,0.0,0.0,
16032,91.0,8.54,8.54,9.99,2000000.0,4.4,,,,,,,,
16033,403.0,,,,,,,,,,,,,
16034,210.0,,,,,4.1,2581.0,2581.0,4.1,12.0,4.0,6.0,16.0,62.0
16035,318.0,,,,,4.0,165.0,165.0,4.0,13.0,7.0,5.0,11.0,64.0
16036,87.0,,,,200000000.0,,,,,,,,,
16037,89.0,129.99,129.99,159.99,100000000.0,4.1,667.0,667.0,4.1,12.0,3.0,8.0,12.0,65.0
16040,95.0,,,,,3.5,16.0,16.0,3.5,,0.0,14.0,20.0,41.0
16041,294.0,8.97,8.97,9.97,,4.6,1128.0,1128.0,4.6,4.0,2.0,3.0,10.0,81.0
16042,102.0,,,,400000000.0,,,,,,,,,
16043,419.0,6.04,6.04,,300000000.0,4.7,349.0,,,,,,,
16045,,7.99,7.99,7.99,,4.6,,,4.6,2.0,2.0,5.0,13.0,78.0
16046,514.0,,,,,5.0,1.0,1.0,5.0,0.0,0.0,0.0,0.0,100.0
16049,88.0,,,,1000000.0,,,,,,,,,
16050,726.0,,,,,4.3,20.0,,,,,,,
16051,45.0,26.34,26.34,43.97,1000000.0,4.7,484.0,484.0,4.7,6.0,0.0,0.0,2.0,92.0
16053,69.0,47.82,47.82,,300000000.0,,16.0,16.0,,,,16.0,0.0,
16055,64.0,,,,,,11.0,11.0,,,,,0.0,
16056,327.0,,,,,3.8,15.0,15.0,3.8,14.0,,9.0,5.0,59.0
16057,241.0,,,,100000000.0,,,,,,,,,
16058,774.0,,,,,,,,,,,,,
16059,729.0,,,,,4.3,4.0,4.0,4.3,0.0,0.0,,0.0,66.0
16061,278.0,,,,,,,,,0.0,0.0,0.0,0.0,
16062,243.0,,,,,,,,,,,,,
16063,,39.59,39.59,,,4.2,525.0,525.0,4.2,11.0,2.0,6.0,10.0,71.0
16064,548.0,20.99,20.99,,100000000.0,4.8,17.0,17.0,4.8,0.0,0.0,8.0,0.0,92.0
16065,8.0,,,,2000000.0,,,,,,,,,
16066,359.0,9.99,9.99,,100000000.0,4.7,586.0,,,3.0,0.0,4.0,9.0,84.0
16067,278.0,8.95,8.95,,,4.4,237.0,237.0,4.4,8.0,2.0,3.0,12.0,75.0
16068,433.0,,,,,5.0,2.0,2.0,5.0,0.0,0.0,0.0,0.0,100.0
16069,445.0,,,,,5.0,2.0,2.0,5.0,0.0,0.0,0.0,0.0,100.0
16070,1004.0,,,,,,,,,0.0,0.0,0.0,0.0,
16071,372.0,8.99,8.99,9.99,,4.5,84.0,,,,,,,
16072,1436.0,,,,,,,,,,,,,
16073,171.0,,,,,3.9,752.0,752.0,3.9,11.0,6.0,12.0,19.0,52.0
16074,571.0,,,,,,,,,,,,,
16075,414.0,,,,,4.3,89.0,89.0,4.3,5.0,5.0,12.0,11.0,67.0
16076,660.0,,,,,4.8,5.0,5.0,4.8,0.0,0.0,0.0,23.0,77.0
16077,158.0,39.0,39.0,,100000000.0,4.0,,,4.0,11.0,6.0,11.0,17.0,55.0
16080,78.0,19.99,19.99,29.99,2000000.0,4.4,,,4.4,7.0,3.0,5.0,14.0,71.0
16081,730.0,9.99,9.99,9.99,200000000.0,4.3,1409.0,1409.0,4.3,7.0,3.0,7.0,13.0,70.0
16082,271.0,,,,,4.4,2517.0,,,,,,,
16083,43.0,,,,1000000.0,,,,,,,,,
16084,21.0,,,,,4.4,84.0,,,,,,,
16085,183.0,,,,,,9.0,9.0,,,0.0,0.0,23.0,39.0
16087,765.0,11.28,11.28,11.97,200000000.0,4.6,72.0,72.0,4.6,2.0,2.0,5.0,9.0,82.0
16088,324.0,,,,,5.0,31.0,,,,,,,
16089,161.0,10.99,10.99,,200000000.0,4.7,,,4.7,2.0,0.0,3.0,10.0,85.0
16090,293.0,9.95,9.95,,,4.6,977.0,,,,,,,
16091,73.0,36.98,36.98,39.98,400000000.0,4.6,39.0,39.0,4.6,0.0,9.0,0.0,10.0,81.0
16092,128.0,,,,,4.2,254.0,,,,,,,
16093,147.0,,,,,3.5,7.0,7.0,3.5,16.0,,17.0,0.0,51.0
16094,206.0,109.95,109.95,109.95,,4.1,943.0,943.0,4.1,11.0,3.0,7.0,16.0,63.0
16095,637.0,,,,,,16.0,16.0,,12.0,,,18.0,
16096,173.0,18.69,18.69,21.99,1000000.0,4.3,761.0,761.0,4.3,7.0,4.0,7.0,12.0,70.0
16097,24.0,7.99,7.99,,4000000.0,4.5,,,4.5,5.0,2.0,5.0,11.0,77.0
16098,224.0,16.99,16.99,21.99,,4.3,935.0,,,,,,,
16099,105.0,28.04,28.04,32.99,200000000.0,4.2,,,4.2,8.0,5.0,9.0,13.0,65.0
16100,322.0,9.99,9.99,13.98,,4.3,57.0,57.0,4.3,6.0,5.0,9.0,9.0,71.0
16101,139.0,15.99,15.99,,100000000.0,4.0,356.0,,,,,,,
16102,6.0,16.98,16.98,,,3.7,539.0,539.0,3.7,,5.0,8.0,9.0,56.0
16103,,,,,,4.7,135.0,135.0,4.7,2.0,3.0,2.0,9.0,84.0
16105,120.0,,,,1000000.0,,,,,,,,,
16107,440.0,,,,,,2.0,2.0,,,0.0,0.0,0.0,
16108,1490.0,7.99,7.99,,50000000.0,4.1,25.0,25.0,4.1,7.0,7.0,12.0,15.0,59.0
16109,89.0,8.69,8.69,,400000000.0,4.1,539.0,539.0,4.1,10.0,4.0,9.0,15.0,62.0
16110,990.0,8.0,8.0,,50000000.0,4.5,51.0,,,,,,,
16111,741.0,11.69,11.69,12.99,50000000.0,4.1,196.0,196.0,4.1,12.0,2.0,9.0,15.0,62.0
16113,618.0,23.99,23.99,,200000000.0,4.5,32.0,32.0,4.5,4.0,0.0,12.0,10.0,74.0
16114,100.0,19.54,19.54,32.99,300000000.0,3.9,1189.0,1189.0,3.9,15.0,5.0,10.0,11.0,59.0
16115,167.0,62.78,62.78,,100000000.0,,29.0,29.0,,,8.0,11.0,8.0,
16116,434.0,14.99,14.99,,300000000.0,4.4,203.0,,,,,,,
16117,153.0,99.99,99.99,99.99,50000000.0,4.0,279.0,279.0,4.0,12.0,4.0,9.0,21.0,54.0
16118,2.0,9.99,9.99,,6000000.0,4.8,,,4.8,1.0,0.0,4.0,9.0,86.0
16119,1651.0,,,,,,,,,,,,,
16121,1000.0,149.99,149.99,,,4.2,252.0,,,,,,,
16122,1357.0,,,,50000000.0,,,,,,,,,
16123,499.0,168.98,168.98,,,4.4,683.0,683.0,4.4,8.0,2.0,7.0,11.0,72.0
16124,736.0,9.99,9.99,,100000000.0,4.3,114.0,,,,,,,
16125,212.0,,,,,4.2,5.0,5.0,4.2,0.0,0.0,,0.0,63.0
16126,88.0,,,,400000000.0,,,,,,,,,
16127,270.0,29.99,29.99,39.99,100000000.0,,17.0,17.0,,,,7.0,8.0,
16128,343.0,17.99,17.99,18.99,400000000.0,4.2,261.0,261.0,4.2,12.0,4.0,3.0,16.0,65.0
16129,574.0,,,,,3.5,6.0,6.0,3.5,,0.0,0.0,0.0,64.0
16130,23.0,,,,100000000.0,4.6,362.0,362.0,4.6,5.0,2.0,1.0,13.0,79.0
16131,14.0,197.99,197.99,,50000000.0,4.6,49.0,49.0,4.6,4.0,5.0,0.0,6.0,85.0
16132,90.0,24.9,24.9,29.99,,4.6,117.0,117.0,4.6,9.0,0.0,1.0,4.0,86.0
16134,820.0,,,,,4.4,,,4.4,7.0,2.0,3.0,11.0,77.0
16135,76.0,76.49,76.49,99.99,300000000.0,4.4,359.0,,,,,,,
16136,,,,,,3.4,24.0,,,,,,,
16137,,12.95,12.95,16.95,50000000.0,4.3,433.0,433.0,4.3,8.0,3.0,6.0,11.0,72.0
16139,131.0,,,,50000000.0,,,,,,,,,
16140,296.0,,,,,4.5,,,,,,,,
16141,329.0,6.84,6.84,,300000000.0,4.6,,,4.6,4.0,1.0,4.0,10.0,81.0
16143,1273.0,,,,,,,,,,,,,
16144,124.0,9.8,9.8,,1000000.0,4.6,1785.0,,,,,,,
16145,64.0,,,,,3.8,34.0,34.0,3.8,17.0,0.0,5.0,,42.0
16146,437.0,,,,400000000.0,,,,,,,,,
16147,166.0,9.75,9.75,,1000000.0,4.7,2105.0,2105.0,4.7,3.0,1.0,3.0,8.0,85.0
16148,178.0,16.95,16.95,29.99,100000000.0,4.2,930.0,930.0,4.2,7.0,3.0,10.0,18.0,62.0
16149,1550.0,9.99,9.99,,50000000.0,4.8,693.0,693.0,4.8,1.0,0.0,3.0,9.0,87.0
16150,,13.4,13.4,,,4.0,21.0,21.0,4.0,14.0,0.0,12.0,17.0,57.0
16151,551.0,9.99,9.99,,200000000.0,4.4,,,4.4,6.0,3.0,6.0,12.0,73.0
16152,189.0,9.99,9.99,11.79,,3.9,1758.0,1758.0,3.9,18.0,4.0,6.0,11.0,61.0
16153,1257.0,8.47,8.47,8.47,50000000.0,4.2,1291.0,1291.0,4.2,12.0,2.0,5.0,11.0,70.0
16154,421.0,14.88,14.88,14.88,400000000.0,4.3,1111.0,1111.0,4.3,9.0,2.0,6.0,13.0,70.0
16155,413.0,,,,,4.1,1538.0,1538.0,4.1,14.0,3.0,6.0,14.0,63.0
16156,1677.0,,,,,5.0,2.0,2.0,5.0,0.0,0.0,0.0,0.0,100.0
16157,117.0,109.99,109.99,,,4.3,68.0,68.0,4.3,11.0,2.0,7.0,6.0,74.0
16159,192.0,29.99,29.99,39.99,,4.5,2.0,2.0,4.5,0.0,0.0,0.0,,50.0
16160,711.0,,,,,,,,,0.0,0.0,0.0,0.0,
16161,421.0,,,,,,,,,,,,,
16162,1194.0,12.99,12.99,,100000000.0,4.5,184.0,184.0,4.5,5.0,3.0,4.0,9.0,79.0
16163,572.0,,,,200000000.0,,,,,,,,,
16164,1371.0,,,,,3.5,8.0,8.0,3.5,,0.0,11.0,19.0,43.0
16165,156.0,15.99,15.99,18.99,,4.3,797.0,797.0,4.3,10.0,2.0,6.0,11.0,71.0
16166,112.0,17.99,17.99,,200000000.0,4.2,467.0,,,,,,,
16167,55.0,,,,,4.7,95.0,,,,,,,
16168,232.0,45.89,45.89,45.89,,3.5,111.0,111.0,3.5,19.0,,12.0,15.0,43.0
16169,15.0,9.99,9.99,,9000000.0,4.4,,,4.4,8.0,3.0,5.0,10.0,74.0
16170,629.0,,,,,4.3,,,4.3,10.0,2.0,4.0,11.0,73.0
16171,152.0,,,,100000000.0,,,,,,,,,
16172,143.0,35.99,35.99,39.99,300000000.0,5.0,44.0,,,,,,,
16173,883.0,19.97,19.97,,100000000.0,4.3,59.0,,,,,,,
16175,763.0,,,,,4.5,56.0,56.0,4.5,6.0,2.0,4.0,10.0,78.0
16176,76.0,,,,,,19.0,,,,,,,
16177,322.0,,,,,4.4,9.0,9.0,4.4,0.0,,0.0,14.0,72.0
16179,221.0,,,,,,27.0,27.0,,,8.0,,6.0,
16181,216.0,79.99,79.99,,50000000.0,4.2,,,,,,,,
16182,95.0,,,,,5.0,2.0,,,,,,,
16183,284.0,,,,,4.9,13.0,,,,,,,
16184,388.0,,,,,5.0,1.0,,,,,,,
16185,312.0,,,,,4.7,4.0,4.0,4.7,0.0,0.0,0.0,,68.0
16187,636.0,9.99,9.99,,200000000.0,4.6,42.0,,,,,,,
16188,1146.0,,,,,,,,,,,,,
16189,,74.95,74.95,79.99,,4.2,376.0,,,,,,,
16190,368.0,11.99,11.99,,400000000.0,4.4,389.0,389.0,4.4,7.0,3.0,5.0,10.0,75.0
16192,250.0,6.3,6.3,,,4.6,,,4.6,3.0,1.0,5.0,10.0,81.0
16193,934.0,,,,,5.0,1.0,1.0,5.0,0.0,0.0,0.0,0.0,100.0
16194,399.0,9.98,9.98,,400000000.0,4.2,,,4.2,8.0,4.0,8.0,13.0,67.0
16195,414.0,,,,400000000.0,,,,,,,,,
16196,678.0,188.0,188.0,,,3.7,4.0,4.0,3.7,,0.0,0.0,0.0,69.0
16197,716.0,,,,,4.4,377.0,,,,,,,
16198,157.0,15.66,15.66,,100000000.0,3.8,43.0,,,,,,,
16199,1.0,9.99,9.99,,6000000.0,4.2,,,4.2,11.0,3.0,7.0,9.0,70.0
16200,210.0,17.99,17.99,18.88,100000000.0,4.2,130.0,,,,,,,
16202,1131.0,,,,,,,,,,,,,
16203,631.0,19.99,19.99,,200000000.0,4.4,,,4.4,5.0,3.0,6.0,11.0,75.0
16204,218.0,,,,,4.7,4.0,4.0,4.7,0.0,0.0,0.0,,73.0
16205,2249.0,,,,,,,,,0.0,0.0,0.0,0.0,
16206,663.0,9.99,9.99,12.95,100000000.0,3.8,18.0,18.0,3.8,12.0,7.0,12.0,18.0,51.0
16207,175.0,29.99,29.99,39.99,100000000.0,,10.0,10.0,,,0.0,,0.0,
16208,125.0,,,,,4.2,23.0,23.0,4.2,12.0,2.0,6.0,11.0,69.0
16210,200.0,99.99,99.99,159.99,50000000.0,3.8,32.0,,,,,,,
16211,204.0,,,,,3.8,27.0,27.0,3.8,13.0,6.0,,7.0,56.0
16212,1023.0,8.94,8.94,,100000000.0,4.6,1202.0,1202.0,4.6,2.0,2.0,6.0,14.0,76.0
16213,134.0,25.49,25.49,99.99,,4.8,169.0,169.0,4.8,4.0,1.0,1.0,2.0,92.0
16214,181.0,,,,,5.0,47.0,47.0,5.0,0.0,0.0,0.0,0.0,100.0
16215,959.0,,,,,4.6,1898.0,1898.0,4.6,5.0,0.0,4.0,12.0,79.0
16216,,74.99,74.99,79.99,50000000.0,4.3,112.0,112.0,4.3,8.0,4.0,4.0,12.0,72.0
16217,529.0,11.99,11.99,,200000000.0,4.4,190.0,190.0,4.4,2.0,4.0,10.0,11.0,73.0
16218,,188.2,188.2,,,4.9,11.0,,,,,,,
16219,868.0,,,,,4.1,100.0,100.0,4.1,9.0,4.0,13.0,14.0,60.0
16220,513.0,14.99,14.99,,300000000.0,4.5,1678.0,1678.0,4.5,5.0,2.0,4.0,11.0,78.0
16221,615.0,19.99,19.99,20.99,300000000.0,4.4,181.0,181.0,4.4,6.0,2.0,7.0,14.0,71.0
16222,258.0,,,,,,18.0,18.0,,,8.0,13.0,13.0,
16223,859.0,9.99,9.99,,100000000.0,4.4,544.0,544.0,4.4,7.0,3.0,5.0,9.0,76.0
16224,122.0,37.99,37.99,54.99,100000000.0,4.2,476.0,476.0,4.2,6.0,6.0,9.0,19.0,60.0
16225,645.0,,,,,,,,,0.0,0.0,0.0,0.0,
16226,103.0,,,,,4.5,132.0,,,,,,,
16227,301.0,,,,,,,,,0.0,0.0,0.0,0.0,
16228,15.0,14.99,14.99,19.99,4000000.0,4.7,,,,,,,,
16229,167.0,,,,,,8.0,8.0,,,,0.0,0.0,54.0
16230,31.0,,,,300000000.0,,,,,,,,,
16231,757.0,16.99,16.99,,100000000.0,3.6,968.0,968.0,3.6,,6.0,8.0,12.0,50.0
16232,535.0,,,,,,,,,0.0,0.0,0.0,0.0,
16233,150.0,7.99,7.99,,1000000.0,4.4,301.0,301.0,4.4,7.0,3.0,6.0,7.0,77.0
16234,106.0,65.99,65.99,69.99,,,4.0,,,,,,,
16236,56.0,,,,3000000.0,,,,,,,,,
16237,1269.0,,,,100000000.0,,,,,,,,,
16238,269.0,,,,,,24.0,24.0,,,,17.0,6.0,36.0
16239,69.0,19.99,19.99,19.99,1000000.0,4.6,,,,,,,,
16240,15.0,,,,,4.7,,,4.7,2.0,1.0,4.0,10.0,83.0
16241,887.0,,,,,,,,,,,,,
16242,1290.0,,,,100000000.0,,,,,,,,,
16243,337.0,,,,,4.4,33.0,33.0,4.4,11.0,0.0,0.0,16.0,73.0
16244,85.0,9.99,9.99,,,3.8,,,3.8,16.0,5.0,11.0,13.0,55.0
16246,370.0,,,,,,,,,0.0,0.0,0.0,0.0,
16247,622.0,,,,200000000.0,,,,,,,,,
16248,,,,,100000000.0,4.4,86.0,86.0,4.4,10.0,2.0,4.0,9.0,75.0
16249,1065.0,,,,,,,,,0.0,0.0,0.0,0.0,
16250,16.0,9.98,9.98,12.48,10000000.0,4.5,,,4.5,7.0,1.0,5.0,9.0,78.0
16251,466.0,199.0,199.0,,,4.5,,,4.5,5.0,2.0,6.0,14.0,73.0
16252,926.0,,,,,,,,,0.0,0.0,0.0,0.0,
16253,20.0,25.99,25.99,33.99,1000000.0,4.6,,,4.6,3.0,1.0,5.0,11.0,80.0
16254,1443.0,,,,,,,,,,,,,
16255,71.0,18.99,18.99,24.99,200000000.0,4.7,1075.0,1075.0,4.7,2.0,0.0,3.0,11.0,84.0
16256,662.0,18.99,18.99,19.99,200000000.0,4.2,181.0,181.0,4.2,10.0,3.0,6.0,13.0,68.0
16257,198.0,19.99,19.99,,50000000.0,4.2,62.0,62.0,4.2,7.0,3.0,12.0,14.0,64.0
16258,188.0,19.99,19.99,,100000000.0,4.4,82.0,82.0,4.4,10.0,2.0,5.0,5.0,78.0
16259,333.0,,,,,4.0,39.0,39.0,4.0,12.0,3.0,15.0,5.0,65.0
16260,338.0,,,,,4.4,445.0,,,,,,,
16261,27.0,,,,100000000.0,4.2,55.0,55.0,4.2,12.0,4.0,5.0,6.0,73.0
16263,34.0,,,,50000000.0,,,,,,,,,
16264,1483.0,7.49,7.49,,50000000.0,4.4,202.0,202.0,4.4,8.0,1.0,7.0,6.0,78.0
16266,289.0,58.99,58.99,58.99,,3.5,60.0,60.0,3.5,21.0,10.0,5.0,21.0,43.0
16267,30.0,36.99,36.99,59.99,100000000.0,4.0,2780.0,,,,,,,
16268,107.0,,,,,4.3,50.0,,,,,,,
16269,180.0,,,,,4.2,234.0,234.0,4.2,16.0,1.0,2.0,5.0,76.0
16270,713.0,184.99,184.99,204.99,,4.1,208.0,208.0,4.1,11.0,2.0,9.0,13.0,65.0
16271,877.0,,,,,,4.0,4.0,,,0.0,,0.0,
16272,1390.0,,,,100000000.0,,,,,,,,,
16273,90.0,,,,200000000.0,,,,,,,,,
16274,196.0,,,,,3.5,15.0,,,,,,,
16275,44.0,,,,,4.6,307.0,307.0,4.6,4.0,3.0,4.0,8.0,81.0
16276,388.0,19.99,19.99,,400000000.0,4.2,121.0,121.0,4.2,6.0,5.0,12.0,11.0,66.0
16277,1163.0,9.55,9.55,,50000000.0,4.3,,,,,,,,
16278,191.0,35.99,35.99,,50000000.0,,3.0,3.0,,,0.0,0.0,0.0,38.0
16279,650.0,,,,200000000.0,,,,,,,,,
16280,,,,,,4.5,210.0,210.0,4.5,4.0,3.0,5.0,11.0,77.0
16283,705.0,,,,,4.4,25.0,,,,,,,
16284,658.0,,,,,,1.0,,,,,,,
16285,134.0,,,,100000000.0,,,,,,,,,
16286,166.0,114.99,114.99,125.97,,4.0,56.0,56.0,4.0,14.0,6.0,8.0,7.0,65.0
16287,36.0,,,,2000000.0,,,,,,,,,
16289,581.0,,,,,3.4,3.0,3.0,3.4,,0.0,0.0,,34.0
16290,181.0,,,,50000000.0,4.1,75.0,,,,,,,
16292,903.0,9.99,9.99,12.99,100000000.0,4.3,34.0,34.0,4.3,4.0,0.0,14.0,18.0,64.0
16293,197.0,,,,100000000.0,,,,,,,,,
16294,1465.0,196.09,196.09,,,4.2,1367.0,,,,,,,
16295,258.0,5.99,5.99,,,4.4,,,,,,,,
16296,80.0,9.99,9.99,12.99,4000000.0,4.3,,,4.3,9.0,3.0,7.0,12.0,69.0
16297,292.0,58.94,58.94,69.99,,4.0,203.0,203.0,4.0,11.0,5.0,7.0,22.0,55.0
16298,1274.0,6.71,6.71,,50000000.0,4.6,2501.0,2501.0,4.6,3.0,2.0,6.0,13.0,76.0
16299,78.0,77.99,77.99,,300000000.0,4.5,812.0,812.0,4.5,5.0,2.0,5.0,14.0,74.0
16300,1010.0,,,,,,4.0,4.0,,0.0,,,0.0,
16301,1005.0,,,,,,,,,0.0,0.0,0.0,0.0,
16302,951.0,,,,,4.6,1860.0,,,,,,,
16303,637.0,5.98,5.98,,200000000.0,4.7,82.0,,,,,,,
16304,213.0,,,,,4.4,242.0,,,,,,,
16305,661.0,,,,,,,,,0.0,0.0,0.0,0.0,
16306,25.0,,,,1000000.0,,,,,,,,,
16309,484.0,159.99,159.99,,,3.8,,,3.8,14.0,6.0,12.0,17.0,51.0
16310,1144.0,,,,,3.9,57.0,57.0,3.9,12.0,10.0,6.0,21.0,51.0
16311,895.0,8.99,8.99,,100000000.0,4.3,59.0,,,,,,,
16312,188.0,,,,50000000.0,4.2,83.0,83.0,4.2,12.0,4.0,5.0,14.0,65.0
16313,129.0,,,,,,36.0,36.0,,,9.0,,7.0,
16314,51.0,35.91,35.91,45.99,,4.5,94.0,94.0,4.5,8.0,2.0,3.0,3.0,84.0
16315,175.0,182.59,182.59,,50000000.0,4.5,1193.0,1193.0,4.5,5.0,2.0,5.0,13.0,75.0
16316,,199.99,199.99,,,3.8,20.0,20.0,3.8,14.0,,9.0,8.0,56.0
16317,1039.0,,,,,4.3,311.0,,,,,,,
16318,60.0,8.99,8.99,,,4.0,771.0,,,,,,,
16319,,,,,,4.0,19.0,19.0,4.0,8.0,8.0,,9.0,56.0
16320,401.0,,,,,4.4,1824.0,1824.0,4.4,9.0,2.0,3.0,10.0,76.0
16321,1899.0,6.95,6.95,,50000000.0,4.6,,,4.6,3.0,1.0,4.0,10.0,82.0
16322,208.0,16.99,16.99,,50000000.0,4.0,72.0,72.0,4.0,13.0,7.0,3.0,17.0,60.0
16323,104.0,17.99,17.99,,50000000.0,4.1,2421.0,2421.0,4.1,11.0,3.0,10.0,16.0,60.0
16324,127.0,39.99,39.99,,200000000.0,5.0,67.0,67.0,5.0,0.0,0.0,0.0,0.0,100.0
16325,216.0,15.45,15.45,,50000000.0,4.1,34.0,34.0,4.1,15.0,3.0,6.0,10.0,66.0
16326,153.0,6.95,6.95,,1000000.0,4.5,1799.0,1799.0,4.5,6.0,2.0,4.0,9.0,79.0
16327,,,,,50000000.0,4.4,124.0,,,,,,,
16328,485.0,12.99,12.99,,300000000.0,4.0,845.0,845.0,4.0,10.0,6.0,12.0,17.0,55.0
16329,217.0,,,,,4.4,231.0,231.0,4.4,7.0,3.0,5.0,8.0,77.0
16330,494.0,,,,100000000.0,,,,,,,,,
16331,322.0,,,,,4.2,28.0,28.0,4.2,14.0,0.0,0.0,19.0,67.0
16332,,,,,,4.2,12.0,12.0,4.2,19.0,0.0,0.0,0.0,81.0
16333,241.0,45.99,45.99,49.99,200000000.0,4.0,302.0,,,,,,,
16334,187.0,,,,100000000.0,,,,,,,,,
16335,1095.0,7.45,7.45,,100000000.0,4.4,288.0,288.0,4.4,9.0,3.0,2.0,9.0,77.0
16336,142.0,47.99,47.99,47.99,200000000.0,4.3,30.0,30.0,4.3,12.0,5.0,0.0,6.0,77.0
16337,177.0,,,,,,,,,,,,,
16338,154.0,29.98,29.98,39.99,100000000.0,4.3,12.0,12.0,4.3,0.0,,0.0,0.0,77.0
16339,97.0,149.99,149.99,,300000000.0,4.5,275.0,275.0,4.5,5.0,2.0,3.0,12.0,78.0
16340,194.0,17.9,17.9,19.89,100000000.0,4.1,32.0,32.0,4.1,11.0,5.0,7.0,18.0,59.0
16341,1539.0,,,,,5.0,10.0,,,,,,,
16342,760.0,5.59,5.59,,100000000.0,4.4,76.0,76.0,4.4,3.0,8.0,4.0,15.0,70.0
16343,1316.0,,,,,,,,,0.0,0.0,0.0,0.0,
16345,600.0,,,,,,,,,,,,,
16346,848.0,,,,,4.3,3.0,,,,,,,
16347,370.0,,,,50000000.0,,,,,,,,,
16348,4.0,129.99,129.99,179.99,2000000.0,4.3,631.0,631.0,4.3,6.0,3.0,10.0,16.0,65.0
16349,1070.0,14.99,14.99,,100000000.0,4.5,57.0,57.0,4.5,5.0,2.0,4.0,8.0,81.0
16350,822.0,13.99,13.99,,100000000.0,4.3,250.0,250.0,4.3,8.0,6.0,3.0,14.0,69.0
16351,,,,,,4.5,,,4.5,5.0,2.0,4.0,12.0,77.0
16352,982.0,35.98,35.98,,100000000.0,3.8,20.0,20.0,3.8,16.0,0.0,16.0,22.0,46.0
16353,557.0,,,,,,,,,,,,,
16354,6.0,35.99,35.99,43.99,2000000.0,4.3,1275.0,1275.0,4.3,8.0,2.0,7.0,15.0,68.0
16355,650.0,,,,,4.4,3.0,,,,,,,
16356,747.0,,,,,4.4,13.0,13.0,4.4,13.0,0.0,0.0,0.0,87.0
16357,113.0,,,,,4.5,44.0,44.0,4.5,7.0,3.0,0.0,7.0,83.0
16358,,9.99,9.99,,100000000.0,4.6,82.0,,,,,,,
16359,470.0,,,,,4.6,26.0,26.0,4.6,6.0,0.0,0.0,12.0,82.0
16360,452.0,21.99,21.99,,300000000.0,4.3,221.0,221.0,4.3,9.0,3.0,7.0,10.0,71.0
16361,1662.0,,,,,,,,,,,,,
16362,603.0,,,,,4.7,11.0,11.0,4.7,0.0,0.0,0.0,,73.0
16363,104.0,,,,1000000.0,,,,,,,,,
16365,431.0,7.95,7.95,9.98,,4.5,267.0,267.0,4.5,4.0,2.0,7.0,12.0,75.0
16367,168.0,44.78,44.78,44.78,100000000.0,4.3,631.0,631.0,4.3,6.0,4.0,8.0,15.0,67.0
16368,315.0,,,,,,2.0,2.0,,,0.0,0.0,0.0,
16369,235.0,,,,400000000.0,,,,,,,,,
16370,607.0,,,,,4.5,2.0,2.0,4.5,0.0,0.0,0.0,,48.0
16371,864.0,,,,200000000.0,,,,,,,,,
16372,128.0,13.99,13.99,,200000000.0,3.4,29.0,29.0,3.4,,0.0,,12.0,41.0
16373,357.0,,,,50000000.0,,,,,,,,,
16374,649.0,,,,,3.6,37.0,37.0,3.6,17.0,10.0,9.0,20.0,44.0
16375,730.0,,,,,3.6,25.0,,,,,,,
16377,641.0,,,,,,4.0,,,,,,,
16378,1279.0,,,,,,18.0,18.0,,,,16.0,0.0,46.0
16379,349.0,,,,,,,,,,,,,
16380,382.0,149.99,149.99,176.99,,4.2,431.0,431.0,4.2,9.0,4.0,7.0,12.0,68.0
16381,209.0,89.99,89.99,,,4.2,47.0,47.0,4.2,6.0,3.0,10.0,20.0,61.0
16382,185.0,39.99,39.99,,100000000.0,4.5,385.0,385.0,4.5,6.0,1.0,3.0,14.0,76.0
16383,757.0,,,,,4.4,1295.0,1295.0,4.4,8.0,2.0,4.0,9.0,77.0
16384,430.0,,,,400000000.0,,,,,,,,,
16385,272.0,26.48,26.48,26.48,200000000.0,4.4,149.0,149.0,4.4,7.0,3.0,3.0,19.0,68.0
16387,24.0,169.99,169.99,,1000000.0,4.3,819.0,819.0,4.3,12.0,2.0,4.0,10.0,72.0
16388,348.0,156.99,156.99,,,4.6,,,4.6,3.0,1.0,4.0,12.0,80.0
16390,264.0,,,,,4.4,68.0,,,,,,,
16391,7.0,197.99,197.99,,,4.0,896.0,896.0,4.0,16.0,4.0,5.0,13.0,62.0
16392,7.0,,,,4000000.0,4.6,1194.0,,,,,,,
16393,955.0,,,,,3.7,12.0,12.0,3.7,13.0,,0.0,24.0,45.0
16397,789.0,6.99,6.99,,200000000.0,4.2,145.0,145.0,4.2,9.0,4.0,8.0,14.0,65.0
16398,251.0,,,,,4.5,2.0,2.0,4.5,0.0,0.0,0.0,,47.0
16399,9.0,,,,,4.3,238.0,238.0,4.3,10.0,3.0,3.0,12.0,72.0
16401,51.0,,,,,4.1,419.0,419.0,4.1,15.0,2.0,5.0,12.0,66.0
16402,52.0,,,,,4.1,97.0,,,,,,,
16403,852.0,9.99,9.99,,100000000.0,4.1,695.0,,,,,,,
16404,59.0,,,,200000000.0,4.3,1147.0,1147.0,4.3,8.0,4.0,5.0,13.0,70.0
16405,2.0,,,,1000000.0,4.4,151.0,,,,,,,
16406,69.0,,,,300000000.0,4.3,997.0,997.0,4.3,8.0,2.0,6.0,13.0,71.0
16407,73.0,139.99,139.99,199.99,1000000.0,4.2,2654.0,2654.0,4.2,11.0,2.0,5.0,13.0,69.0
16409,30.0,,,,200000000.0,4.7,41.0,,,,,,,
16410,12.0,,,,,4.0,944.0,,,,,,,
16412,246.0,,,,50000000.0,4.4,2818.0,,,,,,,
16413,40.0,,,,,4.6,144.0,,,5.0,2.0,2.0,14.0,77.0
16414,159.0,,,,50000000.0,4.4,237.0,,,,,,,
16415,365.0,,,,,4.1,1929.0,1929.0,4.1,15.0,4.0,4.0,8.0,69.0
16416,103.0,,,,100000000.0,4.4,1879.0,1879.0,4.4,6.0,1.0,5.0,13.0,75.0
16417,214.0,,,,,4.4,2517.0,2517.0,4.4,9.0,2.0,3.0,11.0,75.0
16418,237.0,,,,,4.1,20.0,20.0,4.1,16.0,0.0,0.0,,58.0
16419,66.0,,,,200000000.0,,,,,,,,,
16420,68.0,,,,100000000.0,4.3,50.0,50.0,4.3,8.0,3.0,8.0,11.0,70.0
16421,143.0,,,,50000000.0,3.7,150.0,150.0,3.7,20.0,4.0,8.0,17.0,51.0
16422,17.0,,,,,4.5,424.0,,,7.0,1.0,3.0,8.0,81.0
16424,13.0,,,,100000000.0,4.4,95.0,95.0,4.4,8.0,1.0,3.0,10.0,78.0
16425,83.0,,,,50000000.0,4.2,,,,11.0,3.0,5.0,12.0,69.0
16426,186.0,,,,100000000.0,4.3,50.0,50.0,4.3,2.0,4.0,12.0,19.0,63.0
16427,86.0,,,,50000000.0,4.3,,,4.3,11.0,2.0,3.0,11.0,73.0
16428,34.0,,,,300000000.0,,,,,,,,,
16429,36.0,,,,,4.6,1355.0,,,,,,,
16430,37.0,,,,300000000.0,4.1,179.0,179.0,4.1,12.0,5.0,5.0,11.0,67.0
16431,88.0,,,,100000000.0,,,,,,,,,
16432,934.0,17.09,17.09,17.99,50000000.0,4.3,29.0,29.0,4.3,5.0,10.0,6.0,10.0,69.0
16433,942.0,,,,,3.8,45.0,45.0,3.8,19.0,5.0,7.0,15.0,54.0
16434,20.0,,,,,4.4,22.0,22.0,4.4,5.0,7.0,0.0,14.0,74.0
16436,38.0,,,,,4.3,184.0,184.0,4.3,10.0,2.0,5.0,9.0,74.0
16437,117.0,,,,50000000.0,4.6,6.0,6.0,4.6,0.0,0.0,,0.0,78.0
16438,67.0,,,,200000000.0,4.4,,,4.4,9.0,2.0,4.0,11.0,74.0
16439,132.0,,,,50000000.0,4.1,572.0,572.0,4.1,14.0,3.0,7.0,11.0,65.0
16440,193.0,,,,,4.4,188.0,188.0,4.4,4.0,4.0,7.0,12.0,73.0
16441,368.0,214.99,214.99,249.99,50000000.0,4.2,231.0,231.0,4.2,9.0,3.0,8.0,12.0,68.0
16442,197.0,,,,,4.1,38.0,38.0,4.1,12.0,6.0,6.0,8.0,68.0
16443,52.0,,,,,4.4,,,,7.0,3.0,4.0,12.0,74.0
16444,62.0,,,,,3.9,147.0,147.0,3.9,17.0,3.0,7.0,13.0,60.0
16445,258.0,,,,50000000.0,4.3,63.0,63.0,4.3,9.0,4.0,4.0,12.0,71.0
16446,516.0,,,,,,,,,,,,,
16447,59.0,,,,,4.0,23.0,,,,,,,
16449,157.0,,,,,4.4,2408.0,2408.0,4.4,7.0,2.0,5.0,13.0,73.0
16450,14.0,,,,100000000.0,4.2,55.0,,,,,,,
16451,169.0,,,,,4.4,,,4.4,9.0,1.0,3.0,11.0,76.0
16452,203.0,,,,,4.3,409.0,,,,,,,
16455,252.0,220.59,220.59,,,4.4,1167.0,1167.0,4.4,7.0,2.0,5.0,13.0,73.0
16456,287.0,,,,,4.4,231.0,231.0,4.4,7.0,3.0,5.0,8.0,77.0
16457,905.0,,,,,4.3,11.0,11.0,4.3,11.0,0.0,0.0,20.0,69.0
16458,590.0,,,,,,,,,,,,,
16459,47.0,,,,,4.6,307.0,,,,,,,
16460,213.0,,,,,4.4,13.0,13.0,4.4,13.0,0.0,0.0,0.0,87.0
16461,135.0,,,,,4.2,24.0,24.0,4.2,16.0,0.0,0.0,10.0,74.0
16462,218.0,,,,50000000.0,4.5,191.0,191.0,4.5,5.0,2.0,3.0,13.0,77.0
16464,286.0,,,,,4.3,194.0,194.0,4.3,9.0,3.0,4.0,17.0,67.0
16465,187.0,,,,50000000.0,4.1,53.0,53.0,4.1,15.0,4.0,6.0,8.0,67.0
16466,194.0,,,,,4.1,2414.0,,,,,,,
16467,514.0,,,,,,,,,,,,,
16468,643.0,,,,,,4.0,4.0,,,0.0,0.0,0.0,51.0
16470,897.0,,,,,4.2,125.0,125.0,4.2,11.0,4.0,7.0,8.0,70.0
16471,702.0,,,,,4.1,24.0,24.0,4.1,14.0,4.0,0.0,16.0,66.0
16472,735.0,,,,,4.5,2199.0,2199.0,4.5,5.0,1.0,4.0,14.0,76.0
16473,231.0,,,,,,,,,,,,,
16474,833.0,,,,,5.0,1.0,1.0,5.0,0.0,0.0,0.0,0.0,100.0
16475,441.0,,,,,4.2,13.0,,,,,,,
16476,673.0,,,,,,3.0,3.0,,,0.0,0.0,,
16477,792.0,,,,,4.2,90.0,90.0,4.2,11.0,5.0,4.0,11.0,69.0
16478,185.0,,,259.99,50000000.0,4.3,357.0,357.0,4.3,10.0,3.0,3.0,13.0,71.0
16479,1420.0,,,,,3.8,29.0,29.0,3.8,18.0,4.0,6.0,15.0,57.0
16480,57.0,,,,,4.4,226.0,226.0,4.4,8.0,4.0,4.0,7.0,77.0
16481,2357.0,,,,,4.1,5.0,5.0,4.1,0.0,,0.0,0.0,72.0
16482,224.0,,,,,4.8,31.0,,,,,,,
16484,596.0,,,,,4.5,6.0,6.0,4.5,0.0,0.0,14.0,25.0,61.0
16487,63.0,,,,,4.4,333.0,333.0,4.4,8.0,3.0,2.0,11.0,76.0
16488,122.0,,,,50000000.0,4.2,723.0,723.0,4.2,10.0,5.0,4.0,15.0,66.0
16489,818.0,,,,,4.4,254.0,,,,,,,
16490,595.0,,,,,,,,,,,,,
16491,434.0,,,,,,3.0,3.0,,,0.0,0.0,0.0,40.0
16492,438.0,,,,,4.2,39.0,39.0,4.2,15.0,3.0,0.0,5.0,77.0
16494,973.0,,,,,4.8,19.0,19.0,4.8,0.0,7.0,0.0,0.0,93.0
16495,692.0,,,,,,,,,,,,,
16496,1191.0,,,,,3.5,37.0,,,,,,,
16497,470.0,,,,,,395.0,,,,,,,
16498,260.0,,,,,4.3,119.0,119.0,4.3,10.0,2.0,5.0,12.0,71.0
16499,45.0,,,,,4.5,43.0,43.0,4.5,8.0,3.0,0.0,6.0,83.0
16501,1332.0,,,,,3.5,2.0,2.0,3.5,0.0,,0.0,0.0,52.0
16502,118.0,,,,,4.1,237.0,237.0,4.1,14.0,4.0,6.0,12.0,64.0
16503,516.0,,,,,4.2,547.0,547.0,4.2,11.0,4.0,6.0,10.0,69.0
16504,576.0,,,,,4.5,31.0,31.0,4.5,5.0,4.0,5.0,8.0,78.0
16505,399.0,,,,,4.4,33.0,33.0,4.4,11.0,0.0,0.0,16.0,73.0
16507,620.0,,,,,5.0,6.0,,,,,,,
16508,139.0,,,,,4.0,16.0,16.0,4.0,8.0,,9.0,9.0,61.0
16509,391.0,,,,,3.5,15.0,15.0,3.5,,0.0,0.0,0.0,62.0
16510,43.0,,,,,4.5,2054.0,,,,,,,
16511,449.0,,,,,,,,,,,,,
16512,352.0,,,,,5.0,2.0,2.0,5.0,0.0,0.0,0.0,0.0,100.0
16513,843.0,,,,,5.0,5.0,5.0,5.0,0.0,0.0,0.0,0.0,100.0
16515,282.0,,,,,4.5,29.0,29.0,4.5,6.0,5.0,0.0,5.0,84.0
16516,685.0,,,,,,4.0,4.0,,,0.0,,0.0,32.0
16517,66.0,,,,,4.6,18.0,18.0,4.6,0.0,0.0,6.0,24.0,70.0
16518,210.0,,,,,4.0,44.0,44.0,4.0,13.0,0.0,11.0,,48.0
16519,871.0,,,,,,,,,0.0,0.0,0.0,0.0,
16520,448.0,,,,,4.0,33.0,33.0,4.0,,0.0,0.0,6.0,70.0
16521,68.0,,,,,4.2,38.0,,,,,,,
16522,545.0,,,,,4.4,9.0,9.0,4.4,15.0,0.0,0.0,0.0,85.0
16523,885.0,,,,,4.1,13.0,13.0,4.1,19.0,0.0,0.0,11.0,70.0
16524,1860.0,,,,,5.0,1.0,1.0,5.0,0.0,0.0,0.0,0.0,100.0
16525,345.0,,,,,4.4,142.0,142.0,4.4,4.0,2.0,9.0,14.0,71.0
16526,901.0,,,,,5.0,1.0,,,,,,,
16527,46.0,,,,,4.3,137.0,137.0,4.3,4.0,4.0,16.0,6.0,70.0
16528,482.0,,,,,4.0,64.0,,,,,,,
16529,570.0,,,,,4.0,73.0,73.0,4.0,15.0,2.0,5.0,20.0,58.0
16530,652.0,,,,,,,,,,,,,
16531,597.0,,,,,,40.0,40.0,,,4.0,6.0,10.0,43.0
16533,564.0,,,,,,,,,,,,,
16534,782.0,,,,,4.4,927.0,927.0,4.4,10.0,1.0,4.0,7.0,78.0
16535,1011.0,219.5,219.5,,,4.2,892.0,,,,,,,
16536,1448.0,,,,,3.7,9.0,9.0,3.7,21.0,0.0,14.0,15.0,50.0
16537,291.0,,,,,4.0,53.0,53.0,4.0,19.0,0.0,7.0,6.0,68.0
16539,1026.0,,,,,,,,,,,,,
16540,1307.0,,,,,4.2,21.0,21.0,4.2,15.0,0.0,7.0,7.0,71.0
16541,274.0,,,,,4.0,1.0,,,,,,,
16542,1111.0,,,,,,,,,0.0,0.0,0.0,0.0,
16543,169.0,,,,,4.2,878.0,878.0,4.2,11.0,4.0,4.0,12.0,69.0
16544,527.0,,,,,,,,,0.0,0.0,0.0,0.0,
16545,988.0,,,,,,,,,0.0,0.0,0.0,0.0,
16546,,,,,,4.4,883.0,,,,,,,
16547,172.0,,,,,4.2,700.0,700.0,4.2,11.0,3.0,4.0,13.0,69.0
16549,724.0,,,,,4.4,377.0,377.0,4.4,8.0,3.0,5.0,11.0,73.0
16550,797.0,,,,,,2.0,2.0,,,0.0,0.0,0.0,52.0
16551,41.0,,,,,4.1,127.0,,,13.0,3.0,5.0,13.0,66.0
16554,960.0,,,,,3.4,11.0,11.0,3.4,,0.0,15.0,16.0,42.0
16555,222.0,,,,,4.3,307.0,307.0,4.3,10.0,3.0,4.0,9.0,74.0
16556,734.0,,,,,,,,,,,,,
16557,81.0,,,,,4.4,,,,9.0,2.0,4.0,11.0,74.0
16559,1197.0,,,,,4.5,1336.0,1336.0,4.5,6.0,2.0,4.0,13.0,75.0
16560,464.0,,,,,,,,,,,,,
16561,327.0,,,,,4.1,1538.0,1538.0,4.1,14.0,3.0,6.0,14.0,63.0
16562,419.0,,,,,5.0,1.0,1.0,5.0,0.0,0.0,0.0,0.0,100.0
16563,1757.0,,,,,,,,,,,,,
16564,567.0,,,,,4.5,12.0,12.0,4.5,0.0,0.0,14.0,23.0,63.0
16565,398.0,,,,,5.0,1.0,1.0,5.0,0.0,0.0,0.0,0.0,100.0
16567,791.0,,,,,3.6,12.0,12.0,3.6,,0.0,16.0,17.0,44.0
16568,667.0,,,,,,2.0,2.0,,,0.0,0.0,0.0,52.0
16569,132.0,,,,,,,,,,,,,
16570,168.0,,,,,4.7,618.0,618.0,4.7,2.0,3.0,2.0,9.0,84.0
16571,687.0,,,,,3.6,84.0,,,,,,,
16572,1314.0,,,,,,,,,0.0,0.0,0.0,0.0,
16573,781.0,,,,,5.0,1.0,,,,,,,
16574,48.0,,,,,5.0,1.0,1.0,5.0,0.0,0.0,0.0,0.0,100.0
16575,882.0,,,,,5.0,1.0,,,,,,,
16576,511.0,,,,,,,,,,,,,
16577,35.0,,,,,4.2,254.0,,,14.0,1.0,5.0,11.0,69.0
16579,987.0,,,,,4.6,32.0,32.0,4.6,4.0,0.0,4.0,11.0,81.0
16580,104.0,,,,,4.0,182.0,182.0,4.0,16.0,3.0,5.0,11.0,65.0
16581,572.0,,,,,,,,,,,,,
16583,247.0,,,,,,,,,0.0,0.0,0.0,0.0,
16584,578.0,,,,,,,,,,,,,
16585,481.0,,,,,4.4,732.0,732.0,4.4,8.0,2.0,4.0,12.0,74.0
16586,93.0,,,,,4.1,258.0,258.0,4.1,16.0,3.0,5.0,8.0,68.0
16587,542.0,189.0,189.0,229.0,,3.7,111.0,111.0,3.7,16.0,9.0,12.0,11.0,52.0
16588,62.0,,,,,,,,,0.0,0.0,0.0,0.0,
16589,163.0,,,,,4.7,1280.0,1280.0,4.7,4.0,1.0,2.0,8.0,85.0
16590,949.0,,,,,,,,,,,,,
16591,621.0,,,,,,2.0,,,,,,,
16592,319.0,,,,,,,,,0.0,0.0,0.0,0.0,
16593,907.0,,,,,3.8,21.0,21.0,3.8,,6.0,0.0,7.0,64.0
16594,340.0,,,,,4.3,100.0,100.0,4.3,8.0,6.0,7.0,8.0,71.0
16595,2568.0,,,,,4.6,2168.0,2168.0,4.6,3.0,2.0,3.0,15.0,77.0
16596,264.0,,,,,3.8,13.0,13.0,3.8,,0.0,15.0,0.0,62.0
16598,608.0,,,,,5.0,2.0,2.0,5.0,0.0,0.0,0.0,0.0,100.0
16599,906.0,,,,,4.1,5.0,5.0,4.1,0.0,,0.0,23.0,54.0
16600,629.0,,,,,,,,,,,,,
16601,169.0,,,,,4.6,550.0,550.0,4.6,5.0,3.0,2.0,7.0,83.0
16602,741.0,,,,,,,,,,,,,
16603,947.0,,,,,4.0,105.0,,,,,,,
16604,828.0,,,,,3.9,2123.0,,,,,,,
16606,1148.0,,,,,3.8,5.0,5.0,3.8,,0.0,0.0,0.0,71.0
16607,212.0,,,,,4.4,33.0,33.0,4.4,11.0,0.0,0.0,16.0,73.0
16609,345.0,,,,,5.0,2.0,2.0,5.0,0.0,0.0,0.0,0.0,100.0
16610,641.0,99.99,99.99,,,4.5,2032.0,2032.0,4.5,7.0,2.0,5.0,9.0,77.0
16611,1202.0,,,,,3.7,2608.0,2608.0,3.7,,5.0,5.0,12.0,56.0
16613,1559.0,,,,,,,,,0.0,0.0,0.0,0.0,
16615,280.0,,,,,5.0,1.0,1.0,5.0,0.0,0.0,0.0,0.0,100.0
16616,475.0,,,,,4.0,115.0,115.0,4.0,12.0,7.0,9.0,12.0,60.0
16618,1721.0,,,,,5.0,2.0,,,,,,,
16619,487.0,,,,,,4.0,4.0,,0.0,,,0.0,37.0
16620,646.0,,,,,4.2,56.0,56.0,4.2,8.0,6.0,4.0,17.0,65.0
16621,332.0,,,,,5.0,1.0,,,,,,,
16622,638.0,,,,,4.2,93.0,93.0,4.2,11.0,3.0,4.0,13.0,69.0
16623,941.0,,,,,3.9,50.0,50.0,3.9,13.0,5.0,12.0,11.0,59.0
16624,2517.0,,,,,,,,,,,,,
16625,1951.0,,,,,5.0,1.0,,,,,,,
16626,196.0,,,,,4.1,213.0,213.0,4.1,14.0,4.0,5.0,13.0,64.0
16627,357.0,,,,,4.1,136.0,,,,,,,
16628,606.0,,,,,4.2,15.0,15.0,4.2,13.0,0.0,0.0,,60.0
16629,1220.0,,,,,,,,,0.0,0.0,0.0,0.0,
16631,1519.0,,,,,,,,,0.0,0.0,0.0,0.0,
16632,524.0,,,,,,1.0,,,,,,,
16633,109.0,,,,50000000.0,,,,,,,,,
16634,327.0,,,,,5.0,1.0,,,,,,,
16635,1382.0,,,,,,,,,,,,,
16636,58.0,,,,,4.7,53.0,53.0,4.7,1.0,0.0,5.0,17.0,77.0
16637,1479.0,,,,,,,,,,,,,
16638,642.0,,,,,,,,,0.0,0.0,0.0,0.0,
16639,551.0,,,,,,2.0,2.0,,,0.0,0.0,0.0,52.0
16640,,,,,,4.1,205.0,205.0,4.1,11.0,6.0,6.0,13.0,64.0
16641,653.0,,,,,4.0,891.0,891.0,4.0,12.0,6.0,8.0,12.0,62.0
16643,817.0,,,,,,,,,,,,,
16645,180.0,,,,,5.0,1.0,1.0,5.0,0.0,0.0,0.0,0.0,100.0
16646,34.0,,,,,4.4,,,,9.0,2.0,3.0,10.0,76.0
16647,152.0,,,,,4.5,47.0,47.0,4.5,8.0,0.0,4.0,7.0,81.0
16648,1092.0,,,,,3.9,1277.0,1277.0,3.9,12.0,9.0,8.0,15.0,56.0
16649,1335.0,,,,,,,,,0.0,0.0,0.0,0.0,
16650,443.0,,,,,5.0,13.0,13.0,5.0,0.0,0.0,0.0,0.0,100.0
16651,240.0,,,,,4.9,10.0,10.0,4.9,0.0,0.0,0.0,13.0,87.0
16652,641.0,,,,,4.5,2.0,2.0,4.5,0.0,0.0,0.0,,48.0
16653,2315.0,,,,,,,,,0.0,0.0,0.0,0.0,
16654,1200.0,,,,,4.2,313.0,313.0,4.2,10.0,3.0,7.0,12.0,68.0
16655,,,,,,4.5,1256.0,1256.0,4.5,7.0,2.0,3.0,10.0,78.0
16656,1203.0,,,,,,,,,,,,,
16657,94.0,,,,,4.5,2855.0,2855.0,4.5,6.0,2.0,3.0,7.0,82.0
16658,324.0,,,,,4.3,21.0,21.0,4.3,16.0,0.0,0.0,7.0,77.0
16659,1525.0,,,,,,,,,0.0,0.0,0.0,0.0,
16660,292.0,,,,,,,,,0.0,0.0,0.0,0.0,
16661,1647.0,,,,,,,,,0.0,0.0,0.0,0.0,
16662,104.0,,,,,4.3,373.0,373.0,4.3,9.0,1.0,5.0,13.0,72.0
16663,1615.0,,,,,4.5,56.0,56.0,4.5,6.0,2.0,4.0,10.0,78.0
16664,785.0,,,,,,3.0,3.0,,,0.0,0.0,0.0,47.0
16666,2205.0,,,,,4.1,242.0,242.0,4.1,12.0,5.0,6.0,10.0,67.0
16667,1062.0,,,,,5.0,10.0,10.0,5.0,0.0,0.0,0.0,0.0,100.0
16668,957.0,,,,,4.1,2581.0,2581.0,4.1,12.0,4.0,6.0,16.0,62.0
16669,519.0,,,,,,,,,,,,,
16670,498.0,,,,,,,,,,,,,
16671,238.0,,,,,,,,,0.0,0.0,0.0,0.0,
16673,993.0,,,,,,,,,0.0,0.0,0.0,0.0,
16674,1547.0,,,,,3.9,13.0,13.0,3.9,16.0,0.0,,0.0,59.0
16675,341.0,,,,,3.8,30.0,30.0,3.8,,5.0,0.0,0.0,70.0
16676,716.0,,,,,,,,,0.0,0.0,0.0,0.0,
16678,1512.0,,,,,,,,,,,,,
16680,347.0,,,,,,,,,0.0,0.0,0.0,0.0,
16681,561.0,,,,,,,,,0.0,0.0,0.0,0.0,
16683,764.0,,,,,,,,,0.0,0.0,0.0,0.0,
16684,485.0,,,,,4.0,76.0,76.0,4.0,10.0,8.0,7.0,21.0,54.0
16685,1703.0,,,,,,,,,0.0,0.0,0.0,0.0,
16686,83.0,,,,,,,,,0.0,0.0,0.0,0.0,
16687,1365.0,,,,,4.6,89.0,,,,,,,
16688,245.0,,,,,5.0,4.0,,,,,,,
16690,1982.0,,,,,4.8,5.0,,,,,,,
16691,502.0,,,,,,,,,,,,,
16692,117.0,,,,,5.0,2.0,2.0,5.0,0.0,0.0,0.0,0.0,100.0
16693,707.0,,,,,4.2,1941.0,1941.0,4.2,11.0,4.0,6.0,12.0,67.0
16695,72.0,,,,,4.4,1674.0,,,,,,,
16696,202.0,,,,,,5.0,,,,,,,
16697,771.0,,,,,,,,,,,,,
16699,333.0,,,,,4.3,667.0,667.0,4.3,9.0,3.0,6.0,14.0,68.0
16701,672.0,,,,,,,,,0.0,0.0,0.0,0.0,
16702,381.0,,,,,4.4,347.0,347.0,4.4,10.0,1.0,2.0,10.0,77.0
16703,415.0,,,,,3.9,22.0,22.0,3.9,10.0,7.0,14.0,16.0,53.0
16704,712.0,,,,,,,,,0.0,0.0,0.0,0.0,
16705,194.0,,,,,5.0,2.0,2.0,5.0,0.0,0.0,0.0,0.0,100.0
16706,994.0,,,,,3.8,140.0,,,,,,,
16707,1307.0,,,,,,1.0,1.0,,,0.0,0.0,0.0,
16708,2411.0,,,,,,3.0,3.0,,,0.0,0.0,,
16709,359.0,,,,,5.0,2.0,2.0,5.0,0.0,0.0,0.0,0.0,100.0
16711,284.0,,,,,4.2,9.0,9.0,4.2,15.0,0.0,0.0,16.0,69.0
16712,1429.0,,,,,,,,,0.0,0.0,0.0,0.0,
16713,627.0,,,,,,,,,,,,,
16714,159.0,,,,,,,,,0.0,0.0,0.0,0.0,
16715,891.0,,,,,,,,,,,,,
16716,1126.0,,,,,,1.0,1.0,,,0.0,0.0,0.0,
16717,841.0,,,,,,,,,0.0,0.0,0.0,0.0,
16718,1512.0,,,,,,,,,0.0,0.0,0.0,0.0,
16719,616.0,,,,,3.9,47.0,47.0,3.9,17.0,8.0,0.0,17.0,58.0
16720,663.0,,,,,3.6,6.0,,,,,,,
16721,615.0,,,,,4.5,10.0,10.0,4.5,12.0,0.0,0.0,0.0,88.0
16722,676.0,,,,,3.4,3.0,3.0,3.4,,0.0,0.0,0.0,61.0
16724,924.0,,,,,3.4,4.0,4.0,3.4,,0.0,,0.0,46.0
16725,98.0,,,,,,,,,0.0,0.0,0.0,0.0,
16727,433.0,,,,,5.0,3.0,3.0,5.0,0.0,0.0,0.0,0.0,100.0
16729,1105.0,,,,,3.6,6.0,6.0,3.6,0.0,,,0.0,47.0
16732,350.0,,,,,5.0,2.0,2.0,5.0,0.0,0.0,0.0,0.0,100.0
16733,140.0,,,,,4.0,32.0,32.0,4.0,19.0,0.0,5.0,8.0,68.0
16737,2521.0,,,,,,,,,0.0,0.0,0.0,0.0,
16738,394.0,,,,,4.0,384.0,,,,,,,
16739,1171.0,,,,,,19.0,,,,,,,
16740,1666.0,,,,,,,,,,,,,
16741,579.0,,,,,3.8,19.0,19.0,3.8,19.0,9.0,0.0,15.0,57.0
16742,617.0,,,,,3.9,393.0,393.0,3.9,15.0,6.0,7.0,16.0,56.0
16744,90.0,,,,,4.4,32.0,32.0,4.4,7.0,7.0,0.0,7.0,79.0
16745,494.0,,,,,4.5,2.0,,,,,,,
16746,449.0,,,,,4.3,137.0,137.0,4.3,10.0,4.0,3.0,8.0,75.0
16747,1891.0,,,,,,,,,0.0,0.0,0.0,0.0,
16748,1045.0,,,,,4.3,19.0,19.0,4.3,10.0,0.0,13.0,0.0,77.0
16749,1457.0,,,,,,,,,,,,,
16750,585.0,,,,,,4.0,4.0,,,0.0,,0.0,46.0
16751,563.0,,,,,4.4,1054.0,1054.0,4.4,9.0,2.0,5.0,11.0,73.0
16752,1532.0,,,,,,,,,,,,,
16753,1487.0,,,,,,1.0,1.0,,,0.0,0.0,0.0,
16754,535.0,,,,,,2.0,2.0,,,0.0,0.0,0.0,52.0
16755,968.0,,,,,,1.0,,,,,,,
16756,887.0,,,,,,,,,0.0,0.0,0.0,0.0,
16757,1001.0,,,,,,,,,0.0,0.0,0.0,0.0,
16758,523.0,,,,,,,,,0.0,0.0,0.0,0.0,
16759,640.0,,,,,4.1,18.0,18.0,4.1,20.0,0.0,0.0,9.0,71.0
16762,230.0,,,,,,,,,,,,,
16763,242.0,,,,,4.6,4.0,4.0,4.6,0.0,0.0,0.0,,65.0
16764,334.0,,,,,4.1,493.0,493.0,4.1,12.0,2.0,9.0,17.0,60.0
16765,1072.0,,,,,,1.0,1.0,,,0.0,0.0,0.0,
16766,1132.0,,,,,3.8,9.0,9.0,3.8,,0.0,0.0,,46.0
16767,977.0,,,,,5.0,2.0,2.0,5.0,0.0,0.0,0.0,0.0,100.0
16768,1217.0,,,,,,,,,,,,,
16770,1151.0,,,,,,,,,0.0,0.0,0.0,0.0,
16771,760.0,,,,,,,,,,,,,
16772,1455.0,,,,,,1.0,1.0,,0.0,0.0,,0.0,
16773,996.0,,,,,,,,,,,,,
16774,2099.0,,,,,4.6,808.0,808.0,4.6,5.0,1.0,4.0,11.0,79.0
16776,2175.0,,,,,,,,,,,,,
16777,168.0,,,,,,,,,0.0,0.0,0.0,0.0,
16778,588.0,,,,,5.0,1.0,1.0,5.0,0.0,0.0,0.0,0.0,100.0
16779,,,,,,,2.0,2.0,,0.0,,0.0,,
16781,534.0,,,,,5.0,6.0,6.0,5.0,0.0,0.0,0.0,0.0,100.0
16782,963.0,,,,,5.0,1.0,,,,,,,
16783,1765.0,,,,,,3.0,3.0,,,0.0,,0.0,39.0
16785,575.0,,,,,3.9,30.0,30.0,3.9,17.0,4.0,11.0,6.0,62.0
16786,982.0,,,,,3.4,17.0,,,,,,,
16787,1616.0,,,,,4.5,2924.0,2924.0,4.5,5.0,2.0,3.0,11.0,79.0
16788,501.0,,,,,,,,,0.0,0.0,0.0,0.0,
16789,571.0,,,,,5.0,1.0,1.0,5.0,0.0,0.0,0.0,0.0,100.0
16791,177.0,,,,,4.4,21.0,21.0,4.4,10.0,0.0,6.0,7.0,77.0
16793,802.0,,,,,,1.0,1.0,,,0.0,0.0,0.0,
16794,2501.0,,,,,,,,,,,,,
16795,179.0,,,,,4.4,11.0,11.0,4.4,14.0,0.0,0.0,0.0,86.0
16796,110.0,,,,,5.0,1.0,1.0,5.0,0.0,0.0,0.0,0.0,100.0
16798,1530.0,,,,,,,,,0.0,0.0,0.0,0.0,
16799,97.0,,,,,4.4,11.0,11.0,4.4,16.0,0.0,0.0,0.0,84.0
16802,1201.0,,,,,,2.0,2.0,,,0.0,0.0,0.0,45.0
16803,2260.0,,,,,4.4,,,,,,,,
16805,1315.0,,,,,,1.0,1.0,,,0.0,0.0,0.0,
16806,135.0,,,,,4.5,11.0,11.0,4.5,13.0,0.0,0.0,0.0,87.0
16807,261.0,,,,,4.0,11.0,11.0,4.0,14.0,0.0,14.0,15.0,57.0
16808,191.0,,,,,,,,,,,,,
16809,668.0,,,,,4.3,681.0,681.0,4.3,12.0,3.0,3.0,9.0,73.0
16810,2500.0,,,,,4.5,2.0,2.0,4.5,0.0,0.0,0.0,,46.0
16811,591.0,,,,,,,,,,,,,
16813,1451.0,,,,,,10.0,10.0,,,0.0,,0.0,31.0
16814,181.0,,,,,5.0,3.0,3.0,5.0,0.0,0.0,0.0,0.0,100.0
16816,330.0,,,,,,,,,,,,,
16817,1342.0,,,,,4.4,242.0,242.0,4.4,8.0,2.0,4.0,11.0,75.0
16818,765.0,,,,,3.8,31.0,31.0,3.8,,0.0,0.0,,50.0
16819,1093.0,,,,,5.0,1.0,1.0,5.0,0.0,0.0,0.0,0.0,100.0
16820,1216.0,,,,,3.9,1343.0,1343.0,3.9,16.0,5.0,5.0,14.0,60.0
16821,1102.0,,,239.79,,,,,,0.0,0.0,0.0,0.0,
16822,1354.0,,,,,,,,,0.0,0.0,0.0,0.0,
16823,1800.0,,,,,5.0,1.0,1.0,5.0,0.0,0.0,0.0,0.0,100.0
16824,953.0,,,,,3.9,2123.0,2123.0,3.9,18.0,5.0,6.0,12.0,59.0
16825,1364.0,,,,,,,,,,,,,
16827,252.0,,,,,,,,,0.0,0.0,0.0,0.0,
16828,1637.0,,,,,,,,,0.0,0.0,0.0,0.0,
16829,1275.0,,,,,4.4,,,4.4,8.0,2.0,4.0,11.0,75.0
16830,142.0,,,,,5.0,1.0,1.0,5.0,0.0,0.0,0.0,0.0,100.0
16831,1120.0,,,,,3.6,11.0,11.0,3.6,,0.0,0.0,12.0,57.0
16832,243.0,,,,,3.9,7.0,7.0,3.9,15.0,0.0,,0.0,64.0
16833,1207.0,,,,,,,,,0.0,0.0,0.0,0.0,
16834,1355.0,,,,,3.8,124.0,124.0,3.8,19.0,3.0,10.0,13.0,55.0
16836,1083.0,,,,,,6.0,6.0,,,,0.0,0.0,44.0
16837,1709.0,,,,,,,,,0.0,0.0,0.0,0.0,
16838,474.0,,,,,,21.0,21.0,,,,8.0,11.0,41.0
16839,2210.0,,,,,4.0,1.0,1.0,4.0,0.0,0.0,0.0,,
16840,451.0,,,,,,2.0,2.0,,,0.0,0.0,0.0,48.0
16841,1239.0,,,,,3.8,3.0,3.0,3.8,,0.0,0.0,0.0,70.0
16842,1626.0,,,,,5.0,2.0,2.0,5.0,0.0,0.0,0.0,0.0,100.0
16843,1276.0,,,,,,,,,,,,,
16844,1058.0,,,,,5.0,2.0,,,,,,,
16845,1130.0,,,,,5.0,5.0,5.0,5.0,0.0,0.0,0.0,0.0,100.0
16847,391.0,,,,,,,,,,,,,
16848,855.0,,,,,,,,,0.0,0.0,0.0,0.0,
16849,1223.0,,,,,,,,,,,,,
16851,456.0,,,,,4.3,425.0,425.0,4.3,10.0,2.0,3.0,11.0,74.0
16852,134.0,,,,,4.6,2275.0,2275.0,4.6,4.0,1.0,3.0,8.0,84.0
16854,1308.0,,,,,,,,,,,,,
16856,1264.0,,,,,4.2,6.0,6.0,4.2,20.0,0.0,0.0,0.0,80.0
16857,482.0,,,,,,,,,,,,,
16858,665.0,,,,,,,,,,,,,
16859,885.0,,,,,,,,,,,,,
16860,1184.0,,,,,3.5,53.0,53.0,3.5,12.0,,13.0,18.0,38.0
16861,1820.0,,,,,,,,,0.0,0.0,0.0,0.0,
16862,660.0,,,,,4.4,1515.0,1515.0,4.4,7.0,2.0,4.0,15.0,72.0
16863,308.0,,,,,4.1,36.0,36.0,4.1,16.0,0.0,8.0,8.0,68.0
16864,1597.0,,,,,4.5,1168.0,1168.0,4.5,5.0,1.0,3.0,15.0,76.0
16865,290.0,192.99,192.99,,,,,,,,,,,
16866,184.0,,,,,,8.0,8.0,,,,0.0,0.0,46.0
16867,394.0,,,,,5.0,1.0,1.0,5.0,0.0,0.0,0.0,0.0,100.0
16868,1784.0,,,,,,,,,,,,,
16869,1106.0,,,,,,,,,,,,,
16870,693.0,,,,,,,,,0.0,0.0,0.0,0.0,
16871,1521.0,,,,,,,,,0.0,0.0,0.0,0.0,
16872,1893.0,,,,,4.5,839.0,839.0,4.5,8.0,1.0,2.0,10.0,79.0
16873,1263.0,,,,,5.0,1.0,1.0,5.0,0.0,0.0,0.0,0.0,100.0
16874,609.0,,,,,,,,,0.0,0.0,0.0,0.0,
16875,1835.0,,,,,,,,,0.0,0.0,0.0,0.0,
16877,1244.0,,,,,,,,,0.0,0.0,0.0,0.0,
16878,552.0,,,,,,,,,0.0,0.0,0.0,0.0,
16879,954.0,,,,,,,,,,,,,
16880,880.0,,,,,,,,,,,,,
16881,769.0,,,,,4.3,109.0,109.0,4.3,8.0,0.0,6.0,19.0,67.0
16882,187.0,,,,,4.6,14.0,14.0,4.6,0.0,10.0,0.0,11.0,79.0
16883,696.0,,,,,,,,,0.0,0.0,0.0,0.0,
16884,871.0,,,,,4.4,8.0,8.0,4.4,0.0,0.0,,23.0,57.0
16885,702.0,,,,,,,,,0.0,0.0,0.0,0.0,
16886,1377.0,,,,,3.6,76.0,76.0,3.6,,6.0,10.0,14.0,48.0
16887,776.0,,,,,4.0,43.0,,,,,,,
16888,434.0,,,,,,,,,0.0,0.0,0.0,0.0,
16890,796.0,,,,,4.2,41.0,41.0,4.2,12.0,3.0,7.0,10.0,68.0
16892,2034.0,,,,,,,,,0.0,0.0,0.0,0.0,
16893,631.0,,,,,5.0,1.0,,,,,,,
16895,1540.0,,,,,,,,,0.0,0.0,0.0,0.0,
16896,1024.0,,,,,4.4,326.0,326.0,4.4,8.0,2.0,5.0,9.0,76.0
16897,1344.0,,,,,,,,,,,,,
16898,1863.0,,,,,,,,,,,,,
16899,195.0,,,,,4.6,29.0,29.0,4.6,0.0,9.0,0.0,11.0,80.0
16900,779.0,,,,,3.9,14.0,,,,,,,
16901,1334.0,,,,,,4.0,,,,,,,
16902,1725.0,,,,,4.3,311.0,311.0,4.3,8.0,4.0,7.0,11.0,70.0
16904,322.0,,,,,3.9,57.0,,,,,,,
16905,1033.0,,,,,,,,,,,,,
16906,1091.0,,,,,5.0,3.0,3.0,5.0,0.0,0.0,0.0,0.0,100.0
16907,504.0,,,,,4.0,85.0,85.0,4.0,15.0,3.0,5.0,19.0,58.0
16908,484.0,,,,,4.4,1200.0,1200.0,4.4,9.0,3.0,3.0,11.0,74.0
16909,911.0,,,,,5.0,1.0,1.0,5.0,0.0,0.0,0.0,0.0,100.0
16910,474.0,,,,,,,,,,,,,
16911,1648.0,,,,,4.1,677.0,677.0,4.1,13.0,3.0,6.0,10.0,68.0
16912,,,,,,4.3,1346.0,1346.0,4.3,10.0,4.0,5.0,10.0,71.0
16913,1461.0,,,,,,8.0,8.0,,,,0.0,24.0,33.0
16914,354.0,,,,,,,,,0.0,0.0,0.0,0.0,
16915,812.0,,,,,4.4,2408.0,,,,,,,
16916,1108.0,,,,,4.4,900.0,,,,,,,
16917,437.0,,,,,5.0,1.0,1.0,5.0,0.0,0.0,0.0,0.0,100.0
16918,1361.0,,,,,4.3,4.0,4.0,4.3,0.0,0.0,,22.0,53.0
16919,,,,,,4.2,99.0,99.0,4.2,10.0,5.0,4.0,11.0,70.0
16920,1768.0,,,,,,,,,,,,,
16921,499.0,174.85,174.85,,,5.0,1.0,,,,,,,
16922,2232.0,,,,,4.4,,,4.4,7.0,3.0,3.0,10.0,77.0
16923,1582.0,,,,,4.0,1.0,1.0,4.0,0.0,0.0,0.0,,
16924,1717.0,,,,,,,,,0.0,0.0,0.0,0.0,
16925,856.0,,,,,,,,,0.0,0.0,0.0,0.0,
16926,759.0,,,,,,,,,,,,,
16927,932.0,,,,,4.3,11.0,11.0,4.3,10.0,0.0,15.0,0.0,75.0
16928,835.0,,,,,3.9,232.0,,,,,,,
16929,1858.0,,,,,,,,,0.0,0.0,0.0,0.0,
16930,359.0,,,,,4.0,80.0,80.0,4.0,17.0,5.0,3.0,9.0,66.0
16931,422.0,,,,,5.0,1.0,1.0,5.0,0.0,0.0,0.0,0.0,100.0
16932,552.0,,,,,,2.0,,,,,,,
16933,1038.0,,,,,,,,,,,,,
16934,267.0,,,,,4.1,18.0,,,,,,,
16935,1387.0,,,,,,,,,0.0,0.0,0.0,0.0,
16937,1141.0,,,,,3.7,28.0,28.0,3.7,,6.0,9.0,0.0,63.0
16938,204.0,,,,,4.1,184.0,184.0,4.1,17.0,3.0,2.0,9.0,69.0
16939,404.0,,,,,4.5,87.0,,,,,,,
16940,858.0,,,,,3.5,2.0,2.0,3.5,0.0,0.0,,,
16941,636.0,,,,,,,,,0.0,0.0,0.0,0.0,
16942,1121.0,,,,,4.3,6.0,6.0,4.3,0.0,,0.0,0.0,77.0
16943,1422.0,,,,,,2.0,2.0,,,0.0,0.0,,
16944,1738.0,,,,,,,,,,,,,
16945,409.0,,,,,,1.0,1.0,,,0.0,0.0,0.0,
16946,1061.0,,,,,3.5,34.0,,,,,,,
16947,591.0,,,,,5.0,2.0,2.0,5.0,0.0,0.0,0.0,0.0,100.0
16948,1384.0,,,,,,2.0,2.0,,,0.0,0.0,,
16949,110.0,,,,,4.4,,,4.4,8.0,2.0,5.0,12.0,73.0
16950,1455.0,,,,,,,,,0.0,0.0,0.0,0.0,
16951,1179.0,,,,,,,,,0.0,0.0,0.0,0.0,
16953,171.0,,,,,4.0,8.0,8.0,4.0,,0.0,0.0,0.0,77.0
16954,414.0,,,,,,1.0,1.0,,0.0,0.0,,0.0,
16955,767.0,,,,,4.1,13.0,13.0,4.1,12.0,0.0,7.0,23.0,58.0
16956,1194.0,,,,,,,,,0.0,0.0,0.0,0.0,
16959,884.0,,,,,,,,,0.0,0.0,0.0,0.0,
16960,1647.0,,,,,5.0,1.0,,,,,,,
16961,709.0,,,,,3.4,158.0,,,,,,,
16962,245.0,,,,,,,,,,,,,
16963,1232.0,,,,,,,,,0.0,0.0,0.0,0.0,
16964,611.0,,,,,,,,,,,,,
16965,1246.0,,,,,4.2,487.0,487.0,4.2,12.0,2.0,5.0,11.0,70.0
16966,1478.0,,,,,,,,,0.0,0.0,0.0,0.0,
16967,476.0,,,,,,,,,0.0,0.0,0.0,0.0,
16968,526.0,,,,,3.9,237.0,237.0,3.9,16.0,5.0,6.0,13.0,60.0
16969,1593.0,,,,,,,,,0.0,0.0,0.0,0.0,
16970,637.0,,,,,,1.0,,,,,,,
16971,1568.0,,,,,4.1,51.0,,,,,,,
16972,989.0,,,,,,,,,0.0,0.0,0.0,0.0,
16973,786.0,,,,,4.4,1824.0,1824.0,4.4,9.0,2.0,3.0,10.0,76.0
16974,,,,,,4.4,39.0,,,6.0,0.0,6.0,17.0,71.0
16975,1159.0,,,,,5.0,2.0,2.0,5.0,0.0,0.0,0.0,0.0,100.0
16976,831.0,,,,,4.1,64.0,64.0,4.1,14.0,0.0,8.0,20.0,58.0
16977,1816.0,,,,,,,,,0.0,0.0,0.0,0.0,
16979,1031.0,,,,,,,,,0.0,0.0,0.0,0.0,
16980,628.0,,,,,5.0,2.0,2.0,5.0,0.0,0.0,0.0,0.0,100.0
16981,737.0,,,,,,,,,0.0,0.0,0.0,0.0,
16982,1661.0,,,,,5.0,1.0,1.0,5.0,0.0,0.0,0.0,0.0,100.0
16983,1929.0,,,,,5.0,1.0,,,,,,,
16985,733.0,,,,,,,,,0.0,0.0,0.0,0.0,
16987,625.0,,,,,,,,,0.0,0.0,0.0,0.0,
16988,1095.0,,,,,4.2,302.0,302.0,4.2,10.0,4.0,4.0,12.0,70.0
16989,2410.0,,,,,,,,,,,,,
16990,547.0,,,,,4.6,3.0,3.0,4.6,0.0,0.0,0.0,,61.0
16991,743.0,,,,,,,,,,,,,
16992,863.0,,,,,3.5,26.0,,,,,,,
16993,1357.0,,,,,,,,,0.0,0.0,0.0,0.0,
16994,381.0,,,,,4.6,,,,,,,,
16995,510.0,,,,,5.0,2.0,,,,,,,
16996,1907.0,,,,,4.0,8.0,8.0,4.0,,0.0,0.0,0.0,77.0
16997,1580.0,,,,,4.4,623.0,623.0,4.4,6.0,1.0,7.0,16.0,70.0
16998,1212.0,,,,,,,,,0.0,0.0,0.0,0.0,
16999,1306.0,,,,,,,,,0.0,0.0,0.0,0.0,
17000,803.0,,,,,5.0,1.0,1.0,5.0,0.0,0.0,0.0,0.0,100.0
17001,804.0,,,,,,,,,,,,,
17002,1229.0,,,,,,,,,0.0,0.0,0.0,0.0,
17003,2152.0,,,,,,,,,,,,,
17004,980.0,,,,,4.3,18.0,18.0,4.3,0.0,9.0,8.0,23.0,60.0
17005,1975.0,,,,,3.6,637.0,637.0,3.6,21.0,7.0,6.0,16.0,50.0
17006,,,,,,4.2,908.0,908.0,4.2,11.0,5.0,6.0,11.0,67.0
17007,520.0,,,,,4.5,12.0,12.0,4.5,8.0,0.0,0.0,18.0,74.0
17008,332.0,,,,,,,,,0.0,0.0,0.0,0.0,
17009,1477.0,,,,,,,,,,,,,
17010,1665.0,,,,,,35.0,35.0,,,,0.0,19.0,33.0
17011,1254.0,,,,,3.4,30.0,30.0,3.4,,0.0,11.0,12.0,46.0
17013,467.0,99.99,99.99,114.99,,4.5,5.0,5.0,4.5,0.0,0.0,,0.0,74.0
17014,528.0,,,,,3.4,158.0,158.0,3.4,,7.0,5.0,12.0,46.0
17015,,,,,,3.5,19.0,19.0,3.5,,,0.0,10.0,50.0
17016,705.0,,,,,,,,,0.0,0.0,0.0,0.0,
17017,160.0,,,,,,,,,0.0,0.0,0.0,0.0,
17018,788.0,,,,,4.0,19.0,19.0,4.0,15.0,0.0,11.0,11.0,63.0
17019,1394.0,,,,,,,,,0.0,0.0,0.0,0.0,
17020,1497.0,,,,,3.8,3.0,3.0,3.8,0.0,,0.0,0.0,60.0
17021,2435.0,,,,,4.3,465.0,465.0,4.3,8.0,4.0,4.0,12.0,72.0
17022,751.0,,,,,,,,,0.0,0.0,0.0,0.0,
17023,798.0,,,,,,,,,,,,,
17024,2328.0,,,,,4.1,54.0,54.0,4.1,16.0,2.0,4.0,8.0,70.0
17025,1048.0,,,,,5.0,1.0,1.0,5.0,0.0,0.0,0.0,0.0,100.0
17026,985.0,,,,,,,,,0.0,0.0,0.0,0.0,
17027,122.0,,,,,,,,,0.0,0.0,0.0,0.0,
17028,1239.0,,,,,,,,,,,,,
17029,1341.0,,,,,,1.0,1.0,,0.0,,0.0,0.0,
17030,272.0,,,,,4.3,16.0,16.0,4.3,14.0,0.0,0.0,15.0,71.0
17031,1012.0,,,,,,,,,,,,,
17032,1952.0,,,,,3.7,4.0,4.0,3.7,,0.0,0.0,0.0,68.0
17033,1363.0,,,,,,,,,0.0,0.0,0.0,0.0,
17034,1070.0,,,,,,,,,,,,,
17036,375.0,,,,,3.7,20.0,,,,,,,
17037,1093.0,,,,,4.2,6.0,,,,,,,
17038,686.0,,,,,3.6,5.0,,,,,,,
17040,1433.0,,,,,3.5,19.0,19.0,3.5,,0.0,14.0,20.0,40.0
17041,855.0,,,,,3.6,14.0,14.0,3.6,,0.0,0.0,0.0,67.0
17042,963.0,,,,,,,,,,,,,
17043,1052.0,,,,,4.7,2.0,2.0,4.7,0.0,0.0,0.0,,73.0
17044,1203.0,,,,,,1.0,1.0,,,0.0,0.0,0.0,
17045,1103.0,,,,,,,,,0.0,0.0,0.0,0.0,
17047,126.0,,,,,4.5,480.0,480.0,4.5,7.0,2.0,3.0,8.0,80.0
17048,1892.0,,,,,,,,,0.0,0.0,0.0,0.0,
17049,,,,,,4.2,116.0,116.0,4.2,9.0,2.0,8.0,20.0,61.0
17050,2476.0,,,,,,,,,,,,,
17051,1227.0,,,,,4.0,11.0,11.0,4.0,14.0,0.0,14.0,15.0,57.0
17052,2106.0,,,,,4.5,2.0,2.0,4.5,0.0,0.0,0.0,,49.0
17054,862.0,,,,,3.6,14.0,,,,,,,
17055,1933.0,,,,,3.5,9.0,9.0,3.5,,,0.0,13.0,51.0
17057,899.0,,,,,5.0,1.0,1.0,5.0,0.0,0.0,0.0,0.0,100.0
17058,139.0,,,,,4.0,820.0,820.0,4.0,16.0,4.0,5.0,8.0,67.0
17059,614.0,,,,,,,,,0.0,0.0,0.0,0.0,
17060,477.0,,,,,4.0,53.0,53.0,4.0,15.0,5.0,6.0,13.0,61.0
17061,,,,,,3.6,3.0,3.0,3.6,,0.0,0.0,0.0,65.0
17062,1721.0,,,,,,,,,0.0,0.0,0.0,0.0,
17063,789.0,,,,,4.2,72.0,72.0,4.2,9.0,6.0,3.0,17.0,65.0
17064,554.0,,,,,,,,,,,,,
17065,987.0,,,,,3.7,6.0,6.0,3.7,17.0,,0.0,0.0,63.0
17066,272.0,,,,,5.0,2.0,,,,,,,
17067,1337.0,,,,,4.4,448.0,448.0,4.4,9.0,2.0,3.0,8.0,78.0
17068,1595.0,,,,,,,,,0.0,0.0,0.0,0.0,
17069,559.0,,,,,,,,,,,,,
17070,1474.0,,,,,5.0,3.0,3.0,5.0,0.0,0.0,0.0,0.0,100.0
17071,17.0,,,,100000000.0,4.5,16.0,16.0,4.5,8.0,0.0,0.0,15.0,77.0
17072,1.0,,,,,4.6,1362.0,1362.0,4.6,5.0,1.0,5.0,9.0,80.0
17073,934.0,,,,,,63.0,63.0,,,6.0,4.0,17.0,38.0
17074,20.0,,,,50000000.0,4.3,353.0,,,,,,,
17076,40.0,,,,,4.3,793.0,793.0,4.3,11.0,3.0,4.0,8.0,74.0
17078,69.0,,,,,4.5,31.0,31.0,4.5,0.0,4.0,8.0,17.0,71.0
17079,55.0,,,,,3.8,34.0,34.0,3.8,17.0,0.0,5.0,,42.0
17080,59.0,,,,,4.4,188.0,188.0,4.4,10.0,2.0,4.0,6.0,78.0
17081,86.0,,,,50000000.0,4.2,153.0,153.0,4.2,11.0,4.0,5.0,11.0,69.0
17082,220.0,,,,,,,,,0.0,0.0,0.0,0.0,
17083,1832.0,,,,,,5.0,5.0,,,,0.0,0.0,45.0
17086,149.0,,,,,4.6,75.0,,,,,,,
17087,1621.0,,,,,,4.0,,,,,,,
17088,219.0,,,,,,,,,0.0,0.0,0.0,0.0,
17090,617.0,,,,,3.9,26.0,,,,,,,
17091,52.0,,,,,4.4,226.0,226.0,4.4,8.0,4.0,4.0,7.0,77.0
17092,589.0,,,,,,,,,0.0,0.0,0.0,0.0,
17094,25.0,,,,,4.2,310.0,,,14.0,2.0,3.0,13.0,68.0
17095,101.0,,,,,4.0,44.0,,,,,,,
17096,1496.0,,,,,,,,,0.0,0.0,0.0,0.0,
17097,93.0,,,,400000000.0,4.0,,,,14.0,5.0,7.0,13.0,61.0
17102,137.0,,,,,4.4,1553.0,1553.0,4.4,8.0,3.0,3.0,11.0,75.0
17103,79.0,,,,50000000.0,4.5,183.0,,,8.0,2.0,2.0,8.0,80.0
17104,173.0,,,,,4.6,20.0,20.0,4.6,0.0,0.0,10.0,14.0,76.0
17105,3.0,,,,,4.1,863.0,863.0,4.1,16.0,2.0,4.0,7.0,71.0
17106,97.0,,,,,4.3,,,4.3,11.0,2.0,3.0,11.0,73.0
17107,190.0,,,,,,5.0,5.0,,,,0.0,0.0,45.0
17108,129.0,,,,,,,,,0.0,0.0,0.0,0.0,
17109,154.0,,,,,,,,,0.0,0.0,0.0,0.0,
17111,137.0,,,,,3.9,8.0,,,,,,,
17112,147.0,,,,,4.5,87.0,87.0,4.5,8.0,1.0,3.0,5.0,83.0
17113,143.0,,,,,,,,,,,,,
17114,76.0,,,,,,,,,0.0,0.0,0.0,0.0,
17115,635.0,,,,,4.3,58.0,58.0,4.3,9.0,3.0,4.0,15.0,69.0
17116,35.0,,,,200000000.0,4.3,2264.0,2264.0,4.3,10.0,2.0,4.0,12.0,72.0
17117,178.0,,,,,4.3,997.0,997.0,4.3,8.0,2.0,6.0,13.0,71.0
17118,54.0,,,,300000000.0,4.2,,,,11.0,3.0,5.0,12.0,69.0
17121,317.0,,,,,5.0,1.0,1.0,5.0,0.0,0.0,0.0,0.0,100.0
17122,72.0,,,,,4.7,8.0,8.0,4.7,0.0,0.0,0.0,,73.0
17123,1187.0,,,,,5.0,1.0,1.0,5.0,0.0,0.0,0.0,0.0,100.0
17126,61.0,,,,200000000.0,4.2,350.0,350.0,4.2,14.0,1.0,3.0,8.0,74.0
17127,86.0,,,,,4.3,373.0,373.0,4.3,9.0,1.0,5.0,13.0,72.0
17130,,,,,,,10.0,10.0,,,,0.0,0.0,38.0
17131,1178.0,,,,,,,,,0.0,0.0,0.0,0.0,
17132,123.0,,,,50000000.0,,,,,,,,,
17133,1626.0,,,,,,,,,,,,,
17134,198.0,,,,,4.3,307.0,307.0,4.3,10.0,3.0,4.0,9.0,74.0
17136,188.0,,,,,4.1,83.0,83.0,4.1,10.0,3.0,9.0,18.0,60.0
17139,202.0,,,,,4.2,13.0,,,,,,,
17140,293.0,,,,,,,,,,,,,
17142,175.0,,,,50000000.0,4.6,144.0,,,5.0,2.0,2.0,14.0,77.0
17143,248.0,,,,,5.0,3.0,3.0,5.0,0.0,0.0,0.0,0.0,100.0
17144,587.0,,,,,,,,,,,,,
17145,345.0,,,,,4.4,72.0,72.0,4.4,10.0,0.0,4.0,11.0,75.0
17146,196.0,,,,,3.8,18.0,18.0,3.8,,0.0,4.0,18.0,54.0
17150,341.0,,,,,,1.0,1.0,,,0.0,0.0,0.0,
17152,514.0,,,,,5.0,1.0,,,,,,,
17153,333.0,,,,,4.8,15.0,,,,,,,
17156,156.0,,,,100000000.0,4.3,50.0,50.0,4.3,2.0,4.0,12.0,19.0,63.0
17157,118.0,,,,,,,,,0.0,0.0,0.0,0.0,
17158,120.0,,,,,4.7,571.0,571.0,4.7,3.0,0.0,4.0,9.0,84.0
17159,455.0,,,,,4.5,2468.0,2468.0,4.5,7.0,1.0,3.0,9.0,80.0
17160,,,,,,4.6,11.0,11.0,4.6,7.0,0.0,0.0,16.0,77.0
17161,151.0,,,,,4.5,1963.0,1963.0,4.5,6.0,2.0,4.0,11.0,77.0
17162,894.0,,,,,3.5,9.0,9.0,3.5,,,0.0,13.0,51.0
17163,114.0,,,,,5.0,7.0,7.0,5.0,0.0,0.0,0.0,0.0,100.0
17165,162.0,,,,,4.6,29.0,29.0,4.6,0.0,9.0,0.0,11.0,80.0
17167,269.0,,,,,5.0,2.0,2.0,5.0,0.0,0.0,0.0,0.0,100.0
17168,1767.0,,,,,,,,,0.0,0.0,0.0,0.0,
17169,306.0,,,,,5.0,1.0,,,,,,,
17170,96.0,,,,100000000.0,4.4,1980.0,1980.0,4.4,8.0,2.0,4.0,12.0,74.0
17171,283.0,,,,,4.2,2039.0,2039.0,4.2,13.0,3.0,4.0,12.0,68.0
17172,262.0,,,,,3.8,13.0,13.0,3.8,,0.0,15.0,0.0,62.0
17173,221.0,,,,,,,,,,,,,
17174,402.0,,,,,4.6,,,4.6,6.0,1.0,2.0,7.0,84.0
17175,369.0,,,,,4.4,33.0,33.0,4.4,11.0,0.0,0.0,16.0,73.0
17177,289.0,,,,,5.0,3.0,,,,,,,
17180,355.0,,,,,,,,,,,,,
17181,266.0,,,,,5.0,1.0,1.0,5.0,0.0,0.0,0.0,0.0,100.0
17183,208.0,,,,,4.4,32.0,32.0,4.4,7.0,7.0,0.0,7.0,79.0
17186,452.0,,,,,4.5,,,,,,,,
17187,1728.0,,,,,5.0,1.0,,,,,,,
17189,241.0,,,,,,1.0,1.0,,0.0,0.0,,0.0,
17191,170.0,,,,,,,,,0.0,0.0,0.0,0.0,
17194,234.0,,,,,,,,,,,,,
17195,,,,,,4.2,9.0,9.0,4.2,15.0,0.0,0.0,16.0,69.0
17196,2176.0,,,,,5.0,3.0,3.0,5.0,0.0,0.0,0.0,0.0,100.0
17198,343.0,,,,,,,,,,,,,
17201,1754.0,,,,,,,,,0.0,0.0,0.0,0.0,
17202,309.0,,,,,4.2,60.0,,,,,,,
17203,,,,,,4.4,476.0,,,,,,,
17205,1262.0,,,,,3.8,21.0,21.0,3.8,,6.0,0.0,7.0,64.0
17206,1458.0,,,,,4.4,32.0,,,,,,,
17207,271.0,,,,,,,,,0.0,0.0,0.0,0.0,
17209,359.0,,,,,5.0,4.0,,,,,,,
17213,367.0,,,,,,,,,,,,,
17214,710.0,,,,,4.1,10.0,10.0,4.1,13.0,0.0,12.0,13.0,62.0
17216,267.0,,,,,4.0,3.0,3.0,4.0,,0.0,0.0,0.0,74.0
17217,161.0,,,,,,,,,0.0,0.0,0.0,0.0,
17220,712.0,,,,,4.2,311.0,311.0,4.2,11.0,3.0,4.0,12.0,70.0
17221,123.0,,,,,4.4,971.0,,,,,,,
17222,925.0,,,,,3.6,11.0,11.0,3.6,,0.0,0.0,12.0,56.0
17223,426.0,,,,,5.0,1.0,1.0,5.0,0.0,0.0,0.0,0.0,100.0
17224,607.0,,,,,,1.0,,,,,,,
17226,857.0,,,,,4.2,1042.0,1042.0,4.2,9.0,4.0,6.0,15.0,66.0
17227,533.0,,,,,5.0,1.0,1.0,5.0,0.0,0.0,0.0,0.0,100.0
17228,845.0,,,,,3.4,14.0,,,,,,,
17230,1449.0,,,,,3.6,11.0,,,,,,,
17231,375.0,,,,,,1.0,1.0,,,0.0,0.0,0.0,
17232,2410.0,,,,,3.9,2.0,2.0,3.9,0.0,0.0,,0.0,47.0
17234,346.0,,,,,4.0,1.0,1.0,4.0,0.0,0.0,0.0,,
17238,1152.0,,,,,4.4,112.0,112.0,4.4,8.0,3.0,4.0,8.0,77.0
17239,469.0,,,,,,,,,0.0,0.0,0.0,0.0,
17245,569.0,,,,,,,,,,,,,
17246,258.0,,,,,4.2,878.0,,,,,,,
17248,203.0,,,,,4.5,31.0,31.0,4.5,5.0,4.0,5.0,8.0,78.0
17255,149.0,,,,,4.1,20.0,20.0,4.1,16.0,0.0,0.0,,58.0
17256,397.0,,,,,,,,,,,,,
17257,523.0,,,,,4.4,231.0,231.0,4.4,7.0,1.0,6.0,12.0,74.0
17258,1692.0,,,,,5.0,3.0,3.0,5.0,0.0,0.0,0.0,0.0,100.0
17259,96.0,,,,,4.2,,,4.2,11.0,3.0,5.0,14.0,67.0
17262,1459.0,,,,,5.0,1.0,1.0,5.0,0.0,0.0,0.0,0.0,100.0
17263,207.0,,,,,4.0,7.0,7.0,4.0,17.0,0.0,0.0,,55.0
17264,1548.0,,,,,5.0,3.0,3.0,5.0,0.0,0.0,0.0,0.0,100.0
17265,699.0,,,,,4.4,136.0,,,,,,,
17267,1357.0,,,,,3.9,52.0,,,,,,,
17268,285.0,,,,,4.2,126.0,126.0,4.2,13.0,1.0,4.0,9.0,73.0
17271,1419.0,,,,,3.6,4.0,4.0,3.6,,0.0,0.0,,46.0
17275,1942.0,,,,,5.0,1.0,1.0,5.0,0.0,0.0,0.0,0.0,100.0
17277,253.0,,,,,,2.0,2.0,,,0.0,0.0,0.0,54.0
17278,2363.0,,,,,,,,,,,,,
17279,1330.0,,,,,4.8,14.0,14.0,4.8,0.0,0.0,11.0,0.0,89.0
17280,166.0,,,,,4.0,93.0,,,,,,,
17283,651.0,,,,,,,,,0.0,0.0,0.0,0.0,
17284,2215.0,,,,,5.0,1.0,1.0,5.0,0.0,0.0,0.0,0.0,100.0
17285,440.0,,,,,,,,,0.0,0.0,0.0,0.0,
17286,487.0,,,,,,,,,,,,,
17287,244.0,,,,,4.0,166.0,166.0,4.0,16.0,3.0,6.0,8.0,67.0
17288,222.0,,,,,,,,,,,,,
17289,254.0,,,,,,,,,,,,,
17291,420.0,,,,,,,,,,,,,
17293,,,,,,4.0,46.0,46.0,4.0,18.0,0.0,9.0,13.0,60.0
17294,1190.0,,,,,,,,,0.0,0.0,0.0,0.0,
17295,446.0,,,,,4.1,2414.0,2414.0,4.1,14.0,3.0,5.0,11.0,67.0
17298,451.0,,,,,5.0,2.0,2.0,5.0,0.0,0.0,0.0,0.0,100.0
17300,,,,,,3.4,166.0,166.0,3.4,,10.0,10.0,8.0,46.0
17301,239.0,,,,,4.1,391.0,391.0,4.1,16.0,3.0,5.0,8.0,68.0
17302,377.0,,,,,4.3,20.0,20.0,4.3,6.0,,0.0,0.0,79.0
17303,486.0,,,,,4.4,,,4.4,6.0,3.0,6.0,16.0,69.0
17304,873.0,,,,,4.4,254.0,254.0,4.4,7.0,3.0,8.0,8.0,74.0
17305,410.0,,,,,,,,,0.0,0.0,0.0,0.0,
17308,1114.0,,,,,4.6,9.0,9.0,4.6,0.0,0.0,,0.0,80.0
17312,491.0,,,,,,,,,0.0,0.0,0.0,0.0,
17313,,,,,,3.8,30.0,30.0,3.8,,5.0,0.0,0.0,70.0
17318,233.0,,,,,4.2,700.0,700.0,4.2,11.0,3.0,4.0,13.0,69.0
17321,316.0,,,,,4.3,667.0,667.0,4.3,9.0,3.0,6.0,14.0,68.0
17322,309.0,,,,,4.3,,,4.3,10.0,2.0,4.0,11.0,73.0
17324,1434.0,,,,,4.4,1826.0,1826.0,4.4,8.0,2.0,3.0,10.0,77.0
17325,1277.0,,,,,3.9,38.0,38.0,3.9,16.0,5.0,9.0,13.0,57.0
17326,,,,,,3.8,25.0,25.0,3.8,21.0,8.0,0.0,8.0,63.0
17327,1618.0,,,,,4.6,641.0,,,,,,,
17329,123.0,,,,,,,,,,,,,
17330,573.0,,,,,4.3,11.0,,,,,,,
17333,585.0,,,,,,,,,0.0,0.0,0.0,0.0,
17335,,,,,,4.7,4.0,4.0,4.7,0.0,0.0,0.0,,70.0
17338,146.0,,,,,4.1,22.0,22.0,4.1,15.0,0.0,0.0,,53.0
17339,,,,,,4.6,364.0,364.0,4.6,6.0,0.0,2.0,10.0,82.0
17340,43.0,,,,,4.1,127.0,,,13.0,3.0,5.0,13.0,66.0
17344,1352.0,,,,,4.4,110.0,,,,,,,
17346,2385.0,,,,,,,,,0.0,0.0,0.0,0.0,
17347,405.0,,,,,,,,,0.0,0.0,0.0,0.0,
17349,748.0,,,,,4.2,11.0,11.0,4.2,20.0,0.0,0.0,0.0,80.0
17353,598.0,,,,,3.7,20.0,20.0,3.7,,0.0,13.0,10.0,54.0
17354,644.0,,,,,,,,,,,,,
17357,626.0,,,,,,,,,0.0,0.0,0.0,0.0,
17360,1359.0,,,,,,1.0,1.0,,,0.0,0.0,0.0,
17361,1029.0,,,,,4.2,13.0,13.0,4.2,0.0,,0.0,12.0,65.0
17364,454.0,,,,,,,,,,,,,
17366,229.0,218.99,218.99,218.99,50000000.0,4.1,667.0,667.0,4.1,13.0,4.0,7.0,12.0,64.0
